# Blender 4.2.0
# www.blender.org
mtllib mirror.mtl
o espejo
v -0.014946 -0.000000 0.000000
v 0.003078 -0.003018 -0.388548
v 0.005644 -0.004320 -0.385865
v 0.003621 -0.003948 -0.388843
v 0.004005 -0.003209 -0.387697
v 0.003261 -0.003169 -0.389160
v 0.004079 -0.003322 -0.388661
v 0.005377 -0.004308 -0.387083
v 0.004943 -0.003685 -0.386716
v 0.004747 -0.003676 -0.387976
v 0.003438 -0.003472 -0.389256
v 0.004642 -0.004173 -0.388164
v 0.004256 -0.003590 -0.388787
v 0.003078 0.145903 -0.360127
v 0.005644 0.143673 -0.358146
v 0.003621 0.145156 -0.360755
v 0.004005 0.145400 -0.359413
v 0.003261 0.145997 -0.360750
v 0.004079 0.145665 -0.360347
v 0.005377 0.144150 -0.359266
v 0.004943 0.144586 -0.358689
v 0.004747 0.145076 -0.359850
v 0.003438 0.145754 -0.360954
v 0.004642 0.144689 -0.360214
v 0.004256 0.145465 -0.360566
v 0.003621 0.272162 -0.277746
v 0.003078 0.272611 -0.276879
v 0.005644 0.269793 -0.275903
v 0.003438 0.272790 -0.277701
v 0.004642 0.271523 -0.277424
v 0.004256 0.272375 -0.277453
v 0.004005 0.271874 -0.276412
v 0.003261 0.272937 -0.277419
v 0.004079 0.272476 -0.277174
v 0.005377 0.270663 -0.276755
v 0.004943 0.270844 -0.276055
v 0.004747 0.271741 -0.276940
v 0.003621 0.357733 -0.152452
v 0.003078 0.357817 -0.151479
v 0.005644 0.354839 -0.151656
v 0.003438 0.358297 -0.152170
v 0.004642 0.357020 -0.152399
v 0.004256 0.357818 -0.152099
v 0.004005 0.356957 -0.151330
v 0.003261 0.358324 -0.151853
v 0.004079 0.357804 -0.151803
v 0.005377 0.355969 -0.152110
v 0.004943 0.355869 -0.151394
v 0.004747 0.357036 -0.151868
v 0.003078 0.388548 -0.003018
v 0.005644 0.385865 -0.004320
v 0.003621 0.388843 -0.003948
v 0.004005 0.387697 -0.003209
v 0.003261 0.389160 -0.003169
v 0.004079 0.388661 -0.003322
v 0.005377 0.387083 -0.004308
v 0.004943 0.386716 -0.003685
v 0.004747 0.387976 -0.003676
v 0.003438 0.389256 -0.003472
v 0.004642 0.388164 -0.004173
v 0.004256 0.388787 -0.003590
v 0.003621 0.360755 0.145156
v 0.003078 0.360127 0.145903
v 0.005644 0.358146 0.143673
v 0.003438 0.360954 0.145754
v 0.004642 0.360214 0.144689
v 0.004256 0.360566 0.145465
v 0.004005 0.359413 0.145400
v 0.003261 0.360750 0.145997
v 0.004079 0.360347 0.145665
v 0.005377 0.359266 0.144150
v 0.004943 0.358689 0.144586
v 0.004747 0.359850 0.145076
v 0.003621 0.277746 0.272162
v 0.003078 0.276879 0.272611
v 0.005644 0.275903 0.269793
v 0.003438 0.277701 0.272790
v 0.004642 0.277424 0.271523
v 0.004256 0.277453 0.272375
v 0.004005 0.276412 0.271874
v 0.003261 0.277419 0.272937
v 0.004079 0.277174 0.272475
v 0.005377 0.276755 0.270663
v 0.004943 0.276055 0.270844
v 0.004747 0.276940 0.271741
v 0.003621 0.152452 0.357733
v 0.003078 0.151479 0.357817
v 0.005644 0.151656 0.354839
v 0.003438 0.152170 0.358297
v 0.004642 0.152399 0.357020
v 0.004256 0.152099 0.357818
v 0.004005 0.151330 0.356957
v 0.003261 0.151853 0.358324
v 0.004079 0.151803 0.357804
v 0.005377 0.152110 0.355969
v 0.004943 0.151394 0.355869
v 0.004747 0.151868 0.357036
v 0.003078 0.003018 0.388548
v 0.005644 0.004320 0.385865
v 0.003621 0.003948 0.388843
v 0.004005 0.003209 0.387697
v 0.003261 0.003169 0.389160
v 0.004079 0.003322 0.388661
v 0.005377 0.004308 0.387083
v 0.004943 0.003685 0.386716
v 0.004747 0.003676 0.387976
v 0.003438 0.003472 0.389256
v 0.004642 0.004173 0.388164
v 0.004256 0.003590 0.388787
v 0.003621 -0.145156 0.360755
v 0.003078 -0.145903 0.360127
v 0.005644 -0.143673 0.358146
v 0.003438 -0.145754 0.360954
v 0.004642 -0.144689 0.360214
v 0.004256 -0.145465 0.360566
v 0.004005 -0.145400 0.359413
v 0.003261 -0.145997 0.360750
v 0.004079 -0.145665 0.360347
v 0.005377 -0.144150 0.359266
v 0.004943 -0.144586 0.358689
v 0.004747 -0.145076 0.359850
v 0.003621 -0.272162 0.277746
v 0.003078 -0.272611 0.276879
v 0.005644 -0.269793 0.275903
v 0.003438 -0.272790 0.277701
v 0.004642 -0.271523 0.277424
v 0.004256 -0.272375 0.277453
v 0.004005 -0.271874 0.276412
v 0.003261 -0.272937 0.277419
v 0.004079 -0.272475 0.277174
v 0.005377 -0.270663 0.276755
v 0.004943 -0.270844 0.276055
v 0.004747 -0.271741 0.276940
v 0.003078 -0.360127 0.145902
v 0.003621 -0.360755 0.145156
v 0.005644 -0.358146 0.143673
v 0.003261 -0.360750 0.145997
v 0.004005 -0.359413 0.145400
v 0.004078 -0.360347 0.145665
v 0.004642 -0.360214 0.144689
v 0.003437 -0.360954 0.145754
v 0.004256 -0.360566 0.145465
v 0.004943 -0.358689 0.144586
v 0.005376 -0.359266 0.144150
v 0.004747 -0.359850 0.145076
v 0.003078 -0.388547 0.003018
v 0.005645 -0.385864 0.004320
v 0.003621 -0.388842 0.003948
v 0.004005 -0.387696 0.003209
v 0.003261 -0.389159 0.003169
v 0.004079 -0.388660 0.003322
v 0.005377 -0.387082 0.004308
v 0.004943 -0.386715 0.003685
v 0.004748 -0.387975 0.003676
v 0.003438 -0.389255 0.003472
v 0.004642 -0.388163 0.004173
v 0.004256 -0.388786 0.003590
v 0.003078 -0.360127 -0.145903
v 0.005644 -0.358146 -0.143673
v 0.003621 -0.360755 -0.145156
v 0.004005 -0.359413 -0.145400
v 0.003261 -0.360750 -0.145997
v 0.004079 -0.360347 -0.145665
v 0.005377 -0.359266 -0.144150
v 0.004943 -0.358689 -0.144586
v 0.004747 -0.359850 -0.145076
v 0.003438 -0.360954 -0.145754
v 0.004642 -0.360214 -0.144689
v 0.004256 -0.360566 -0.145465
v 0.003621 -0.277746 -0.272162
v 0.003078 -0.276879 -0.272611
v 0.005644 -0.275903 -0.269793
v 0.003438 -0.277701 -0.272790
v 0.004642 -0.277424 -0.271523
v 0.004256 -0.277453 -0.272375
v 0.004005 -0.276412 -0.271874
v 0.003261 -0.277419 -0.272937
v 0.004079 -0.277174 -0.272476
v 0.005377 -0.276755 -0.270663
v 0.004943 -0.276055 -0.270844
v 0.004747 -0.276940 -0.271741
v 0.003621 -0.152452 -0.357733
v 0.003078 -0.151479 -0.357817
v 0.005644 -0.151656 -0.354839
v 0.003438 -0.152170 -0.358297
v 0.004642 -0.152399 -0.357020
v 0.004256 -0.152099 -0.357818
v 0.004005 -0.151330 -0.356957
v 0.003261 -0.151853 -0.358324
v 0.004079 -0.151803 -0.357804
v 0.005377 -0.152110 -0.355969
v 0.004943 -0.151394 -0.355869
v 0.004747 -0.151868 -0.357036
v 0.003078 0.104504 -0.260182
v 0.003792 0.102956 -0.260010
v 0.005644 0.103692 -0.261623
v 0.003130 0.104050 -0.259591
v 0.004054 0.104417 -0.260397
v 0.004069 0.103979 -0.259833
v 0.004673 0.103076 -0.260248
v 0.003392 0.103482 -0.259528
v 0.004254 0.103579 -0.259788
v 0.004996 0.104119 -0.260926
v 0.005353 0.103346 -0.260840
v 0.004732 0.103769 -0.260205
v 0.003776 -0.009594 -0.273787
v 0.006452 -0.011520 -0.274641
v 0.004478 -0.009376 -0.274964
v 0.004719 -0.010165 -0.273855
v 0.004008 -0.009012 -0.274080
v 0.004819 -0.009354 -0.274149
v 0.006172 -0.010527 -0.274837
v 0.005697 -0.010868 -0.274167
v 0.005503 -0.009847 -0.274381
v 0.004247 -0.008937 -0.274480
v 0.005458 -0.009753 -0.274953
v 0.005036 -0.009239 -0.274469
v 0.004478 0.187799 -0.201058
v 0.003776 0.186812 -0.200381
v 0.006452 0.186055 -0.202347
v 0.004247 0.187767 -0.200407
v 0.005458 0.187525 -0.201317
v 0.005036 0.187546 -0.200612
v 0.004719 0.186457 -0.200832
v 0.004008 0.187432 -0.200176
v 0.004819 0.187238 -0.200467
v 0.006172 0.186895 -0.201783
v 0.005697 0.186180 -0.201550
v 0.005503 0.187054 -0.200980
v 0.003792 0.256656 -0.111053
v 0.005644 0.258317 -0.111675
v 0.003078 0.257872 -0.110081
v 0.004673 0.256909 -0.111137
v 0.003392 0.256687 -0.110341
v 0.004254 0.256939 -0.110456
v 0.004996 0.258126 -0.110879
v 0.005353 0.257518 -0.111365
v 0.004732 0.257369 -0.110617
v 0.003130 0.257133 -0.109984
v 0.004054 0.257962 -0.110294
v 0.004069 0.257254 -0.110205
v 0.003776 0.273787 -0.009594
v 0.006452 0.274641 -0.011520
v 0.004478 0.274964 -0.009376
v 0.004719 0.273855 -0.010165
v 0.004008 0.274080 -0.009012
v 0.004819 0.274149 -0.009354
v 0.006172 0.274837 -0.010527
v 0.005697 0.274167 -0.010868
v 0.005503 0.274381 -0.009847
v 0.004247 0.274480 -0.008937
v 0.005458 0.274953 -0.009753
v 0.005036 0.274469 -0.009239
v 0.004478 0.257621 0.096562
v 0.003776 0.256618 0.095910
v 0.006452 0.258144 0.094458
v 0.004247 0.257007 0.096782
v 0.005458 0.257756 0.096210
v 0.005036 0.257112 0.096499
v 0.004719 0.256899 0.095408
v 0.004008 0.256666 0.096560
v 0.004819 0.256860 0.096270
v 0.006171 0.257945 0.095449
v 0.005697 0.257456 0.094878
v 0.005503 0.257264 0.095904
v 0.004478 0.201058 0.187799
v 0.003776 0.200381 0.186812
v 0.006452 0.202347 0.186055
v 0.004247 0.200407 0.187767
v 0.005458 0.201317 0.187525
v 0.005036 0.200612 0.187546
v 0.004719 0.200832 0.186457
v 0.004008 0.200176 0.187432
v 0.004819 0.200467 0.187238
v 0.006172 0.201783 0.186895
v 0.005697 0.201550 0.186180
v 0.005503 0.200980 0.187054
v 0.004478 0.113886 0.250445
v 0.003776 0.113638 0.249274
v 0.006452 0.115744 0.249327
v 0.004247 0.113296 0.250167
v 0.005458 0.114230 0.250292
v 0.005036 0.113571 0.250041
v 0.004719 0.114191 0.249119
v 0.004008 0.113212 0.249769
v 0.004819 0.113555 0.249700
v 0.006171 0.114902 0.249887
v 0.005697 0.114960 0.249138
v 0.005503 0.114098 0.249727
v 0.004478 0.009376 0.274964
v 0.003776 0.009594 0.273787
v 0.006452 0.011520 0.274641
v 0.004247 0.008937 0.274480
v 0.005458 0.009753 0.274953
v 0.005036 0.009239 0.274469
v 0.004719 0.010165 0.273855
v 0.004008 0.009012 0.274080
v 0.004819 0.009354 0.274149
v 0.006172 0.010527 0.274837
v 0.005697 0.010868 0.274167
v 0.005503 0.009847 0.274381
v 0.004478 -0.096562 0.257621
v 0.003776 -0.095910 0.256618
v 0.006452 -0.094458 0.258144
v 0.004247 -0.096782 0.257007
v 0.005458 -0.096210 0.257756
v 0.005036 -0.096499 0.257112
v 0.004719 -0.095408 0.256899
v 0.004008 -0.096560 0.256666
v 0.004819 -0.096270 0.256860
v 0.006172 -0.095449 0.257945
v 0.005697 -0.094878 0.257456
v 0.005503 -0.095904 0.257264
v 0.003792 -0.194621 0.200818
v 0.005644 -0.195917 0.202027
v 0.003078 -0.196116 0.200385
v 0.004673 -0.194822 0.200992
v 0.003392 -0.194922 0.200172
v 0.004254 -0.195111 0.200375
v 0.004997 -0.196045 0.201220
v 0.005353 -0.195298 0.201436
v 0.004732 -0.195446 0.200687
v 0.003130 -0.195471 0.200013
v 0.004054 -0.196118 0.200617
v 0.004069 -0.195498 0.200263
v 0.003776 -0.256618 0.095909
v 0.004479 -0.257621 0.096561
v 0.006453 -0.258144 0.094457
v 0.004008 -0.256666 0.096560
v 0.004720 -0.256899 0.095408
v 0.004820 -0.256860 0.096269
v 0.005459 -0.257756 0.096209
v 0.004247 -0.257007 0.096781
v 0.005036 -0.257112 0.096498
v 0.005697 -0.257456 0.094877
v 0.006172 -0.257945 0.095448
v 0.005504 -0.257264 0.095903
v 0.003078 -0.280369 0.003018
v 0.003793 -0.279617 0.004382
v 0.005645 -0.281389 0.004320
v 0.003130 -0.279649 0.003212
v 0.004055 -0.280534 0.003181
v 0.004069 -0.279845 0.003369
v 0.004674 -0.279883 0.004363
v 0.003392 -0.279373 0.003712
v 0.004254 -0.279651 0.003722
v 0.004997 -0.280909 0.003659
v 0.005354 -0.280533 0.004340
v 0.004733 -0.280109 0.003706
v 0.003078 -0.260182 -0.104504
v 0.003792 -0.260010 -0.102956
v 0.005644 -0.261623 -0.103692
v 0.003130 -0.259591 -0.104050
v 0.004055 -0.260397 -0.104417
v 0.004069 -0.259833 -0.103979
v 0.004673 -0.260248 -0.103076
v 0.003392 -0.259528 -0.103482
v 0.004254 -0.259788 -0.103579
v 0.004997 -0.260926 -0.104119
v 0.005353 -0.260840 -0.103346
v 0.004732 -0.260205 -0.103769
v 0.003792 -0.200818 -0.194621
v 0.005644 -0.202027 -0.195917
v 0.003078 -0.200385 -0.196116
v 0.004673 -0.200992 -0.194822
v 0.003392 -0.200172 -0.194922
v 0.004254 -0.200375 -0.195111
v 0.004996 -0.201220 -0.196045
v 0.005353 -0.201436 -0.195298
v 0.004732 -0.200687 -0.195446
v 0.003130 -0.200013 -0.195471
v 0.004054 -0.200617 -0.196118
v 0.004069 -0.200263 -0.195498
v 0.004478 -0.113886 -0.250445
v 0.003776 -0.113638 -0.249274
v 0.006452 -0.115744 -0.249327
v 0.004247 -0.113296 -0.250167
v 0.005458 -0.114230 -0.250292
v 0.005036 -0.113571 -0.250041
v 0.004719 -0.114191 -0.249119
v 0.004008 -0.113212 -0.249769
v 0.004819 -0.113555 -0.249700
v 0.006172 -0.114902 -0.249887
v 0.005697 -0.114960 -0.249138
v 0.005503 -0.114098 -0.249727
v 0.042041 -0.314432 -0.056456
v 0.041578 -0.312252 -0.056022
v 0.042951 -0.313611 -0.055306
v 0.041893 -0.313657 -0.056710
v 0.042716 -0.314437 -0.056189
v 0.042802 -0.313626 -0.056522
v 0.042329 -0.312364 -0.055771
v 0.041726 -0.312871 -0.056554
v 0.042677 -0.312986 -0.056394
v 0.043035 -0.314149 -0.055786
v 0.042819 -0.312850 -0.055515
v 0.043079 -0.313382 -0.056165
v 0.043286 -0.317430 0.064328
v 0.044452 -0.318582 0.063365
v 0.043286 -0.317886 0.062034
v 0.044104 -0.317553 0.064193
v 0.043521 -0.317206 0.063529
v 0.044290 -0.317343 0.063427
v 0.044532 -0.318204 0.062694
v 0.044532 -0.317976 0.063840
v 0.044591 -0.317641 0.063178
v 0.043521 -0.317373 0.062687
v 0.044104 -0.317949 0.062206
v 0.044290 -0.317461 0.062834
v 0.041578 -0.260408 0.181173
v 0.042951 -0.260862 0.182640
v 0.042041 -0.262256 0.182408
v 0.042329 -0.260309 0.181431
v 0.041726 -0.261221 0.181235
v 0.042677 -0.261190 0.181429
v 0.043035 -0.261582 0.182681
v 0.042819 -0.260471 0.181955
v 0.043079 -0.261308 0.181871
v 0.041893 -0.261888 0.181680
v 0.042716 -0.262071 0.182600
v 0.042802 -0.261732 0.181791
v 0.043285 -0.180913 0.268651
v 0.043285 -0.178968 0.269950
v 0.044452 -0.180464 0.270084
v 0.043521 -0.180089 0.268749
v 0.044103 -0.180836 0.268816
v 0.044290 -0.180047 0.268915
v 0.044103 -0.179151 0.269942
v 0.043521 -0.179375 0.269226
v 0.044290 -0.179544 0.269251
v 0.044532 -0.180671 0.269343
v 0.044532 -0.179700 0.269992
v 0.044591 -0.179931 0.269286
v 0.041578 -0.056022 0.312252
v 0.042951 -0.055306 0.313611
v 0.042041 -0.056456 0.314432
v 0.042329 -0.055770 0.312364
v 0.041726 -0.056554 0.312871
v 0.042677 -0.056394 0.312986
v 0.043035 -0.055786 0.314149
v 0.042819 -0.055515 0.312850
v 0.043079 -0.056165 0.313382
v 0.041893 -0.056710 0.313657
v 0.042716 -0.056189 0.314437
v 0.042802 -0.056522 0.313626
v 0.040494 0.062140 0.306402
v 0.040494 0.059845 0.306859
v 0.041639 0.060828 0.305803
v 0.040494 0.061481 0.306921
v 0.041215 0.062037 0.306176
v 0.041469 0.061373 0.306778
v 0.041215 0.059854 0.306610
v 0.040494 0.060652 0.307086
v 0.041469 0.060698 0.306913
v 0.041620 0.061573 0.305964
v 0.041620 0.060201 0.306237
v 0.041809 0.060982 0.306576
v 0.041578 0.181182 0.260409
v 0.042951 0.182649 0.260864
v 0.042041 0.182417 0.262258
v 0.042329 0.181439 0.260311
v 0.041726 0.181244 0.261223
v 0.042677 0.181438 0.261191
v 0.043035 0.182690 0.261583
v 0.042819 0.181963 0.260473
v 0.043079 0.181880 0.261309
v 0.041893 0.181689 0.261889
v 0.042716 0.182609 0.262072
v 0.042802 0.181800 0.261734
v 0.040494 0.260599 0.172720
v 0.040494 0.259299 0.174665
v 0.041639 0.259247 0.173223
v 0.040494 0.260500 0.173552
v 0.041215 0.260366 0.172632
v 0.041469 0.260322 0.173528
v 0.041215 0.259129 0.174483
v 0.040494 0.260030 0.174255
v 0.041469 0.259940 0.174100
v 0.041620 0.259888 0.172810
v 0.041620 0.259111 0.173974
v 0.041809 0.259903 0.173662
v 0.043285 0.317890 0.062040
v 0.044452 0.318586 0.063371
v 0.043285 0.317433 0.064334
v 0.044103 0.317952 0.062211
v 0.043521 0.317377 0.062692
v 0.044290 0.317464 0.062839
v 0.044532 0.317980 0.063846
v 0.044532 0.318208 0.062700
v 0.044591 0.317644 0.063183
v 0.043521 0.317209 0.063535
v 0.044103 0.317557 0.064199
v 0.044290 0.317346 0.063432
v 0.043285 0.317433 -0.064334
v 0.044452 0.318586 -0.063371
v 0.043285 0.317890 -0.062040
v 0.044103 0.317557 -0.064199
v 0.043521 0.317209 -0.063535
v 0.044290 0.317346 -0.063432
v 0.044532 0.318208 -0.062700
v 0.044532 0.317980 -0.063846
v 0.044591 0.317644 -0.063183
v 0.043521 0.317377 -0.062692
v 0.044103 0.317952 -0.062211
v 0.044290 0.317464 -0.062839
v 0.041578 0.260409 -0.181182
v 0.042951 0.260864 -0.182649
v 0.042041 0.262258 -0.182417
v 0.042329 0.260311 -0.181439
v 0.041726 0.261223 -0.181244
v 0.042677 0.261191 -0.181438
v 0.043035 0.261583 -0.182690
v 0.042819 0.260473 -0.181963
v 0.043079 0.261309 -0.181880
v 0.041893 0.261889 -0.181689
v 0.042716 0.262072 -0.182609
v 0.042802 0.261734 -0.181800
v 0.040494 0.174665 -0.259299
v 0.041639 0.173223 -0.259247
v 0.040494 0.172720 -0.260599
v 0.041215 0.174483 -0.259129
v 0.040494 0.174255 -0.260030
v 0.041469 0.174100 -0.259940
v 0.041620 0.172810 -0.259888
v 0.041620 0.173974 -0.259111
v 0.041809 0.173662 -0.259903
v 0.040494 0.173552 -0.260500
v 0.041215 0.172632 -0.260366
v 0.041469 0.173528 -0.260322
v 0.043285 0.064334 -0.317433
v 0.043285 0.062040 -0.317890
v 0.044452 0.063371 -0.318586
v 0.043521 0.063535 -0.317209
v 0.044103 0.064199 -0.317557
v 0.044290 0.063432 -0.317346
v 0.044103 0.062211 -0.317952
v 0.043521 0.062692 -0.317377
v 0.044290 0.062839 -0.317464
v 0.044532 0.063846 -0.317980
v 0.044532 0.062700 -0.318208
v 0.044591 0.063183 -0.317644
v 0.043285 -0.062040 -0.317890
v 0.043285 -0.064334 -0.317433
v 0.044452 -0.063371 -0.318586
v 0.043521 -0.062692 -0.317377
v 0.044103 -0.062211 -0.317952
v 0.044290 -0.062839 -0.317464
v 0.044103 -0.064199 -0.317557
v 0.043521 -0.063535 -0.317209
v 0.044290 -0.063432 -0.317346
v 0.044532 -0.062700 -0.318208
v 0.044532 -0.063846 -0.317980
v 0.044591 -0.063183 -0.317644
v 0.042041 -0.182417 -0.262258
v 0.041578 -0.181182 -0.260409
v 0.042951 -0.182649 -0.260864
v 0.041893 -0.181689 -0.261889
v 0.042716 -0.182609 -0.262072
v 0.042802 -0.181800 -0.261734
v 0.042329 -0.181439 -0.260311
v 0.041726 -0.181244 -0.261223
v 0.042677 -0.181438 -0.261191
v 0.043035 -0.182690 -0.261583
v 0.042819 -0.181963 -0.260473
v 0.043079 -0.181880 -0.261309
v 0.041578 -0.267045 -0.171252
v 0.042951 -0.268574 -0.171110
v 0.042041 -0.268893 -0.172487
v 0.042329 -0.267245 -0.171062
v 0.041726 -0.267413 -0.171980
v 0.042677 -0.267580 -0.171876
v 0.043035 -0.268887 -0.171759
v 0.042819 -0.267791 -0.171011
v 0.043079 -0.268033 -0.171816
v 0.041893 -0.268079 -0.172425
v 0.042716 -0.268999 -0.172242
v 0.042802 -0.268122 -0.172239
v 0.002488 -0.394998 0.008989
v 0.003041 -0.393994 0.008336
v 0.004959 -0.393269 0.010670
v 0.002671 -0.394948 0.008337
v 0.003401 -0.394678 0.009568
v 0.003475 -0.394721 0.008674
v 0.004003 -0.393740 0.008785
v 0.002857 -0.394610 0.008116
v 0.003650 -0.394449 0.008451
v 0.004303 -0.394047 0.010182
v 0.004698 -0.393477 0.009630
v 0.004116 -0.394258 0.009100
v 0.041577 -0.312248 0.056017
v 0.042041 -0.314429 0.056450
v 0.042950 -0.313607 0.055300
v 0.041725 -0.312868 0.056548
v 0.042328 -0.312361 0.055765
v 0.042677 -0.312982 0.056389
v 0.042716 -0.314433 0.056184
v 0.041892 -0.313653 0.056705
v 0.042801 -0.313622 0.056516
v 0.042819 -0.312846 0.055509
v 0.043035 -0.314145 0.055780
v 0.043079 -0.313378 0.056160
v 0.002488 -0.368370 0.142854
v 0.004959 -0.367417 0.140639
v 0.003041 -0.367193 0.143072
v 0.003401 -0.368296 0.142196
v 0.002671 -0.368075 0.143438
v 0.003475 -0.367994 0.143039
v 0.004698 -0.367211 0.141679
v 0.004303 -0.367949 0.141388
v 0.004116 -0.367730 0.142468
v 0.002857 -0.367678 0.143511
v 0.004003 -0.367130 0.142561
v 0.003650 -0.367658 0.143141
v 0.003776 -0.273787 0.009594
v 0.006453 -0.274641 0.011520
v 0.004479 -0.274963 0.009376
v 0.004720 -0.273855 0.010165
v 0.004008 -0.274080 0.009011
v 0.004820 -0.274148 0.009354
v 0.006172 -0.274837 0.010527
v 0.005697 -0.274167 0.010868
v 0.005504 -0.274381 0.009847
v 0.004247 -0.274480 0.008937
v 0.005458 -0.274953 0.009752
v 0.005036 -0.274469 0.009239
v 0.003078 -0.388548 -0.003018
v 0.003621 -0.388843 -0.003948
v 0.005644 -0.385865 -0.004320
v 0.003261 -0.389160 -0.003169
v 0.004005 -0.387697 -0.003209
v 0.004079 -0.388661 -0.003322
v 0.004642 -0.388164 -0.004173
v 0.003438 -0.389256 -0.003472
v 0.004256 -0.388787 -0.003590
v 0.004943 -0.386716 -0.003685
v 0.005377 -0.387083 -0.004308
v 0.004747 -0.387976 -0.003676
v 0.040493 -0.306855 0.059840
v 0.041639 -0.305799 0.060822
v 0.040494 -0.306399 0.062134
v 0.041215 -0.306607 0.059848
v 0.040494 -0.307083 0.060647
v 0.041468 -0.306909 0.060692
v 0.041620 -0.305961 0.061568
v 0.041619 -0.306234 0.060195
v 0.041809 -0.306573 0.060976
v 0.040494 -0.306918 0.061476
v 0.041215 -0.306173 0.062031
v 0.041469 -0.306775 0.061367
v 0.003078 -0.280369 -0.003018
v 0.005644 -0.281389 -0.004320
v 0.003792 -0.279617 -0.004382
v 0.004055 -0.280534 -0.003181
v 0.003130 -0.279649 -0.003212
v 0.004069 -0.279845 -0.003369
v 0.005353 -0.280534 -0.004340
v 0.004997 -0.280909 -0.003659
v 0.004732 -0.280109 -0.003706
v 0.003392 -0.279373 -0.003712
v 0.004673 -0.279883 -0.004363
v 0.004254 -0.279651 -0.003722
v 0.003078 -0.260182 0.104504
v 0.005644 -0.261623 0.103691
v 0.003792 -0.260009 0.102956
v 0.004054 -0.260396 0.104417
v 0.003129 -0.259591 0.104050
v 0.004069 -0.259832 0.103979
v 0.005353 -0.260839 0.103346
v 0.004996 -0.260925 0.104119
v 0.004732 -0.260204 0.103769
v 0.003392 -0.259527 0.103481
v 0.004673 -0.260247 0.103076
v 0.004253 -0.259787 0.103579
v 0.042041 -0.312099 0.068164
v 0.041578 -0.309919 0.067730
v 0.042951 -0.310900 0.068912
v 0.041893 -0.311480 0.067632
v 0.042716 -0.312001 0.068412
v 0.042802 -0.311379 0.067794
v 0.042329 -0.309926 0.068006
v 0.041726 -0.310694 0.067476
v 0.042677 -0.310739 0.067667
v 0.043035 -0.311580 0.068675
v 0.042819 -0.310276 0.068428
v 0.043079 -0.311017 0.068031
v 0.004479 -0.250445 0.113886
v 0.003776 -0.249274 0.113637
v 0.006453 -0.249327 0.115743
v 0.004247 -0.250167 0.113296
v 0.005459 -0.250291 0.114230
v 0.005036 -0.250041 0.113570
v 0.004720 -0.249119 0.114191
v 0.004008 -0.249769 0.113211
v 0.004820 -0.249700 0.113554
v 0.006172 -0.249887 0.114901
v 0.005698 -0.249138 0.114960
v 0.005504 -0.249727 0.114098
v 0.003621 -0.357732 0.152451
v 0.003078 -0.357816 0.151479
v 0.005645 -0.354838 0.151655
v 0.003438 -0.358296 0.152169
v 0.004643 -0.357019 0.152398
v 0.004256 -0.357817 0.152099
v 0.004006 -0.356956 0.151329
v 0.003262 -0.358323 0.151853
v 0.004079 -0.357803 0.151803
v 0.005377 -0.355968 0.152109
v 0.004943 -0.355868 0.151394
v 0.004748 -0.357035 0.151868
v 0.003776 -0.273787 -0.009594
v 0.004478 -0.274964 -0.009376
v 0.006452 -0.274641 -0.011520
v 0.004008 -0.274080 -0.009012
v 0.004719 -0.273855 -0.010165
v 0.004819 -0.274149 -0.009354
v 0.005458 -0.274953 -0.009753
v 0.004247 -0.274480 -0.008937
v 0.005036 -0.274469 -0.009239
v 0.005697 -0.274167 -0.010868
v 0.006172 -0.274837 -0.010527
v 0.005503 -0.274381 -0.009847
v 0.043285 -0.317890 -0.062040
v 0.044452 -0.318586 -0.063371
v 0.043285 -0.317433 -0.064334
v 0.044103 -0.317952 -0.062211
v 0.043521 -0.317377 -0.062692
v 0.044290 -0.317464 -0.062839
v 0.044532 -0.317980 -0.063846
v 0.044532 -0.318208 -0.062700
v 0.044591 -0.317644 -0.063183
v 0.043521 -0.317209 -0.063535
v 0.044103 -0.317557 -0.064199
v 0.044290 -0.317346 -0.063432
v 0.002488 -0.368370 -0.142854
v 0.003041 -0.367193 -0.143072
v 0.004959 -0.367417 -0.140639
v 0.002671 -0.368075 -0.143438
v 0.003401 -0.368297 -0.142196
v 0.003476 -0.367994 -0.143039
v 0.004004 -0.367130 -0.142561
v 0.002858 -0.367678 -0.143511
v 0.003650 -0.367658 -0.143141
v 0.004304 -0.367949 -0.141388
v 0.004698 -0.367211 -0.141679
v 0.004116 -0.367730 -0.142468
v 0.002488 -0.394997 -0.008989
v 0.004959 -0.393269 -0.010671
v 0.003041 -0.393994 -0.008337
v 0.003401 -0.394678 -0.009569
v 0.002671 -0.394948 -0.008337
v 0.003476 -0.394721 -0.008674
v 0.004698 -0.393477 -0.009631
v 0.004304 -0.394047 -0.010183
v 0.004116 -0.394258 -0.009101
v 0.002858 -0.394610 -0.008117
v 0.004004 -0.393740 -0.008786
v 0.003650 -0.394449 -0.008452
v 0.041578 -0.309922 -0.067736
v 0.042041 -0.312102 -0.068170
v 0.042951 -0.310903 -0.068918
v 0.041726 -0.310698 -0.067482
v 0.042329 -0.309929 -0.068011
v 0.042677 -0.310743 -0.067673
v 0.042716 -0.312004 -0.068418
v 0.041893 -0.311483 -0.067638
v 0.042802 -0.311383 -0.067800
v 0.042819 -0.310280 -0.068434
v 0.043035 -0.311584 -0.068680
v 0.043079 -0.311020 -0.068036
v 0.003776 -0.256618 -0.095910
v 0.006452 -0.258144 -0.094458
v 0.004478 -0.257621 -0.096562
v 0.004719 -0.256899 -0.095408
v 0.004008 -0.256666 -0.096560
v 0.004819 -0.256860 -0.096270
v 0.006172 -0.257945 -0.095449
v 0.005697 -0.257456 -0.094878
v 0.005503 -0.257264 -0.095904
v 0.004247 -0.257007 -0.096782
v 0.005458 -0.257756 -0.096210
v 0.005036 -0.257112 -0.096499
v 0.003078 -0.357817 -0.151479
v 0.003621 -0.357733 -0.152452
v 0.005644 -0.354839 -0.151656
v 0.003261 -0.358324 -0.151853
v 0.004005 -0.356957 -0.151330
v 0.004079 -0.357804 -0.151803
v 0.004642 -0.357020 -0.152399
v 0.003438 -0.358297 -0.152170
v 0.004256 -0.357818 -0.152099
v 0.004943 -0.355869 -0.151394
v 0.005377 -0.355969 -0.152110
v 0.004747 -0.357036 -0.151868
v 0.040494 -0.306402 -0.062140
v 0.041639 -0.305803 -0.060828
v 0.040494 -0.306859 -0.059845
v 0.041215 -0.306176 -0.062037
v 0.040494 -0.306921 -0.061481
v 0.041469 -0.306778 -0.061373
v 0.041620 -0.306237 -0.060201
v 0.041620 -0.305964 -0.061573
v 0.041809 -0.306576 -0.060982
v 0.040494 -0.307086 -0.060652
v 0.041215 -0.306610 -0.059854
v 0.041469 -0.306913 -0.060698
v 0.003078 -0.257872 -0.110081
v 0.005644 -0.258317 -0.111675
v 0.003792 -0.256656 -0.111053
v 0.004055 -0.257962 -0.110294
v 0.003130 -0.257133 -0.109984
v 0.004069 -0.257254 -0.110205
v 0.005353 -0.257518 -0.111365
v 0.004997 -0.258126 -0.110879
v 0.004732 -0.257369 -0.110617
v 0.003392 -0.256687 -0.110341
v 0.004673 -0.256909 -0.111137
v 0.004254 -0.256939 -0.110456
v -0.001614 -0.272814 0.000000
v 0.000000 -0.271169 0.000000
v -0.000807 -0.272594 0.000000
v -0.000216 -0.271992 0.000000
v 0.004478 -0.250445 -0.113886
v 0.006452 -0.249327 -0.115744
v 0.003776 -0.249274 -0.113638
v 0.005458 -0.250292 -0.114230
v 0.004247 -0.250167 -0.113296
v 0.005036 -0.250041 -0.113571
v 0.005697 -0.249138 -0.114960
v 0.006172 -0.249887 -0.114902
v 0.005503 -0.249727 -0.114098
v 0.004008 -0.249769 -0.113212
v 0.004719 -0.249119 -0.114191
v 0.004819 -0.249700 -0.113555
v 0.043285 -0.268650 -0.180913
v 0.043285 -0.269950 -0.178968
v 0.044452 -0.270084 -0.180464
v 0.043521 -0.268749 -0.180089
v 0.044103 -0.268816 -0.180836
v 0.044290 -0.268915 -0.180047
v 0.044103 -0.269942 -0.179151
v 0.043521 -0.269226 -0.179375
v 0.044290 -0.269251 -0.179544
v 0.044532 -0.269343 -0.180671
v 0.044532 -0.269992 -0.179700
v 0.044591 -0.269286 -0.179931
v 0.002488 -0.285662 -0.272949
v 0.003041 -0.284491 -0.272700
v 0.004959 -0.285629 -0.270538
v 0.002671 -0.285166 -0.273375
v 0.003401 -0.285846 -0.272313
v 0.003476 -0.285244 -0.272977
v 0.004003 -0.284629 -0.272204
v 0.002858 -0.284771 -0.273292
v 0.003650 -0.284894 -0.272941
v 0.004304 -0.285833 -0.271433
v 0.004698 -0.285041 -0.271420
v 0.004116 -0.285218 -0.272348
v 0.002488 -0.361490 -0.159464
v 0.004959 -0.359250 -0.160356
v 0.003041 -0.360812 -0.158477
v 0.003401 -0.360973 -0.159877
v 0.002671 -0.361694 -0.158843
v 0.003476 -0.361355 -0.159067
v 0.004698 -0.359840 -0.159475
v 0.004304 -0.360155 -0.160203
v 0.004116 -0.360764 -0.159284
v 0.002858 -0.361466 -0.158510
v 0.004004 -0.360406 -0.158795
v 0.003650 -0.361189 -0.158757
v 0.041578 -0.260409 -0.181182
v 0.042041 -0.262258 -0.182417
v 0.042951 -0.260864 -0.182649
v 0.041726 -0.261223 -0.181244
v 0.042329 -0.260311 -0.181439
v 0.042677 -0.261191 -0.181438
v 0.042716 -0.262072 -0.182609
v 0.041893 -0.261889 -0.181689
v 0.042802 -0.261734 -0.181800
v 0.042819 -0.260473 -0.181963
v 0.043035 -0.261583 -0.182690
v 0.043079 -0.261309 -0.181879
v 0.004478 -0.201058 -0.187799
v 0.003776 -0.200381 -0.186812
v 0.006452 -0.202347 -0.186055
v 0.004247 -0.200407 -0.187767
v 0.005458 -0.201317 -0.187525
v 0.005036 -0.200612 -0.187546
v 0.004719 -0.200832 -0.186457
v 0.004008 -0.200176 -0.187432
v 0.004819 -0.200467 -0.187238
v 0.006172 -0.201783 -0.186895
v 0.005697 -0.201550 -0.186180
v 0.005503 -0.200980 -0.187054
v 0.003621 -0.272162 -0.277746
v 0.005644 -0.269793 -0.275903
v 0.003078 -0.272611 -0.276879
v 0.004642 -0.271523 -0.277424
v 0.003438 -0.272790 -0.277701
v 0.004256 -0.272375 -0.277453
v 0.004943 -0.270844 -0.276055
v 0.005377 -0.270663 -0.276755
v 0.004747 -0.271741 -0.276940
v 0.003261 -0.272937 -0.277419
v 0.004005 -0.271874 -0.276412
v 0.004079 -0.272476 -0.277174
v 0.040494 -0.259299 -0.174665
v 0.041639 -0.259247 -0.173223
v 0.040494 -0.260599 -0.172720
v 0.041215 -0.259129 -0.174483
v 0.040494 -0.260030 -0.174255
v 0.041469 -0.259940 -0.174100
v 0.041620 -0.259888 -0.172810
v 0.041620 -0.259111 -0.173974
v 0.041809 -0.259903 -0.173662
v 0.040494 -0.260500 -0.173552
v 0.041215 -0.260366 -0.172632
v 0.041469 -0.260322 -0.173528
v 0.003792 -0.194621 -0.200818
v 0.003078 -0.196116 -0.200385
v 0.005644 -0.195917 -0.202027
v 0.003392 -0.194922 -0.200172
v 0.004673 -0.194822 -0.200992
v 0.004254 -0.195111 -0.200375
v 0.004055 -0.196118 -0.200617
v 0.003130 -0.195471 -0.200013
v 0.004069 -0.195498 -0.200263
v 0.005353 -0.195298 -0.201436
v 0.004997 -0.196045 -0.201220
v 0.004732 -0.195446 -0.200687
v -0.001614 -0.252048 -0.104402
v 0.000000 -0.250528 -0.103772
v -0.000807 -0.251844 -0.104317
v -0.000216 -0.251288 -0.104087
v 0.004478 -0.187799 -0.201058
v 0.006452 -0.186055 -0.202347
v 0.003776 -0.186812 -0.200381
v 0.005458 -0.187525 -0.201317
v 0.004247 -0.187767 -0.200407
v 0.005036 -0.187546 -0.200612
v 0.005697 -0.186180 -0.201550
v 0.006172 -0.186895 -0.201783
v 0.005503 -0.187054 -0.200980
v 0.004008 -0.187432 -0.200176
v 0.004719 -0.186457 -0.200832
v 0.004819 -0.187238 -0.200467
v 0.043285 -0.180913 -0.268651
v 0.044452 -0.180464 -0.270084
v 0.043285 -0.178968 -0.269950
v 0.044103 -0.180836 -0.268816
v 0.043521 -0.180089 -0.268749
v 0.044290 -0.180047 -0.268915
v 0.044532 -0.179700 -0.269992
v 0.044532 -0.180671 -0.269343
v 0.044591 -0.179931 -0.269286
v 0.043521 -0.179375 -0.269226
v 0.044103 -0.179151 -0.269942
v 0.044290 -0.179544 -0.269251
v 0.002488 -0.159464 -0.361490
v 0.003041 -0.158478 -0.360812
v 0.004959 -0.160356 -0.359250
v 0.002671 -0.158843 -0.361694
v 0.003401 -0.159877 -0.360973
v 0.003476 -0.159067 -0.361355
v 0.004003 -0.158795 -0.360406
v 0.002858 -0.158510 -0.361466
v 0.003650 -0.158757 -0.361189
v 0.004303 -0.160203 -0.360155
v 0.004698 -0.159475 -0.359840
v 0.004116 -0.159284 -0.360764
v 0.002488 -0.272949 -0.285662
v 0.004959 -0.270538 -0.285629
v 0.003041 -0.272700 -0.284491
v 0.003401 -0.272313 -0.285846
v 0.002671 -0.273375 -0.285166
v 0.003476 -0.272977 -0.285244
v 0.004698 -0.271420 -0.285041
v 0.004304 -0.271433 -0.285833
v 0.004116 -0.272348 -0.285218
v 0.002858 -0.273292 -0.284771
v 0.004003 -0.272204 -0.284629
v 0.003650 -0.272941 -0.284894
v 0.040494 -0.172720 -0.260599
v 0.041639 -0.173223 -0.259247
v 0.040494 -0.174665 -0.259299
v 0.041215 -0.172632 -0.260366
v 0.040494 -0.173552 -0.260500
v 0.041469 -0.173528 -0.260322
v 0.041620 -0.173974 -0.259111
v 0.041620 -0.172810 -0.259888
v 0.041809 -0.173662 -0.259903
v 0.040494 -0.174255 -0.260030
v 0.041215 -0.174483 -0.259129
v 0.041469 -0.174100 -0.259940
v 0.003792 -0.111053 -0.256656
v 0.005644 -0.111675 -0.258317
v 0.003078 -0.110081 -0.257872
v 0.004673 -0.111137 -0.256909
v 0.003392 -0.110341 -0.256687
v 0.004254 -0.110456 -0.256939
v 0.004996 -0.110879 -0.258126
v 0.005353 -0.111365 -0.257518
v 0.004732 -0.110617 -0.257369
v 0.003130 -0.109984 -0.257133
v 0.004054 -0.110294 -0.257962
v 0.004069 -0.110205 -0.257254
v -0.001614 -0.192909 -0.192909
v 0.000000 -0.191746 -0.191746
v -0.000807 -0.192753 -0.192753
v -0.000216 -0.192327 -0.192327
v 0.041578 -0.171252 -0.267045
v 0.042041 -0.172487 -0.268893
v 0.042951 -0.171110 -0.268574
v 0.041726 -0.171980 -0.267413
v 0.042329 -0.171062 -0.267245
v 0.042677 -0.171876 -0.267580
v 0.042716 -0.172242 -0.268999
v 0.041893 -0.172425 -0.268079
v 0.042802 -0.172239 -0.268122
v 0.042819 -0.171011 -0.267791
v 0.043035 -0.171759 -0.268887
v 0.043079 -0.171816 -0.268033
v 0.003078 -0.104504 -0.260182
v 0.005644 -0.103692 -0.261623
v 0.003792 -0.102956 -0.260010
v 0.004054 -0.104417 -0.260397
v 0.003130 -0.104050 -0.259591
v 0.004069 -0.103979 -0.259833
v 0.005353 -0.103346 -0.260840
v 0.004996 -0.104119 -0.260926
v 0.004732 -0.103769 -0.260205
v 0.003392 -0.103482 -0.259528
v 0.004673 -0.103076 -0.260248
v 0.004254 -0.103579 -0.259788
v 0.003078 -0.145903 -0.360127
v 0.003621 -0.145156 -0.360755
v 0.005644 -0.143673 -0.358146
v 0.003261 -0.145997 -0.360750
v 0.004005 -0.145400 -0.359413
v 0.004079 -0.145665 -0.360347
v 0.004642 -0.144689 -0.360214
v 0.003438 -0.145754 -0.360954
v 0.004256 -0.145465 -0.360566
v 0.004943 -0.144586 -0.358689
v 0.005377 -0.144150 -0.359266
v 0.004747 -0.145076 -0.359850
v 0.002488 -0.142854 -0.368370
v 0.004959 -0.140639 -0.367417
v 0.003041 -0.143072 -0.367193
v 0.003401 -0.142196 -0.368297
v 0.002671 -0.143438 -0.368075
v 0.003476 -0.143039 -0.367994
v 0.004698 -0.141679 -0.367211
v 0.004303 -0.141388 -0.367949
v 0.004116 -0.142468 -0.367730
v 0.002858 -0.143511 -0.367678
v 0.004003 -0.142561 -0.367130
v 0.003650 -0.143141 -0.367658
v 0.002488 -0.008989 -0.394997
v 0.003041 -0.008337 -0.393994
v 0.004959 -0.010671 -0.393269
v 0.002671 -0.008337 -0.394948
v 0.003401 -0.009569 -0.394678
v 0.003476 -0.008674 -0.394721
v 0.004003 -0.008786 -0.393740
v 0.002858 -0.008117 -0.394610
v 0.003650 -0.008452 -0.394449
v 0.004303 -0.010183 -0.394047
v 0.004698 -0.009631 -0.393477
v 0.004116 -0.009101 -0.394258
v 0.041578 -0.067736 -0.309922
v 0.042951 -0.068917 -0.310903
v 0.042041 -0.068170 -0.312103
v 0.042329 -0.068011 -0.309929
v 0.041726 -0.067482 -0.310698
v 0.042677 -0.067673 -0.310743
v 0.043035 -0.068680 -0.311584
v 0.042819 -0.068434 -0.310280
v 0.043079 -0.068036 -0.311021
v 0.041893 -0.067638 -0.311483
v 0.042716 -0.068418 -0.312005
v 0.042802 -0.067800 -0.311383
v 0.003776 -0.095910 -0.256618
v 0.004478 -0.096562 -0.257621
v 0.006452 -0.094458 -0.258144
v 0.004008 -0.096560 -0.256666
v 0.004719 -0.095408 -0.256899
v 0.004819 -0.096270 -0.256860
v 0.005458 -0.096210 -0.257756
v 0.004247 -0.096782 -0.257007
v 0.005036 -0.096499 -0.257112
v 0.005697 -0.094878 -0.257456
v 0.006172 -0.095449 -0.257945
v 0.005503 -0.095904 -0.257264
v 0.040494 -0.062140 -0.306402
v 0.040494 -0.059845 -0.306859
v 0.041639 -0.060828 -0.305803
v 0.040494 -0.061481 -0.306921
v 0.041215 -0.062037 -0.306176
v 0.041469 -0.061373 -0.306778
v 0.041215 -0.059854 -0.306610
v 0.040494 -0.060652 -0.307086
v 0.041469 -0.060698 -0.306913
v 0.041620 -0.061573 -0.305964
v 0.041620 -0.060201 -0.306237
v 0.041809 -0.060982 -0.306576
v 0.003078 -0.003018 -0.280369
v 0.003792 -0.004382 -0.279617
v 0.005644 -0.004320 -0.281389
v 0.003130 -0.003212 -0.279649
v 0.004054 -0.003181 -0.280534
v 0.004069 -0.003369 -0.279845
v 0.004673 -0.004363 -0.279883
v 0.003392 -0.003712 -0.279373
v 0.004254 -0.003722 -0.279651
v 0.004996 -0.003659 -0.280909
v 0.005353 -0.004340 -0.280534
v 0.004732 -0.003706 -0.280109
v -0.001614 -0.104402 -0.252048
v 0.000000 -0.103772 -0.250528
v -0.000807 -0.104317 -0.251844
v -0.000216 -0.104087 -0.251288
v 0.042041 -0.056456 -0.314433
v 0.042951 -0.055306 -0.313611
v 0.041578 -0.056022 -0.312252
v 0.042716 -0.056189 -0.314437
v 0.041893 -0.056710 -0.313657
v 0.042802 -0.056522 -0.313626
v 0.042819 -0.055515 -0.312850
v 0.043035 -0.055786 -0.314149
v 0.043079 -0.056165 -0.313382
v 0.041726 -0.056554 -0.312871
v 0.042329 -0.055770 -0.312364
v 0.042677 -0.056394 -0.312986
v 0.003078 0.003018 -0.280369
v 0.005644 0.004320 -0.281389
v 0.003792 0.004382 -0.279617
v 0.004054 0.003181 -0.280534
v 0.003130 0.003212 -0.279649
v 0.004069 0.003369 -0.279845
v 0.005353 0.004340 -0.280534
v 0.004996 0.003659 -0.280909
v 0.004732 0.003706 -0.280109
v 0.003392 0.003712 -0.279373
v 0.004673 0.004363 -0.279883
v 0.004254 0.003722 -0.279651
v 0.003078 0.003018 -0.388548
v 0.003621 0.003948 -0.388843
v 0.005644 0.004320 -0.385865
v 0.003261 0.003169 -0.389160
v 0.004005 0.003209 -0.387697
v 0.004079 0.003322 -0.388661
v 0.004642 0.004173 -0.388164
v 0.003438 0.003472 -0.389256
v 0.004256 0.003590 -0.388787
v 0.004943 0.003685 -0.386716
v 0.005377 0.004308 -0.387083
v 0.004747 0.003676 -0.387976
v 0.002488 0.142854 -0.368370
v 0.003041 0.143072 -0.367193
v 0.004959 0.140639 -0.367417
v 0.002671 0.143438 -0.368075
v 0.003401 0.142196 -0.368297
v 0.003476 0.143039 -0.367994
v 0.004003 0.142561 -0.367130
v 0.002858 0.143511 -0.367678
v 0.003650 0.143141 -0.367658
v 0.004303 0.141388 -0.367949
v 0.004698 0.141679 -0.367211
v 0.004116 0.142468 -0.367730
v 0.002488 0.008989 -0.394997
v 0.004959 0.010671 -0.393269
v 0.003041 0.008337 -0.393994
v 0.003401 0.009569 -0.394678
v 0.002671 0.008337 -0.394948
v 0.003476 0.008674 -0.394721
v 0.004698 0.009631 -0.393477
v 0.004303 0.010183 -0.394047
v 0.004116 0.009101 -0.394258
v 0.002858 0.008117 -0.394610
v 0.004003 0.008786 -0.393740
v 0.003650 0.008452 -0.394449
v 0.042041 0.068170 -0.312103
v 0.042951 0.068918 -0.310903
v 0.041578 0.067736 -0.309922
v 0.042716 0.068418 -0.312005
v 0.041893 0.067638 -0.311483
v 0.042802 0.067800 -0.311383
v 0.042819 0.068434 -0.310280
v 0.043035 0.068680 -0.311584
v 0.043079 0.068036 -0.311021
v 0.041726 0.067482 -0.310698
v 0.042329 0.068011 -0.309929
v 0.042677 0.067673 -0.310743
v 0.004478 0.096562 -0.257621
v 0.003776 0.095910 -0.256618
v 0.006452 0.094458 -0.258144
v 0.004247 0.096782 -0.257007
v 0.005458 0.096210 -0.257756
v 0.005036 0.096499 -0.257112
v 0.004719 0.095408 -0.256899
v 0.004008 0.096560 -0.256666
v 0.004819 0.096270 -0.256860
v 0.006171 0.095449 -0.257945
v 0.005697 0.094878 -0.257456
v 0.005503 0.095904 -0.257264
v 0.003621 0.152452 -0.357733
v 0.005644 0.151656 -0.354839
v 0.003078 0.151479 -0.357817
v 0.004642 0.152399 -0.357020
v 0.003438 0.152170 -0.358297
v 0.004256 0.152099 -0.357818
v 0.004943 0.151394 -0.355869
v 0.005377 0.152110 -0.355969
v 0.004747 0.151868 -0.357036
v 0.003261 0.151853 -0.358324
v 0.004005 0.151330 -0.356957
v 0.004079 0.151803 -0.357804
v 0.041578 0.056022 -0.312252
v 0.042951 0.055306 -0.313611
v 0.042041 0.056456 -0.314433
v 0.042329 0.055771 -0.312364
v 0.041726 0.056554 -0.312871
v 0.042677 0.056394 -0.312986
v 0.043035 0.055786 -0.314149
v 0.042819 0.055515 -0.312850
v 0.043079 0.056165 -0.313382
v 0.041893 0.056710 -0.313657
v 0.042716 0.056189 -0.314437
v 0.042802 0.056522 -0.313626
v 0.004478 0.009376 -0.274964
v 0.006452 0.011520 -0.274641
v 0.003776 0.009594 -0.273787
v 0.005458 0.009753 -0.274953
v 0.004247 0.008937 -0.274480
v 0.005036 0.009239 -0.274469
v 0.005697 0.010868 -0.274167
v 0.006172 0.010527 -0.274837
v 0.005503 0.009847 -0.274381
v 0.004008 0.009012 -0.274080
v 0.004719 0.010165 -0.273855
v 0.004819 0.009354 -0.274149
v 0.040494 0.062140 -0.306402
v 0.041639 0.060828 -0.305803
v 0.040494 0.059846 -0.306859
v 0.041215 0.062037 -0.306176
v 0.040494 0.061481 -0.306921
v 0.041469 0.061373 -0.306778
v 0.041620 0.060201 -0.306237
v 0.041620 0.061573 -0.305964
v 0.041809 0.060982 -0.306576
v 0.040494 0.060652 -0.307086
v 0.041215 0.059854 -0.306610
v 0.041469 0.060698 -0.306913
v 0.004478 0.113886 -0.250445
v 0.006452 0.115744 -0.249327
v 0.003776 0.113638 -0.249274
v 0.005458 0.114230 -0.250292
v 0.004247 0.113296 -0.250167
v 0.005036 0.113571 -0.250041
v 0.005697 0.114960 -0.249138
v 0.006172 0.114902 -0.249887
v 0.005503 0.114098 -0.249727
v 0.004008 0.113212 -0.249769
v 0.004719 0.114191 -0.249119
v 0.004819 0.113555 -0.249700
v 0.000000 -0.000000 -0.271169
v -0.001614 -0.000000 -0.272814
v -0.000216 -0.000000 -0.271992
v -0.000807 -0.000000 -0.272594
v 0.003792 0.194621 -0.200818
v 0.005644 0.195917 -0.202027
v 0.003078 0.196116 -0.200385
v 0.004673 0.194822 -0.200992
v 0.003392 0.194922 -0.200172
v 0.004254 0.195111 -0.200375
v 0.004996 0.196045 -0.201220
v 0.005353 0.195298 -0.201436
v 0.004732 0.195446 -0.200687
v 0.003130 0.195471 -0.200013
v 0.004054 0.196118 -0.200617
v 0.004069 0.195498 -0.200263
v 0.003792 0.111053 -0.256656
v 0.003078 0.110081 -0.257872
v 0.005644 0.111675 -0.258317
v 0.003392 0.110341 -0.256687
v 0.004673 0.111137 -0.256909
v 0.004254 0.110456 -0.256939
v 0.004054 0.110294 -0.257962
v 0.003130 0.109984 -0.257133
v 0.004069 0.110205 -0.257254
v 0.005353 0.111365 -0.257518
v 0.004996 0.110879 -0.258126
v 0.004732 0.110617 -0.257369
v 0.042041 0.172487 -0.268893
v 0.041578 0.171252 -0.267045
v 0.042951 0.171110 -0.268574
v 0.041893 0.172425 -0.268079
v 0.042716 0.172242 -0.268999
v 0.042802 0.172239 -0.268122
v 0.042329 0.171062 -0.267245
v 0.041726 0.171980 -0.267413
v 0.042677 0.171876 -0.267580
v 0.043035 0.171759 -0.268887
v 0.042819 0.171011 -0.267791
v 0.043079 0.171816 -0.268034
v -0.001614 0.104402 -0.252048
v -0.000000 0.103772 -0.250528
v -0.000807 0.104317 -0.251844
v -0.000216 0.104087 -0.251288
v 0.043285 0.178968 -0.269950
v 0.044452 0.180464 -0.270084
v 0.043285 0.180913 -0.268651
v 0.044103 0.179151 -0.269942
v 0.043521 0.179375 -0.269227
v 0.044290 0.179544 -0.269251
v 0.044532 0.180671 -0.269343
v 0.044532 0.179700 -0.269992
v 0.044591 0.179931 -0.269286
v 0.043521 0.180089 -0.268749
v 0.044103 0.180836 -0.268816
v 0.044290 0.180047 -0.268915
v 0.002488 0.272949 -0.285662
v 0.003041 0.272700 -0.284491
v 0.004959 0.270538 -0.285629
v 0.002671 0.273375 -0.285166
v 0.003401 0.272313 -0.285846
v 0.003476 0.272977 -0.285244
v 0.004003 0.272204 -0.284629
v 0.002858 0.273292 -0.284771
v 0.003650 0.272941 -0.284894
v 0.004303 0.271433 -0.285833
v 0.004698 0.271420 -0.285041
v 0.004116 0.272348 -0.285218
v 0.002488 0.159464 -0.361490
v 0.004959 0.160356 -0.359250
v 0.003041 0.158478 -0.360812
v 0.003401 0.159877 -0.360973
v 0.002671 0.158843 -0.361694
v 0.003476 0.159067 -0.361356
v 0.004698 0.159475 -0.359840
v 0.004303 0.160203 -0.360155
v 0.004116 0.159284 -0.360764
v 0.002858 0.158510 -0.361466
v 0.004003 0.158795 -0.360406
v 0.003650 0.158757 -0.361189
v 0.041578 0.181182 -0.260409
v 0.042041 0.182417 -0.262258
v 0.042951 0.182649 -0.260864
v 0.041726 0.181244 -0.261223
v 0.042329 0.181439 -0.260311
v 0.042677 0.181438 -0.261191
v 0.042716 0.182609 -0.262072
v 0.041893 0.181689 -0.261889
v 0.042802 0.181800 -0.261734
v 0.042819 0.181963 -0.260473
v 0.043035 0.182690 -0.261583
v 0.043079 0.181880 -0.261309
v 0.003792 0.200818 -0.194621
v 0.003078 0.200385 -0.196116
v 0.005644 0.202027 -0.195917
v 0.003392 0.200172 -0.194922
v 0.004673 0.200992 -0.194822
v 0.004254 0.200375 -0.195111
v 0.004054 0.200617 -0.196118
v 0.003130 0.200013 -0.195471
v 0.004069 0.200263 -0.195498
v 0.005353 0.201436 -0.195298
v 0.004996 0.201220 -0.196045
v 0.004732 0.200687 -0.195446
v 0.003621 0.277746 -0.272162
v 0.005644 0.275903 -0.269793
v 0.003078 0.276879 -0.272611
v 0.004642 0.277424 -0.271523
v 0.003438 0.277701 -0.272790
v 0.004256 0.277453 -0.272375
v 0.004943 0.276055 -0.270844
v 0.005377 0.276755 -0.270663
v 0.004747 0.276940 -0.271741
v 0.003261 0.277419 -0.272937
v 0.004005 0.276412 -0.271874
v 0.004079 0.277174 -0.272476
v 0.004478 0.201058 -0.187799
v 0.006452 0.202347 -0.186055
v 0.003776 0.200381 -0.186812
v 0.005458 0.201317 -0.187525
v 0.004247 0.200407 -0.187767
v 0.005036 0.200612 -0.187546
v 0.005697 0.201550 -0.186180
v 0.006172 0.201783 -0.186895
v 0.005503 0.200980 -0.187054
v 0.004008 0.200176 -0.187432
v 0.004719 0.200832 -0.186457
v 0.004819 0.200467 -0.187238
v 0.043285 0.269950 -0.178968
v 0.043285 0.268651 -0.180913
v 0.044452 0.270084 -0.180464
v 0.043521 0.269226 -0.179375
v 0.044103 0.269942 -0.179151
v 0.044290 0.269251 -0.179544
v 0.044103 0.268816 -0.180836
v 0.043521 0.268749 -0.180089
v 0.044290 0.268915 -0.180047
v 0.044532 0.269992 -0.179700
v 0.044532 0.269343 -0.180671
v 0.044591 0.269286 -0.179931
v 0.002488 0.361490 -0.159464
v 0.003041 0.360812 -0.158478
v 0.004959 0.359250 -0.160356
v 0.002671 0.361694 -0.158843
v 0.003401 0.360973 -0.159877
v 0.003476 0.361355 -0.159067
v 0.004003 0.360406 -0.158795
v 0.002858 0.361466 -0.158510
v 0.003650 0.361189 -0.158757
v 0.004303 0.360155 -0.160203
v 0.004698 0.359840 -0.159475
v 0.004116 0.360764 -0.159284
v 0.002488 0.285662 -0.272949
v 0.004959 0.285629 -0.270538
v 0.003041 0.284491 -0.272700
v 0.003401 0.285846 -0.272313
v 0.002671 0.285166 -0.273375
v 0.003476 0.285244 -0.272976
v 0.004698 0.285041 -0.271420
v 0.004303 0.285833 -0.271433
v 0.004116 0.285218 -0.272348
v 0.002858 0.284771 -0.273292
v 0.004003 0.284629 -0.272204
v 0.003650 0.284894 -0.272941
v 0.042041 0.268893 -0.172487
v 0.042951 0.268574 -0.171110
v 0.041578 0.267045 -0.171252
v 0.042716 0.268999 -0.172242
v 0.041893 0.268079 -0.172425
v 0.042802 0.268122 -0.172239
v 0.042819 0.267791 -0.171011
v 0.043035 0.268887 -0.171759
v 0.043079 0.268033 -0.171816
v 0.041726 0.267413 -0.171980
v 0.042329 0.267245 -0.171062
v 0.042677 0.267580 -0.171876
v 0.004478 0.250445 -0.113886
v 0.003776 0.249274 -0.113638
v 0.006452 0.249327 -0.115744
v 0.004247 0.250167 -0.113296
v 0.005458 0.250291 -0.114230
v 0.005036 0.250041 -0.113571
v 0.004719 0.249119 -0.114191
v 0.004008 0.249769 -0.113212
v 0.004819 0.249700 -0.113555
v 0.006172 0.249887 -0.114902
v 0.005697 0.249138 -0.114960
v 0.005503 0.249727 -0.114099
v 0.003621 0.360755 -0.145156
v 0.005644 0.358146 -0.143673
v 0.003078 0.360127 -0.145903
v 0.004642 0.360214 -0.144689
v 0.003438 0.360954 -0.145754
v 0.004256 0.360566 -0.145465
v 0.004943 0.358689 -0.144586
v 0.005377 0.359266 -0.144150
v 0.004747 0.359850 -0.145076
v 0.003261 0.360750 -0.145997
v 0.004005 0.359413 -0.145400
v 0.004079 0.360347 -0.145665
v 0.040494 0.259299 -0.174665
v 0.040494 0.260599 -0.172720
v 0.041639 0.259247 -0.173223
v 0.040494 0.260030 -0.174255
v 0.041215 0.259129 -0.174483
v 0.041469 0.259940 -0.174100
v 0.041215 0.260366 -0.172632
v 0.040494 0.260500 -0.173552
v 0.041469 0.260322 -0.173528
v 0.041620 0.259111 -0.173974
v 0.041620 0.259888 -0.172810
v 0.041809 0.259903 -0.173662
v 0.003792 0.260010 -0.102956
v 0.003078 0.260182 -0.104504
v 0.005644 0.261623 -0.103692
v 0.003392 0.259528 -0.103482
v 0.004673 0.260248 -0.103076
v 0.004254 0.259788 -0.103579
v 0.004054 0.260397 -0.104417
v 0.003130 0.259591 -0.104050
v 0.004069 0.259833 -0.103979
v 0.005353 0.260840 -0.103346
v 0.004996 0.260926 -0.104119
v 0.004732 0.260205 -0.103769
v -0.001614 0.192909 -0.192909
v -0.000000 0.191746 -0.191746
v -0.000807 0.192753 -0.192753
v -0.000216 0.192327 -0.192327
v 0.002488 0.394997 -0.008989
v 0.003041 0.393994 -0.008337
v 0.004959 0.393269 -0.010671
v 0.002671 0.394948 -0.008337
v 0.003401 0.394678 -0.009569
v 0.003476 0.394721 -0.008674
v 0.004003 0.393740 -0.008786
v 0.002858 0.394610 -0.008117
v 0.003650 0.394449 -0.008452
v 0.004303 0.394047 -0.010183
v 0.004698 0.393477 -0.009631
v 0.004116 0.394258 -0.009101
v 0.002488 0.368370 -0.142854
v 0.004959 0.367417 -0.140639
v 0.003041 0.367193 -0.143072
v 0.003401 0.368297 -0.142196
v 0.002671 0.368075 -0.143438
v 0.003476 0.367994 -0.143039
v 0.004698 0.367211 -0.141679
v 0.004303 0.367949 -0.141388
v 0.004116 0.367730 -0.142468
v 0.002858 0.367678 -0.143511
v 0.004003 0.367130 -0.142561
v 0.003650 0.367658 -0.143141
v 0.042041 0.312102 -0.068170
v 0.041578 0.309922 -0.067736
v 0.042951 0.310903 -0.068918
v 0.041893 0.311483 -0.067638
v 0.042716 0.312004 -0.068418
v 0.042802 0.311383 -0.067800
v 0.042329 0.309929 -0.068011
v 0.041726 0.310698 -0.067482
v 0.042677 0.310743 -0.067673
v 0.043035 0.311584 -0.068680
v 0.042819 0.310280 -0.068434
v 0.043079 0.311020 -0.068036
v 0.003776 0.256618 -0.095910
v 0.004478 0.257621 -0.096562
v 0.006452 0.258144 -0.094458
v 0.004008 0.256666 -0.096560
v 0.004719 0.256899 -0.095408
v 0.004819 0.256860 -0.096270
v 0.005458 0.257756 -0.096210
v 0.004247 0.257007 -0.096782
v 0.005036 0.257112 -0.096499
v 0.005697 0.257456 -0.094878
v 0.006172 0.257945 -0.095449
v 0.005503 0.257264 -0.095904
v 0.040494 0.306402 -0.062140
v 0.040494 0.306859 -0.059845
v 0.041639 0.305803 -0.060828
v 0.040494 0.306921 -0.061481
v 0.041215 0.306176 -0.062037
v 0.041469 0.306778 -0.061373
v 0.041215 0.306610 -0.059854
v 0.040494 0.307086 -0.060652
v 0.041469 0.306913 -0.060698
v 0.041620 0.305964 -0.061573
v 0.041620 0.306237 -0.060201
v 0.041809 0.306576 -0.060982
v 0.003078 0.280369 -0.003018
v 0.003792 0.279617 -0.004382
v 0.005644 0.281389 -0.004320
v 0.003130 0.279649 -0.003212
v 0.004054 0.280534 -0.003181
v 0.004069 0.279845 -0.003369
v 0.004673 0.279883 -0.004363
v 0.003392 0.279373 -0.003712
v 0.004254 0.279651 -0.003722
v 0.004996 0.280909 -0.003659
v 0.005353 0.280534 -0.004340
v 0.004732 0.280109 -0.003706
v -0.001614 0.252048 -0.104402
v -0.000000 0.250528 -0.103772
v -0.000807 0.251844 -0.104317
v -0.000216 0.251288 -0.104087
v 0.042041 0.314432 -0.056456
v 0.042951 0.313611 -0.055306
v 0.041578 0.312252 -0.056022
v 0.042716 0.314437 -0.056189
v 0.041893 0.313657 -0.056710
v 0.042802 0.313626 -0.056522
v 0.042819 0.312850 -0.055515
v 0.043035 0.314149 -0.055786
v 0.043079 0.313382 -0.056165
v 0.041726 0.312871 -0.056554
v 0.042329 0.312364 -0.055771
v 0.042677 0.312986 -0.056394
v 0.003078 0.280369 0.003018
v 0.005644 0.281389 0.004320
v 0.003792 0.279617 0.004382
v 0.004054 0.280534 0.003181
v 0.003130 0.279649 0.003212
v 0.004069 0.279845 0.003369
v 0.005353 0.280534 0.004340
v 0.004996 0.280909 0.003659
v 0.004732 0.280109 0.003706
v 0.003392 0.279373 0.003712
v 0.004673 0.279883 0.004363
v 0.004254 0.279651 0.003722
v 0.003078 0.388548 0.003018
v 0.003621 0.388843 0.003948
v 0.005644 0.385865 0.004320
v 0.003261 0.389160 0.003169
v 0.004005 0.387697 0.003209
v 0.004079 0.388661 0.003322
v 0.004642 0.388164 0.004173
v 0.003438 0.389256 0.003472
v 0.004256 0.388787 0.003590
v 0.004943 0.386716 0.003685
v 0.005377 0.387083 0.004308
v 0.004747 0.387976 0.003676
v 0.002488 0.368370 0.142854
v 0.003041 0.367193 0.143072
v 0.004959 0.367417 0.140639
v 0.002671 0.368075 0.143438
v 0.003401 0.368297 0.142196
v 0.003476 0.367994 0.143039
v 0.004003 0.367130 0.142561
v 0.002858 0.367678 0.143511
v 0.003650 0.367658 0.143141
v 0.004303 0.367949 0.141388
v 0.004698 0.367211 0.141679
v 0.004116 0.367730 0.142468
v 0.002488 0.394997 0.008989
v 0.004959 0.393269 0.010671
v 0.003041 0.393994 0.008337
v 0.003401 0.394678 0.009569
v 0.002671 0.394948 0.008337
v 0.003476 0.394721 0.008674
v 0.004698 0.393477 0.009631
v 0.004303 0.394047 0.010183
v 0.004116 0.394258 0.009101
v 0.002858 0.394610 0.008117
v 0.004003 0.393740 0.008786
v 0.003650 0.394449 0.008452
v 0.042041 0.314433 0.056456
v 0.041578 0.312252 0.056022
v 0.042951 0.313611 0.055306
v 0.041893 0.313657 0.056710
v 0.042716 0.314437 0.056189
v 0.042802 0.313626 0.056522
v 0.042329 0.312364 0.055770
v 0.041726 0.312871 0.056554
v 0.042677 0.312986 0.056394
v 0.043035 0.314149 0.055786
v 0.042819 0.312850 0.055515
v 0.043079 0.313382 0.056165
v 0.004478 0.274964 0.009376
v 0.006452 0.274641 0.011520
v 0.003776 0.273787 0.009594
v 0.005458 0.274953 0.009753
v 0.004247 0.274480 0.008937
v 0.005036 0.274469 0.009239
v 0.005697 0.274167 0.010868
v 0.006172 0.274837 0.010527
v 0.005503 0.274381 0.009847
v 0.004008 0.274080 0.009012
v 0.004719 0.273855 0.010165
v 0.004819 0.274149 0.009354
v 0.040494 0.306859 0.059845
v 0.040494 0.306402 0.062140
v 0.041639 0.305803 0.060828
v 0.040494 0.307086 0.060652
v 0.041215 0.306610 0.059854
v 0.041469 0.306913 0.060698
v 0.041215 0.306176 0.062037
v 0.040494 0.306921 0.061481
v 0.041469 0.306778 0.061373
v 0.041620 0.306237 0.060201
v 0.041620 0.305964 0.061573
v 0.041809 0.306576 0.060982
v 0.003792 0.260010 0.102956
v 0.005644 0.261623 0.103692
v 0.003078 0.260182 0.104504
v 0.004673 0.260248 0.103076
v 0.003392 0.259528 0.103482
v 0.004254 0.259788 0.103579
v 0.004996 0.260926 0.104119
v 0.005353 0.260840 0.103346
v 0.004732 0.260205 0.103769
v 0.003130 0.259591 0.104050
v 0.004054 0.260397 0.104417
v 0.004069 0.259833 0.103979
v -0.001614 0.272814 0.000000
v -0.000000 0.271169 -0.000000
v -0.000807 0.272594 0.000000
v -0.000216 0.271992 0.000000
v 0.042041 0.312103 0.068170
v 0.042951 0.310903 0.068918
v 0.041578 0.309922 0.067736
v 0.042716 0.312005 0.068418
v 0.041893 0.311483 0.067638
v 0.042802 0.311383 0.067800
v 0.042819 0.310280 0.068434
v 0.043035 0.311584 0.068680
v 0.043079 0.311021 0.068036
v 0.041726 0.310698 0.067482
v 0.042329 0.309929 0.068011
v 0.042677 0.310743 0.067673
v 0.004478 0.250445 0.113886
v 0.006452 0.249327 0.115744
v 0.003776 0.249274 0.113638
v 0.005458 0.250292 0.114230
v 0.004247 0.250167 0.113296
v 0.005036 0.250041 0.113571
v 0.005697 0.249138 0.114960
v 0.006172 0.249887 0.114902
v 0.005503 0.249727 0.114098
v 0.004008 0.249769 0.113212
v 0.004719 0.249119 0.114191
v 0.004819 0.249700 0.113555
v 0.003621 0.357733 0.152452
v 0.005644 0.354839 0.151656
v 0.003078 0.357817 0.151479
v 0.004642 0.357020 0.152399
v 0.003438 0.358297 0.152170
v 0.004256 0.357818 0.152099
v 0.004943 0.355869 0.151394
v 0.005377 0.355969 0.152110
v 0.004747 0.357036 0.151868
v 0.003261 0.358324 0.151853
v 0.004005 0.356957 0.151330
v 0.004079 0.357804 0.151803
v 0.003792 0.200818 0.194621
v 0.005644 0.202027 0.195917
v 0.003078 0.200385 0.196116
v 0.004673 0.200992 0.194822
v 0.003392 0.200172 0.194922
v 0.004254 0.200375 0.195111
v 0.004996 0.201220 0.196045
v 0.005353 0.201436 0.195298
v 0.004732 0.200687 0.195446
v 0.003130 0.200013 0.195471
v 0.004054 0.200617 0.196118
v 0.004069 0.200263 0.195498
v 0.003792 0.256656 0.111053
v 0.003078 0.257872 0.110081
v 0.005644 0.258317 0.111675
v 0.003392 0.256687 0.110341
v 0.004673 0.256909 0.111137
v 0.004254 0.256939 0.110456
v 0.004054 0.257962 0.110295
v 0.003130 0.257133 0.109984
v 0.004069 0.257254 0.110205
v 0.005353 0.257518 0.111365
v 0.004996 0.258126 0.110879
v 0.004732 0.257369 0.110617
v 0.041578 0.267045 0.171252
v 0.042951 0.268574 0.171110
v 0.042041 0.268893 0.172487
v 0.042329 0.267245 0.171062
v 0.041726 0.267413 0.171980
v 0.042677 0.267580 0.171876
v 0.043035 0.268887 0.171759
v 0.042819 0.267791 0.171011
v 0.043079 0.268034 0.171816
v 0.041893 0.268079 0.172425
v 0.042716 0.268999 0.172242
v 0.042802 0.268122 0.172239
v -0.001614 0.252048 0.104402
v -0.000000 0.250528 0.103772
v -0.000807 0.251844 0.104317
v -0.000216 0.251288 0.104087
v 0.043285 0.268651 0.180913
v 0.043285 0.269950 0.178968
v 0.044452 0.270084 0.180464
v 0.043521 0.268749 0.180089
v 0.044103 0.268816 0.180836
v 0.044290 0.268915 0.180047
v 0.044103 0.269942 0.179151
v 0.043521 0.269227 0.179375
v 0.044290 0.269251 0.179544
v 0.044532 0.269343 0.180671
v 0.044532 0.269992 0.179700
v 0.044591 0.269286 0.179931
v 0.004959 0.285629 0.270538
v 0.002488 0.285662 0.272949
v 0.003041 0.284491 0.272700
v 0.004303 0.285833 0.271433
v 0.004698 0.285041 0.271420
v 0.004116 0.285218 0.272348
v 0.002671 0.285166 0.273375
v 0.003401 0.285845 0.272313
v 0.003476 0.285244 0.272977
v 0.004003 0.284629 0.272204
v 0.002858 0.284771 0.273292
v 0.003650 0.284894 0.272941
v 0.004959 0.359250 0.160356
v 0.003041 0.360812 0.158477
v 0.002488 0.361490 0.159464
v 0.004698 0.359840 0.159475
v 0.004303 0.360155 0.160203
v 0.004116 0.360764 0.159284
v 0.002858 0.361466 0.158510
v 0.004003 0.360406 0.158795
v 0.003650 0.361189 0.158757
v 0.003401 0.360973 0.159877
v 0.002671 0.361694 0.158843
v 0.003476 0.361355 0.159067
v 0.042041 0.262258 0.182417
v 0.042951 0.260864 0.182649
v 0.041578 0.260409 0.181182
v 0.042716 0.262072 0.182609
v 0.041893 0.261889 0.181689
v 0.042802 0.261734 0.181800
v 0.042819 0.260473 0.181963
v 0.043035 0.261583 0.182690
v 0.043079 0.261309 0.181880
v 0.041726 0.261223 0.181244
v 0.042329 0.260311 0.181439
v 0.042677 0.261192 0.181438
v 0.003792 0.194621 0.200818
v 0.003078 0.196116 0.200385
v 0.005644 0.195917 0.202027
v 0.003392 0.194922 0.200172
v 0.004673 0.194822 0.200992
v 0.004254 0.195111 0.200375
v 0.004054 0.196118 0.200617
v 0.003130 0.195471 0.200013
v 0.004069 0.195498 0.200263
v 0.005353 0.195298 0.201436
v 0.004996 0.196045 0.201220
v 0.004732 0.195446 0.200687
v 0.003621 0.272162 0.277746
v 0.005644 0.269793 0.275903
v 0.003078 0.272611 0.276879
v 0.004642 0.271523 0.277424
v 0.003438 0.272790 0.277701
v 0.004256 0.272375 0.277453
v 0.004943 0.270844 0.276055
v 0.005377 0.270663 0.276755
v 0.004747 0.271741 0.276940
v 0.003261 0.272937 0.277419
v 0.004005 0.271874 0.276412
v 0.004079 0.272476 0.277174
v 0.004478 0.187799 0.201058
v 0.006452 0.186055 0.202347
v 0.003776 0.186812 0.200381
v 0.005458 0.187525 0.201317
v 0.004247 0.187767 0.200407
v 0.005036 0.187546 0.200612
v 0.005697 0.186180 0.201550
v 0.006172 0.186895 0.201783
v 0.005503 0.187054 0.200980
v 0.004008 0.187432 0.200176
v 0.004719 0.186457 0.200832
v 0.004819 0.187238 0.200467
v 0.040494 0.174665 0.259299
v 0.040494 0.172720 0.260599
v 0.041639 0.173223 0.259247
v 0.040494 0.174255 0.260030
v 0.041215 0.174483 0.259129
v 0.041469 0.174100 0.259940
v 0.041215 0.172632 0.260366
v 0.040494 0.173552 0.260500
v 0.041469 0.173528 0.260322
v 0.041620 0.173974 0.259111
v 0.041620 0.172810 0.259888
v 0.041809 0.173662 0.259903
v 0.003792 0.111053 0.256656
v 0.005644 0.111675 0.258317
v 0.003078 0.110081 0.257872
v 0.004673 0.111137 0.256909
v 0.003392 0.110341 0.256687
v 0.004254 0.110456 0.256939
v 0.004996 0.110879 0.258126
v 0.005353 0.111365 0.257518
v 0.004732 0.110617 0.257369
v 0.003130 0.109984 0.257133
v 0.004054 0.110294 0.257962
v 0.004069 0.110205 0.257254
v -0.001614 0.192909 0.192909
v -0.000000 0.191746 0.191746
v -0.000807 0.192753 0.192753
v -0.000216 0.192327 0.192327
v 0.043285 0.178968 0.269950
v 0.043285 0.180913 0.268651
v 0.044452 0.180464 0.270084
v 0.043521 0.179375 0.269226
v 0.044103 0.179151 0.269942
v 0.044290 0.179544 0.269251
v 0.044103 0.180836 0.268816
v 0.043521 0.180089 0.268749
v 0.044290 0.180047 0.268915
v 0.044532 0.179700 0.269992
v 0.044532 0.180671 0.269343
v 0.044591 0.179931 0.269286
v 0.004959 0.160356 0.359250
v 0.002488 0.159464 0.361490
v 0.003041 0.158478 0.360812
v 0.004303 0.160203 0.360155
v 0.004698 0.159475 0.359840
v 0.004116 0.159284 0.360764
v 0.002671 0.158843 0.361694
v 0.003401 0.159877 0.360973
v 0.003476 0.159067 0.361355
v 0.004003 0.158795 0.360406
v 0.002858 0.158510 0.361466
v 0.003650 0.158757 0.361189
v 0.004959 0.270538 0.285629
v 0.003041 0.272700 0.284491
v 0.002488 0.272949 0.285662
v 0.004698 0.271420 0.285041
v 0.004303 0.271433 0.285833
v 0.004116 0.272348 0.285218
v 0.002858 0.273292 0.284771
v 0.004003 0.272204 0.284629
v 0.003650 0.272941 0.284894
v 0.003401 0.272313 0.285845
v 0.002671 0.273375 0.285166
v 0.003476 0.272976 0.285244
v 0.042041 0.172487 0.268893
v 0.042951 0.171110 0.268574
v 0.041578 0.171252 0.267045
v 0.042716 0.172242 0.268999
v 0.041893 0.172425 0.268079
v 0.042802 0.172239 0.268122
v 0.042819 0.171011 0.267791
v 0.043035 0.171759 0.268887
v 0.043079 0.171816 0.268033
v 0.041726 0.171980 0.267413
v 0.042329 0.171062 0.267245
v 0.042677 0.171876 0.267580
v 0.004478 0.096562 0.257621
v 0.006452 0.094458 0.258144
v 0.003776 0.095910 0.256618
v 0.005458 0.096210 0.257756
v 0.004247 0.096782 0.257007
v 0.005036 0.096499 0.257112
v 0.005697 0.094878 0.257456
v 0.006171 0.095449 0.257945
v 0.005503 0.095904 0.257264
v 0.004008 0.096560 0.256666
v 0.004719 0.095408 0.256899
v 0.004819 0.096270 0.256860
v 0.003621 0.145156 0.360755
v 0.005644 0.143673 0.358146
v 0.003078 0.145903 0.360127
v 0.004642 0.144689 0.360214
v 0.003438 0.145754 0.360954
v 0.004256 0.145465 0.360566
v 0.004943 0.144586 0.358689
v 0.005377 0.144150 0.359266
v 0.004747 0.145076 0.359850
v 0.003261 0.145997 0.360750
v 0.004005 0.145400 0.359413
v 0.004079 0.145665 0.360347
v 0.003078 0.003018 0.280369
v 0.003792 0.004382 0.279617
v 0.005644 0.004320 0.281389
v 0.003130 0.003212 0.279649
v 0.004054 0.003181 0.280534
v 0.004069 0.003369 0.279845
v 0.004673 0.004363 0.279883
v 0.003392 0.003712 0.279373
v 0.004254 0.003722 0.279651
v 0.004996 0.003659 0.280909
v 0.005353 0.004340 0.280534
v 0.004732 0.003706 0.280109
v 0.003792 0.102956 0.260010
v 0.003078 0.104504 0.260182
v 0.005644 0.103692 0.261623
v 0.003392 0.103482 0.259528
v 0.004673 0.103076 0.260248
v 0.004254 0.103579 0.259788
v 0.004054 0.104417 0.260397
v 0.003130 0.104050 0.259591
v 0.004069 0.103979 0.259833
v 0.005353 0.103346 0.260840
v 0.004996 0.104119 0.260926
v 0.004732 0.103769 0.260205
v 0.041578 0.067736 0.309922
v 0.042951 0.068918 0.310903
v 0.042041 0.068170 0.312102
v 0.042329 0.068011 0.309929
v 0.041726 0.067482 0.310698
v 0.042677 0.067673 0.310743
v 0.043035 0.068680 0.311584
v 0.042819 0.068434 0.310280
v 0.043079 0.068036 0.311020
v 0.041893 0.067638 0.311483
v 0.042716 0.068418 0.312004
v 0.042802 0.067800 0.311383
v -0.001614 0.104402 0.252048
v -0.000000 0.103772 0.250528
v -0.000807 0.104317 0.251844
v -0.000216 0.104087 0.251288
v 0.043285 0.062040 0.317890
v 0.043285 0.064334 0.317433
v 0.044452 0.063371 0.318586
v 0.043521 0.062692 0.317377
v 0.044103 0.062211 0.317952
v 0.044290 0.062839 0.317464
v 0.044103 0.064199 0.317557
v 0.043521 0.063535 0.317209
v 0.044290 0.063432 0.317346
v 0.044532 0.062700 0.318208
v 0.044532 0.063846 0.317980
v 0.044591 0.063183 0.317644
v 0.004959 0.010671 0.393269
v 0.002488 0.008989 0.394997
v 0.003041 0.008337 0.393994
v 0.004303 0.010183 0.394047
v 0.004698 0.009631 0.393477
v 0.004116 0.009101 0.394258
v 0.002671 0.008337 0.394948
v 0.003401 0.009569 0.394678
v 0.003476 0.008674 0.394721
v 0.004003 0.008786 0.393740
v 0.002858 0.008117 0.394610
v 0.003650 0.008452 0.394449
v 0.004959 0.140639 0.367417
v 0.003041 0.143072 0.367193
v 0.002488 0.142854 0.368370
v 0.004698 0.141679 0.367211
v 0.004303 0.141388 0.367949
v 0.004116 0.142468 0.367730
v 0.002858 0.143511 0.367678
v 0.004003 0.142561 0.367130
v 0.003650 0.143141 0.367658
v 0.003401 0.142196 0.368297
v 0.002671 0.143438 0.368075
v 0.003476 0.143039 0.367994
v 0.041578 0.056022 0.312252
v 0.042041 0.056456 0.314432
v 0.042951 0.055306 0.313611
v 0.041726 0.056554 0.312871
v 0.042329 0.055771 0.312364
v 0.042677 0.056394 0.312986
v 0.042716 0.056189 0.314437
v 0.041893 0.056710 0.313657
v 0.042802 0.056522 0.313626
v 0.042819 0.055515 0.312850
v 0.043035 0.055786 0.314149
v 0.043079 0.056165 0.313382
v 0.003078 -0.003018 0.280369
v 0.005644 -0.004320 0.281389
v 0.003792 -0.004382 0.279617
v 0.004054 -0.003181 0.280534
v 0.003130 -0.003212 0.279649
v 0.004069 -0.003369 0.279845
v 0.005353 -0.004340 0.280534
v 0.004996 -0.003659 0.280909
v 0.004732 -0.003706 0.280109
v 0.003392 -0.003712 0.279373
v 0.004673 -0.004363 0.279883
v 0.004254 -0.003722 0.279651
v 0.003078 -0.003018 0.388548
v 0.003621 -0.003948 0.388843
v 0.005644 -0.004320 0.385865
v 0.003261 -0.003169 0.389160
v 0.004005 -0.003209 0.387697
v 0.004079 -0.003322 0.388661
v 0.004642 -0.004173 0.388164
v 0.003438 -0.003472 0.389256
v 0.004256 -0.003590 0.388787
v 0.004943 -0.003685 0.386716
v 0.005377 -0.004308 0.387083
v 0.004747 -0.003676 0.387976
v 0.004478 -0.009376 0.274964
v 0.006452 -0.011520 0.274641
v 0.003776 -0.009594 0.273787
v 0.005458 -0.009753 0.274953
v 0.004247 -0.008937 0.274480
v 0.005036 -0.009239 0.274469
v 0.005697 -0.010868 0.274167
v 0.006172 -0.010527 0.274837
v 0.005503 -0.009847 0.274381
v 0.004008 -0.009012 0.274080
v 0.004719 -0.010165 0.273855
v 0.004819 -0.009354 0.274149
v 0.040494 -0.062140 0.306402
v 0.041639 -0.060828 0.305803
v 0.040494 -0.059845 0.306859
v 0.041215 -0.062037 0.306176
v 0.040494 -0.061481 0.306921
v 0.041469 -0.061373 0.306778
v 0.041620 -0.060201 0.306237
v 0.041620 -0.061573 0.305964
v 0.041809 -0.060982 0.306576
v 0.040494 -0.060652 0.307086
v 0.041215 -0.059854 0.306610
v 0.041469 -0.060698 0.306913
v 0.003792 -0.102956 0.260010
v 0.005644 -0.103692 0.261623
v 0.003078 -0.104504 0.260182
v 0.004673 -0.103076 0.260248
v 0.003392 -0.103482 0.259528
v 0.004254 -0.103579 0.259788
v 0.004996 -0.104119 0.260926
v 0.005353 -0.103346 0.260840
v 0.004732 -0.103769 0.260205
v 0.003130 -0.104050 0.259591
v 0.004054 -0.104417 0.260397
v 0.004069 -0.103979 0.259833
v -0.001614 -0.000000 0.272814
v -0.000000 0.000000 0.271169
v -0.000807 -0.000000 0.272594
v -0.000216 -0.000000 0.271992
v 0.043285 -0.062040 0.317890
v 0.044452 -0.063371 0.318586
v 0.043285 -0.064334 0.317433
v 0.044103 -0.062211 0.317952
v 0.043521 -0.062692 0.317377
v 0.044290 -0.062839 0.317464
v 0.044532 -0.063846 0.317980
v 0.044532 -0.062700 0.318208
v 0.044591 -0.063183 0.317644
v 0.043521 -0.063535 0.317209
v 0.044103 -0.064199 0.317557
v 0.044290 -0.063432 0.317346
v 0.004959 -0.140639 0.367417
v 0.002488 -0.142854 0.368370
v 0.003041 -0.143072 0.367193
v 0.004303 -0.141388 0.367949
v 0.004698 -0.141679 0.367211
v 0.004116 -0.142468 0.367730
v 0.002671 -0.143438 0.368075
v 0.003401 -0.142196 0.368297
v 0.003476 -0.143039 0.367994
v 0.004003 -0.142561 0.367130
v 0.002858 -0.143511 0.367678
v 0.003650 -0.143141 0.367658
v 0.004959 -0.010671 0.393269
v 0.003041 -0.008337 0.393994
v 0.002488 -0.008989 0.394997
v 0.004698 -0.009631 0.393477
v 0.004303 -0.010183 0.394047
v 0.004116 -0.009101 0.394258
v 0.002858 -0.008117 0.394610
v 0.004003 -0.008786 0.393740
v 0.003650 -0.008452 0.394449
v 0.003401 -0.009569 0.394678
v 0.002671 -0.008337 0.394948
v 0.003476 -0.008674 0.394721
v 0.041578 -0.067736 0.309922
v 0.042041 -0.068170 0.312102
v 0.042951 -0.068918 0.310903
v 0.041726 -0.067482 0.310698
v 0.042329 -0.068011 0.309929
v 0.042677 -0.067673 0.310743
v 0.042716 -0.068418 0.312005
v 0.041893 -0.067638 0.311483
v 0.042802 -0.067800 0.311383
v 0.042819 -0.068434 0.310280
v 0.043035 -0.068680 0.311584
v 0.043079 -0.068036 0.311020
v 0.003792 -0.111053 0.256656
v 0.003078 -0.110081 0.257872
v 0.005644 -0.111675 0.258317
v 0.003392 -0.110341 0.256687
v 0.004673 -0.111137 0.256909
v 0.004254 -0.110456 0.256939
v 0.004054 -0.110294 0.257962
v 0.003130 -0.109984 0.257133
v 0.004069 -0.110205 0.257254
v 0.005353 -0.111365 0.257518
v 0.004996 -0.110879 0.258126
v 0.004732 -0.110617 0.257369
v 0.003621 -0.152452 0.357733
v 0.005644 -0.151656 0.354839
v 0.003078 -0.151479 0.357817
v 0.004642 -0.152399 0.357020
v 0.003438 -0.152170 0.358297
v 0.004256 -0.152099 0.357818
v 0.004943 -0.151394 0.355869
v 0.005377 -0.152110 0.355969
v 0.004747 -0.151868 0.357036
v 0.003261 -0.151853 0.358324
v 0.004005 -0.151330 0.356957
v 0.004079 -0.151803 0.357804
v 0.004959 -0.270538 0.285629
v 0.002488 -0.272949 0.285662
v 0.003041 -0.272700 0.284491
v 0.004304 -0.271433 0.285833
v 0.004698 -0.271420 0.285041
v 0.004116 -0.272348 0.285218
v 0.002671 -0.273375 0.285166
v 0.003401 -0.272313 0.285846
v 0.003476 -0.272977 0.285244
v 0.004003 -0.272204 0.284629
v 0.002858 -0.273292 0.284771
v 0.003650 -0.272941 0.284894
v 0.004959 -0.160356 0.359250
v 0.003041 -0.158477 0.360812
v 0.002488 -0.159464 0.361490
v 0.004698 -0.159475 0.359840
v 0.004303 -0.160203 0.360155
v 0.004116 -0.159284 0.360764
v 0.002858 -0.158510 0.361466
v 0.004003 -0.158795 0.360406
v 0.003650 -0.158757 0.361189
v 0.003401 -0.159877 0.360973
v 0.002671 -0.158843 0.361694
v 0.003476 -0.159067 0.361355
v 0.041578 -0.171252 0.267045
v 0.042951 -0.171110 0.268574
v 0.042041 -0.172487 0.268893
v 0.042329 -0.171062 0.267245
v 0.041726 -0.171980 0.267413
v 0.042677 -0.171876 0.267580
v 0.043035 -0.171759 0.268887
v 0.042819 -0.171011 0.267791
v 0.043079 -0.171816 0.268033
v 0.041893 -0.172425 0.268079
v 0.042716 -0.172242 0.268999
v 0.042802 -0.172239 0.268122
v 0.004478 -0.113886 0.250445
v 0.006452 -0.115744 0.249327
v 0.003776 -0.113638 0.249274
v 0.005458 -0.114230 0.250292
v 0.004247 -0.113296 0.250167
v 0.005036 -0.113571 0.250041
v 0.005697 -0.114960 0.249138
v 0.006172 -0.114902 0.249887
v 0.005503 -0.114098 0.249727
v 0.004008 -0.113212 0.249769
v 0.004719 -0.114191 0.249119
v 0.004819 -0.113555 0.249700
v 0.042041 -0.182417 0.262258
v 0.042951 -0.182649 0.260864
v 0.041578 -0.181182 0.260409
v 0.042716 -0.182609 0.262072
v 0.041893 -0.181689 0.261889
v 0.042802 -0.181800 0.261734
v 0.042819 -0.181963 0.260473
v 0.043035 -0.182690 0.261583
v 0.043079 -0.181880 0.261309
v 0.041726 -0.181244 0.261223
v 0.042329 -0.181439 0.260311
v 0.042677 -0.181438 0.261191
v 0.004478 -0.187799 0.201058
v 0.003776 -0.186812 0.200381
v 0.006452 -0.186055 0.202347
v 0.004247 -0.187767 0.200407
v 0.005458 -0.187525 0.201317
v 0.005036 -0.187546 0.200612
v 0.004719 -0.186457 0.200832
v 0.004008 -0.187432 0.200176
v 0.004819 -0.187238 0.200467
v 0.006172 -0.186895 0.201783
v 0.005697 -0.186180 0.201550
v 0.005503 -0.187054 0.200980
v 0.003621 -0.277746 0.272162
v 0.005644 -0.275903 0.269793
v 0.003078 -0.276879 0.272611
v 0.004642 -0.277424 0.271523
v 0.003437 -0.277701 0.272790
v 0.004256 -0.277453 0.272375
v 0.004942 -0.276055 0.270844
v 0.005376 -0.276755 0.270663
v 0.004747 -0.276940 0.271741
v 0.003261 -0.277419 0.272936
v 0.004005 -0.276412 0.271874
v 0.004078 -0.277174 0.272475
v 0.040494 -0.172720 0.260599
v 0.040494 -0.174665 0.259299
v 0.041639 -0.173223 0.259247
v 0.040494 -0.173552 0.260500
v 0.041215 -0.172632 0.260366
v 0.041469 -0.173528 0.260322
v 0.041215 -0.174483 0.259129
v 0.040494 -0.174255 0.260030
v 0.041469 -0.174100 0.259940
v 0.041620 -0.172810 0.259888
v 0.041620 -0.173974 0.259111
v 0.041809 -0.173662 0.259903
v 0.003792 -0.200817 0.194620
v 0.003078 -0.200384 0.196116
v 0.005644 -0.202027 0.195917
v 0.003392 -0.200171 0.194921
v 0.004673 -0.200991 0.194822
v 0.004253 -0.200374 0.195111
v 0.004054 -0.200616 0.196118
v 0.003129 -0.200012 0.195470
v 0.004069 -0.200262 0.195497
v 0.005353 -0.201435 0.195298
v 0.004996 -0.201219 0.196045
v 0.004732 -0.200687 0.195446
v -0.001614 -0.104402 0.252048
v 0.000000 -0.103772 0.250528
v -0.000807 -0.104317 0.251844
v -0.000216 -0.104087 0.251288
v 0.004479 -0.201059 0.187798
v 0.006453 -0.202347 0.186054
v 0.003776 -0.200381 0.186811
v 0.005459 -0.201318 0.187524
v 0.004247 -0.200407 0.187766
v 0.005036 -0.200613 0.187545
v 0.005698 -0.201551 0.186179
v 0.006172 -0.201784 0.186894
v 0.005504 -0.200980 0.187053
v 0.004008 -0.200177 0.187431
v 0.004720 -0.200833 0.186456
v 0.004820 -0.200467 0.187237
v 0.043286 -0.269949 0.178959
v 0.043286 -0.268649 0.180904
v 0.044452 -0.270083 0.180455
v 0.043521 -0.269225 0.179366
v 0.044104 -0.269941 0.179142
v 0.044290 -0.269250 0.179535
v 0.044104 -0.268815 0.180827
v 0.043521 -0.268748 0.180080
v 0.044290 -0.268914 0.180038
v 0.044532 -0.269990 0.179691
v 0.044532 -0.269341 0.180662
v 0.044591 -0.269284 0.179922
v 0.004958 -0.359250 0.160355
v 0.002488 -0.361490 0.159463
v 0.003041 -0.360813 0.158477
v 0.004303 -0.360156 0.160202
v 0.004698 -0.359841 0.159474
v 0.004116 -0.360765 0.159283
v 0.002671 -0.361695 0.158842
v 0.003401 -0.360973 0.159876
v 0.003475 -0.361356 0.159066
v 0.004003 -0.360406 0.158794
v 0.002857 -0.361466 0.158509
v 0.003650 -0.361190 0.158757
v 0.004958 -0.285629 0.270538
v 0.003041 -0.284491 0.272700
v 0.002488 -0.285662 0.272949
v 0.004698 -0.285041 0.271420
v 0.004303 -0.285833 0.271433
v 0.004116 -0.285218 0.272347
v 0.002857 -0.284771 0.273291
v 0.004003 -0.284629 0.272203
v 0.003650 -0.284894 0.272941
v 0.003401 -0.285846 0.272313
v 0.002671 -0.285166 0.273375
v 0.003475 -0.285244 0.272976
v 0.040494 -0.259298 0.174656
v 0.040493 -0.260597 0.172711
v 0.041639 -0.259246 0.173215
v 0.040493 -0.260029 0.174246
v 0.041215 -0.259128 0.174474
v 0.041468 -0.259938 0.174091
v 0.041215 -0.260364 0.172624
v 0.040493 -0.260499 0.173543
v 0.041468 -0.260321 0.173519
v 0.041620 -0.259109 0.173965
v 0.041619 -0.259887 0.172802
v 0.041809 -0.259901 0.173653
v 0.003793 -0.256656 0.111053
v 0.005645 -0.258317 0.111674
v 0.003078 -0.257872 0.110081
v 0.004674 -0.256909 0.111137
v 0.003392 -0.256687 0.110341
v 0.004254 -0.256939 0.110456
v 0.004997 -0.258126 0.110879
v 0.005354 -0.257518 0.111365
v 0.004733 -0.257369 0.110617
v 0.003130 -0.257133 0.109984
v 0.004055 -0.257962 0.110294
v 0.004069 -0.257254 0.110205
v -0.001614 -0.192909 0.192909
v 0.000000 -0.191746 0.191746
v -0.000807 -0.192753 0.192753
v -0.000216 -0.192327 0.192327
v 0.042041 -0.268891 0.172478
v 0.042950 -0.268572 0.171101
v 0.041577 -0.267043 0.171243
v 0.042715 -0.268998 0.172233
v 0.041892 -0.268078 0.172416
v 0.042801 -0.268121 0.172230
v 0.042819 -0.267789 0.171002
v 0.043035 -0.268886 0.171750
v 0.043078 -0.268032 0.171807
v 0.041725 -0.267412 0.171971
v 0.042328 -0.267243 0.171053
v 0.042677 -0.267579 0.171867
v -0.001614 -0.252048 0.104402
v 0.000000 -0.250528 0.103772
v -0.000807 -0.251844 0.104317
v -0.000216 -0.251288 0.104087
v -0.013332 -0.153073 -0.369552
v -0.014946 -0.152444 -0.368032
v -0.014139 -0.152989 -0.369348
v -0.014729 -0.152759 -0.368792
v -0.013332 -0.282843 -0.282843
v -0.014946 -0.281679 -0.281679
v -0.014139 -0.282687 -0.282687
v -0.014729 -0.282261 -0.282261
v -0.013332 -0.369552 -0.153073
v -0.014946 -0.368032 -0.152444
v -0.014139 -0.369348 -0.152989
v -0.014729 -0.368792 -0.152759
v -0.013332 -0.400000 0.000000
v -0.014946 -0.398355 0.000000
v -0.014139 -0.399780 0.000000
v -0.014729 -0.399177 0.000000
v -0.014946 -0.368032 0.152444
v -0.013332 -0.369552 0.153073
v -0.014729 -0.368792 0.152759
v -0.014139 -0.369348 0.152989
v -0.013332 -0.282843 0.282843
v -0.014946 -0.281679 0.281679
v -0.014139 -0.282687 0.282687
v -0.014729 -0.282261 0.282261
v -0.013332 -0.153073 0.369552
v -0.014946 -0.152444 0.368032
v -0.014139 -0.152989 0.369348
v -0.014729 -0.152759 0.368792
v -0.013332 -0.000000 0.400000
v -0.014946 -0.000000 0.398355
v -0.014139 -0.000000 0.399780
v -0.014729 -0.000000 0.399177
v -0.013332 0.153073 0.369552
v -0.014946 0.152444 0.368032
v -0.014139 0.152989 0.369348
v -0.014729 0.152759 0.368792
v -0.013332 0.282843 0.282843
v -0.014946 0.281679 0.281679
v -0.014139 0.282687 0.282687
v -0.014729 0.282261 0.282261
v -0.013332 0.369552 0.153073
v -0.014946 0.368032 0.152444
v -0.014139 0.369348 0.152989
v -0.014729 0.368792 0.152759
v -0.013332 0.400000 0.000000
v -0.014946 0.398355 0.000000
v -0.014139 0.399780 0.000000
v -0.014729 0.399177 0.000000
v -0.013332 0.369552 -0.153073
v -0.014946 0.368032 -0.152444
v -0.014139 0.369348 -0.152989
v -0.014729 0.368792 -0.152759
v -0.013332 0.282843 -0.282843
v -0.014946 0.281679 -0.281679
v -0.014139 0.282687 -0.282687
v -0.014729 0.282261 -0.282261
v -0.013332 -0.000000 -0.400000
v -0.014946 -0.000000 -0.398355
v -0.014139 -0.000000 -0.399780
v -0.014729 -0.000000 -0.399177
v -0.013332 0.153073 -0.369552
v -0.014946 0.152444 -0.368032
v -0.014139 0.152989 -0.369348
v -0.014729 0.152759 -0.368792
v -0.004475 0.101793 -0.253359
v -0.004320 0.104222 -0.254367
v -0.004320 0.106168 -0.253560
v -0.004475 0.107173 -0.251130
v -0.004344 0.106741 -0.250484
v -0.004344 0.101642 -0.252597
v -0.004417 0.102598 -0.253687
v -0.004980 0.101713 -0.252953
v -0.005002 0.103246 -0.252830
v -0.004883 0.104852 -0.254106
v -0.004360 0.103487 -0.254056
v -0.004943 0.104296 -0.253286
v -0.004360 0.106468 -0.252821
v -0.004883 0.105538 -0.253821
v -0.004943 0.105352 -0.252849
v -0.004980 0.106943 -0.250786
v -0.004417 0.106836 -0.251932
v -0.005002 0.105772 -0.251784
v -0.004344 0.105196 -0.251327
v -0.004942 0.106817 -0.250598
v -0.004982 0.105279 -0.251603
v -0.004942 0.101668 -0.252731
v -0.004344 0.103330 -0.252100
v -0.004982 0.103467 -0.252353
v -0.004344 -0.000000 -0.272814
v -0.004475 -0.002911 -0.273028
v -0.004320 -0.001054 -0.274888
v -0.004320 0.001054 -0.274888
v -0.004475 0.002911 -0.273028
v -0.004913 -0.000743 -0.272782
v -0.004913 0.000743 -0.272782
v -0.005119 -0.000000 -0.272970
v -0.004417 -0.002293 -0.273639
v -0.004966 -0.001790 -0.272857
v -0.004981 -0.001038 -0.273274
v -0.004883 -0.000371 -0.274888
v -0.004360 -0.001613 -0.274320
v -0.004940 -0.000550 -0.273979
v -0.004360 0.001613 -0.274320
v -0.004883 0.000371 -0.274888
v -0.004940 0.000550 -0.273979
v -0.004966 0.001790 -0.272857
v -0.004417 0.002293 -0.273639
v -0.004981 0.001038 -0.273274
v -0.004475 0.191001 -0.195118
v -0.004320 0.193630 -0.195120
v -0.004320 0.195120 -0.193630
v -0.004475 0.195118 -0.191001
v -0.004344 0.194472 -0.190569
v -0.004344 0.190569 -0.194472
v -0.004417 0.191870 -0.195114
v -0.004980 0.190771 -0.194774
v -0.005002 0.192141 -0.194074
v -0.004883 0.194113 -0.194638
v -0.004360 0.192833 -0.195114
v -0.004943 0.193286 -0.194093
v -0.004360 0.195114 -0.192833
v -0.004883 0.194638 -0.194113
v -0.004943 0.194093 -0.193286
v -0.004980 0.194774 -0.190771
v -0.004417 0.195114 -0.191870
v -0.005002 0.194074 -0.192141
v -0.004344 0.193367 -0.191939
v -0.004942 0.194586 -0.190645
v -0.004982 0.193549 -0.192162
v -0.004942 0.190645 -0.194586
v -0.004344 0.191939 -0.193367
v -0.004982 0.192162 -0.193549
v -0.004475 0.251130 -0.107173
v -0.004320 0.253560 -0.106168
v -0.004320 0.254367 -0.104222
v -0.004475 0.253359 -0.101793
v -0.004344 0.252597 -0.101642
v -0.004344 0.250484 -0.106741
v -0.004417 0.251932 -0.106836
v -0.004980 0.250786 -0.106943
v -0.005002 0.251784 -0.105772
v -0.004883 0.253821 -0.105538
v -0.004360 0.252821 -0.106468
v -0.004943 0.252849 -0.105352
v -0.004360 0.254056 -0.103487
v -0.004883 0.254106 -0.104852
v -0.004943 0.253286 -0.104296
v -0.004980 0.252953 -0.101713
v -0.004417 0.253687 -0.102598
v -0.005002 0.252830 -0.103246
v -0.004344 0.252100 -0.103330
v -0.004942 0.252731 -0.101669
v -0.004982 0.252353 -0.103467
v -0.004942 0.250598 -0.106817
v -0.004344 0.251327 -0.105196
v -0.004982 0.251603 -0.105279
v -0.004475 0.273028 -0.002911
v -0.004320 0.274888 -0.001054
v -0.004320 0.274888 0.001054
v -0.004475 0.273028 0.002911
v -0.004344 0.272814 0.000000
v -0.004417 0.273639 -0.002293
v -0.004966 0.272857 -0.001790
v -0.004982 0.273274 -0.001038
v -0.004883 0.274888 -0.000371
v -0.004360 0.274320 -0.001613
v -0.004940 0.273979 -0.000550
v -0.004360 0.274320 0.001613
v -0.004883 0.274888 0.000371
v -0.004940 0.273979 0.000550
v -0.004966 0.272857 0.001790
v -0.004417 0.273639 0.002293
v -0.004982 0.273274 0.001038
v -0.004913 0.272782 -0.000742
v -0.004913 0.272782 0.000743
v -0.005119 0.272970 0.000000
v -0.004475 0.253359 0.101793
v -0.004320 0.254367 0.104222
v -0.004320 0.253560 0.106168
v -0.004475 0.251130 0.107173
v -0.004344 0.252048 0.104402
v -0.004417 0.253687 0.102598
v -0.004966 0.252772 0.102764
v -0.004981 0.252869 0.103618
v -0.004883 0.254106 0.104852
v -0.004360 0.254056 0.103487
v -0.004940 0.253334 0.104339
v -0.004360 0.252821 0.106468
v -0.004883 0.253821 0.105538
v -0.004940 0.252914 0.105355
v -0.004966 0.251402 0.106072
v -0.004417 0.251932 0.106836
v -0.004981 0.252075 0.105537
v -0.004913 0.252301 0.103703
v -0.004913 0.251733 0.105075
v -0.005119 0.252192 0.104461
v -0.004475 0.195118 0.191001
v -0.004320 0.195120 0.193630
v -0.004320 0.193630 0.195120
v -0.004475 0.191001 0.195118
v -0.004344 0.192909 0.192909
v -0.004417 0.195114 0.191870
v -0.004966 0.194205 0.191674
v -0.004981 0.193968 0.192500
v -0.004883 0.194638 0.194113
v -0.004360 0.195114 0.192833
v -0.004940 0.194121 0.193344
v -0.004360 0.192833 0.195114
v -0.004883 0.194113 0.194638
v -0.004940 0.193344 0.194121
v -0.004966 0.191674 0.194205
v -0.004417 0.191870 0.195114
v -0.004981 0.192500 0.193968
v -0.004913 0.193411 0.192361
v -0.004913 0.192361 0.193411
v -0.005119 0.193019 0.193019
v -0.004475 0.107173 0.251130
v -0.004320 0.106168 0.253560
v -0.004320 0.104222 0.254367
v -0.004475 0.101793 0.253359
v -0.004344 0.104402 0.252048
v -0.004417 0.106836 0.251932
v -0.004966 0.106072 0.251402
v -0.004981 0.105537 0.252075
v -0.004883 0.105538 0.253821
v -0.004360 0.106468 0.252821
v -0.004940 0.105355 0.252913
v -0.004360 0.103487 0.254056
v -0.004883 0.104852 0.254106
v -0.004940 0.104339 0.253334
v -0.004966 0.102764 0.252772
v -0.004417 0.102598 0.253687
v -0.004981 0.103618 0.252869
v -0.004913 0.105075 0.251733
v -0.004913 0.103703 0.252301
v -0.005119 0.104461 0.252192
v -0.004475 0.002911 0.273028
v -0.004320 0.001054 0.274888
v -0.004320 -0.001054 0.274888
v -0.004475 -0.002911 0.273028
v -0.004344 -0.000000 0.272814
v -0.004417 0.002293 0.273639
v -0.004966 0.001790 0.272857
v -0.004981 0.001038 0.273274
v -0.004883 0.000371 0.274888
v -0.004360 0.001613 0.274320
v -0.004940 0.000550 0.273979
v -0.004360 -0.001613 0.274320
v -0.004883 -0.000371 0.274888
v -0.004940 -0.000550 0.273979
v -0.004966 -0.001790 0.272857
v -0.004417 -0.002293 0.273639
v -0.004981 -0.001038 0.273274
v -0.004913 0.000743 0.272782
v -0.004913 -0.000743 0.272782
v -0.005119 -0.000000 0.272970
v -0.004475 -0.101793 0.253359
v -0.004320 -0.104222 0.254367
v -0.004320 -0.106168 0.253560
v -0.004475 -0.107173 0.251130
v -0.004344 -0.106741 0.250484
v -0.004344 -0.101642 0.252597
v -0.004417 -0.102598 0.253687
v -0.004980 -0.101713 0.252953
v -0.005002 -0.103246 0.252830
v -0.004883 -0.104852 0.254106
v -0.004360 -0.103487 0.254056
v -0.004943 -0.104296 0.253286
v -0.004360 -0.106468 0.252821
v -0.004883 -0.105538 0.253821
v -0.004943 -0.105352 0.252849
v -0.004980 -0.106943 0.250786
v -0.004417 -0.106836 0.251932
v -0.005002 -0.105772 0.251784
v -0.004344 -0.105196 0.251327
v -0.004942 -0.106817 0.250598
v -0.004982 -0.105279 0.251603
v -0.004942 -0.101668 0.252731
v -0.004344 -0.103330 0.252100
v -0.004982 -0.103467 0.252353
v -0.004475 -0.191001 0.195118
v -0.004320 -0.193630 0.195120
v -0.004320 -0.195120 0.193630
v -0.004475 -0.195118 0.191001
v -0.004344 -0.192909 0.192909
v -0.004417 -0.191870 0.195114
v -0.004965 -0.191674 0.194205
v -0.004981 -0.192500 0.193968
v -0.004883 -0.194112 0.194638
v -0.004360 -0.192833 0.195114
v -0.004940 -0.193344 0.194121
v -0.004360 -0.195114 0.192833
v -0.004883 -0.194638 0.194112
v -0.004940 -0.194121 0.193344
v -0.004965 -0.194205 0.191673
v -0.004417 -0.195114 0.191870
v -0.004981 -0.193968 0.192500
v -0.004913 -0.192361 0.193411
v -0.004913 -0.193411 0.192361
v -0.005119 -0.193019 0.193019
v -0.004475 -0.251131 0.107173
v -0.004320 -0.253560 0.106168
v -0.004320 -0.254366 0.104222
v -0.004475 -0.253359 0.101793
v -0.004344 -0.252048 0.104402
v -0.004417 -0.251932 0.106836
v -0.004965 -0.251402 0.106071
v -0.004981 -0.252075 0.105536
v -0.004883 -0.253821 0.105538
v -0.004360 -0.252821 0.106468
v -0.004940 -0.252913 0.105355
v -0.004360 -0.254056 0.103487
v -0.004883 -0.254105 0.104852
v -0.004940 -0.253334 0.104339
v -0.004965 -0.252772 0.102764
v -0.004417 -0.253687 0.102598
v -0.004981 -0.252869 0.103618
v -0.004913 -0.251733 0.105075
v -0.004913 -0.252301 0.103703
v -0.005119 -0.252192 0.104461
v -0.004475 -0.273028 0.002911
v -0.004320 -0.274888 0.001053
v -0.004320 -0.274888 -0.001054
v -0.004475 -0.273028 -0.002911
v -0.004344 -0.272265 -0.002760
v -0.004344 -0.272265 0.002760
v -0.004417 -0.273639 0.002293
v -0.004980 -0.272621 0.002830
v -0.005002 -0.273095 0.001367
v -0.004883 -0.274888 0.000371
v -0.004360 -0.274320 0.001613
v -0.004943 -0.273918 0.000571
v -0.004360 -0.274320 -0.001613
v -0.004883 -0.274888 -0.000371
v -0.004943 -0.273918 -0.000571
v -0.004980 -0.272621 -0.002831
v -0.004417 -0.273639 -0.002293
v -0.005002 -0.273095 -0.001367
v -0.004344 -0.272453 -0.001010
v -0.004942 -0.272400 -0.002786
v -0.004982 -0.272739 -0.000981
v -0.004942 -0.272400 0.002786
v -0.004344 -0.272453 0.001010
v -0.004982 -0.272739 0.000981
v -0.004475 -0.253359 -0.101793
v -0.004320 -0.254367 -0.104222
v -0.004320 -0.253560 -0.106168
v -0.004475 -0.251130 -0.107173
v -0.004344 -0.250484 -0.106741
v -0.004344 -0.252597 -0.101642
v -0.004417 -0.253687 -0.102598
v -0.004980 -0.252953 -0.101713
v -0.005002 -0.252830 -0.103246
v -0.004883 -0.254106 -0.104852
v -0.004360 -0.254056 -0.103487
v -0.004943 -0.253286 -0.104296
v -0.004360 -0.252821 -0.106468
v -0.004883 -0.253821 -0.105538
v -0.004943 -0.252849 -0.105352
v -0.004980 -0.250786 -0.106943
v -0.004417 -0.251932 -0.106836
v -0.005002 -0.251784 -0.105772
v -0.004344 -0.251327 -0.105196
v -0.004942 -0.250598 -0.106817
v -0.004982 -0.251603 -0.105279
v -0.004942 -0.252731 -0.101668
v -0.004344 -0.252100 -0.103330
v -0.004982 -0.252353 -0.103467
v -0.004475 -0.195118 -0.191001
v -0.004320 -0.195120 -0.193630
v -0.004320 -0.193630 -0.195120
v -0.004475 -0.191001 -0.195118
v -0.004344 -0.190569 -0.194472
v -0.004344 -0.194472 -0.190569
v -0.004417 -0.195114 -0.191870
v -0.004980 -0.194774 -0.190771
v -0.005002 -0.194074 -0.192141
v -0.004883 -0.194638 -0.194113
v -0.004360 -0.195114 -0.192833
v -0.004943 -0.194093 -0.193286
v -0.004360 -0.192833 -0.195114
v -0.004883 -0.194113 -0.194638
v -0.004943 -0.193286 -0.194093
v -0.004980 -0.190771 -0.194774
v -0.004417 -0.191870 -0.195114
v -0.005002 -0.192141 -0.194074
v -0.004344 -0.191939 -0.193367
v -0.004942 -0.190645 -0.194586
v -0.004982 -0.192162 -0.193549
v -0.004942 -0.194586 -0.190645
v -0.004344 -0.193367 -0.191939
v -0.004982 -0.193549 -0.192162
v -0.004475 -0.107173 -0.251131
v -0.004320 -0.106168 -0.253560
v -0.004320 -0.104222 -0.254367
v -0.004475 -0.101793 -0.253359
v -0.004344 -0.104402 -0.252048
v -0.004417 -0.106836 -0.251932
v -0.004965 -0.106072 -0.251402
v -0.004981 -0.105537 -0.252075
v -0.004883 -0.105538 -0.253821
v -0.004360 -0.106468 -0.252821
v -0.004940 -0.105355 -0.252913
v -0.004360 -0.103487 -0.254056
v -0.004883 -0.104852 -0.254106
v -0.004940 -0.104339 -0.253334
v -0.004965 -0.102764 -0.252772
v -0.004417 -0.102598 -0.253687
v -0.004981 -0.103618 -0.252870
v -0.004913 -0.105075 -0.251733
v -0.004913 -0.103703 -0.252301
v -0.005119 -0.104461 -0.252192
v 0.000599 0.143072 -0.367193
v -0.000242 0.142854 -0.368370
v -0.003470 0.143096 -0.369587
v -0.001082 0.143163 -0.365691
v 0.000322 0.143510 -0.367675
v -0.000160 0.142900 -0.366852
v -0.000699 0.143528 -0.367567
v -0.001261 0.142889 -0.368547
v 0.000034 0.143436 -0.368078
v -0.001047 0.143519 -0.368121
v -0.003110 0.144735 -0.368676
v -0.002441 0.142977 -0.368991
v -0.002098 0.143930 -0.368312
v -0.000769 0.142934 -0.366306
v -0.002297 0.144780 -0.367345
v -0.001580 0.143942 -0.367471
v 0.000599 0.008337 -0.393994
v -0.001082 0.007679 -0.392640
v -0.003470 0.009232 -0.396215
v -0.000242 0.008989 -0.394997
v -0.000160 0.008365 -0.393612
v 0.000322 0.008117 -0.394606
v -0.000699 0.008059 -0.394513
v -0.002297 0.006817 -0.394788
v -0.000769 0.008125 -0.393121
v -0.001580 0.007640 -0.394583
v -0.002441 0.009113 -0.395618
v -0.003110 0.007368 -0.396000
v -0.002098 0.007973 -0.395355
v 0.000034 0.008340 -0.394950
v -0.001261 0.009025 -0.395174
v -0.001047 0.008279 -0.395022
v 0.000599 0.272700 -0.284491
v -0.000242 0.272949 -0.285662
v -0.003470 0.273638 -0.286694
v -0.001082 0.272209 -0.283068
v 0.000322 0.273289 -0.284768
v -0.000160 0.272411 -0.284241
v -0.000699 0.273265 -0.284661
v -0.001261 0.273049 -0.285812
v 0.000034 0.273374 -0.285169
v -0.001047 0.273468 -0.285177
v -0.003110 0.274804 -0.285224
v -0.002441 0.273301 -0.286188
v -0.002098 0.273920 -0.285196
v -0.000769 0.272233 -0.283724
v -0.002297 0.274336 -0.283977
v -0.001580 0.273610 -0.284415
v 0.000599 0.158478 -0.360812
v -0.001082 0.157351 -0.359814
v -0.003470 0.160154 -0.362522
v -0.000242 0.159464 -0.361490
v -0.000160 0.158357 -0.360449
v 0.000322 0.158508 -0.361463
v -0.000699 0.158419 -0.361399
v -0.002297 0.157377 -0.362127
v -0.000769 0.157948 -0.360087
v -0.001580 0.158059 -0.361624
v -0.002441 0.159816 -0.362016
v -0.003110 0.158350 -0.363036
v -0.002098 0.158662 -0.362209
v 0.000034 0.158846 -0.361695
v -0.001261 0.159564 -0.361640
v -0.001047 0.158818 -0.361784
v 0.000599 0.360812 -0.158477
v -0.000242 0.361490 -0.159464
v -0.003470 0.362522 -0.160154
v -0.001082 0.359814 -0.157351
v 0.000322 0.361463 -0.158508
v -0.000160 0.360449 -0.158357
v -0.000699 0.361399 -0.158419
v -0.001261 0.361640 -0.159564
v 0.000034 0.361695 -0.158846
v -0.001047 0.361784 -0.158818
v -0.003110 0.363036 -0.158350
v -0.002441 0.362016 -0.159816
v -0.002098 0.362209 -0.158662
v -0.000769 0.360087 -0.157948
v -0.002297 0.362127 -0.157377
v -0.001580 0.361624 -0.158059
v 0.000599 0.284491 -0.272700
v -0.001082 0.283068 -0.272209
v -0.003470 0.286694 -0.273638
v -0.000242 0.285662 -0.272949
v -0.000160 0.284241 -0.272411
v 0.000322 0.284768 -0.273289
v -0.000699 0.284661 -0.273265
v -0.002297 0.283977 -0.274336
v -0.000769 0.283724 -0.272233
v -0.001580 0.284415 -0.273610
v -0.002441 0.286188 -0.273301
v -0.003110 0.285224 -0.274804
v -0.002098 0.285196 -0.273920
v 0.000034 0.285169 -0.273374
v -0.001261 0.285812 -0.273049
v -0.001047 0.285177 -0.273468
v 0.000599 0.393994 -0.008337
v -0.000242 0.394997 -0.008989
v -0.003470 0.396215 -0.009232
v -0.001082 0.392640 -0.007679
v 0.000322 0.394606 -0.008117
v -0.000160 0.393612 -0.008365
v -0.000699 0.394513 -0.008059
v -0.001261 0.395174 -0.009025
v 0.000034 0.394950 -0.008340
v -0.001047 0.395022 -0.008279
v -0.003110 0.396000 -0.007368
v -0.002441 0.395618 -0.009113
v -0.002098 0.395355 -0.007973
v -0.000769 0.393121 -0.008125
v -0.002297 0.394787 -0.006817
v -0.001580 0.394583 -0.007640
v 0.000599 0.367193 -0.143072
v -0.001082 0.365691 -0.143163
v -0.003470 0.369587 -0.143096
v -0.000242 0.368370 -0.142854
v -0.000160 0.366852 -0.142900
v 0.000322 0.367675 -0.143510
v -0.000699 0.367567 -0.143528
v -0.002297 0.367345 -0.144780
v -0.000769 0.366306 -0.142934
v -0.001580 0.367471 -0.143942
v -0.002441 0.368991 -0.142977
v -0.003110 0.368676 -0.144735
v -0.002098 0.368312 -0.143930
v 0.000034 0.368078 -0.143436
v -0.001261 0.368547 -0.142889
v -0.001047 0.368121 -0.143519
v 0.000599 0.367193 0.143072
v -0.000242 0.368370 0.142854
v -0.003470 0.369587 0.143096
v -0.001082 0.365691 0.143163
v 0.000322 0.367675 0.143510
v -0.000160 0.366852 0.142900
v -0.000699 0.367567 0.143528
v -0.001261 0.368547 0.142889
v 0.000034 0.368078 0.143436
v -0.001047 0.368121 0.143519
v -0.003110 0.368676 0.144735
v -0.002441 0.368991 0.142977
v -0.002098 0.368312 0.143930
v -0.000769 0.366306 0.142934
v -0.002297 0.367345 0.144780
v -0.001580 0.367471 0.143942
v 0.000599 0.393994 0.008337
v -0.001082 0.392640 0.007679
v -0.003470 0.396215 0.009232
v -0.000242 0.394997 0.008989
v -0.000160 0.393612 0.008365
v 0.000322 0.394606 0.008117
v -0.000699 0.394513 0.008059
v -0.002297 0.394788 0.006817
v -0.000769 0.393121 0.008125
v -0.001580 0.394583 0.007640
v -0.002441 0.395618 0.009113
v -0.003110 0.396000 0.007368
v -0.002098 0.395355 0.007973
v 0.000034 0.394950 0.008340
v -0.001261 0.395174 0.009025
v -0.001047 0.395022 0.008280
v 0.000599 0.284491 0.272700
v -0.000242 0.285662 0.272949
v -0.003470 0.286694 0.273638
v -0.001082 0.283068 0.272209
v 0.000322 0.284768 0.273289
v -0.000160 0.284241 0.272411
v -0.000699 0.284661 0.273265
v -0.001261 0.285812 0.273049
v 0.000034 0.285169 0.273374
v -0.001047 0.285177 0.273468
v -0.003110 0.285224 0.274804
v -0.002441 0.286188 0.273301
v -0.002098 0.285196 0.273920
v -0.000769 0.283724 0.272233
v -0.002297 0.283977 0.274336
v -0.001580 0.284415 0.273610
v 0.000599 0.360812 0.158478
v -0.001082 0.359814 0.157351
v -0.003470 0.362522 0.160154
v -0.000242 0.361490 0.159464
v -0.000160 0.360449 0.158357
v 0.000322 0.361463 0.158508
v -0.000699 0.361399 0.158419
v -0.002297 0.362127 0.157377
v -0.000769 0.360087 0.157948
v -0.001580 0.361624 0.158059
v -0.002441 0.362016 0.159816
v -0.003110 0.363036 0.158350
v -0.002098 0.362209 0.158662
v 0.000034 0.361695 0.158846
v -0.001261 0.361640 0.159564
v -0.001047 0.361784 0.158818
v 0.000599 0.158478 0.360812
v -0.000242 0.159464 0.361490
v -0.003470 0.160154 0.362522
v -0.001082 0.157351 0.359814
v 0.000322 0.158508 0.361463
v -0.000160 0.158357 0.360449
v -0.000699 0.158419 0.361399
v -0.001261 0.159564 0.361640
v 0.000034 0.158846 0.361695
v -0.001047 0.158818 0.361784
v -0.003110 0.158350 0.363036
v -0.002441 0.159816 0.362016
v -0.002098 0.158662 0.362209
v -0.000769 0.157948 0.360087
v -0.002297 0.157377 0.362127
v -0.001580 0.158059 0.361624
v 0.000599 0.272700 0.284491
v -0.001082 0.272209 0.283068
v -0.003470 0.273638 0.286694
v -0.000242 0.272949 0.285662
v -0.000160 0.272411 0.284241
v 0.000322 0.273289 0.284768
v -0.000699 0.273265 0.284661
v -0.002297 0.274336 0.283977
v -0.000769 0.272233 0.283724
v -0.001580 0.273610 0.284415
v -0.002441 0.273301 0.286188
v -0.003110 0.274804 0.285224
v -0.002098 0.273920 0.285196
v 0.000034 0.273374 0.285169
v -0.001261 0.273049 0.285812
v -0.001047 0.273468 0.285177
v 0.000599 0.008337 0.393994
v -0.000242 0.008989 0.394997
v -0.003470 0.009232 0.396215
v -0.001082 0.007679 0.392640
v 0.000322 0.008117 0.394606
v -0.000160 0.008365 0.393612
v -0.000699 0.008059 0.394513
v -0.001261 0.009025 0.395174
v 0.000034 0.008340 0.394950
v -0.001047 0.008279 0.395022
v -0.003110 0.007368 0.396000
v -0.002441 0.009113 0.395618
v -0.002098 0.007973 0.395355
v -0.000769 0.008125 0.393121
v -0.002297 0.006817 0.394787
v -0.001580 0.007640 0.394583
v 0.000599 0.143072 0.367193
v -0.001082 0.143163 0.365691
v -0.003470 0.143096 0.369587
v -0.000242 0.142854 0.368370
v -0.000160 0.142900 0.366852
v 0.000322 0.143510 0.367675
v -0.000699 0.143528 0.367567
v -0.002297 0.144780 0.367345
v -0.000769 0.142934 0.366306
v -0.001580 0.143942 0.367471
v -0.002441 0.142977 0.368991
v -0.003110 0.144735 0.368676
v -0.002098 0.143930 0.368312
v 0.000034 0.143436 0.368078
v -0.001261 0.142889 0.368547
v -0.001047 0.143519 0.368121
v 0.000599 -0.143072 0.367193
v -0.000242 -0.142854 0.368370
v -0.003470 -0.143096 0.369587
v -0.001082 -0.143163 0.365691
v 0.000322 -0.143510 0.367675
v -0.000160 -0.142900 0.366852
v -0.000699 -0.143528 0.367567
v -0.001261 -0.142889 0.368547
v 0.000034 -0.143436 0.368078
v -0.001047 -0.143519 0.368121
v -0.003110 -0.144735 0.368676
v -0.002441 -0.142977 0.368991
v -0.002098 -0.143930 0.368312
v -0.000769 -0.142934 0.366306
v -0.002297 -0.144780 0.367345
v -0.001580 -0.143942 0.367471
v 0.000599 -0.008337 0.393994
v -0.001082 -0.007679 0.392640
v -0.003470 -0.009232 0.396215
v -0.000242 -0.008989 0.394997
v -0.000160 -0.008365 0.393612
v 0.000322 -0.008117 0.394606
v -0.000699 -0.008059 0.394513
v -0.002297 -0.006817 0.394788
v -0.000769 -0.008125 0.393121
v -0.001580 -0.007640 0.394583
v -0.002441 -0.009113 0.395618
v -0.003110 -0.007368 0.396000
v -0.002098 -0.007973 0.395355
v 0.000034 -0.008340 0.394950
v -0.001261 -0.009025 0.395174
v -0.001047 -0.008280 0.395022
v 0.000599 -0.272700 0.284491
v -0.000242 -0.272949 0.285662
v -0.003470 -0.273638 0.286694
v -0.001082 -0.272209 0.283068
v 0.000322 -0.273289 0.284768
v -0.000160 -0.272411 0.284241
v -0.000699 -0.273265 0.284661
v -0.001261 -0.273049 0.285812
v 0.000034 -0.273374 0.285169
v -0.001047 -0.273468 0.285177
v -0.003110 -0.274804 0.285224
v -0.002441 -0.273301 0.286188
v -0.002098 -0.273920 0.285196
v -0.000769 -0.272233 0.283724
v -0.002297 -0.274336 0.283977
v -0.001580 -0.273610 0.284415
v 0.000599 -0.158477 0.360812
v -0.001082 -0.157351 0.359814
v -0.003470 -0.160154 0.362522
v -0.000242 -0.159464 0.361490
v -0.000160 -0.158357 0.360449
v 0.000322 -0.158508 0.361463
v -0.000699 -0.158419 0.361399
v -0.002297 -0.157377 0.362127
v -0.000769 -0.157948 0.360087
v -0.001580 -0.158059 0.361624
v -0.002441 -0.159816 0.362016
v -0.003110 -0.158350 0.363036
v -0.002098 -0.158662 0.362209
v 0.000034 -0.158846 0.361695
v -0.001261 -0.159564 0.361640
v -0.001047 -0.158818 0.361784
v 0.000599 -0.360813 0.158477
v -0.000243 -0.361490 0.159463
v -0.003471 -0.362522 0.160153
v -0.001082 -0.359814 0.157350
v 0.000322 -0.361463 0.158507
v -0.000161 -0.360449 0.158357
v -0.000699 -0.361399 0.158418
v -0.001261 -0.361640 0.159563
v 0.000034 -0.361695 0.158845
v -0.001047 -0.361785 0.158817
v -0.003110 -0.363037 0.158349
v -0.002441 -0.362017 0.159815
v -0.002098 -0.362210 0.158661
v -0.000769 -0.360088 0.157947
v -0.002297 -0.362128 0.157376
v -0.001580 -0.361624 0.158059
v 0.000599 -0.284491 0.272700
v -0.001082 -0.283068 0.272209
v -0.003471 -0.286694 0.273638
v -0.000243 -0.285662 0.272949
v -0.000161 -0.284241 0.272411
v 0.000322 -0.284768 0.273289
v -0.000699 -0.284661 0.273264
v -0.002297 -0.283977 0.274336
v -0.000769 -0.283724 0.272233
v -0.001580 -0.284415 0.273610
v -0.002441 -0.286188 0.273300
v -0.003110 -0.285224 0.274804
v -0.002098 -0.285196 0.273920
v 0.000034 -0.285169 0.273374
v -0.001261 -0.285812 0.273049
v -0.001047 -0.285177 0.273468
v 0.000599 -0.393994 0.008336
v -0.000243 -0.394998 0.008989
v -0.003471 -0.396215 0.009231
v -0.001082 -0.392641 0.007678
v 0.000322 -0.394606 0.008116
v -0.000160 -0.393612 0.008365
v -0.000699 -0.394513 0.008058
v -0.001261 -0.395174 0.009024
v 0.000034 -0.394950 0.008340
v -0.001047 -0.395022 0.008279
v -0.003110 -0.396000 0.007368
v -0.002441 -0.395618 0.009112
v -0.002098 -0.395355 0.007972
v -0.000769 -0.393121 0.008125
v -0.002297 -0.394788 0.006817
v -0.001580 -0.394583 0.007640
v 0.000599 -0.367193 0.143072
v -0.001082 -0.365691 0.143163
v -0.003471 -0.369587 0.143096
v -0.000243 -0.368370 0.142854
v -0.000161 -0.366852 0.142900
v 0.000322 -0.367675 0.143510
v -0.000699 -0.367567 0.143528
v -0.002297 -0.367345 0.144780
v -0.000769 -0.366306 0.142934
v -0.001580 -0.367471 0.143942
v -0.002441 -0.368991 0.142977
v -0.003110 -0.368676 0.144735
v -0.002098 -0.368312 0.143930
v 0.000034 -0.368078 0.143435
v -0.001261 -0.368547 0.142889
v -0.001047 -0.368121 0.143519
v 0.000599 -0.367193 -0.143072
v -0.000242 -0.368370 -0.142854
v -0.003470 -0.369587 -0.143096
v -0.001082 -0.365691 -0.143163
v 0.000322 -0.367675 -0.143510
v -0.000160 -0.366852 -0.142900
v -0.000699 -0.367567 -0.143528
v -0.001261 -0.368547 -0.142889
v 0.000034 -0.368078 -0.143436
v -0.001047 -0.368121 -0.143519
v -0.003110 -0.368676 -0.144735
v -0.002441 -0.368991 -0.142977
v -0.002098 -0.368312 -0.143930
v -0.000769 -0.366306 -0.142934
v -0.002297 -0.367345 -0.144780
v -0.001580 -0.367471 -0.143942
v 0.000599 -0.393994 -0.008337
v -0.001082 -0.392640 -0.007679
v -0.003470 -0.396215 -0.009232
v -0.000242 -0.394997 -0.008989
v -0.000160 -0.393612 -0.008365
v 0.000322 -0.394606 -0.008117
v -0.000699 -0.394513 -0.008059
v -0.002297 -0.394787 -0.006817
v -0.000769 -0.393121 -0.008125
v -0.001580 -0.394583 -0.007640
v -0.002441 -0.395618 -0.009113
v -0.003110 -0.396000 -0.007368
v -0.002098 -0.395355 -0.007973
v 0.000034 -0.394950 -0.008340
v -0.001261 -0.395174 -0.009025
v -0.001047 -0.395022 -0.008279
v 0.000599 -0.284491 -0.272700
v -0.000242 -0.285662 -0.272949
v -0.003470 -0.286694 -0.273638
v -0.001082 -0.283068 -0.272209
v 0.000322 -0.284768 -0.273289
v -0.000160 -0.284241 -0.272411
v -0.000699 -0.284661 -0.273265
v -0.001261 -0.285812 -0.273049
v 0.000034 -0.285169 -0.273374
v -0.001047 -0.285177 -0.273468
v -0.003110 -0.285224 -0.274804
v -0.002441 -0.286188 -0.273301
v -0.002098 -0.285196 -0.273920
v -0.000769 -0.283724 -0.272233
v -0.002297 -0.283977 -0.274336
v -0.001580 -0.284415 -0.273610
v 0.000599 -0.360812 -0.158477
v -0.001082 -0.359814 -0.157351
v -0.003470 -0.362522 -0.160154
v -0.000242 -0.361490 -0.159464
v -0.000160 -0.360449 -0.158357
v 0.000322 -0.361463 -0.158508
v -0.000699 -0.361399 -0.158419
v -0.002297 -0.362127 -0.157377
v -0.000769 -0.360087 -0.157948
v -0.001580 -0.361624 -0.158059
v -0.002441 -0.362016 -0.159816
v -0.003110 -0.363036 -0.158350
v -0.002098 -0.362209 -0.158662
v 0.000034 -0.361695 -0.158846
v -0.001261 -0.361640 -0.159564
v -0.001047 -0.361784 -0.158818
v 0.000599 -0.158478 -0.360812
v -0.000242 -0.159464 -0.361490
v -0.003470 -0.160154 -0.362522
v -0.001082 -0.157351 -0.359814
v 0.000322 -0.158508 -0.361463
v -0.000160 -0.158357 -0.360449
v -0.000699 -0.158419 -0.361399
v -0.001261 -0.159564 -0.361640
v 0.000034 -0.158846 -0.361695
v -0.001047 -0.158818 -0.361784
v -0.003110 -0.158350 -0.363036
v -0.002441 -0.159816 -0.362016
v -0.002098 -0.158662 -0.362209
v -0.000769 -0.157948 -0.360087
v -0.002297 -0.157377 -0.362127
v -0.001580 -0.158059 -0.361624
v 0.000599 -0.272700 -0.284491
v -0.001082 -0.272209 -0.283068
v -0.003470 -0.273638 -0.286694
v -0.000242 -0.272949 -0.285662
v -0.000160 -0.272411 -0.284241
v 0.000322 -0.273289 -0.284768
v -0.000699 -0.273265 -0.284661
v -0.002297 -0.274336 -0.283977
v -0.000769 -0.272233 -0.283724
v -0.001580 -0.273610 -0.284415
v -0.002441 -0.273301 -0.286188
v -0.003110 -0.274804 -0.285224
v -0.002098 -0.273920 -0.285196
v 0.000034 -0.273374 -0.285169
v -0.001261 -0.273049 -0.285812
v -0.001047 -0.273468 -0.285177
v 0.000599 -0.008337 -0.393994
v -0.000242 -0.008989 -0.394997
v -0.003470 -0.009232 -0.396215
v -0.001082 -0.007679 -0.392640
v 0.000322 -0.008117 -0.394606
v -0.000160 -0.008365 -0.393612
v -0.000699 -0.008059 -0.394513
v -0.001261 -0.009025 -0.395174
v 0.000034 -0.008340 -0.394950
v -0.001047 -0.008280 -0.395022
v -0.003110 -0.007368 -0.396000
v -0.002441 -0.009113 -0.395618
v -0.002098 -0.007973 -0.395355
v -0.000769 -0.008125 -0.393121
v -0.002297 -0.006817 -0.394787
v -0.001580 -0.007640 -0.394583
v 0.000599 -0.143072 -0.367193
v -0.001082 -0.143163 -0.365691
v -0.003470 -0.143096 -0.369587
v -0.000242 -0.142854 -0.368370
v -0.000160 -0.142900 -0.366852
v 0.000322 -0.143510 -0.367675
v -0.000699 -0.143528 -0.367567
v -0.002297 -0.144780 -0.367345
v -0.000769 -0.142934 -0.366306
v -0.001580 -0.143942 -0.367471
v -0.002441 -0.142977 -0.368991
v -0.003110 -0.144735 -0.368676
v -0.002098 -0.143930 -0.368312
v 0.000034 -0.143436 -0.368078
v -0.001261 -0.142889 -0.368547
v -0.001047 -0.143519 -0.368121
v -0.004271 0.150717 -0.366699
v -0.004331 0.149649 -0.368959
v -0.007571 0.153073 -0.369552
v -0.004331 0.155075 -0.366711
v -0.004271 0.152722 -0.365869
v -0.004299 0.150388 -0.367384
v -0.004851 0.151366 -0.366431
v -0.005002 0.151682 -0.367670
v -0.005366 0.150855 -0.369343
v -0.004321 0.149997 -0.368211
v -0.005220 0.151506 -0.368688
v -0.006551 0.153762 -0.368874
v -0.006551 0.152107 -0.369559
v -0.005948 0.152806 -0.368906
v -0.004321 0.154300 -0.366428
v -0.005366 0.154495 -0.367835
v -0.005220 0.153571 -0.367832
v -0.004851 0.152073 -0.366138
v -0.004299 0.153439 -0.366120
v -0.005002 0.152727 -0.367238
v -0.004271 -0.001085 -0.396463
v -0.004331 -0.002937 -0.398141
v -0.007571 -0.003180 -0.399367
v -0.007571 0.003180 -0.399367
v -0.004331 0.002937 -0.398141
v -0.004271 0.001085 -0.396463
v -0.004299 -0.001651 -0.396969
v -0.004851 -0.000383 -0.396463
v -0.005074 -0.000587 -0.397762
v -0.005367 -0.003056 -0.398742
v -0.004321 -0.002329 -0.397584
v -0.005315 -0.001539 -0.398563
v -0.007571 -0.001164 -0.399583
v -0.006551 -0.003145 -0.399189
v -0.006424 -0.001088 -0.399275
v -0.006551 0.003145 -0.399189
v -0.007571 0.001164 -0.399583
v -0.006424 0.001088 -0.399275
v -0.004321 0.002329 -0.397584
v -0.005367 0.003056 -0.398742
v -0.005315 0.001539 -0.398563
v -0.004851 0.000383 -0.396463
v -0.004299 0.001651 -0.396969
v -0.005074 0.000587 -0.397762
v -0.004271 0.279575 -0.281109
v -0.004331 0.279452 -0.283605
v -0.007571 0.280146 -0.284644
v -0.007571 0.284644 -0.280146
v -0.004331 0.283605 -0.279452
v -0.004271 0.281109 -0.279575
v -0.004299 0.279532 -0.281867
v -0.004851 0.280071 -0.280612
v -0.005074 0.280845 -0.281676
v -0.005367 0.279792 -0.284114
v -0.004321 0.279488 -0.282781
v -0.005315 0.280738 -0.282915
v -0.007571 0.281725 -0.283371
v -0.006551 0.280046 -0.284494
v -0.006424 0.281561 -0.283099
v -0.006551 0.284494 -0.280046
v -0.007571 0.283371 -0.281725
v -0.006424 0.283099 -0.281561
v -0.004321 0.282781 -0.279488
v -0.005367 0.284114 -0.279792
v -0.005315 0.282915 -0.280738
v -0.004851 0.280612 -0.280071
v -0.004299 0.281867 -0.279532
v -0.005074 0.281676 -0.280845
v -0.004271 0.365869 -0.152722
v -0.004331 0.366711 -0.155075
v -0.007571 0.367750 -0.155770
v -0.007571 0.370184 -0.149893
v -0.004331 0.368959 -0.149649
v -0.004271 0.366699 -0.150717
v -0.004299 0.366120 -0.153439
v -0.004851 0.366138 -0.152073
v -0.005074 0.367260 -0.152760
v -0.005367 0.367220 -0.155415
v -0.004321 0.366428 -0.154300
v -0.005315 0.367635 -0.153946
v -0.007571 0.368722 -0.153989
v -0.006551 0.367599 -0.155669
v -0.006424 0.368466 -0.153801
v -0.006551 0.370007 -0.149858
v -0.007571 0.369612 -0.151839
v -0.006424 0.369298 -0.151791
v -0.004321 0.368211 -0.149997
v -0.005367 0.369559 -0.149769
v -0.005315 0.368813 -0.151101
v -0.004851 0.366431 -0.151366
v -0.004299 0.367384 -0.150388
v -0.005074 0.367709 -0.151674
v -0.004271 0.396463 -0.001085
v -0.004331 0.398141 -0.002937
v -0.007571 0.399367 -0.003180
v -0.007571 0.399367 0.003180
v -0.004331 0.398141 0.002937
v -0.004271 0.396463 0.001085
v -0.004299 0.396969 -0.001651
v -0.004851 0.396463 -0.000383
v -0.005074 0.397762 -0.000587
v -0.005367 0.398742 -0.003056
v -0.004321 0.397584 -0.002329
v -0.005315 0.398563 -0.001539
v -0.007571 0.399583 -0.001164
v -0.006551 0.399189 -0.003145
v -0.006424 0.399275 -0.001088
v -0.006551 0.399189 0.003145
v -0.007571 0.399583 0.001164
v -0.006424 0.399275 0.001088
v -0.004321 0.397584 0.002329
v -0.005367 0.398742 0.003056
v -0.005315 0.398563 0.001539
v -0.004851 0.396463 0.000383
v -0.004299 0.396969 0.001651
v -0.005074 0.397762 0.000587
v -0.004271 0.366699 0.150717
v -0.004331 0.368959 0.149649
v -0.007571 0.370184 0.149893
v -0.007571 0.367750 0.155770
v -0.004331 0.366711 0.155075
v -0.004271 0.365869 0.152722
v -0.004299 0.367384 0.150388
v -0.004851 0.366431 0.151366
v -0.005074 0.367709 0.151674
v -0.005367 0.369559 0.149769
v -0.004321 0.368211 0.149997
v -0.005315 0.368813 0.151101
v -0.007571 0.369612 0.151839
v -0.006551 0.370007 0.149858
v -0.006424 0.369298 0.151791
v -0.006551 0.367599 0.155669
v -0.007571 0.368722 0.153989
v -0.006424 0.368466 0.153801
v -0.004321 0.366428 0.154300
v -0.005367 0.367220 0.155415
v -0.005315 0.367635 0.153946
v -0.004851 0.366138 0.152073
v -0.004299 0.366120 0.153439
v -0.005074 0.367260 0.152760
v -0.004271 0.281109 0.279575
v -0.004331 0.283605 0.279452
v -0.007571 0.284644 0.280146
v -0.007571 0.280146 0.284644
v -0.004331 0.279452 0.283605
v -0.004271 0.279575 0.281109
v -0.004299 0.281867 0.279532
v -0.004851 0.280612 0.280071
v -0.005074 0.281676 0.280845
v -0.005367 0.284114 0.279792
v -0.004321 0.282781 0.279488
v -0.005315 0.282915 0.280738
v -0.007571 0.283371 0.281725
v -0.006551 0.284494 0.280046
v -0.006424 0.283099 0.281561
v -0.006551 0.280046 0.284494
v -0.007571 0.281725 0.283371
v -0.006424 0.281561 0.283099
v -0.004321 0.279488 0.282781
v -0.005367 0.279792 0.284114
v -0.005315 0.280738 0.282915
v -0.004851 0.280071 0.280612
v -0.004299 0.279532 0.281867
v -0.005074 0.280845 0.281676
v -0.004271 0.152722 0.365869
v -0.004331 0.155075 0.366711
v -0.007571 0.155770 0.367750
v -0.007571 0.149893 0.370184
v -0.004331 0.149649 0.368959
v -0.004271 0.150717 0.366699
v -0.004299 0.153439 0.366120
v -0.004851 0.152073 0.366138
v -0.005074 0.152760 0.367260
v -0.005367 0.155415 0.367220
v -0.004321 0.154300 0.366428
v -0.005315 0.153946 0.367635
v -0.007571 0.153989 0.368722
v -0.006551 0.155669 0.367599
v -0.006424 0.153801 0.368466
v -0.006551 0.149858 0.370007
v -0.007571 0.151839 0.369612
v -0.006424 0.151791 0.369298
v -0.004321 0.149997 0.368211
v -0.005367 0.149769 0.369559
v -0.005315 0.151101 0.368813
v -0.004851 0.151366 0.366431
v -0.004299 0.150388 0.367384
v -0.005074 0.151674 0.367709
v -0.004271 0.001085 0.396463
v -0.004331 0.002937 0.398141
v -0.007571 -0.000000 0.400000
v -0.004331 -0.002937 0.398141
v -0.004271 -0.001085 0.396463
v -0.004299 0.001651 0.396969
v -0.004851 0.000383 0.396463
v -0.005002 0.000565 0.397729
v -0.005366 0.001970 0.398958
v -0.004321 0.002329 0.397584
v -0.005220 0.001118 0.398602
v -0.006551 -0.000896 0.399637
v -0.006551 0.000896 0.399637
v -0.005948 -0.000000 0.399301
v -0.004321 -0.002329 0.397584
v -0.005366 -0.001970 0.398958
v -0.005220 -0.001118 0.398602
v -0.004851 -0.000383 0.396463
v -0.004299 -0.001651 0.396969
v -0.005002 -0.000565 0.397729
v -0.004271 -0.150717 0.366699
v -0.004331 -0.149649 0.368959
v -0.007571 -0.149893 0.370184
v -0.007571 -0.155770 0.367750
v -0.004331 -0.155075 0.366711
v -0.004271 -0.152722 0.365869
v -0.004299 -0.150388 0.367384
v -0.004851 -0.151366 0.366431
v -0.005074 -0.151674 0.367709
v -0.005367 -0.149769 0.369559
v -0.004321 -0.149997 0.368211
v -0.005315 -0.151101 0.368813
v -0.007571 -0.151839 0.369612
v -0.006551 -0.149858 0.370007
v -0.006424 -0.151791 0.369298
v -0.006551 -0.155669 0.367599
v -0.007571 -0.153989 0.368722
v -0.006424 -0.153801 0.368466
v -0.004321 -0.154300 0.366428
v -0.005367 -0.155415 0.367220
v -0.005315 -0.153946 0.367635
v -0.004851 -0.152073 0.366138
v -0.004299 -0.153439 0.366120
v -0.005074 -0.152760 0.367260
v -0.004271 -0.279575 0.281109
v -0.004331 -0.279452 0.283605
v -0.007571 -0.282843 0.282843
v -0.004331 -0.283605 0.279452
v -0.004271 -0.281109 0.279574
v -0.004299 -0.279532 0.281867
v -0.004851 -0.280071 0.280612
v -0.005002 -0.280838 0.281637
v -0.005366 -0.280713 0.283499
v -0.004321 -0.279488 0.282781
v -0.005220 -0.281064 0.282644
v -0.006551 -0.283219 0.281953
v -0.006551 -0.281953 0.283219
v -0.005948 -0.282348 0.282348
v -0.004322 -0.282781 0.279488
v -0.005366 -0.283499 0.280713
v -0.005220 -0.282645 0.281064
v -0.004851 -0.280612 0.280071
v -0.004299 -0.281867 0.279532
v -0.005002 -0.281637 0.280838
v -0.004271 -0.365869 0.152722
v -0.004331 -0.366711 0.155075
v -0.007571 -0.369552 0.153073
v -0.004331 -0.368958 0.149649
v -0.004271 -0.366699 0.150717
v -0.004299 -0.366120 0.153439
v -0.004851 -0.366138 0.152073
v -0.005002 -0.367238 0.152726
v -0.005366 -0.367835 0.154494
v -0.004321 -0.366428 0.154300
v -0.005220 -0.367832 0.153571
v -0.006551 -0.369559 0.152107
v -0.006551 -0.368874 0.153762
v -0.005948 -0.368906 0.152806
v -0.004321 -0.368210 0.149997
v -0.005366 -0.369343 0.150855
v -0.005220 -0.368688 0.151506
v -0.004851 -0.366431 0.151366
v -0.004299 -0.367384 0.150388
v -0.005002 -0.367670 0.151682
v -0.004271 -0.396463 0.001085
v -0.004331 -0.398142 0.002936
v -0.007571 -0.400000 0.000000
v -0.004331 -0.398141 -0.002937
v -0.004271 -0.396463 -0.001085
v -0.004299 -0.396969 0.001651
v -0.004851 -0.396463 0.000383
v -0.005002 -0.397729 0.000565
v -0.005366 -0.398958 0.001970
v -0.004321 -0.397584 0.002328
v -0.005220 -0.398602 0.001118
v -0.006551 -0.399637 -0.000896
v -0.006551 -0.399637 0.000896
v -0.005948 -0.399301 -0.000000
v -0.004321 -0.397584 -0.002329
v -0.005366 -0.398958 -0.001970
v -0.005220 -0.398602 -0.001118
v -0.004851 -0.396463 -0.000383
v -0.004299 -0.396969 -0.001651
v -0.005002 -0.397729 -0.000565
v -0.004271 -0.366699 -0.150717
v -0.004331 -0.368959 -0.149649
v -0.007571 -0.369552 -0.153073
v -0.004331 -0.366711 -0.155075
v -0.004271 -0.365869 -0.152722
v -0.004299 -0.367384 -0.150388
v -0.004851 -0.366431 -0.151366
v -0.005002 -0.367670 -0.151682
v -0.005366 -0.369343 -0.150855
v -0.004321 -0.368211 -0.149997
v -0.005220 -0.368688 -0.151506
v -0.006551 -0.368874 -0.153762
v -0.006551 -0.369559 -0.152107
v -0.005948 -0.368906 -0.152806
v -0.004321 -0.366428 -0.154300
v -0.005366 -0.367835 -0.154495
v -0.005220 -0.367832 -0.153571
v -0.004851 -0.366138 -0.152073
v -0.004299 -0.366120 -0.153439
v -0.005002 -0.367238 -0.152727
v -0.004271 -0.281109 -0.279575
v -0.004331 -0.283605 -0.279452
v -0.007571 -0.282843 -0.282843
v -0.004331 -0.279452 -0.283605
v -0.004271 -0.279575 -0.281109
v -0.004299 -0.281867 -0.279532
v -0.004851 -0.280612 -0.280071
v -0.005002 -0.281637 -0.280838
v -0.005366 -0.283499 -0.280713
v -0.004321 -0.282781 -0.279488
v -0.005220 -0.282644 -0.281064
v -0.006551 -0.281953 -0.283219
v -0.006551 -0.283219 -0.281953
v -0.005948 -0.282348 -0.282348
v -0.004321 -0.279488 -0.282781
v -0.005366 -0.280713 -0.283499
v -0.005220 -0.281064 -0.282644
v -0.004851 -0.280071 -0.280612
v -0.004299 -0.279532 -0.281867
v -0.005002 -0.280838 -0.281637
v -0.004271 -0.152722 -0.365869
v -0.004331 -0.155075 -0.366711
v -0.007571 -0.153073 -0.369552
v -0.004331 -0.149649 -0.368959
v -0.004271 -0.150717 -0.366699
v -0.004299 -0.153439 -0.366120
v -0.004851 -0.152073 -0.366138
v -0.005002 -0.152727 -0.367238
v -0.005366 -0.154495 -0.367835
v -0.004321 -0.154300 -0.366428
v -0.005220 -0.153571 -0.367832
v -0.006551 -0.152107 -0.369559
v -0.006551 -0.153762 -0.368874
v -0.005948 -0.152806 -0.368906
v -0.004321 -0.149997 -0.368211
v -0.005366 -0.150855 -0.369343
v -0.005220 -0.151506 -0.368688
v -0.004851 -0.151366 -0.366431
v -0.004299 -0.150388 -0.367384
v -0.005002 -0.151682 -0.367670
v 0.043945 -0.313433 -0.062346
v 0.044248 -0.311870 -0.063074
v 0.043547 -0.310884 -0.061839
v 0.044248 -0.312268 -0.061074
v 0.044411 -0.312956 -0.062746
v 0.044411 -0.313145 -0.061793
v 0.044717 -0.312546 -0.062169
v 0.044360 -0.311423 -0.062812
v 0.044515 -0.312396 -0.063005
v 0.044688 -0.311991 -0.062513
v 0.044113 -0.311256 -0.061418
v 0.044113 -0.311067 -0.062369
v 0.044572 -0.311624 -0.061986
v 0.044515 -0.312728 -0.061340
v 0.044360 -0.311755 -0.061146
v 0.044688 -0.312165 -0.061639
v 0.043945 -0.313430 0.062340
v 0.044248 -0.312264 0.061069
v 0.043547 -0.310881 0.061833
v 0.044248 -0.311866 0.063068
v 0.044411 -0.313142 0.061787
v 0.044411 -0.312952 0.062740
v 0.044717 -0.312542 0.062163
v 0.044360 -0.311751 0.061140
v 0.044515 -0.312724 0.061334
v 0.044688 -0.312161 0.061633
v 0.044113 -0.311063 0.062363
v 0.044113 -0.311252 0.061413
v 0.044573 -0.311620 0.061980
v 0.044515 -0.312393 0.062999
v 0.044360 -0.311420 0.062806
v 0.044688 -0.311988 0.062507
v 0.043547 -0.263553 0.176093
v 0.044248 -0.263991 0.177611
v 0.043945 -0.265714 0.177536
v 0.044248 -0.265124 0.175916
v 0.044113 -0.263519 0.176652
v 0.044113 -0.264057 0.175846
v 0.044572 -0.264180 0.176511
v 0.044515 -0.264504 0.177749
v 0.044360 -0.263679 0.177198
v 0.044688 -0.264318 0.177139
v 0.044411 -0.265660 0.176916
v 0.044411 -0.265120 0.177724
v 0.044717 -0.264962 0.177033
v 0.044360 -0.264623 0.175786
v 0.044515 -0.265447 0.176337
v 0.044688 -0.264813 0.176398
v 0.043547 -0.176102 0.263555
v 0.044248 -0.175925 0.265126
v 0.043945 -0.177546 0.265716
v 0.044248 -0.177621 0.263993
v 0.044113 -0.175856 0.264059
v 0.044113 -0.176662 0.263520
v 0.044572 -0.176521 0.264182
v 0.044515 -0.176346 0.265449
v 0.044360 -0.175795 0.264624
v 0.044688 -0.176408 0.264815
v 0.044411 -0.177733 0.265121
v 0.044411 -0.176925 0.265661
v 0.044717 -0.177043 0.264963
v 0.044360 -0.177207 0.263681
v 0.044515 -0.177758 0.264506
v 0.044688 -0.177149 0.264320
v 0.044248 -0.063074 0.311870
v 0.043547 -0.061839 0.310884
v 0.044248 -0.061074 0.312268
v 0.043945 -0.062346 0.313433
v 0.044360 -0.062812 0.311423
v 0.044515 -0.063005 0.312396
v 0.044688 -0.062513 0.311991
v 0.044113 -0.061418 0.311256
v 0.044113 -0.062369 0.311067
v 0.044572 -0.061986 0.311624
v 0.044515 -0.061340 0.312728
v 0.044360 -0.061146 0.311755
v 0.044688 -0.061639 0.312165
v 0.044411 -0.062746 0.312956
v 0.044411 -0.061793 0.313145
v 0.044717 -0.062169 0.312546
v 0.043945 0.062346 0.313433
v 0.044248 0.061074 0.312268
v 0.043547 0.061839 0.310884
v 0.044248 0.063074 0.311870
v 0.044410 0.061793 0.313145
v 0.044410 0.062746 0.312956
v 0.044717 0.062169 0.312546
v 0.044360 0.061146 0.311755
v 0.044515 0.061340 0.312728
v 0.044688 0.061639 0.312165
v 0.044113 0.062369 0.311067
v 0.044113 0.061418 0.311256
v 0.044572 0.061986 0.311624
v 0.044515 0.063005 0.312396
v 0.044360 0.062812 0.311423
v 0.044688 0.062513 0.311991
v 0.043945 0.177546 0.265716
v 0.044248 0.175925 0.265126
v 0.043547 0.176102 0.263555
v 0.044248 0.177621 0.263993
v 0.044410 0.176925 0.265661
v 0.044410 0.177733 0.265121
v 0.044717 0.177043 0.264963
v 0.044360 0.175795 0.264624
v 0.044515 0.176346 0.265449
v 0.044688 0.176408 0.264815
v 0.044113 0.176662 0.263520
v 0.044113 0.175856 0.264059
v 0.044572 0.176521 0.264182
v 0.044515 0.177758 0.264506
v 0.044360 0.177207 0.263681
v 0.044688 0.177149 0.264320
v 0.043945 0.265716 0.177546
v 0.044248 0.263993 0.177621
v 0.043547 0.263555 0.176102
v 0.044248 0.265126 0.175925
v 0.044410 0.265122 0.177733
v 0.044410 0.265661 0.176925
v 0.044717 0.264963 0.177043
v 0.044360 0.263681 0.177207
v 0.044515 0.264506 0.177758
v 0.044688 0.264320 0.177149
v 0.044113 0.264059 0.175856
v 0.044113 0.263520 0.176662
v 0.044572 0.264182 0.176521
v 0.044515 0.265449 0.176346
v 0.044360 0.264624 0.175795
v 0.044688 0.264815 0.176408
v 0.043945 0.313433 0.062346
v 0.044248 0.311870 0.063074
v 0.043547 0.310884 0.061839
v 0.044248 0.312268 0.061074
v 0.044410 0.312956 0.062746
v 0.044410 0.313145 0.061793
v 0.044717 0.312546 0.062169
v 0.044360 0.311423 0.062812
v 0.044515 0.312396 0.063005
v 0.044688 0.311991 0.062513
v 0.044113 0.311256 0.061418
v 0.044113 0.311067 0.062369
v 0.044572 0.311624 0.061986
v 0.044515 0.312728 0.061340
v 0.044360 0.311755 0.061146
v 0.044688 0.312165 0.061639
v 0.044248 0.312268 -0.061074
v 0.043547 0.310884 -0.061839
v 0.044248 0.311870 -0.063074
v 0.043945 0.313433 -0.062346
v 0.044360 0.311755 -0.061146
v 0.044515 0.312728 -0.061340
v 0.044688 0.312165 -0.061639
v 0.044113 0.311067 -0.062369
v 0.044113 0.311256 -0.061418
v 0.044572 0.311624 -0.061986
v 0.044515 0.312396 -0.063005
v 0.044360 0.311423 -0.062812
v 0.044688 0.311991 -0.062513
v 0.044410 0.313145 -0.061793
v 0.044410 0.312956 -0.062746
v 0.044717 0.312546 -0.062169
v 0.043945 0.265716 -0.177546
v 0.044248 0.265126 -0.175925
v 0.043547 0.263555 -0.176102
v 0.044248 0.263993 -0.177621
v 0.044410 0.265661 -0.176925
v 0.044410 0.265121 -0.177733
v 0.044717 0.264963 -0.177043
v 0.044360 0.264624 -0.175795
v 0.044515 0.265449 -0.176346
v 0.044688 0.264815 -0.176408
v 0.044113 0.263520 -0.176662
v 0.044113 0.264059 -0.175856
v 0.044572 0.264182 -0.176521
v 0.044515 0.264506 -0.177758
v 0.044360 0.263681 -0.177207
v 0.044688 0.264320 -0.177149
v 0.044248 0.177621 -0.263993
v 0.043547 0.176102 -0.263555
v 0.044248 0.175925 -0.265126
v 0.043945 0.177546 -0.265716
v 0.044360 0.177207 -0.263681
v 0.044515 0.177758 -0.264506
v 0.044688 0.177149 -0.264320
v 0.044113 0.175856 -0.264059
v 0.044113 0.176662 -0.263520
v 0.044572 0.176521 -0.264182
v 0.044515 0.176346 -0.265449
v 0.044360 0.175795 -0.264624
v 0.044688 0.176408 -0.264815
v 0.044410 0.177733 -0.265121
v 0.044410 0.176925 -0.265661
v 0.044717 0.177043 -0.264963
v 0.044248 0.061074 -0.312268
v 0.043945 0.062346 -0.313433
v 0.044248 0.063074 -0.311870
v 0.043547 0.061839 -0.310884
v 0.044515 0.061340 -0.312728
v 0.044360 0.061146 -0.311755
v 0.044688 0.061639 -0.312165
v 0.044410 0.062746 -0.312956
v 0.044410 0.061793 -0.313145
v 0.044717 0.062169 -0.312546
v 0.044360 0.062812 -0.311424
v 0.044515 0.063005 -0.312396
v 0.044688 0.062513 -0.311991
v 0.044113 0.061418 -0.311256
v 0.044113 0.062369 -0.311067
v 0.044572 0.061986 -0.311624
v 0.044248 -0.063074 -0.311870
v 0.043945 -0.062346 -0.313433
v 0.044248 -0.061074 -0.312268
v 0.043547 -0.061839 -0.310884
v 0.044515 -0.063005 -0.312396
v 0.044360 -0.062812 -0.311423
v 0.044688 -0.062513 -0.311991
v 0.044410 -0.061793 -0.313145
v 0.044411 -0.062746 -0.312956
v 0.044717 -0.062169 -0.312546
v 0.044360 -0.061146 -0.311755
v 0.044515 -0.061340 -0.312728
v 0.044688 -0.061639 -0.312165
v 0.044113 -0.062369 -0.311067
v 0.044113 -0.061418 -0.311256
v 0.044572 -0.061986 -0.311624
v 0.044248 -0.177621 -0.263993
v 0.043945 -0.177546 -0.265716
v 0.044248 -0.175925 -0.265126
v 0.043547 -0.176102 -0.263555
v 0.044515 -0.177758 -0.264506
v 0.044360 -0.177207 -0.263681
v 0.044688 -0.177149 -0.264320
v 0.044411 -0.176925 -0.265661
v 0.044411 -0.177733 -0.265121
v 0.044717 -0.177043 -0.264963
v 0.044360 -0.175795 -0.264624
v 0.044515 -0.176346 -0.265449
v 0.044688 -0.176408 -0.264815
v 0.044113 -0.176662 -0.263520
v 0.044113 -0.175856 -0.264059
v 0.044572 -0.176521 -0.264182
v 0.044248 -0.265126 -0.175925
v 0.043945 -0.265716 -0.177546
v 0.044248 -0.263993 -0.177621
v 0.043547 -0.263555 -0.176102
v 0.044515 -0.265449 -0.176346
v 0.044360 -0.264624 -0.175795
v 0.044688 -0.264815 -0.176408
v 0.044411 -0.265121 -0.177733
v 0.044411 -0.265661 -0.176925
v 0.044717 -0.264963 -0.177043
v 0.044360 -0.263681 -0.177207
v 0.044515 -0.264506 -0.177758
v 0.044688 -0.264320 -0.177149
v 0.044113 -0.264059 -0.175856
v 0.044113 -0.263520 -0.176662
v 0.044572 -0.264182 -0.176521
v 0.040844 -0.317886 0.062034
v 0.040526 -0.317199 0.061298
v 0.040526 -0.316513 0.064745
v 0.040844 -0.317430 0.064328
v 0.040273 -0.317590 0.062042
v 0.040844 -0.317367 0.062692
v 0.040363 -0.317141 0.062695
v 0.040885 -0.316417 0.062290
v 0.040171 -0.317369 0.061805
v 0.040369 -0.316860 0.062583
v 0.040171 -0.316864 0.064341
v 0.040885 -0.316171 0.063529
v 0.040369 -0.316692 0.063429
v 0.040844 -0.317202 0.063521
v 0.040273 -0.317160 0.064207
v 0.040363 -0.316994 0.063432
v 0.001166 -0.388842 0.003948
v -0.000509 -0.388991 0.005385
v -0.003109 -0.388547 0.001832
v 0.000348 -0.388547 0.003018
v 0.000405 -0.388689 0.004288
v 0.000894 -0.389254 0.003477
v -0.000141 -0.389278 0.003572
v -0.001845 -0.390682 0.003559
v -0.000201 -0.388744 0.004810
v -0.001063 -0.389741 0.003589
v -0.001966 -0.388547 0.002414
v -0.002706 -0.390511 0.002383
v -0.001593 -0.389654 0.002864
v 0.000620 -0.389156 0.003166
v -0.000702 -0.388547 0.002846
v -0.000482 -0.389226 0.003112
v 0.001630 -0.279617 0.004382
v 0.000348 -0.280369 0.003018
v -0.003011 -0.280369 0.001895
v -0.000052 -0.279101 0.005939
v 0.001216 -0.279434 0.003708
v 0.000909 -0.279696 0.004860
v 0.000148 -0.279404 0.003860
v -0.000689 -0.280369 0.002855
v 0.000761 -0.279701 0.003224
v -0.000378 -0.279634 0.003186
v -0.002588 -0.278888 0.002474
v -0.001918 -0.280369 0.002445
v -0.001499 -0.279381 0.002947
v 0.000298 -0.279507 0.005426
v -0.001542 -0.278414 0.003903
v -0.000786 -0.279072 0.003907
v 0.039586 -0.314429 0.056450
v 0.039414 -0.312248 0.056017
v 0.039072 -0.311570 0.056696
v 0.039444 -0.314888 0.057204
v 0.039531 -0.313653 0.056705
v 0.039036 -0.314326 0.056707
v 0.039084 -0.313576 0.056905
v 0.038876 -0.312295 0.056380
v 0.039469 -0.312868 0.056548
v 0.039031 -0.312887 0.056791
v 0.039623 -0.312494 0.057448
v 0.038768 -0.312077 0.056598
v 0.039072 -0.312784 0.057056
v 0.038992 -0.314465 0.056936
v 0.039756 -0.313679 0.057630
v 0.039138 -0.313578 0.057162
v 0.002290 -0.274963 0.009376
v -0.000299 -0.273967 0.008688
v 0.000897 -0.274514 0.008784
v -0.000050 -0.274150 0.008533
v 0.002290 -0.257621 0.096561
v -0.000299 -0.256438 0.096814
v 0.000897 -0.256980 0.096935
v -0.000051 -0.256547 0.097028
v 0.038305 -0.306399 0.062134
v 0.038125 -0.306947 0.062722
v 0.038125 -0.307586 0.059506
v 0.038305 -0.306855 0.059840
v 0.037783 -0.306736 0.062066
v 0.038305 -0.306918 0.061476
v 0.037894 -0.307145 0.061449
v 0.038593 -0.307677 0.061793
v 0.037730 -0.306899 0.062241
v 0.037966 -0.307353 0.061530
v 0.037730 -0.307358 0.059933
v 0.038593 -0.307905 0.060644
v 0.037966 -0.307506 0.060763
v 0.038305 -0.307083 0.060647
v 0.037783 -0.307140 0.060032
v 0.037894 -0.307283 0.060758
v 0.001166 -0.360755 0.145156
v 0.000347 -0.360127 0.145902
v -0.003110 -0.359673 0.146998
v -0.000510 -0.361443 0.143885
v 0.000893 -0.360955 0.145749
v 0.000405 -0.360743 0.144784
v -0.000141 -0.361014 0.145670
v -0.000702 -0.360061 0.146061
v 0.000620 -0.360745 0.145998
v -0.000482 -0.360790 0.146076
v -0.002707 -0.361697 0.147241
v -0.001967 -0.359895 0.146461
v -0.001593 -0.361090 0.146468
v -0.000202 -0.360994 0.144322
v -0.001846 -0.362306 0.146219
v -0.001064 -0.361448 0.145832
v 0.001629 -0.260009 0.102956
v -0.000053 -0.260127 0.101320
v -0.003012 -0.259752 0.105541
v 0.000347 -0.260182 0.104504
v 0.000908 -0.260264 0.102544
v 0.001216 -0.259582 0.103509
v 0.000147 -0.259612 0.103356
v -0.001543 -0.258714 0.102938
v 0.000298 -0.260306 0.101949
v -0.000787 -0.259324 0.103186
v -0.001918 -0.259962 0.105033
v -0.002588 -0.258605 0.104440
v -0.001499 -0.259241 0.104192
v 0.000761 -0.259643 0.104059
v -0.000690 -0.260119 0.104654
v -0.000378 -0.259567 0.104067
v 0.039415 -0.309919 0.067730
v 0.039586 -0.312099 0.068164
v 0.039445 -0.312812 0.067643
v 0.039073 -0.309551 0.066843
v 0.039470 -0.310694 0.067476
v 0.038877 -0.310101 0.067412
v 0.039031 -0.310805 0.067259
v 0.039037 -0.312102 0.067888
v 0.039531 -0.311480 0.067632
v 0.039084 -0.311485 0.067417
v 0.039756 -0.311858 0.066787
v 0.038993 -0.312318 0.067729
v 0.039138 -0.311585 0.067181
v 0.038768 -0.309982 0.067127
v 0.039623 -0.310694 0.066502
v 0.039072 -0.310811 0.066975
v 0.001166 -0.388843 -0.003948
v 0.000348 -0.388548 -0.003018
v -0.003110 -0.388548 -0.001832
v -0.000510 -0.388992 -0.005386
v 0.000893 -0.389255 -0.003477
v 0.000405 -0.388690 -0.004288
v -0.000141 -0.389279 -0.003573
v -0.000702 -0.388548 -0.002847
v 0.000620 -0.389156 -0.003166
v -0.000482 -0.389227 -0.003112
v -0.002707 -0.390511 -0.002383
v -0.001967 -0.388548 -0.002414
v -0.001593 -0.389654 -0.002864
v -0.000202 -0.388745 -0.004810
v -0.001846 -0.390682 -0.003560
v -0.001064 -0.389742 -0.003589
v 0.001629 -0.279617 -0.004382
v -0.000052 -0.279101 -0.005939
v -0.003011 -0.280369 -0.001895
v 0.000348 -0.280369 -0.003018
v 0.000908 -0.279696 -0.004860
v 0.001216 -0.279434 -0.003708
v 0.000147 -0.279404 -0.003860
v -0.001542 -0.278414 -0.003903
v 0.000298 -0.279507 -0.005426
v -0.000787 -0.279072 -0.003907
v -0.001918 -0.280369 -0.002445
v -0.002588 -0.278888 -0.002474
v -0.001499 -0.279381 -0.002947
v 0.000761 -0.279701 -0.003224
v -0.000689 -0.280369 -0.002855
v -0.000378 -0.279634 -0.003186
v 0.039415 -0.312252 -0.056022
v 0.039586 -0.314432 -0.056456
v 0.039445 -0.314892 -0.057210
v 0.039073 -0.311573 -0.056702
v 0.039469 -0.312871 -0.056554
v 0.038877 -0.312299 -0.056386
v 0.039031 -0.312891 -0.056797
v 0.039036 -0.314330 -0.056712
v 0.039531 -0.313657 -0.056710
v 0.039084 -0.313580 -0.056911
v 0.039756 -0.313683 -0.057636
v 0.038993 -0.314469 -0.056941
v 0.039138 -0.313581 -0.057167
v 0.038768 -0.312080 -0.056604
v 0.039623 -0.312498 -0.057454
v 0.039072 -0.312787 -0.057062
v 0.040843 -0.317433 -0.064334
v 0.040526 -0.316516 -0.064751
v 0.040526 -0.317202 -0.061303
v 0.040843 -0.317890 -0.062040
v 0.040273 -0.317163 -0.064213
v 0.040843 -0.317206 -0.063527
v 0.040363 -0.316998 -0.063438
v 0.040885 -0.316175 -0.063535
v 0.040171 -0.316868 -0.064347
v 0.040369 -0.316695 -0.063434
v 0.040171 -0.317373 -0.061811
v 0.040885 -0.316421 -0.062296
v 0.040369 -0.316864 -0.062588
v 0.040843 -0.317371 -0.062698
v 0.040273 -0.317594 -0.062048
v 0.040363 -0.317144 -0.062701
v 0.001166 -0.360755 -0.145156
v -0.000510 -0.361443 -0.143885
v -0.003110 -0.359673 -0.146998
v 0.000348 -0.360127 -0.145903
v 0.000405 -0.360743 -0.144784
v 0.000893 -0.360955 -0.145749
v -0.000141 -0.361014 -0.145670
v -0.001846 -0.362306 -0.146219
v -0.000202 -0.360994 -0.144322
v -0.001064 -0.361448 -0.145832
v -0.001967 -0.359895 -0.146461
v -0.002707 -0.361697 -0.147241
v -0.001593 -0.361090 -0.146468
v 0.000620 -0.360745 -0.145998
v -0.000702 -0.360061 -0.146061
v -0.000482 -0.360790 -0.146076
v 0.001629 -0.260010 -0.102956
v 0.000348 -0.260182 -0.104504
v -0.003011 -0.259752 -0.105542
v -0.000052 -0.260128 -0.101320
v 0.001216 -0.259583 -0.103509
v 0.000908 -0.260265 -0.102545
v 0.000147 -0.259612 -0.103357
v -0.000689 -0.260120 -0.104654
v 0.000761 -0.259644 -0.104059
v -0.000378 -0.259567 -0.104067
v -0.002588 -0.258606 -0.104440
v -0.001918 -0.259963 -0.105033
v -0.001499 -0.259242 -0.104192
v 0.000298 -0.260307 -0.101949
v -0.001542 -0.258714 -0.102938
v -0.000787 -0.259324 -0.103186
v 0.039586 -0.312102 -0.068170
v 0.039415 -0.309922 -0.067736
v 0.039073 -0.309555 -0.066849
v 0.039445 -0.312815 -0.067649
v 0.039531 -0.311483 -0.067638
v 0.039036 -0.312106 -0.067893
v 0.039084 -0.311489 -0.067423
v 0.038877 -0.310105 -0.067418
v 0.039469 -0.310698 -0.067482
v 0.039031 -0.310809 -0.067265
v 0.039623 -0.310697 -0.066507
v 0.038768 -0.309986 -0.067133
v 0.039072 -0.310814 -0.066980
v 0.038993 -0.312322 -0.067735
v 0.039756 -0.311861 -0.066793
v 0.039138 -0.311588 -0.067187
v 0.002290 -0.257621 -0.096562
v -0.000300 -0.256437 -0.096815
v 0.000897 -0.256980 -0.096936
v -0.000051 -0.256547 -0.097029
v 0.002290 -0.274964 -0.009376
v -0.000300 -0.273967 -0.008689
v 0.000897 -0.274515 -0.008785
v -0.000051 -0.274150 -0.008533
v 0.038305 -0.306859 -0.059845
v 0.038125 -0.307590 -0.059512
v 0.038125 -0.306950 -0.062728
v 0.038305 -0.306402 -0.062140
v 0.037783 -0.307144 -0.060038
v 0.038305 -0.307086 -0.060652
v 0.037894 -0.307286 -0.060764
v 0.038593 -0.307909 -0.060649
v 0.037730 -0.307361 -0.059938
v 0.037966 -0.307509 -0.060768
v 0.037730 -0.306902 -0.062246
v 0.038593 -0.307680 -0.061799
v 0.037966 -0.307357 -0.061536
v 0.038305 -0.306921 -0.061481
v 0.037783 -0.306739 -0.062071
v 0.037894 -0.307148 -0.061455
v 0.001166 -0.357733 -0.152452
v 0.000348 -0.357817 -0.151479
v -0.003110 -0.358271 -0.150384
v -0.000510 -0.357321 -0.153836
v 0.000893 -0.358294 -0.152174
v 0.000405 -0.357462 -0.152707
v -0.000141 -0.358280 -0.152271
v -0.000702 -0.357882 -0.151321
v 0.000620 -0.358322 -0.151849
v -0.000482 -0.358408 -0.151826
v -0.002707 -0.359874 -0.151644
v -0.001967 -0.358048 -0.150921
v -0.001593 -0.358898 -0.151760
v -0.000202 -0.357313 -0.153210
v -0.001846 -0.359581 -0.152796
v -0.001063 -0.358701 -0.152463
v 0.001629 -0.256656 -0.111053
v -0.000052 -0.255582 -0.112294
v -0.003011 -0.258302 -0.109043
v 0.000348 -0.257872 -0.110081
v 0.000908 -0.256545 -0.111525
v 0.001216 -0.256745 -0.110361
v 0.000147 -0.256658 -0.110489
v -0.001542 -0.255727 -0.110150
v 0.000298 -0.256154 -0.111976
v -0.000787 -0.256333 -0.110406
v -0.001918 -0.258091 -0.109552
v -0.002588 -0.256712 -0.109011
v -0.001499 -0.256986 -0.109637
v 0.000761 -0.257177 -0.110015
v -0.000689 -0.257934 -0.109930
v -0.000378 -0.257129 -0.109955
v 0.039586 -0.268893 -0.172487
v 0.039445 -0.269029 -0.173359
v 0.039073 -0.266158 -0.171619
v 0.039415 -0.267045 -0.171252
v 0.039036 -0.268700 -0.172684
v 0.039531 -0.268079 -0.172425
v 0.039084 -0.267931 -0.172580
v 0.039756 -0.267749 -0.173290
v 0.038993 -0.268741 -0.172949
v 0.039138 -0.267834 -0.172818
v 0.038768 -0.266663 -0.171723
v 0.039623 -0.266724 -0.172668
v 0.039072 -0.267141 -0.172417
v 0.039469 -0.267413 -0.171980
v 0.038877 -0.266949 -0.171606
v 0.039031 -0.267338 -0.172212
v 0.040843 -0.269950 -0.178968
v 0.040843 -0.268651 -0.180913
v 0.040526 -0.267644 -0.180948
v 0.040526 -0.269597 -0.178025
v 0.040843 -0.269219 -0.179378
v 0.040273 -0.269674 -0.178863
v 0.040363 -0.269009 -0.179294
v 0.040273 -0.268447 -0.180698
v 0.040843 -0.268749 -0.180081
v 0.040363 -0.268591 -0.179918
v 0.040885 -0.267793 -0.179693
v 0.040171 -0.268123 -0.180709
v 0.040369 -0.268313 -0.179800
v 0.040171 -0.269560 -0.178559
v 0.040885 -0.268495 -0.178643
v 0.040369 -0.268792 -0.179083
v 0.001166 -0.277746 -0.272162
v -0.000510 -0.278867 -0.271251
v -0.003110 -0.276041 -0.273450
v 0.000348 -0.276879 -0.272611
v 0.000405 -0.277877 -0.271813
v 0.000893 -0.277703 -0.272786
v -0.000141 -0.277788 -0.272736
v -0.001846 -0.278771 -0.273737
v -0.000202 -0.278285 -0.271483
v -0.001064 -0.278127 -0.273051
v -0.001967 -0.276452 -0.273038
v -0.002707 -0.277818 -0.274448
v -0.001593 -0.277552 -0.273502
v 0.000620 -0.277414 -0.272936
v -0.000702 -0.276758 -0.272732
v -0.000482 -0.277425 -0.273025
v 0.001629 -0.200818 -0.194621
v 0.000348 -0.200385 -0.196116
v -0.003011 -0.199591 -0.196911
v -0.000052 -0.201554 -0.193154
v 0.001216 -0.200212 -0.194968
v 0.000908 -0.201211 -0.194338
v 0.000147 -0.200298 -0.194838
v -0.000689 -0.200270 -0.196232
v 0.000761 -0.200058 -0.195499
v -0.000378 -0.199984 -0.195478
v -0.002588 -0.198953 -0.195454
v -0.001918 -0.199980 -0.196521
v -0.001499 -0.199636 -0.195468
v 0.000298 -0.201478 -0.193804
v -0.001542 -0.199628 -0.194108
v -0.000787 -0.200097 -0.194571
v 0.039415 -0.260409 -0.181182
v 0.039073 -0.260410 -0.180222
v 0.039445 -0.263116 -0.182208
v 0.039586 -0.262258 -0.182417
v 0.038877 -0.260700 -0.180958
v 0.039469 -0.261223 -0.181244
v 0.039031 -0.261409 -0.181086
v 0.039623 -0.261595 -0.180343
v 0.038768 -0.260699 -0.180649
v 0.039072 -0.261523 -0.180825
v 0.038993 -0.262627 -0.182099
v 0.039756 -0.262562 -0.181053
v 0.039138 -0.262159 -0.181312
v 0.039531 -0.261889 -0.181689
v 0.039037 -0.262366 -0.182163
v 0.039084 -0.261976 -0.181492
v 0.002290 -0.201058 -0.187799
v -0.000300 -0.199868 -0.187580
v 0.000897 -0.200323 -0.187899
v -0.000051 -0.199887 -0.187819
v 0.002290 -0.250445 -0.113886
v -0.000300 -0.249787 -0.112870
v 0.000897 -0.250257 -0.113168
v -0.000051 -0.250016 -0.112796
v 0.038305 -0.259299 -0.174665
v 0.038305 -0.260599 -0.172720
v 0.038125 -0.261402 -0.172691
v 0.038125 -0.259580 -0.175418
v 0.038305 -0.260030 -0.174255
v 0.037783 -0.259636 -0.174730
v 0.037894 -0.260250 -0.174318
v 0.037783 -0.260788 -0.173006
v 0.038305 -0.260500 -0.173552
v 0.037894 -0.260642 -0.173731
v 0.038593 -0.261261 -0.173864
v 0.037730 -0.261028 -0.172998
v 0.037966 -0.260847 -0.173821
v 0.037730 -0.259720 -0.174955
v 0.038593 -0.260610 -0.174839
v 0.037966 -0.260412 -0.174472
v 0.001166 -0.272162 -0.277746
v 0.000348 -0.272611 -0.276879
v -0.003110 -0.273450 -0.276041
v -0.000510 -0.271251 -0.278867
v 0.000893 -0.272786 -0.277703
v 0.000405 -0.271813 -0.277877
v -0.000141 -0.272736 -0.277788
v -0.000702 -0.272732 -0.276758
v 0.000620 -0.272936 -0.277414
v -0.000482 -0.273025 -0.277425
v -0.002707 -0.274448 -0.277818
v -0.001967 -0.273038 -0.276452
v -0.001593 -0.273502 -0.277552
v -0.000202 -0.271483 -0.278285
v -0.001846 -0.273737 -0.278771
v -0.001064 -0.273051 -0.278127
v 0.001629 -0.194621 -0.200818
v -0.000052 -0.193154 -0.201554
v -0.003011 -0.196911 -0.199591
v 0.000348 -0.196116 -0.200385
v 0.000908 -0.194338 -0.201211
v 0.001216 -0.194968 -0.200212
v 0.000147 -0.194839 -0.200298
v -0.001542 -0.194108 -0.199628
v 0.000298 -0.193804 -0.201478
v -0.000787 -0.194571 -0.200097
v -0.001918 -0.196521 -0.199980
v -0.002588 -0.195454 -0.198953
v -0.001499 -0.195468 -0.199636
v 0.000761 -0.195499 -0.200058
v -0.000689 -0.196232 -0.200270
v -0.000378 -0.195478 -0.199984
v 0.039586 -0.182417 -0.262258
v 0.039445 -0.182208 -0.263116
v 0.039073 -0.180222 -0.260410
v 0.039415 -0.181182 -0.260409
v 0.039036 -0.182163 -0.262366
v 0.039531 -0.181689 -0.261889
v 0.039084 -0.181492 -0.261976
v 0.039756 -0.181053 -0.262562
v 0.038993 -0.182099 -0.262627
v 0.039138 -0.181312 -0.262159
v 0.038768 -0.180649 -0.260699
v 0.039623 -0.180343 -0.261596
v 0.039072 -0.180825 -0.261523
v 0.039469 -0.181244 -0.261223
v 0.038877 -0.180958 -0.260700
v 0.039031 -0.181086 -0.261409
v 0.040843 -0.180913 -0.268651
v 0.040843 -0.178968 -0.269950
v 0.040526 -0.178025 -0.269597
v 0.040526 -0.180948 -0.267644
v 0.040843 -0.180081 -0.268749
v 0.040273 -0.180698 -0.268447
v 0.040363 -0.179919 -0.268591
v 0.040273 -0.178863 -0.269674
v 0.040843 -0.179378 -0.269219
v 0.040363 -0.179294 -0.269009
v 0.040885 -0.178643 -0.268495
v 0.040171 -0.178559 -0.269560
v 0.040369 -0.179083 -0.268792
v 0.040171 -0.180709 -0.268123
v 0.040885 -0.179693 -0.267793
v 0.040369 -0.179800 -0.268313
v 0.002290 -0.113886 -0.250445
v -0.000300 -0.112870 -0.249787
v 0.000897 -0.113168 -0.250257
v -0.000051 -0.112796 -0.250016
v 0.002290 -0.187799 -0.201058
v -0.000300 -0.187580 -0.199868
v 0.000897 -0.187899 -0.200323
v -0.000051 -0.187819 -0.199887
v 0.038305 -0.172720 -0.260599
v 0.038305 -0.174665 -0.259299
v 0.038125 -0.175418 -0.259580
v 0.038125 -0.172691 -0.261402
v 0.038305 -0.173552 -0.260500
v 0.037783 -0.173006 -0.260788
v 0.037894 -0.173731 -0.260642
v 0.037783 -0.174730 -0.259636
v 0.038305 -0.174255 -0.260030
v 0.037894 -0.174318 -0.260250
v 0.038593 -0.174839 -0.260610
v 0.037730 -0.174955 -0.259720
v 0.037966 -0.174472 -0.260412
v 0.037730 -0.172998 -0.261028
v 0.038593 -0.173864 -0.261261
v 0.037966 -0.173821 -0.260847
v 0.001166 -0.152452 -0.357733
v -0.000510 -0.153836 -0.357321
v -0.003110 -0.150384 -0.358271
v 0.000348 -0.151479 -0.357817
v 0.000405 -0.152707 -0.357462
v 0.000893 -0.152174 -0.358294
v -0.000141 -0.152271 -0.358280
v -0.001846 -0.152796 -0.359581
v -0.000202 -0.153210 -0.357313
v -0.001064 -0.152464 -0.358701
v -0.001967 -0.150921 -0.358048
v -0.002707 -0.151644 -0.359874
v -0.001593 -0.151760 -0.358898
v 0.000620 -0.151849 -0.358322
v -0.000702 -0.151321 -0.357882
v -0.000482 -0.151826 -0.358408
v 0.001629 -0.111053 -0.256656
v 0.000348 -0.110081 -0.257872
v -0.003011 -0.109043 -0.258302
v -0.000052 -0.112294 -0.255582
v 0.001216 -0.110361 -0.256745
v 0.000908 -0.111525 -0.256545
v 0.000147 -0.110490 -0.256658
v -0.000689 -0.109930 -0.257934
v 0.000761 -0.110015 -0.257177
v -0.000378 -0.109955 -0.257129
v -0.002588 -0.109011 -0.256712
v -0.001918 -0.109552 -0.258091
v -0.001499 -0.109637 -0.256986
v 0.000298 -0.111976 -0.256154
v -0.001542 -0.110150 -0.255727
v -0.000787 -0.110406 -0.256334
v 0.039415 -0.171252 -0.267045
v 0.039073 -0.171619 -0.266158
v 0.039445 -0.173359 -0.269029
v 0.039586 -0.172487 -0.268893
v 0.038877 -0.171606 -0.266949
v 0.039469 -0.171980 -0.267413
v 0.039031 -0.172212 -0.267339
v 0.039623 -0.172668 -0.266724
v 0.038768 -0.171723 -0.266663
v 0.039072 -0.172417 -0.267141
v 0.038993 -0.172949 -0.268741
v 0.039756 -0.173290 -0.267749
v 0.039138 -0.172818 -0.267834
v 0.039531 -0.172425 -0.268079
v 0.039036 -0.172684 -0.268700
v 0.039084 -0.172581 -0.267931
v 0.040843 -0.064334 -0.317433
v 0.040843 -0.062040 -0.317890
v 0.040526 -0.061303 -0.317202
v 0.040526 -0.064751 -0.316516
v 0.040843 -0.063527 -0.317206
v 0.040273 -0.064213 -0.317163
v 0.040363 -0.063438 -0.316998
v 0.040273 -0.062048 -0.317594
v 0.040843 -0.062698 -0.317371
v 0.040363 -0.062701 -0.317144
v 0.040885 -0.062296 -0.316421
v 0.040171 -0.061811 -0.317373
v 0.040369 -0.062588 -0.316864
v 0.040171 -0.064347 -0.316868
v 0.040885 -0.063535 -0.316175
v 0.040369 -0.063434 -0.316696
v 0.001166 -0.145156 -0.360755
v 0.000348 -0.145903 -0.360127
v -0.003110 -0.146998 -0.359673
v -0.000510 -0.143885 -0.361443
v 0.000893 -0.145749 -0.360955
v 0.000405 -0.144784 -0.360743
v -0.000141 -0.145670 -0.361014
v -0.000702 -0.146061 -0.360061
v 0.000620 -0.145998 -0.360745
v -0.000482 -0.146076 -0.360790
v -0.002707 -0.147241 -0.361697
v -0.001967 -0.146461 -0.359895
v -0.001593 -0.146468 -0.361090
v -0.000202 -0.144323 -0.360994
v -0.001846 -0.146219 -0.362306
v -0.001064 -0.145832 -0.361448
v 0.001629 -0.102956 -0.260010
v -0.000052 -0.101320 -0.260128
v -0.003011 -0.105542 -0.259752
v 0.000348 -0.104504 -0.260182
v 0.000908 -0.102545 -0.260265
v 0.001216 -0.103509 -0.259583
v 0.000147 -0.103357 -0.259612
v -0.001542 -0.102938 -0.258714
v 0.000298 -0.101949 -0.260307
v -0.000787 -0.103186 -0.259324
v -0.001918 -0.105033 -0.259963
v -0.002588 -0.104440 -0.258606
v -0.001499 -0.104192 -0.259242
v 0.000761 -0.104059 -0.259644
v -0.000689 -0.104654 -0.260120
v -0.000378 -0.104067 -0.259567
v 0.039586 -0.068170 -0.312103
v 0.039445 -0.067649 -0.312815
v 0.039073 -0.066849 -0.309555
v 0.039415 -0.067736 -0.309922
v 0.039036 -0.067893 -0.312106
v 0.039531 -0.067638 -0.311483
v 0.039084 -0.067423 -0.311489
v 0.039756 -0.066793 -0.311861
v 0.038993 -0.067735 -0.312322
v 0.039138 -0.067187 -0.311588
v 0.038768 -0.067133 -0.309986
v 0.039623 -0.066507 -0.310697
v 0.039072 -0.066980 -0.310814
v 0.039469 -0.067482 -0.310698
v 0.038877 -0.067418 -0.310105
v 0.039031 -0.067265 -0.310809
v 0.002290 -0.009376 -0.274964
v -0.000300 -0.008689 -0.273967
v 0.000897 -0.008785 -0.274515
v -0.000051 -0.008533 -0.274150
v 0.002290 -0.096562 -0.257621
v -0.000300 -0.096815 -0.256437
v 0.000897 -0.096936 -0.256980
v -0.000051 -0.097029 -0.256547
v 0.038305 -0.059845 -0.306859
v 0.038305 -0.062140 -0.306402
v 0.038125 -0.062728 -0.306950
v 0.038125 -0.059512 -0.307590
v 0.038305 -0.060652 -0.307086
v 0.037783 -0.060038 -0.307144
v 0.037894 -0.060764 -0.307286
v 0.037783 -0.062071 -0.306739
v 0.038305 -0.061481 -0.306921
v 0.037894 -0.061455 -0.307149
v 0.038593 -0.061799 -0.307680
v 0.037730 -0.062246 -0.306902
v 0.037966 -0.061536 -0.307357
v 0.037730 -0.059938 -0.307362
v 0.038593 -0.060649 -0.307909
v 0.037966 -0.060768 -0.307509
v 0.001629 -0.004382 -0.279617
v 0.000348 -0.003018 -0.280369
v -0.003011 -0.001895 -0.280369
v -0.000052 -0.005939 -0.279101
v 0.001216 -0.003708 -0.279434
v 0.000908 -0.004860 -0.279696
v 0.000147 -0.003860 -0.279404
v -0.000689 -0.002855 -0.280369
v 0.000761 -0.003224 -0.279701
v -0.000378 -0.003186 -0.279634
v -0.002588 -0.002474 -0.278888
v -0.001918 -0.002445 -0.280369
v -0.001499 -0.002947 -0.279381
v 0.000298 -0.005426 -0.279507
v -0.001542 -0.003903 -0.278414
v -0.000787 -0.003907 -0.279072
v 0.001166 -0.003948 -0.388843
v -0.000510 -0.005386 -0.388992
v -0.003110 -0.001832 -0.388548
v 0.000348 -0.003018 -0.388548
v 0.000405 -0.004288 -0.388690
v 0.000893 -0.003477 -0.389255
v -0.000141 -0.003573 -0.389279
v -0.001846 -0.003560 -0.390682
v -0.000202 -0.004810 -0.388745
v -0.001064 -0.003589 -0.389742
v -0.001967 -0.002414 -0.388548
v -0.002707 -0.002383 -0.390511
v -0.001593 -0.002864 -0.389654
v 0.000620 -0.003166 -0.389156
v -0.000702 -0.002847 -0.388548
v -0.000482 -0.003112 -0.389227
v 0.039415 -0.056022 -0.312252
v 0.039073 -0.056701 -0.311573
v 0.039445 -0.057210 -0.314892
v 0.039586 -0.056456 -0.314433
v 0.038877 -0.056386 -0.312299
v 0.039469 -0.056554 -0.312871
v 0.039031 -0.056797 -0.312891
v 0.039623 -0.057454 -0.312498
v 0.038768 -0.056604 -0.312080
v 0.039072 -0.057062 -0.312787
v 0.038993 -0.056941 -0.314469
v 0.039756 -0.057636 -0.313683
v 0.039138 -0.057167 -0.313581
v 0.039531 -0.056710 -0.313657
v 0.039036 -0.056712 -0.314330
v 0.039084 -0.056911 -0.313580
v 0.040843 0.062040 -0.317890
v 0.040843 0.064334 -0.317433
v 0.040526 0.064751 -0.316516
v 0.040526 0.061303 -0.317202
v 0.040843 0.062698 -0.317371
v 0.040273 0.062048 -0.317594
v 0.040363 0.062701 -0.317144
v 0.040273 0.064213 -0.317163
v 0.040843 0.063527 -0.317206
v 0.040363 0.063438 -0.316998
v 0.040885 0.063535 -0.316175
v 0.040171 0.064347 -0.316868
v 0.040369 0.063434 -0.316695
v 0.040171 0.061811 -0.317373
v 0.040885 0.062296 -0.316421
v 0.040369 0.062588 -0.316864
v 0.001166 0.145156 -0.360755
v -0.000510 0.143885 -0.361443
v -0.003110 0.146998 -0.359673
v 0.000348 0.145903 -0.360127
v 0.000405 0.144784 -0.360743
v 0.000893 0.145749 -0.360955
v -0.000141 0.145670 -0.361014
v -0.001846 0.146219 -0.362306
v -0.000202 0.144322 -0.360994
v -0.001064 0.145832 -0.361448
v -0.001967 0.146461 -0.359895
v -0.002707 0.147241 -0.361697
v -0.001593 0.146468 -0.361090
v 0.000620 0.145998 -0.360745
v -0.000702 0.146061 -0.360061
v -0.000482 0.146076 -0.360790
v 0.001629 0.102956 -0.260010
v 0.000348 0.104504 -0.260182
v -0.003011 0.105542 -0.259752
v -0.000052 0.101320 -0.260128
v 0.001216 0.103509 -0.259583
v 0.000908 0.102545 -0.260265
v 0.000147 0.103357 -0.259612
v -0.000689 0.104655 -0.260120
v 0.000761 0.104059 -0.259644
v -0.000378 0.104067 -0.259567
v -0.002588 0.104440 -0.258606
v -0.001918 0.105033 -0.259963
v -0.001499 0.104192 -0.259242
v 0.000298 0.101949 -0.260307
v -0.001542 0.102938 -0.258714
v -0.000787 0.103186 -0.259324
v 0.039415 0.067736 -0.309922
v 0.039073 0.066849 -0.309555
v 0.039445 0.067649 -0.312815
v 0.039586 0.068170 -0.312102
v 0.038877 0.067418 -0.310105
v 0.039469 0.067482 -0.310698
v 0.039031 0.067265 -0.310809
v 0.039623 0.066507 -0.310697
v 0.038768 0.067133 -0.309986
v 0.039072 0.066980 -0.310814
v 0.038993 0.067735 -0.312322
v 0.039756 0.066793 -0.311861
v 0.039138 0.067187 -0.311588
v 0.039531 0.067638 -0.311483
v 0.039036 0.067893 -0.312106
v 0.039084 0.067423 -0.311489
v 0.001629 0.004382 -0.279617
v -0.000052 0.005939 -0.279101
v -0.003011 0.001895 -0.280369
v 0.000348 0.003018 -0.280369
v 0.000908 0.004860 -0.279696
v 0.001216 0.003708 -0.279434
v 0.000147 0.003860 -0.279404
v -0.001542 0.003903 -0.278414
v 0.000298 0.005426 -0.279507
v -0.000787 0.003907 -0.279072
v -0.001918 0.002445 -0.280369
v -0.002588 0.002474 -0.278888
v -0.001499 0.002947 -0.279381
v 0.000761 0.003224 -0.279701
v -0.000689 0.002855 -0.280369
v -0.000378 0.003186 -0.279634
v 0.001166 0.003948 -0.388843
v 0.000348 0.003018 -0.388548
v -0.003110 0.001832 -0.388548
v -0.000510 0.005386 -0.388992
v 0.000893 0.003477 -0.389255
v 0.000405 0.004288 -0.388690
v -0.000141 0.003573 -0.389279
v -0.000702 0.002847 -0.388548
v 0.000620 0.003166 -0.389156
v -0.000482 0.003112 -0.389227
v -0.002707 0.002383 -0.390511
v -0.001967 0.002414 -0.388548
v -0.001593 0.002864 -0.389654
v -0.000202 0.004810 -0.388745
v -0.001846 0.003560 -0.390682
v -0.001064 0.003589 -0.389742
v 0.039586 0.056456 -0.314433
v 0.039445 0.057210 -0.314892
v 0.039073 0.056702 -0.311573
v 0.039415 0.056022 -0.312252
v 0.039036 0.056712 -0.314330
v 0.039531 0.056710 -0.313657
v 0.039084 0.056911 -0.313580
v 0.039756 0.057636 -0.313683
v 0.038993 0.056941 -0.314469
v 0.039138 0.057167 -0.313581
v 0.038768 0.056604 -0.312080
v 0.039623 0.057454 -0.312498
v 0.039072 0.057062 -0.312787
v 0.039469 0.056554 -0.312871
v 0.038877 0.056386 -0.312299
v 0.039031 0.056797 -0.312891
v 0.002290 0.096562 -0.257621
v -0.000300 0.096815 -0.256437
v 0.000897 0.096936 -0.256980
v -0.000051 0.097029 -0.256547
v 0.002290 0.009376 -0.274964
v -0.000300 0.008689 -0.273967
v 0.000897 0.008785 -0.274515
v -0.000051 0.008533 -0.274150
v 0.038305 0.062140 -0.306402
v 0.038305 0.059845 -0.306859
v 0.038125 0.059512 -0.307590
v 0.038125 0.062728 -0.306950
v 0.038305 0.061481 -0.306921
v 0.037783 0.062071 -0.306739
v 0.037894 0.061455 -0.307148
v 0.037783 0.060038 -0.307144
v 0.038305 0.060652 -0.307086
v 0.037894 0.060764 -0.307286
v 0.038593 0.060650 -0.307909
v 0.037730 0.059938 -0.307361
v 0.037966 0.060768 -0.307509
v 0.037730 0.062246 -0.306902
v 0.038593 0.061799 -0.307680
v 0.037966 0.061536 -0.307357
v 0.002290 0.187799 -0.201058
v -0.000300 0.187580 -0.199868
v 0.000897 0.187899 -0.200323
v -0.000051 0.187819 -0.199887
v 0.002290 0.113886 -0.250445
v -0.000300 0.112870 -0.249787
v 0.000897 0.113168 -0.250257
v -0.000051 0.112796 -0.250016
v 0.038305 0.174665 -0.259299
v 0.038305 0.172720 -0.260599
v 0.038125 0.172691 -0.261402
v 0.038125 0.175418 -0.259580
v 0.038305 0.174255 -0.260030
v 0.037783 0.174730 -0.259636
v 0.037894 0.174318 -0.260250
v 0.037783 0.173006 -0.260788
v 0.038305 0.173552 -0.260500
v 0.037894 0.173732 -0.260642
v 0.038593 0.173864 -0.261261
v 0.037730 0.172998 -0.261028
v 0.037966 0.173821 -0.260847
v 0.037730 0.174955 -0.259720
v 0.038593 0.174839 -0.260610
v 0.037966 0.174472 -0.260412
v 0.001166 0.152452 -0.357733
v 0.000348 0.151479 -0.357817
v -0.003110 0.150384 -0.358271
v -0.000510 0.153836 -0.357321
v 0.000893 0.152174 -0.358294
v 0.000405 0.152707 -0.357462
v -0.000141 0.152271 -0.358280
v -0.000702 0.151321 -0.357882
v 0.000620 0.151849 -0.358322
v -0.000482 0.151826 -0.358408
v -0.002707 0.151644 -0.359874
v -0.001967 0.150921 -0.358048
v -0.001593 0.151760 -0.358898
v -0.000202 0.153210 -0.357313
v -0.001846 0.152796 -0.359581
v -0.001064 0.152464 -0.358701
v 0.001629 0.111053 -0.256656
v -0.000052 0.112294 -0.255582
v -0.003011 0.109043 -0.258302
v 0.000348 0.110081 -0.257872
v 0.000908 0.111525 -0.256545
v 0.001216 0.110361 -0.256745
v 0.000147 0.110490 -0.256658
v -0.001542 0.110150 -0.255727
v 0.000298 0.111976 -0.256154
v -0.000787 0.110406 -0.256334
v -0.001918 0.109552 -0.258091
v -0.002588 0.109011 -0.256712
v -0.001499 0.109637 -0.256986
v 0.000761 0.110015 -0.257177
v -0.000689 0.109930 -0.257934
v -0.000378 0.109955 -0.257129
v 0.039586 0.172487 -0.268893
v 0.039445 0.173359 -0.269029
v 0.039073 0.171619 -0.266158
v 0.039415 0.171252 -0.267045
v 0.039036 0.172684 -0.268700
v 0.039531 0.172425 -0.268079
v 0.039084 0.172581 -0.267931
v 0.039756 0.173290 -0.267749
v 0.038993 0.172949 -0.268741
v 0.039138 0.172818 -0.267834
v 0.038768 0.171723 -0.266663
v 0.039623 0.172668 -0.266724
v 0.039072 0.172417 -0.267141
v 0.039469 0.171980 -0.267413
v 0.038877 0.171606 -0.266949
v 0.039031 0.172212 -0.267339
v 0.040843 0.178968 -0.269950
v 0.040843 0.180913 -0.268651
v 0.040526 0.180948 -0.267644
v 0.040526 0.178025 -0.269597
v 0.040843 0.179378 -0.269219
v 0.040273 0.178863 -0.269674
v 0.040363 0.179294 -0.269009
v 0.040273 0.180698 -0.268447
v 0.040843 0.180081 -0.268749
v 0.040363 0.179919 -0.268591
v 0.040885 0.179693 -0.267793
v 0.040171 0.180709 -0.268123
v 0.040369 0.179800 -0.268313
v 0.040171 0.178559 -0.269560
v 0.040885 0.178643 -0.268495
v 0.040369 0.179083 -0.268792
v 0.001166 0.272162 -0.277746
v -0.000510 0.271251 -0.278867
v -0.003110 0.273450 -0.276041
v 0.000348 0.272611 -0.276879
v 0.000405 0.271813 -0.277877
v 0.000893 0.272786 -0.277703
v -0.000141 0.272736 -0.277788
v -0.001846 0.273737 -0.278771
v -0.000202 0.271483 -0.278285
v -0.001064 0.273051 -0.278127
v -0.001967 0.273038 -0.276452
v -0.002707 0.274448 -0.277818
v -0.001593 0.273502 -0.277552
v 0.000620 0.272936 -0.277414
v -0.000702 0.272732 -0.276758
v -0.000482 0.273025 -0.277425
v 0.001629 0.194621 -0.200818
v 0.000348 0.196116 -0.200385
v -0.003011 0.196911 -0.199591
v -0.000052 0.193154 -0.201554
v 0.001216 0.194968 -0.200212
v 0.000908 0.194338 -0.201211
v 0.000147 0.194839 -0.200298
v -0.000689 0.196232 -0.200270
v 0.000761 0.195499 -0.200058
v -0.000378 0.195478 -0.199984
v -0.002588 0.195454 -0.198953
v -0.001918 0.196521 -0.199980
v -0.001499 0.195468 -0.199636
v 0.000298 0.193804 -0.201478
v -0.001542 0.194108 -0.199628
v -0.000787 0.194571 -0.200097
v 0.039415 0.181182 -0.260409
v 0.039073 0.180222 -0.260410
v 0.039445 0.182208 -0.263116
v 0.039586 0.182417 -0.262258
v 0.038877 0.180958 -0.260700
v 0.039469 0.181244 -0.261223
v 0.039031 0.181086 -0.261409
v 0.039623 0.180343 -0.261596
v 0.038768 0.180649 -0.260699
v 0.039072 0.180825 -0.261523
v 0.038993 0.182099 -0.262627
v 0.039756 0.181053 -0.262562
v 0.039138 0.181312 -0.262159
v 0.039531 0.181689 -0.261889
v 0.039036 0.182163 -0.262366
v 0.039084 0.181492 -0.261976
v 0.001166 0.277746 -0.272162
v 0.000348 0.276879 -0.272611
v -0.003110 0.276041 -0.273450
v -0.000510 0.278867 -0.271251
v 0.000893 0.277703 -0.272786
v 0.000405 0.277877 -0.271813
v -0.000141 0.277788 -0.272736
v -0.000702 0.276758 -0.272732
v 0.000620 0.277414 -0.272936
v -0.000482 0.277425 -0.273025
v -0.002707 0.277818 -0.274448
v -0.001967 0.276452 -0.273038
v -0.001593 0.277552 -0.273502
v -0.000202 0.278285 -0.271483
v -0.001846 0.278771 -0.273737
v -0.001064 0.278127 -0.273051
v 0.001629 0.200818 -0.194621
v -0.000052 0.201554 -0.193154
v -0.003011 0.199591 -0.196911
v 0.000348 0.200385 -0.196116
v 0.000908 0.201211 -0.194338
v 0.001216 0.200212 -0.194968
v 0.000147 0.200298 -0.194839
v -0.001542 0.199628 -0.194108
v 0.000298 0.201478 -0.193804
v -0.000787 0.200097 -0.194571
v -0.001918 0.199980 -0.196521
v -0.002588 0.198953 -0.195454
v -0.001499 0.199636 -0.195468
v 0.000761 0.200058 -0.195499
v -0.000689 0.200270 -0.196232
v -0.000378 0.199984 -0.195478
v 0.039415 0.260409 -0.181182
v 0.039586 0.262258 -0.182417
v 0.039445 0.263116 -0.182208
v 0.039073 0.260410 -0.180222
v 0.039469 0.261223 -0.181244
v 0.038877 0.260700 -0.180958
v 0.039031 0.261409 -0.181086
v 0.039036 0.262366 -0.182163
v 0.039531 0.261889 -0.181689
v 0.039084 0.261976 -0.181492
v 0.039756 0.262562 -0.181053
v 0.038993 0.262627 -0.182099
v 0.039138 0.262159 -0.181312
v 0.038768 0.260699 -0.180649
v 0.039623 0.261596 -0.180343
v 0.039072 0.261523 -0.180825
v 0.040843 0.269950 -0.178968
v 0.040526 0.269597 -0.178025
v 0.040526 0.267644 -0.180948
v 0.040843 0.268651 -0.180913
v 0.040273 0.269674 -0.178863
v 0.040843 0.269219 -0.179378
v 0.040363 0.269009 -0.179294
v 0.040885 0.268495 -0.178643
v 0.040171 0.269560 -0.178559
v 0.040369 0.268792 -0.179083
v 0.040171 0.268123 -0.180709
v 0.040885 0.267793 -0.179693
v 0.040369 0.268313 -0.179800
v 0.040843 0.268749 -0.180081
v 0.040273 0.268447 -0.180698
v 0.040363 0.268591 -0.179919
v 0.001166 0.357733 -0.152452
v -0.000510 0.357321 -0.153836
v -0.003110 0.358271 -0.150384
v 0.000348 0.357817 -0.151479
v 0.000405 0.357462 -0.152707
v 0.000893 0.358294 -0.152174
v -0.000141 0.358280 -0.152271
v -0.001846 0.359581 -0.152796
v -0.000202 0.357313 -0.153210
v -0.001064 0.358701 -0.152463
v -0.001967 0.358048 -0.150921
v -0.002707 0.359874 -0.151644
v -0.001593 0.358898 -0.151760
v 0.000620 0.358322 -0.151849
v -0.000702 0.357882 -0.151321
v -0.000482 0.358408 -0.151826
v 0.001629 0.256656 -0.111053
v 0.000348 0.257872 -0.110081
v -0.003011 0.258302 -0.109043
v -0.000052 0.255582 -0.112294
v 0.001216 0.256745 -0.110361
v 0.000908 0.256545 -0.111525
v 0.000147 0.256658 -0.110489
v -0.000689 0.257934 -0.109930
v 0.000761 0.257177 -0.110015
v -0.000378 0.257128 -0.109955
v -0.002588 0.256712 -0.109011
v -0.001918 0.258091 -0.109552
v -0.001499 0.256986 -0.109637
v 0.000298 0.256154 -0.111976
v -0.001542 0.255727 -0.110150
v -0.000787 0.256334 -0.110406
v 0.039586 0.268893 -0.172487
v 0.039415 0.267045 -0.171252
v 0.039073 0.266158 -0.171619
v 0.039445 0.269029 -0.173359
v 0.039531 0.268079 -0.172425
v 0.039036 0.268700 -0.172684
v 0.039084 0.267931 -0.172581
v 0.038877 0.266949 -0.171606
v 0.039469 0.267413 -0.171980
v 0.039031 0.267339 -0.172212
v 0.039623 0.266724 -0.172668
v 0.038768 0.266663 -0.171723
v 0.039072 0.267141 -0.172417
v 0.038993 0.268741 -0.172949
v 0.039756 0.267749 -0.173290
v 0.039138 0.267834 -0.172818
v 0.002290 0.250445 -0.113886
v -0.000300 0.249787 -0.112870
v 0.000897 0.250257 -0.113168
v -0.000051 0.250016 -0.112796
v 0.002290 0.201058 -0.187799
v -0.000300 0.199868 -0.187580
v 0.000897 0.200323 -0.187899
v -0.000051 0.199887 -0.187819
v 0.038305 0.259299 -0.174665
v 0.038125 0.259580 -0.175418
v 0.038125 0.261402 -0.172691
v 0.038305 0.260599 -0.172720
v 0.037783 0.259636 -0.174730
v 0.038305 0.260030 -0.174255
v 0.037894 0.260250 -0.174318
v 0.038593 0.260610 -0.174839
v 0.037730 0.259720 -0.174955
v 0.037966 0.260412 -0.174472
v 0.037730 0.261028 -0.172998
v 0.038593 0.261261 -0.173864
v 0.037966 0.260847 -0.173821
v 0.038305 0.260500 -0.173552
v 0.037783 0.260788 -0.173006
v 0.037894 0.260642 -0.173731
v 0.040843 0.317433 -0.064334
v 0.040843 0.317890 -0.062040
v 0.040526 0.317202 -0.061303
v 0.040526 0.316516 -0.064751
v 0.040843 0.317206 -0.063527
v 0.040273 0.317163 -0.064213
v 0.040363 0.316998 -0.063438
v 0.040273 0.317594 -0.062048
v 0.040843 0.317371 -0.062698
v 0.040363 0.317144 -0.062701
v 0.040885 0.316421 -0.062296
v 0.040171 0.317373 -0.061811
v 0.040369 0.316864 -0.062588
v 0.040171 0.316868 -0.064347
v 0.040885 0.316175 -0.063535
v 0.040369 0.316695 -0.063434
v 0.001166 0.360755 -0.145156
v 0.000348 0.360127 -0.145903
v -0.003110 0.359673 -0.146998
v -0.000510 0.361443 -0.143885
v 0.000893 0.360955 -0.145749
v 0.000405 0.360743 -0.144784
v -0.000141 0.361014 -0.145670
v -0.000702 0.360061 -0.146061
v 0.000620 0.360745 -0.145998
v -0.000482 0.360790 -0.146076
v -0.002707 0.361697 -0.147241
v -0.001967 0.359895 -0.146461
v -0.001593 0.361090 -0.146468
v -0.000202 0.360994 -0.144322
v -0.001846 0.362306 -0.146219
v -0.001064 0.361448 -0.145832
v 0.001629 0.260010 -0.102956
v -0.000052 0.260128 -0.101320
v -0.003011 0.259752 -0.105542
v 0.000348 0.260182 -0.104504
v 0.000908 0.260265 -0.102545
v 0.001216 0.259583 -0.103509
v 0.000147 0.259612 -0.103357
v -0.001542 0.258714 -0.102938
v 0.000298 0.260307 -0.101949
v -0.000787 0.259324 -0.103186
v -0.001918 0.259963 -0.105033
v -0.002588 0.258606 -0.104440
v -0.001499 0.259242 -0.104192
v 0.000761 0.259644 -0.104059
v -0.000689 0.260120 -0.104654
v -0.000378 0.259567 -0.104067
v 0.039586 0.312102 -0.068170
v 0.039445 0.312815 -0.067649
v 0.039073 0.309555 -0.066849
v 0.039415 0.309922 -0.067736
v 0.039036 0.312106 -0.067893
v 0.039531 0.311483 -0.067638
v 0.039084 0.311489 -0.067423
v 0.039756 0.311861 -0.066793
v 0.038993 0.312322 -0.067735
v 0.039138 0.311588 -0.067187
v 0.038768 0.309986 -0.067133
v 0.039623 0.310697 -0.066507
v 0.039072 0.310814 -0.066980
v 0.039469 0.310698 -0.067482
v 0.038877 0.310105 -0.067418
v 0.039031 0.310809 -0.067265
v 0.002290 0.274964 -0.009376
v -0.000300 0.273967 -0.008689
v 0.000897 0.274515 -0.008785
v -0.000051 0.274150 -0.008533
v 0.002290 0.257621 -0.096562
v -0.000300 0.256437 -0.096815
v 0.000897 0.256980 -0.096936
v -0.000051 0.256547 -0.097029
v 0.038305 0.306859 -0.059845
v 0.038305 0.306402 -0.062140
v 0.038125 0.306950 -0.062728
v 0.038125 0.307590 -0.059512
v 0.038305 0.307086 -0.060652
v 0.037783 0.307144 -0.060038
v 0.037894 0.307286 -0.060764
v 0.037783 0.306739 -0.062071
v 0.038305 0.306921 -0.061481
v 0.037894 0.307148 -0.061455
v 0.038593 0.307680 -0.061799
v 0.037730 0.306902 -0.062246
v 0.037966 0.307357 -0.061536
v 0.037730 0.307361 -0.059938
v 0.038593 0.307909 -0.060649
v 0.037966 0.307509 -0.060768
v 0.001166 0.388843 -0.003948
v -0.000510 0.388992 -0.005386
v -0.003110 0.388548 -0.001832
v 0.000348 0.388548 -0.003018
v 0.000405 0.388690 -0.004288
v 0.000893 0.389255 -0.003477
v -0.000141 0.389279 -0.003573
v -0.001846 0.390682 -0.003560
v -0.000202 0.388745 -0.004810
v -0.001064 0.389742 -0.003589
v -0.001967 0.388548 -0.002414
v -0.002707 0.390511 -0.002383
v -0.001593 0.389654 -0.002864
v 0.000620 0.389156 -0.003166
v -0.000702 0.388548 -0.002847
v -0.000482 0.389227 -0.003112
v 0.001629 0.279617 -0.004382
v 0.000348 0.280369 -0.003018
v -0.003011 0.280369 -0.001895
v -0.000052 0.279101 -0.005939
v 0.001216 0.279434 -0.003708
v 0.000908 0.279696 -0.004860
v 0.000147 0.279404 -0.003860
v -0.000689 0.280369 -0.002855
v 0.000761 0.279701 -0.003224
v -0.000378 0.279634 -0.003186
v -0.002588 0.278888 -0.002474
v -0.001918 0.280369 -0.002445
v -0.001499 0.279381 -0.002947
v 0.000298 0.279507 -0.005426
v -0.001542 0.278414 -0.003903
v -0.000787 0.279072 -0.003907
v 0.039415 0.312252 -0.056022
v 0.039073 0.311573 -0.056702
v 0.039445 0.314892 -0.057210
v 0.039586 0.314432 -0.056456
v 0.038877 0.312299 -0.056386
v 0.039469 0.312871 -0.056554
v 0.039031 0.312891 -0.056797
v 0.039623 0.312498 -0.057454
v 0.038768 0.312080 -0.056604
v 0.039072 0.312787 -0.057062
v 0.038993 0.314469 -0.056941
v 0.039756 0.313683 -0.057636
v 0.039138 0.313581 -0.057167
v 0.039531 0.313657 -0.056710
v 0.039036 0.314330 -0.056712
v 0.039084 0.313580 -0.056911
v 0.040843 0.317433 0.064334
v 0.040526 0.316516 0.064751
v 0.040526 0.317202 0.061303
v 0.040843 0.317890 0.062040
v 0.040273 0.317163 0.064213
v 0.040843 0.317206 0.063527
v 0.040363 0.316998 0.063438
v 0.040885 0.316175 0.063535
v 0.040171 0.316868 0.064347
v 0.040369 0.316696 0.063434
v 0.040171 0.317373 0.061811
v 0.040885 0.316421 0.062296
v 0.040369 0.316864 0.062588
v 0.040843 0.317371 0.062698
v 0.040273 0.317594 0.062048
v 0.040363 0.317144 0.062701
v 0.001166 0.388843 0.003948
v 0.000348 0.388548 0.003018
v -0.003110 0.388548 0.001832
v -0.000510 0.388992 0.005386
v 0.000893 0.389255 0.003477
v 0.000405 0.388690 0.004288
v -0.000141 0.389279 0.003573
v -0.000702 0.388548 0.002847
v 0.000620 0.389156 0.003166
v -0.000482 0.389227 0.003112
v -0.002707 0.390511 0.002383
v -0.001967 0.388548 0.002414
v -0.001593 0.389654 0.002864
v -0.000202 0.388745 0.004810
v -0.001846 0.390682 0.003560
v -0.001064 0.389742 0.003589
v 0.001629 0.279617 0.004382
v -0.000052 0.279101 0.005939
v -0.003011 0.280369 0.001895
v 0.000348 0.280369 0.003018
v 0.000908 0.279696 0.004860
v 0.001216 0.279434 0.003708
v 0.000147 0.279404 0.003860
v -0.001542 0.278414 0.003903
v 0.000298 0.279507 0.005426
v -0.000787 0.279072 0.003907
v -0.001918 0.280369 0.002445
v -0.002588 0.278888 0.002474
v -0.001499 0.279381 0.002947
v 0.000761 0.279701 0.003224
v -0.000689 0.280369 0.002855
v -0.000378 0.279634 0.003186
v 0.039415 0.312252 0.056022
v 0.039586 0.314433 0.056456
v 0.039445 0.314892 0.057210
v 0.039073 0.311573 0.056702
v 0.039469 0.312871 0.056554
v 0.038877 0.312299 0.056386
v 0.039031 0.312891 0.056797
v 0.039036 0.314330 0.056712
v 0.039531 0.313657 0.056710
v 0.039084 0.313580 0.056911
v 0.039756 0.313683 0.057636
v 0.038993 0.314469 0.056941
v 0.039138 0.313581 0.057167
v 0.038768 0.312080 0.056604
v 0.039623 0.312498 0.057454
v 0.039072 0.312787 0.057062
v 0.002290 0.257621 0.096562
v -0.000300 0.256437 0.096815
v 0.000897 0.256980 0.096936
v -0.000051 0.256547 0.097029
v 0.002290 0.274964 0.009376
v -0.000300 0.273967 0.008689
v 0.000897 0.274515 0.008785
v -0.000051 0.274150 0.008533
v 0.038305 0.306859 0.059845
v 0.038125 0.307590 0.059512
v 0.038125 0.306950 0.062728
v 0.038305 0.306402 0.062140
v 0.037783 0.307144 0.060038
v 0.038305 0.307086 0.060652
v 0.037894 0.307286 0.060764
v 0.038593 0.307909 0.060649
v 0.037730 0.307362 0.059938
v 0.037966 0.307509 0.060768
v 0.037730 0.306902 0.062246
v 0.038593 0.307680 0.061799
v 0.037966 0.307357 0.061536
v 0.038305 0.306921 0.061481
v 0.037783 0.306739 0.062071
v 0.037894 0.307149 0.061455
v 0.001166 0.360755 0.145156
v -0.000510 0.361443 0.143885
v -0.003110 0.359673 0.146998
v 0.000348 0.360127 0.145903
v 0.000405 0.360743 0.144784
v 0.000893 0.360955 0.145749
v -0.000141 0.361014 0.145670
v -0.001846 0.362306 0.146219
v -0.000202 0.360994 0.144322
v -0.001064 0.361448 0.145832
v -0.001967 0.359895 0.146461
v -0.002707 0.361697 0.147241
v -0.001593 0.361090 0.146468
v 0.000620 0.360745 0.145998
v -0.000702 0.360061 0.146061
v -0.000482 0.360790 0.146076
v 0.001629 0.260010 0.102956
v 0.000348 0.260182 0.104504
v -0.003011 0.259752 0.105542
v -0.000052 0.260128 0.101320
v 0.001216 0.259583 0.103509
v 0.000908 0.260265 0.102545
v 0.000147 0.259613 0.103357
v -0.000689 0.260120 0.104654
v 0.000761 0.259644 0.104059
v -0.000378 0.259567 0.104067
v -0.002588 0.258606 0.104440
v -0.001918 0.259963 0.105033
v -0.001499 0.259242 0.104192
v 0.000298 0.260307 0.101949
v -0.001542 0.258714 0.102938
v -0.000787 0.259324 0.103186
v 0.039586 0.312103 0.068170
v 0.039415 0.309922 0.067736
v 0.039073 0.309555 0.066849
v 0.039445 0.312815 0.067649
v 0.039531 0.311483 0.067638
v 0.039036 0.312106 0.067893
v 0.039084 0.311489 0.067423
v 0.038877 0.310105 0.067418
v 0.039469 0.310698 0.067482
v 0.039031 0.310809 0.067265
v 0.039623 0.310697 0.066507
v 0.038768 0.309986 0.067133
v 0.039072 0.310814 0.066980
v 0.038993 0.312322 0.067735
v 0.039756 0.311861 0.066793
v 0.039138 0.311588 0.067187
v 0.002290 0.201058 0.187799
v -0.000300 0.199868 0.187580
v 0.000897 0.200323 0.187900
v -0.000051 0.199887 0.187819
v 0.002290 0.250445 0.113886
v -0.000300 0.249787 0.112870
v 0.000897 0.250257 0.113168
v -0.000051 0.250016 0.112796
v 0.038305 0.260599 0.172720
v 0.038125 0.261402 0.172691
v 0.038125 0.259580 0.175418
v 0.038305 0.259299 0.174665
v 0.037783 0.260788 0.173006
v 0.038305 0.260500 0.173552
v 0.037894 0.260642 0.173731
v 0.038593 0.261261 0.173864
v 0.037730 0.261028 0.172998
v 0.037966 0.260847 0.173821
v 0.037730 0.259720 0.174955
v 0.038593 0.260610 0.174839
v 0.037966 0.260412 0.174472
v 0.038305 0.260030 0.174255
v 0.037783 0.259636 0.174730
v 0.037894 0.260250 0.174318
v 0.001166 0.357733 0.152452
v 0.000348 0.357817 0.151479
v -0.003110 0.358271 0.150384
v -0.000510 0.357321 0.153836
v 0.000893 0.358294 0.152174
v 0.000405 0.357462 0.152707
v -0.000141 0.358280 0.152271
v -0.000702 0.357882 0.151321
v 0.000620 0.358322 0.151849
v -0.000482 0.358408 0.151826
v -0.002707 0.359874 0.151644
v -0.001967 0.358048 0.150921
v -0.001593 0.358898 0.151760
v -0.000202 0.357313 0.153210
v -0.001846 0.359581 0.152796
v -0.001064 0.358701 0.152464
v 0.001629 0.256656 0.111053
v -0.000052 0.255582 0.112294
v -0.003011 0.258302 0.109043
v 0.000348 0.257872 0.110081
v 0.000908 0.256545 0.111525
v 0.001216 0.256745 0.110361
v 0.000147 0.256658 0.110490
v -0.001542 0.255727 0.110150
v 0.000298 0.256154 0.111976
v -0.000787 0.256334 0.110406
v -0.001918 0.258091 0.109552
v -0.002588 0.256712 0.109011
v -0.001499 0.256986 0.109637
v 0.000761 0.257177 0.110015
v -0.000689 0.257934 0.109930
v -0.000378 0.257129 0.109955
v 0.039415 0.267045 0.171252
v 0.039586 0.268893 0.172487
v 0.039445 0.269029 0.173359
v 0.039073 0.266158 0.171619
v 0.039469 0.267413 0.171980
v 0.038877 0.266949 0.171606
v 0.039031 0.267339 0.172212
v 0.039036 0.268700 0.172684
v 0.039531 0.268079 0.172425
v 0.039084 0.267931 0.172581
v 0.039756 0.267749 0.173290
v 0.038993 0.268741 0.172949
v 0.039138 0.267834 0.172818
v 0.038768 0.266663 0.171723
v 0.039623 0.266724 0.172668
v 0.039072 0.267141 0.172417
v 0.040843 0.268651 0.180913
v 0.040526 0.267644 0.180948
v 0.040526 0.269597 0.178025
v 0.040843 0.269950 0.178968
v 0.040273 0.268447 0.180698
v 0.040843 0.268749 0.180081
v 0.040363 0.268591 0.179919
v 0.040885 0.267793 0.179693
v 0.040171 0.268123 0.180709
v 0.040369 0.268313 0.179800
v 0.040171 0.269560 0.178559
v 0.040885 0.268495 0.178643
v 0.040369 0.268793 0.179083
v 0.040843 0.269219 0.179378
v 0.040273 0.269674 0.178863
v 0.040363 0.269009 0.179294
v 0.001166 0.277746 0.272162
v -0.000510 0.278867 0.271251
v -0.003110 0.276041 0.273450
v 0.000348 0.276879 0.272611
v 0.000405 0.277877 0.271813
v 0.000893 0.277703 0.272786
v -0.000141 0.277788 0.272736
v -0.001846 0.278771 0.273737
v -0.000202 0.278286 0.271483
v -0.001064 0.278127 0.273051
v -0.001967 0.276452 0.273038
v -0.002707 0.277818 0.274448
v -0.001593 0.277552 0.273502
v 0.000620 0.277414 0.272936
v -0.000702 0.276758 0.272732
v -0.000482 0.277425 0.273025
v 0.001629 0.200818 0.194621
v 0.000348 0.200385 0.196116
v -0.003011 0.199591 0.196911
v -0.000052 0.201554 0.193154
v 0.001216 0.200212 0.194968
v 0.000908 0.201211 0.194338
v 0.000147 0.200298 0.194839
v -0.000689 0.200270 0.196232
v 0.000761 0.200058 0.195499
v -0.000378 0.199984 0.195478
v -0.002588 0.198953 0.195454
v -0.001918 0.199980 0.196521
v -0.001499 0.199636 0.195468
v 0.000298 0.201478 0.193804
v -0.001542 0.199628 0.194108
v -0.000787 0.200097 0.194571
v 0.039586 0.262258 0.182417
v 0.039415 0.260409 0.181182
v 0.039073 0.260410 0.180222
v 0.039445 0.263116 0.182208
v 0.039531 0.261889 0.181689
v 0.039036 0.262366 0.182163
v 0.039084 0.261976 0.181492
v 0.038877 0.260700 0.180958
v 0.039469 0.261223 0.181244
v 0.039031 0.261409 0.181086
v 0.039623 0.261596 0.180343
v 0.038768 0.260699 0.180649
v 0.039072 0.261523 0.180825
v 0.038993 0.262627 0.182099
v 0.039756 0.262562 0.181053
v 0.039138 0.262159 0.181312
v 0.001166 0.272162 0.277746
v 0.000348 0.272611 0.276879
v -0.003110 0.273450 0.276041
v -0.000510 0.271251 0.278867
v 0.000893 0.272786 0.277703
v 0.000405 0.271813 0.277877
v -0.000141 0.272736 0.277788
v -0.000702 0.272732 0.276758
v 0.000620 0.272936 0.277414
v -0.000482 0.273025 0.277425
v -0.002707 0.274448 0.277818
v -0.001967 0.273038 0.276452
v -0.001593 0.273502 0.277552
v -0.000202 0.271483 0.278285
v -0.001846 0.273737 0.278771
v -0.001064 0.273051 0.278127
v 0.001629 0.194621 0.200818
v -0.000052 0.193154 0.201554
v -0.003011 0.196911 0.199591
v 0.000348 0.196116 0.200385
v 0.000908 0.194338 0.201211
v 0.001216 0.194968 0.200212
v 0.000147 0.194839 0.200298
v -0.001542 0.194108 0.199628
v 0.000298 0.193804 0.201478
v -0.000787 0.194571 0.200097
v -0.001918 0.196522 0.199980
v -0.002588 0.195454 0.198953
v -0.001499 0.195468 0.199636
v 0.000761 0.195499 0.200058
v -0.000689 0.196232 0.200270
v -0.000378 0.195478 0.199984
v 0.039415 0.181182 0.260409
v 0.039586 0.182417 0.262258
v 0.039445 0.182208 0.263116
v 0.039073 0.180222 0.260410
v 0.039469 0.181244 0.261223
v 0.038877 0.180958 0.260700
v 0.039031 0.181086 0.261409
v 0.039036 0.182163 0.262366
v 0.039531 0.181689 0.261889
v 0.039084 0.181492 0.261976
v 0.039756 0.181053 0.262562
v 0.038993 0.182099 0.262627
v 0.039138 0.181312 0.262159
v 0.038768 0.180649 0.260699
v 0.039623 0.180343 0.261596
v 0.039072 0.180825 0.261523
v 0.002290 0.113886 0.250445
v -0.000300 0.112870 0.249787
v 0.000897 0.113168 0.250257
v -0.000051 0.112796 0.250016
v 0.002290 0.187799 0.201058
v -0.000300 0.187580 0.199868
v 0.000897 0.187899 0.200323
v -0.000051 0.187819 0.199887
v 0.038305 0.174665 0.259299
v 0.038125 0.175418 0.259580
v 0.038125 0.172691 0.261402
v 0.038305 0.172720 0.260599
v 0.037783 0.174730 0.259636
v 0.038305 0.174255 0.260030
v 0.037894 0.174318 0.260250
v 0.038593 0.174839 0.260610
v 0.037730 0.174955 0.259720
v 0.037966 0.174472 0.260412
v 0.037730 0.172998 0.261028
v 0.038593 0.173864 0.261261
v 0.037966 0.173821 0.260847
v 0.038305 0.173552 0.260500
v 0.037783 0.173006 0.260788
v 0.037894 0.173731 0.260642
v 0.040843 0.178968 0.269950
v 0.040526 0.178025 0.269597
v 0.040526 0.180948 0.267644
v 0.040843 0.180913 0.268651
v 0.040273 0.178863 0.269674
v 0.040843 0.179378 0.269219
v 0.040363 0.179294 0.269009
v 0.040885 0.178643 0.268495
v 0.040171 0.178559 0.269560
v 0.040369 0.179083 0.268793
v 0.040171 0.180709 0.268123
v 0.040885 0.179693 0.267793
v 0.040369 0.179800 0.268313
v 0.040843 0.180081 0.268749
v 0.040273 0.180698 0.268447
v 0.040363 0.179919 0.268591
v 0.001166 0.152452 0.357733
v -0.000510 0.153836 0.357321
v -0.003110 0.150384 0.358271
v 0.000348 0.151479 0.357817
v 0.000405 0.152707 0.357462
v 0.000893 0.152174 0.358294
v -0.000141 0.152271 0.358280
v -0.001846 0.152796 0.359581
v -0.000202 0.153210 0.357313
v -0.001064 0.152464 0.358701
v -0.001967 0.150921 0.358048
v -0.002707 0.151644 0.359874
v -0.001593 0.151760 0.358898
v 0.000620 0.151849 0.358322
v -0.000702 0.151321 0.357882
v -0.000482 0.151826 0.358408
v 0.001629 0.111053 0.256656
v 0.000348 0.110081 0.257872
v -0.003011 0.109043 0.258302
v -0.000052 0.112294 0.255582
v 0.001216 0.110361 0.256745
v 0.000908 0.111525 0.256545
v 0.000147 0.110489 0.256658
v -0.000689 0.109930 0.257934
v 0.000761 0.110015 0.257177
v -0.000378 0.109955 0.257128
v -0.002588 0.109011 0.256712
v -0.001918 0.109552 0.258091
v -0.001499 0.109637 0.256986
v 0.000298 0.111976 0.256154
v -0.001542 0.110150 0.255727
v -0.000787 0.110406 0.256334
v 0.039586 0.172487 0.268893
v 0.039415 0.171252 0.267045
v 0.039073 0.171619 0.266158
v 0.039445 0.173359 0.269029
v 0.039531 0.172425 0.268079
v 0.039036 0.172684 0.268700
v 0.039084 0.172581 0.267931
v 0.038877 0.171606 0.266949
v 0.039469 0.171980 0.267413
v 0.039031 0.172212 0.267339
v 0.039623 0.172668 0.266724
v 0.038768 0.171723 0.266663
v 0.039072 0.172417 0.267141
v 0.038993 0.172949 0.268741
v 0.039756 0.173290 0.267749
v 0.039138 0.172818 0.267834
v 0.002290 0.009376 0.274964
v -0.000300 0.008689 0.273967
v 0.000897 0.008785 0.274515
v -0.000051 0.008533 0.274150
v 0.002290 0.096562 0.257621
v -0.000300 0.096815 0.256437
v 0.000897 0.096936 0.256980
v -0.000051 0.097029 0.256547
v 0.038305 0.062140 0.306402
v 0.038125 0.062728 0.306950
v 0.038125 0.059512 0.307590
v 0.038305 0.059845 0.306859
v 0.037783 0.062071 0.306739
v 0.038305 0.061481 0.306921
v 0.037894 0.061455 0.307148
v 0.038593 0.061799 0.307680
v 0.037730 0.062246 0.306902
v 0.037966 0.061536 0.307357
v 0.037730 0.059938 0.307361
v 0.038593 0.060649 0.307909
v 0.037966 0.060768 0.307509
v 0.038305 0.060652 0.307086
v 0.037783 0.060038 0.307144
v 0.037894 0.060764 0.307286
v 0.001166 0.145156 0.360755
v 0.000348 0.145903 0.360127
v -0.003110 0.146998 0.359673
v -0.000510 0.143885 0.361443
v 0.000893 0.145749 0.360955
v 0.000405 0.144784 0.360743
v -0.000141 0.145670 0.361014
v -0.000702 0.146061 0.360061
v 0.000620 0.145998 0.360745
v -0.000482 0.146076 0.360790
v -0.002707 0.147241 0.361697
v -0.001967 0.146461 0.359895
v -0.001593 0.146468 0.361090
v -0.000202 0.144323 0.360994
v -0.001846 0.146219 0.362306
v -0.001064 0.145832 0.361448
v 0.001629 0.102956 0.260010
v -0.000052 0.101320 0.260128
v -0.003011 0.105542 0.259752
v 0.000348 0.104504 0.260182
v 0.000908 0.102545 0.260265
v 0.001216 0.103509 0.259583
v 0.000147 0.103357 0.259612
v -0.001542 0.102938 0.258714
v 0.000298 0.101949 0.260307
v -0.000787 0.103186 0.259324
v -0.001918 0.105033 0.259963
v -0.002588 0.104440 0.258606
v -0.001499 0.104192 0.259242
v 0.000761 0.104059 0.259644
v -0.000689 0.104655 0.260120
v -0.000378 0.104067 0.259567
v 0.039415 0.067736 0.309922
v 0.039586 0.068170 0.312102
v 0.039445 0.067649 0.312815
v 0.039073 0.066849 0.309555
v 0.039469 0.067482 0.310698
v 0.038877 0.067418 0.310105
v 0.039031 0.067265 0.310809
v 0.039036 0.067893 0.312106
v 0.039531 0.067638 0.311483
v 0.039084 0.067423 0.311489
v 0.039756 0.066793 0.311861
v 0.038993 0.067735 0.312322
v 0.039138 0.067187 0.311588
v 0.038768 0.067133 0.309986
v 0.039623 0.066507 0.310697
v 0.039072 0.066980 0.310814
v 0.040843 0.062040 0.317890
v 0.040526 0.061303 0.317202
v 0.040526 0.064751 0.316516
v 0.040843 0.064334 0.317433
v 0.040273 0.062048 0.317594
v 0.040843 0.062698 0.317371
v 0.040363 0.062701 0.317144
v 0.040885 0.062296 0.316421
v 0.040171 0.061811 0.317373
v 0.040369 0.062588 0.316864
v 0.040171 0.064347 0.316868
v 0.040885 0.063535 0.316175
v 0.040369 0.063434 0.316695
v 0.040843 0.063527 0.317206
v 0.040273 0.064213 0.317163
v 0.040363 0.063438 0.316998
v 0.001166 0.003948 0.388843
v -0.000510 0.005386 0.388992
v -0.003110 0.001832 0.388548
v 0.000348 0.003018 0.388548
v 0.000405 0.004288 0.388690
v 0.000893 0.003477 0.389255
v -0.000141 0.003573 0.389279
v -0.001846 0.003560 0.390682
v -0.000202 0.004810 0.388745
v -0.001064 0.003589 0.389742
v -0.001967 0.002414 0.388548
v -0.002707 0.002383 0.390511
v -0.001593 0.002864 0.389654
v 0.000620 0.003166 0.389156
v -0.000702 0.002847 0.388548
v -0.000482 0.003112 0.389227
v 0.001629 0.004382 0.279617
v 0.000348 0.003018 0.280369
v -0.003011 0.001895 0.280369
v -0.000052 0.005939 0.279101
v 0.001216 0.003708 0.279434
v 0.000908 0.004860 0.279696
v 0.000147 0.003860 0.279404
v -0.000689 0.002855 0.280369
v 0.000761 0.003224 0.279701
v -0.000378 0.003186 0.279634
v -0.002588 0.002474 0.278888
v -0.001918 0.002445 0.280369
v -0.001499 0.002947 0.279381
v 0.000298 0.005426 0.279507
v -0.001542 0.003903 0.278414
v -0.000787 0.003907 0.279072
v 0.039586 0.056456 0.314432
v 0.039415 0.056022 0.312252
v 0.039073 0.056702 0.311573
v 0.039445 0.057210 0.314892
v 0.039531 0.056710 0.313657
v 0.039036 0.056712 0.314330
v 0.039084 0.056911 0.313580
v 0.038877 0.056386 0.312299
v 0.039469 0.056554 0.312871
v 0.039031 0.056797 0.312891
v 0.039623 0.057454 0.312498
v 0.038768 0.056604 0.312080
v 0.039072 0.057062 0.312787
v 0.038993 0.056941 0.314469
v 0.039756 0.057636 0.313683
v 0.039138 0.057167 0.313581
v 0.001166 -0.003948 0.388843
v 0.000348 -0.003018 0.388548
v -0.003110 -0.001832 0.388548
v -0.000510 -0.005386 0.388992
v 0.000893 -0.003477 0.389255
v 0.000405 -0.004288 0.388690
v -0.000141 -0.003573 0.389279
v -0.000702 -0.002847 0.388548
v 0.000620 -0.003166 0.389156
v -0.000482 -0.003112 0.389227
v -0.002707 -0.002383 0.390511
v -0.001967 -0.002414 0.388548
v -0.001593 -0.002864 0.389654
v -0.000202 -0.004810 0.388745
v -0.001846 -0.003560 0.390682
v -0.001064 -0.003589 0.389742
v 0.001629 -0.004382 0.279617
v -0.000052 -0.005939 0.279101
v -0.003011 -0.001895 0.280369
v 0.000348 -0.003018 0.280369
v 0.000908 -0.004860 0.279696
v 0.001216 -0.003708 0.279434
v 0.000147 -0.003860 0.279404
v -0.001542 -0.003903 0.278414
v 0.000298 -0.005426 0.279507
v -0.000787 -0.003907 0.279072
v -0.001918 -0.002445 0.280369
v -0.002588 -0.002474 0.278888
v -0.001499 -0.002947 0.279381
v 0.000761 -0.003224 0.279701
v -0.000689 -0.002855 0.280369
v -0.000378 -0.003186 0.279634
v 0.039586 -0.056456 0.314432
v 0.039445 -0.057210 0.314892
v 0.039073 -0.056702 0.311573
v 0.039415 -0.056022 0.312252
v 0.039036 -0.056712 0.314330
v 0.039531 -0.056710 0.313657
v 0.039084 -0.056911 0.313580
v 0.039756 -0.057636 0.313683
v 0.038993 -0.056941 0.314469
v 0.039138 -0.057167 0.313581
v 0.038768 -0.056604 0.312080
v 0.039623 -0.057454 0.312498
v 0.039072 -0.057062 0.312787
v 0.039469 -0.056554 0.312871
v 0.038877 -0.056386 0.312299
v 0.039031 -0.056797 0.312891
v 0.002290 -0.096562 0.257621
v -0.000300 -0.096815 0.256437
v 0.000897 -0.096936 0.256980
v -0.000051 -0.097029 0.256547
v 0.002290 -0.009376 0.274964
v -0.000300 -0.008689 0.273967
v 0.000897 -0.008785 0.274515
v -0.000051 -0.008533 0.274150
v 0.038305 -0.062140 0.306402
v 0.038305 -0.059845 0.306859
v 0.038125 -0.059512 0.307590
v 0.038125 -0.062728 0.306950
v 0.038305 -0.061481 0.306921
v 0.037783 -0.062071 0.306739
v 0.037894 -0.061455 0.307148
v 0.037783 -0.060038 0.307144
v 0.038305 -0.060652 0.307086
v 0.037894 -0.060764 0.307286
v 0.038593 -0.060649 0.307909
v 0.037730 -0.059938 0.307361
v 0.037966 -0.060768 0.307509
v 0.037730 -0.062246 0.306902
v 0.038593 -0.061799 0.307680
v 0.037966 -0.061536 0.307357
v 0.040843 -0.062040 0.317890
v 0.040843 -0.064334 0.317433
v 0.040526 -0.064751 0.316516
v 0.040526 -0.061303 0.317202
v 0.040843 -0.062698 0.317371
v 0.040273 -0.062048 0.317594
v 0.040363 -0.062701 0.317144
v 0.040273 -0.064213 0.317163
v 0.040843 -0.063527 0.317206
v 0.040363 -0.063438 0.316998
v 0.040885 -0.063535 0.316175
v 0.040171 -0.064347 0.316868
v 0.040369 -0.063434 0.316695
v 0.040171 -0.061811 0.317373
v 0.040885 -0.062296 0.316421
v 0.040369 -0.062588 0.316864
v 0.001166 -0.145156 0.360755
v -0.000510 -0.143885 0.361443
v -0.003110 -0.146998 0.359673
v 0.000348 -0.145903 0.360127
v 0.000405 -0.144784 0.360743
v 0.000893 -0.145749 0.360955
v -0.000141 -0.145670 0.361014
v -0.001846 -0.146219 0.362306
v -0.000202 -0.144323 0.360994
v -0.001064 -0.145832 0.361448
v -0.001967 -0.146461 0.359895
v -0.002707 -0.147241 0.361697
v -0.001593 -0.146468 0.361090
v 0.000620 -0.145998 0.360745
v -0.000702 -0.146061 0.360061
v -0.000482 -0.146076 0.360790
v 0.001629 -0.102956 0.260010
v 0.000348 -0.104504 0.260182
v -0.003011 -0.105542 0.259752
v -0.000052 -0.101320 0.260128
v 0.001216 -0.103509 0.259583
v 0.000908 -0.102545 0.260265
v 0.000147 -0.103357 0.259612
v -0.000689 -0.104654 0.260120
v 0.000761 -0.104059 0.259644
v -0.000378 -0.104067 0.259567
v -0.002588 -0.104440 0.258606
v -0.001918 -0.105033 0.259963
v -0.001499 -0.104192 0.259242
v 0.000298 -0.101949 0.260307
v -0.001542 -0.102938 0.258714
v -0.000787 -0.103186 0.259324
v 0.039415 -0.067736 0.309922
v 0.039073 -0.066849 0.309555
v 0.039445 -0.067649 0.312815
v 0.039586 -0.068170 0.312102
v 0.038877 -0.067418 0.310105
v 0.039469 -0.067482 0.310698
v 0.039031 -0.067265 0.310809
v 0.039623 -0.066507 0.310697
v 0.038768 -0.067133 0.309986
v 0.039072 -0.066980 0.310814
v 0.038993 -0.067735 0.312322
v 0.039756 -0.066793 0.311861
v 0.039138 -0.067187 0.311588
v 0.039531 -0.067638 0.311483
v 0.039036 -0.067893 0.312106
v 0.039084 -0.067423 0.311489
v 0.040843 -0.180913 0.268651
v 0.040526 -0.180948 0.267644
v 0.040526 -0.178025 0.269597
v 0.040843 -0.178968 0.269950
v 0.040273 -0.180698 0.268447
v 0.040843 -0.180081 0.268749
v 0.040363 -0.179919 0.268591
v 0.040885 -0.179693 0.267793
v 0.040171 -0.180709 0.268123
v 0.040369 -0.179800 0.268313
v 0.040171 -0.178559 0.269560
v 0.040885 -0.178643 0.268495
v 0.040369 -0.179083 0.268792
v 0.040843 -0.179378 0.269219
v 0.040273 -0.178863 0.269674
v 0.040363 -0.179294 0.269009
v 0.001166 -0.152452 0.357733
v 0.000348 -0.151479 0.357817
v -0.003110 -0.150384 0.358271
v -0.000510 -0.153836 0.357321
v 0.000893 -0.152174 0.358294
v 0.000405 -0.152707 0.357462
v -0.000141 -0.152271 0.358280
v -0.000702 -0.151321 0.357882
v 0.000620 -0.151849 0.358322
v -0.000482 -0.151826 0.358408
v -0.002707 -0.151644 0.359874
v -0.001967 -0.150921 0.358048
v -0.001593 -0.151760 0.358898
v -0.000202 -0.153210 0.357313
v -0.001846 -0.152796 0.359581
v -0.001064 -0.152464 0.358701
v 0.001629 -0.111053 0.256656
v -0.000052 -0.112294 0.255582
v -0.003011 -0.109043 0.258302
v 0.000348 -0.110081 0.257872
v 0.000908 -0.111525 0.256545
v 0.001216 -0.110361 0.256745
v 0.000147 -0.110490 0.256658
v -0.001542 -0.110150 0.255727
v 0.000298 -0.111976 0.256154
v -0.000787 -0.110406 0.256334
v -0.001918 -0.109552 0.258091
v -0.002588 -0.109011 0.256712
v -0.001499 -0.109637 0.256986
v 0.000761 -0.110015 0.257177
v -0.000689 -0.109930 0.257934
v -0.000378 -0.109955 0.257129
v 0.039415 -0.171252 0.267045
v 0.039586 -0.172487 0.268893
v 0.039445 -0.173359 0.269029
v 0.039073 -0.171619 0.266158
v 0.039469 -0.171980 0.267413
v 0.038877 -0.171606 0.266949
v 0.039031 -0.172212 0.267339
v 0.039036 -0.172684 0.268700
v 0.039531 -0.172425 0.268079
v 0.039084 -0.172581 0.267931
v 0.039756 -0.173290 0.267749
v 0.038993 -0.172949 0.268741
v 0.039138 -0.172818 0.267834
v 0.038768 -0.171723 0.266663
v 0.039623 -0.172668 0.266724
v 0.039072 -0.172417 0.267141
v 0.001166 -0.272162 0.277746
v -0.000510 -0.271251 0.278867
v -0.003110 -0.273450 0.276041
v 0.000348 -0.272611 0.276879
v 0.000405 -0.271813 0.277877
v 0.000893 -0.272786 0.277703
v -0.000141 -0.272736 0.277788
v -0.001846 -0.273737 0.278771
v -0.000202 -0.271483 0.278285
v -0.001064 -0.273051 0.278127
v -0.001967 -0.273038 0.276452
v -0.002707 -0.274448 0.277818
v -0.001593 -0.273502 0.277552
v 0.000620 -0.272936 0.277414
v -0.000702 -0.272732 0.276758
v -0.000482 -0.273025 0.277425
v 0.001629 -0.194621 0.200818
v 0.000348 -0.196116 0.200385
v -0.003011 -0.196911 0.199591
v -0.000052 -0.193154 0.201554
v 0.001216 -0.194968 0.200212
v 0.000908 -0.194338 0.201211
v 0.000147 -0.194839 0.200298
v -0.000689 -0.196232 0.200270
v 0.000761 -0.195499 0.200058
v -0.000378 -0.195478 0.199984
v -0.002588 -0.195454 0.198953
v -0.001918 -0.196521 0.199980
v -0.001499 -0.195468 0.199636
v 0.000298 -0.193804 0.201478
v -0.001542 -0.194108 0.199628
v -0.000787 -0.194571 0.200097
v 0.039586 -0.182417 0.262258
v 0.039415 -0.181182 0.260409
v 0.039073 -0.180222 0.260410
v 0.039445 -0.182208 0.263116
v 0.039531 -0.181689 0.261889
v 0.039036 -0.182163 0.262366
v 0.039084 -0.181492 0.261976
v 0.038877 -0.180958 0.260700
v 0.039469 -0.181244 0.261223
v 0.039031 -0.181086 0.261409
v 0.039623 -0.180343 0.261596
v 0.038768 -0.180649 0.260699
v 0.039072 -0.180825 0.261523
v 0.038993 -0.182099 0.262627
v 0.039756 -0.181053 0.262562
v 0.039138 -0.181312 0.262159
v 0.002290 -0.187799 0.201058
v -0.000300 -0.187580 0.199868
v 0.000897 -0.187899 0.200323
v -0.000051 -0.187819 0.199887
v 0.002290 -0.113886 0.250445
v -0.000300 -0.112870 0.249787
v 0.000897 -0.113168 0.250257
v -0.000051 -0.112796 0.250016
v 0.038305 -0.172720 0.260599
v 0.038125 -0.172691 0.261402
v 0.038125 -0.175418 0.259580
v 0.038305 -0.174665 0.259299
v 0.037783 -0.173006 0.260788
v 0.038305 -0.173552 0.260500
v 0.037894 -0.173731 0.260642
v 0.038593 -0.173864 0.261261
v 0.037730 -0.172998 0.261028
v 0.037966 -0.173821 0.260847
v 0.037730 -0.174955 0.259720
v 0.038593 -0.174839 0.260610
v 0.037966 -0.174472 0.260412
v 0.038305 -0.174255 0.260030
v 0.037783 -0.174730 0.259636
v 0.037894 -0.174318 0.260250
v 0.001166 -0.277746 0.272162
v 0.000347 -0.276879 0.272611
v -0.003110 -0.276040 0.273449
v -0.000510 -0.278867 0.271251
v 0.000893 -0.277703 0.272786
v 0.000404 -0.277877 0.271813
v -0.000142 -0.277788 0.272736
v -0.000703 -0.276758 0.272732
v 0.000620 -0.277414 0.272936
v -0.000482 -0.277425 0.273025
v -0.002707 -0.277818 0.274448
v -0.001967 -0.276452 0.273038
v -0.001594 -0.277552 0.273502
v -0.000202 -0.278285 0.271483
v -0.001846 -0.278771 0.273737
v -0.001064 -0.278127 0.273051
v 0.001629 -0.200817 0.194620
v -0.000053 -0.201553 0.193153
v -0.003012 -0.199590 0.196910
v 0.000347 -0.200384 0.196116
v 0.000908 -0.201211 0.194337
v 0.001216 -0.200211 0.194967
v 0.000147 -0.200297 0.194838
v -0.001543 -0.199627 0.194108
v 0.000298 -0.201477 0.193803
v -0.000787 -0.200096 0.194570
v -0.001918 -0.199979 0.196521
v -0.002588 -0.198952 0.195454
v -0.001499 -0.199635 0.195468
v 0.000760 -0.200058 0.195499
v -0.000690 -0.200269 0.196231
v -0.000378 -0.199984 0.195477
v 0.039415 -0.260408 0.181173
v 0.039586 -0.262256 0.182408
v 0.039445 -0.263114 0.182199
v 0.039073 -0.260408 0.180213
v 0.039470 -0.261222 0.181235
v 0.038877 -0.260698 0.180949
v 0.039031 -0.261407 0.181077
v 0.039037 -0.262365 0.182154
v 0.039531 -0.261887 0.181680
v 0.039084 -0.261975 0.181483
v 0.039756 -0.262560 0.181044
v 0.038993 -0.262625 0.182090
v 0.039138 -0.262157 0.181303
v 0.038768 -0.260698 0.180640
v 0.039623 -0.261594 0.180334
v 0.039072 -0.261521 0.180816
v 0.040844 -0.269949 0.178959
v 0.040526 -0.269595 0.178016
v 0.040526 -0.267642 0.180939
v 0.040844 -0.268649 0.180904
v 0.040273 -0.269672 0.178854
v 0.040844 -0.269217 0.179369
v 0.040363 -0.269007 0.179285
v 0.040885 -0.268494 0.178634
v 0.040171 -0.269558 0.178550
v 0.040369 -0.268791 0.179073
v 0.040171 -0.268122 0.180700
v 0.040885 -0.267792 0.179684
v 0.040369 -0.268312 0.179791
v 0.040844 -0.268748 0.180072
v 0.040273 -0.268446 0.180689
v 0.040363 -0.268590 0.179909
v 0.002290 -0.250445 0.113886
v -0.000299 -0.249787 0.112870
v 0.000897 -0.250257 0.113168
v -0.000050 -0.250016 0.112796
v 0.002290 -0.201059 0.187798
v -0.000299 -0.199868 0.187579
v 0.000897 -0.200323 0.187898
v -0.000050 -0.199887 0.187818
v 0.038305 -0.259298 0.174656
v 0.038125 -0.259579 0.175409
v 0.038125 -0.261400 0.172682
v 0.038305 -0.260597 0.172711
v 0.037783 -0.259635 0.174722
v 0.038305 -0.260029 0.174246
v 0.037894 -0.260249 0.174309
v 0.038593 -0.260609 0.174830
v 0.037730 -0.259719 0.174946
v 0.037966 -0.260410 0.174463
v 0.037730 -0.261026 0.172989
v 0.038593 -0.261259 0.173855
v 0.037966 -0.260845 0.173812
v 0.038305 -0.260499 0.173543
v 0.037783 -0.260787 0.172997
v 0.037894 -0.260641 0.173723
v 0.001166 -0.357732 0.152451
v -0.000509 -0.357320 0.153836
v -0.003109 -0.358270 0.150383
v 0.000348 -0.357816 0.151479
v 0.000405 -0.357461 0.152706
v 0.000894 -0.358293 0.152173
v -0.000141 -0.358279 0.152271
v -0.001845 -0.359580 0.152796
v -0.000201 -0.357312 0.153209
v -0.001063 -0.358700 0.152463
v -0.001966 -0.358047 0.150920
v -0.002706 -0.359873 0.151643
v -0.001593 -0.358897 0.151760
v 0.000621 -0.358321 0.151848
v -0.000702 -0.357881 0.151320
v -0.000482 -0.358407 0.151825
v 0.001630 -0.256656 0.111053
v 0.000348 -0.257872 0.110081
v -0.003011 -0.258302 0.109043
v -0.000052 -0.255582 0.112294
v 0.001217 -0.256745 0.110361
v 0.000909 -0.256545 0.111525
v 0.000148 -0.256658 0.110489
v -0.000689 -0.257934 0.109930
v 0.000761 -0.257177 0.110015
v -0.000378 -0.257128 0.109955
v -0.002588 -0.256712 0.109011
v -0.001917 -0.258091 0.109552
v -0.001498 -0.256986 0.109637
v 0.000299 -0.256154 0.111976
v -0.001542 -0.255727 0.110150
v -0.000786 -0.256334 0.110406
v 0.039586 -0.268891 0.172478
v 0.039414 -0.267043 0.171243
v 0.039072 -0.266156 0.171610
v 0.039444 -0.269027 0.173350
v 0.039531 -0.268078 0.172416
v 0.039036 -0.268698 0.172675
v 0.039083 -0.267930 0.172572
v 0.038876 -0.266947 0.171597
v 0.039469 -0.267412 0.171971
v 0.039031 -0.267337 0.172203
v 0.039623 -0.266722 0.172659
v 0.038768 -0.266661 0.171714
v 0.039072 -0.267140 0.172408
v 0.038992 -0.268739 0.172940
v 0.039756 -0.267747 0.173281
v 0.039137 -0.267833 0.172809
vn -1.0000 -0.0000 -0.0000
vn 0.1136 0.9876 -0.1086
vn 0.8167 0.5688 -0.0970
vn 0.1717 -0.6866 -0.7065
vn 0.3529 0.9347 -0.0420
vn 0.1846 0.7522 -0.6325
vn 0.4921 0.7966 -0.3510
vn 0.8917 0.2160 -0.3977
vn 0.6278 0.7759 -0.0626
vn 0.7876 0.5144 -0.3392
vn 0.2811 -0.0558 -0.9581
vn 0.6225 -0.3922 -0.6772
vn 0.6570 0.0804 -0.7496
vn 0.1136 0.9540 0.2776
vn 0.8167 0.5626 0.1280
vn 0.1717 -0.3640 -0.9154
vn 0.3529 0.8796 0.3189
vn 0.1846 0.9370 -0.2965
vn 0.4921 0.8703 -0.0195
vn 0.8917 0.3518 -0.2848
vn 0.6278 0.7408 0.2391
vn 0.7876 0.6051 -0.1165
vn 0.2811 0.3150 -0.9065
vn 0.6225 -0.1032 -0.7758
vn 0.6570 0.3611 -0.6618
vn 0.1717 0.0140 -0.9850
vn 0.1136 0.7751 0.6215
vn 0.8167 0.4708 0.3336
vn 0.2811 0.6380 -0.7169
vn 0.6225 0.2015 -0.7562
vn 0.6570 0.5869 -0.4732
vn 0.3529 0.6906 0.6313
vn 0.1846 0.9792 0.0846
vn 0.4921 0.8115 0.3150
vn 0.8917 0.4340 -0.1285
vn 0.6277 0.5929 0.5044
vn 0.7876 0.6036 0.1239
vn 0.1717 0.3900 -0.9047
vn 0.1136 0.4783 0.8708
vn 0.8167 0.3073 0.4884
vn 0.2811 0.8638 -0.4182
vn 0.6225 0.4756 -0.6215
vn 0.6570 0.7233 -0.2125
vn 0.3529 0.3965 0.8475
vn 0.1846 0.8722 0.4529
vn 0.4921 0.6292 0.6016
vn 0.8917 0.4501 0.0474
vn 0.6277 0.3548 0.6929
vn 0.7876 0.5103 0.3455
vn 0.1136 0.1086 0.9876
vn 0.8167 0.0970 0.5688
vn 0.1717 0.7065 -0.6866
vn 0.3529 0.0420 0.9347
vn 0.1846 0.6325 0.7522
vn 0.4921 0.3510 0.7966
vn 0.8917 0.3977 0.2160
vn 0.6278 0.0626 0.7759
vn 0.7876 0.3392 0.5144
vn 0.2811 0.9581 -0.0558
vn 0.6225 0.6772 -0.3922
vn 0.6570 0.7496 0.0804
vn 0.1717 0.9154 -0.3640
vn 0.1136 -0.2776 0.9540
vn 0.8167 -0.1280 0.5626
vn 0.2811 0.9065 0.3151
vn 0.6225 0.7758 -0.1032
vn 0.6570 0.6617 0.3612
vn 0.3529 -0.3189 0.8796
vn 0.1846 0.2965 0.9370
vn 0.4921 0.0195 0.8703
vn 0.8917 0.2848 0.3518
vn 0.6278 -0.2391 0.7408
vn 0.7876 0.1165 0.6051
vn 0.1717 0.9850 0.0140
vn 0.1136 -0.6215 0.7751
vn 0.8167 -0.3336 0.4708
vn 0.2811 0.7169 0.6380
vn 0.6226 0.7562 0.2015
vn 0.6570 0.4732 0.5869
vn 0.3529 -0.6313 0.6906
vn 0.1846 -0.0847 0.9792
vn 0.4921 -0.3150 0.8115
vn 0.8917 0.1285 0.4340
vn 0.6277 -0.5044 0.5929
vn 0.7876 -0.1239 0.6036
vn 0.1717 0.9047 0.3900
vn 0.1136 -0.8708 0.4782
vn 0.8167 -0.4884 0.3073
vn 0.2811 0.4181 0.8638
vn 0.6225 0.6215 0.4756
vn 0.6570 0.2125 0.7233
vn 0.3529 -0.8475 0.3965
vn 0.1846 -0.4530 0.8722
vn 0.4921 -0.6017 0.6292
vn 0.8917 -0.0474 0.4501
vn 0.6277 -0.6929 0.3548
vn 0.7876 -0.3454 0.5103
vn 0.1136 -0.9876 0.1086
vn 0.8167 -0.5688 0.0970
vn 0.1717 0.6866 0.7065
vn 0.3529 -0.9347 0.0420
vn 0.1846 -0.7523 0.6325
vn 0.4921 -0.7966 0.3510
vn 0.8917 -0.2160 0.3977
vn 0.6278 -0.7759 0.0626
vn 0.7876 -0.5144 0.3392
vn 0.2811 0.0558 0.9581
vn 0.6225 0.3922 0.6772
vn 0.6570 -0.0804 0.7496
vn 0.1717 0.3640 0.9154
vn 0.1136 -0.9540 -0.2776
vn 0.8167 -0.5626 -0.1281
vn 0.2811 -0.3150 0.9065
vn 0.6225 0.1032 0.7758
vn 0.6570 -0.3612 0.6618
vn 0.3529 -0.8796 -0.3189
vn 0.1846 -0.9370 0.2965
vn 0.4921 -0.8703 0.0195
vn 0.8917 -0.3518 0.2848
vn 0.6278 -0.7408 -0.2391
vn 0.7876 -0.6051 0.1165
vn 0.1717 -0.0141 0.9850
vn 0.1136 -0.7751 -0.6215
vn 0.8167 -0.4708 -0.3336
vn 0.2811 -0.6380 0.7169
vn 0.6225 -0.2016 0.7562
vn 0.6570 -0.5869 0.4732
vn 0.3529 -0.6906 -0.6313
vn 0.1846 -0.9792 -0.0846
vn 0.4921 -0.8115 -0.3150
vn 0.8917 -0.4340 0.1285
vn 0.6277 -0.5929 -0.5044
vn 0.7876 -0.6036 -0.1239
vn 0.1136 0.2776 0.9540
vn 0.1717 -0.9154 -0.3640
vn 0.8168 0.1280 0.5626
vn 0.1846 -0.2965 0.9370
vn 0.3529 0.3189 0.8796
vn 0.4921 -0.0195 0.8703
vn 0.6226 -0.7757 -0.1032
vn 0.2811 -0.9065 0.3150
vn 0.6570 -0.6618 0.3611
vn 0.6278 0.2390 0.7408
vn 0.8917 -0.2848 0.3518
vn 0.7876 -0.1165 0.6050
vn 0.1136 -0.1086 -0.9876
vn 0.8167 -0.0970 -0.5688
vn 0.1717 -0.7064 0.6866
vn 0.3529 -0.0420 -0.9347
vn 0.1846 -0.6325 -0.7522
vn 0.4921 -0.3511 -0.7966
vn 0.8917 -0.3977 -0.2160
vn 0.6277 -0.0626 -0.7759
vn 0.7876 -0.3392 -0.5144
vn 0.2811 -0.9580 0.0559
vn 0.6226 -0.6772 0.3922
vn 0.6570 -0.7496 -0.0804
vn 0.1136 0.2776 -0.9540
vn 0.8167 0.1280 -0.5626
vn 0.1717 -0.9154 0.3640
vn 0.3529 0.3189 -0.8796
vn 0.1846 -0.2965 -0.9370
vn 0.4921 -0.0194 -0.8703
vn 0.8917 -0.2848 -0.3518
vn 0.6278 0.2390 -0.7408
vn 0.7876 -0.1165 -0.6051
vn 0.2811 -0.9065 -0.3151
vn 0.6225 -0.7758 0.1032
vn 0.6570 -0.6617 -0.3612
vn 0.1717 -0.9850 -0.0140
vn 0.1136 0.6215 -0.7751
vn 0.8167 0.3336 -0.4708
vn 0.2811 -0.7169 -0.6380
vn 0.6226 -0.7562 -0.2016
vn 0.6570 -0.4732 -0.5869
vn 0.3529 0.6313 -0.6906
vn 0.1846 0.0846 -0.9792
vn 0.4921 0.3150 -0.8115
vn 0.8917 -0.1285 -0.4340
vn 0.6277 0.5044 -0.5929
vn 0.7876 0.1239 -0.6036
vn 0.1717 -0.9047 -0.3899
vn 0.1136 0.8708 -0.4782
vn 0.8167 0.4884 -0.3073
vn 0.2811 -0.4181 -0.8638
vn 0.6225 -0.6215 -0.4756
vn 0.6570 -0.2125 -0.7233
vn 0.3529 0.8475 -0.3965
vn 0.1846 0.4530 -0.8722
vn 0.4921 0.6017 -0.6292
vn 0.8917 0.0474 -0.4501
vn 0.6277 0.6929 -0.3548
vn 0.7876 0.3455 -0.5102
vn 0.0943 0.8574 0.5058
vn 0.1411 -0.6786 0.7208
vn 0.7956 0.4888 0.3578
vn 0.0961 0.4925 0.8650
vn 0.3409 0.8141 0.4701
vn 0.3666 0.5316 0.7636
vn 0.4985 -0.4143 0.7615
vn 0.1305 -0.2431 0.9612
vn 0.4494 -0.0742 0.8902
vn 0.6382 0.6462 0.4184
vn 0.7856 0.0991 0.6108
vn 0.6691 0.3234 0.6691
vn 0.1152 0.3217 0.9398
vn 0.7480 0.2399 0.6188
vn 0.1424 0.6752 -0.7238
vn 0.3232 0.2386 0.9158
vn 0.1981 0.8057 0.5582
vn 0.4071 0.5496 0.7295
vn 0.8140 0.5267 0.2449
vn 0.5658 0.2311 0.7915
vn 0.6962 0.4985 0.5166
vn 0.2236 0.9462 -0.2341
vn 0.5556 0.7341 -0.3904
vn 0.5358 0.8435 0.0386
vn 0.1424 0.9892 -0.0343
vn 0.1152 -0.4370 0.8920
vn 0.7481 -0.2679 0.6071
vn 0.2236 0.8345 0.5036
vn 0.5556 0.7952 0.2431
vn 0.5357 0.5692 0.6237
vn 0.3232 -0.4788 0.8162
vn 0.1981 0.1750 0.9644
vn 0.4071 -0.1272 0.9045
vn 0.8140 0.1993 0.5456
vn 0.5658 -0.3963 0.7231
vn 0.6962 -0.0127 0.7178
vn 0.1411 -0.9895 0.0298
vn 0.7956 0.0926 0.5986
vn 0.0944 0.2486 0.9640
vn 0.4984 -0.8314 0.2455
vn 0.1305 -0.8516 0.5078
vn 0.4494 -0.6819 0.5770
vn 0.6383 0.1611 0.7528
vn 0.7856 -0.3618 0.5020
vn 0.6691 -0.2444 0.7018
vn 0.0961 -0.2634 0.9599
vn 0.3409 0.2433 0.9081
vn 0.3666 -0.1640 0.9158
vn 0.1152 -0.9398 0.3217
vn 0.7480 -0.6188 0.2399
vn 0.1424 0.7238 0.6752
vn 0.3232 -0.9158 0.2386
vn 0.1981 -0.5582 0.8057
vn 0.4071 -0.7295 0.5496
vn 0.8140 -0.2449 0.5267
vn 0.5658 -0.7915 0.2311
vn 0.6962 -0.5166 0.4985
vn 0.2236 0.2341 0.9462
vn 0.5556 0.3904 0.7341
vn 0.5357 -0.0386 0.8435
vn 0.1424 0.4103 0.9008
vn 0.1152 -0.9914 -0.0624
vn 0.7480 -0.6635 -0.0152
vn 0.2235 -0.1458 0.9637
vn 0.5556 0.0797 0.8276
vn 0.5357 -0.3584 0.7645
vn 0.3232 -0.9373 -0.1300
vn 0.1981 -0.8240 0.5308
vn 0.4071 -0.8843 0.2287
vn 0.8140 -0.4278 0.3929
vn 0.5658 -0.8197 -0.0894
vn 0.6962 -0.6680 0.2629
vn 0.1424 0.0344 0.9892
vn 0.1151 -0.8920 -0.4371
vn 0.7480 -0.6071 -0.2679
vn 0.2236 -0.5035 0.8346
vn 0.5556 -0.2431 0.7951
vn 0.5357 -0.6237 0.5692
vn 0.3232 -0.8162 -0.4789
vn 0.1981 -0.9644 0.1751
vn 0.4071 -0.9045 -0.1272
vn 0.8140 -0.5456 0.1993
vn 0.5658 -0.7231 -0.3963
vn 0.6962 -0.7178 -0.0127
vn 0.1424 -0.3468 0.9271
vn 0.1152 -0.6569 -0.7452
vn 0.7481 -0.4584 -0.4799
vn 0.2235 -0.7846 0.5783
vn 0.5556 -0.5289 0.6416
vn 0.5357 -0.7941 0.2871
vn 0.3232 -0.5708 -0.7548
vn 0.1981 -0.9580 -0.2074
vn 0.4071 -0.7870 -0.4637
vn 0.8140 -0.5803 -0.0247
vn 0.5658 -0.5164 -0.6428
vn 0.6962 -0.6582 -0.2864
vn 0.1424 -0.6752 0.7238
vn 0.1152 -0.3217 -0.9398
vn 0.7480 -0.2399 -0.6188
vn 0.2235 -0.9462 0.2340
vn 0.5556 -0.7341 0.3904
vn 0.5357 -0.8435 -0.0386
vn 0.3232 -0.2386 -0.9158
vn 0.1981 -0.8057 -0.5582
vn 0.4071 -0.5496 -0.7295
vn 0.8140 -0.5267 -0.2449
vn 0.5658 -0.2311 -0.7915
vn 0.6962 -0.4985 -0.5165
vn 0.1424 -0.9008 0.4103
vn 0.1152 0.0624 -0.9914
vn 0.7481 0.0152 -0.6635
vn 0.2235 -0.9637 -0.1458
vn 0.5556 -0.8276 0.0797
vn 0.5357 -0.7646 -0.3584
vn 0.3232 0.1301 -0.9373
vn 0.1981 -0.5308 -0.8240
vn 0.4071 -0.2287 -0.8843
vn 0.8140 -0.3929 -0.4278
vn 0.5658 0.0894 -0.8197
vn 0.6962 -0.2629 -0.6680
vn 0.1411 0.9028 -0.4062
vn 0.7956 -0.3147 -0.5176
vn 0.0943 -0.5986 -0.7955
vn 0.4984 0.6742 -0.5450
vn 0.1305 0.5924 -0.7950
vn 0.4494 0.4092 -0.7941
vn 0.6383 -0.4369 -0.6338
vn 0.7856 0.1422 -0.6022
vn 0.6691 -0.0427 -0.7419
vn 0.0961 -0.1240 -0.9876
vn 0.3409 -0.5723 -0.7458
vn 0.3666 -0.1990 -0.9089
vn 0.1152 0.9914 -0.0624
vn 0.1424 -0.4104 0.9007
vn 0.7480 0.6635 -0.0152
vn 0.1981 0.8240 0.5308
vn 0.3232 0.9373 -0.1301
vn 0.4071 0.8843 0.2286
vn 0.5556 -0.0798 0.8276
vn 0.2236 0.1458 0.9637
vn 0.5358 0.3584 0.7645
vn 0.5658 0.8197 -0.0894
vn 0.8141 0.4278 0.3928
vn 0.6962 0.6680 0.2629
vn 0.0943 0.1392 -0.9858
vn 0.1411 0.9256 0.3511
vn 0.7956 0.1435 -0.5885
vn 0.0961 0.6107 -0.7860
vn 0.3409 0.1227 -0.9320
vn 0.3666 0.5020 -0.7833
vn 0.4984 0.8621 0.0914
vn 0.1305 0.9810 -0.1432
vn 0.4494 0.8509 -0.2722
vn 0.6382 0.1392 -0.7571
vn 0.7856 0.5264 -0.3253
vn 0.6691 0.4944 -0.5548
vn 0.0943 0.5058 -0.8575
vn 0.1411 0.7208 0.6786
vn 0.7956 0.3578 -0.4888
vn 0.0961 0.8650 -0.4925
vn 0.3409 0.4701 -0.8141
vn 0.3666 0.7635 -0.5316
vn 0.4984 0.7615 0.4143
vn 0.1305 0.9612 0.2431
vn 0.4494 0.8902 0.0742
vn 0.6383 0.4184 -0.6462
vn 0.7856 0.6108 -0.0991
vn 0.6691 0.6691 -0.3234
vn 0.1411 0.4062 0.9028
vn 0.7957 0.5176 -0.3147
vn 0.0943 0.7955 -0.5986
vn 0.4984 0.5450 0.6742
vn 0.1305 0.7950 0.5924
vn 0.4494 0.7941 0.4092
vn 0.6383 0.6338 -0.4369
vn 0.7856 0.6022 0.1422
vn 0.6691 0.7419 -0.0427
vn 0.0961 0.9876 -0.1240
vn 0.3409 0.7458 -0.5723
vn 0.3666 0.9089 -0.1990
vn 0.1424 0.3468 -0.9270
vn 0.1152 0.6569 0.7452
vn 0.7481 0.4584 0.4799
vn 0.2236 0.7846 -0.5783
vn 0.5556 0.5289 -0.6416
vn 0.5357 0.7941 -0.2871
vn 0.3232 0.5708 0.7548
vn 0.1981 0.9580 0.2074
vn 0.4071 0.7870 0.4637
vn 0.8140 0.5803 0.0247
vn 0.5658 0.5164 0.6428
vn 0.6962 0.6582 0.2864
vn 0.1617 -0.4718 -0.8668
vn 0.1480 0.7928 -0.5912
vn 0.9237 0.0578 0.3787
vn 0.1156 -0.0564 -0.9917
vn 0.6034 -0.5058 -0.6165
vn 0.5528 -0.0723 -0.8302
vn 0.5228 0.7931 -0.3126
vn 0.1154 0.4710 -0.8746
vn 0.5110 0.5283 -0.6780
vn 0.9637 -0.2637 -0.0420
vn 0.8688 0.4803 0.1203
vn 0.9353 0.1905 -0.2983
vn 0.1205 0.8868 0.4461
vn 0.9386 -0.3383 0.0673
vn 0.1205 0.6485 -0.7516
vn 0.5403 0.6795 0.4963
vn 0.0993 0.9931 0.0621
vn 0.5009 0.8582 0.1126
vn 0.9403 -0.0237 -0.3396
vn 0.9403 0.1081 0.3228
vn 0.9237 0.3757 -0.0748
vn 0.0993 0.8937 -0.4374
vn 0.5403 0.4378 -0.7186
vn 0.5009 0.7497 -0.4325
vn 0.1480 0.1427 -0.9786
vn 0.9237 0.3087 0.2269
vn 0.1617 -0.9465 -0.2793
vn 0.5228 0.3399 -0.7818
vn 0.1154 -0.2853 -0.9515
vn 0.5110 -0.1057 -0.8530
vn 0.9637 -0.2162 0.1568
vn 0.8688 0.4247 -0.2546
vn 0.9353 -0.0761 -0.3456
vn 0.1157 -0.7411 -0.6613
vn 0.6034 -0.7936 -0.0784
vn 0.5529 -0.6381 -0.5359
vn 0.1205 -0.0728 -0.9900
vn 0.1205 0.9425 -0.3116
vn 0.9386 -0.1916 0.2868
vn 0.0993 0.3227 -0.9413
vn 0.5403 -0.1985 -0.8177
vn 0.5009 0.2244 -0.8359
vn 0.5403 0.8315 -0.1295
vn 0.0993 0.7461 -0.6584
vn 0.5009 0.6864 -0.5272
vn 0.9403 -0.2569 -0.2234
vn 0.9403 0.3047 0.1519
vn 0.9237 0.2128 -0.3185
vn 0.1480 -0.5912 -0.7928
vn 0.9237 0.3787 -0.0578
vn 0.1617 -0.8668 0.4718
vn 0.5228 -0.3126 -0.7931
vn 0.1154 -0.8746 -0.4710
vn 0.5110 -0.6780 -0.5283
vn 0.9637 -0.0420 0.2637
vn 0.8688 0.1203 -0.4803
vn 0.9353 -0.2983 -0.1905
vn 0.1156 -0.9917 0.0564
vn 0.6034 -0.6165 0.5057
vn 0.5528 -0.8302 0.0723
vn 0.1467 0.7579 0.6357
vn 0.1467 -0.4570 0.8773
vn 0.9009 -0.0847 -0.4257
vn 0.1032 0.4341 0.8949
vn 0.5569 0.7535 0.3494
vn 0.5191 0.4599 0.7204
vn 0.5569 -0.5624 0.6112
vn 0.1032 -0.0586 0.9929
vn 0.5191 -0.1492 0.8416
vn 0.9164 0.3761 -0.1371
vn 0.9164 -0.3999 0.0173
vn 0.9454 0.0636 0.3197
vn 0.1480 -0.9787 -0.1426
vn 0.9237 0.2269 -0.3087
vn 0.1617 -0.2793 0.9465
vn 0.5228 -0.7818 -0.3398
vn 0.1154 -0.9514 0.2854
vn 0.5110 -0.8530 0.1058
vn 0.9637 0.1568 0.2162
vn 0.8688 -0.2546 -0.4247
vn 0.9353 -0.3456 0.0762
vn 0.1156 -0.6613 0.7411
vn 0.6034 -0.0783 0.7936
vn 0.5528 -0.5359 0.6381
vn 0.1467 0.9854 -0.0864
vn 0.1467 0.2972 0.9435
vn 0.9009 -0.3609 -0.2412
vn 0.1033 0.9398 0.3259
vn 0.5570 0.7799 -0.2857
vn 0.5191 0.8346 0.1842
vn 0.5570 0.0345 0.8298
vn 0.1033 0.6607 0.7435
vn 0.5191 0.4896 0.7006
vn 0.9164 0.1689 -0.3629
vn 0.9164 -0.2706 0.2950
vn 0.9454 0.2710 0.1811
vn 0.1205 -0.6486 -0.7515
vn 0.9386 0.3383 0.0673
vn 0.1205 -0.8868 0.4461
vn 0.5403 -0.4379 -0.7186
vn 0.0993 -0.8938 -0.4374
vn 0.5008 -0.7498 -0.4324
vn 0.9403 -0.1081 0.3228
vn 0.9403 0.0237 -0.3396
vn 0.9237 -0.3757 -0.0747
vn 0.0993 -0.9931 0.0621
vn 0.5403 -0.6795 0.4963
vn 0.5008 -0.8582 0.1126
vn 0.1205 -0.8868 -0.4461
vn 0.9386 0.3383 -0.0673
vn 0.1205 -0.6486 0.7515
vn 0.5403 -0.6795 -0.4963
vn 0.0993 -0.9931 -0.0621
vn 0.5008 -0.8582 -0.1126
vn 0.9403 0.0237 0.3396
vn 0.9403 -0.1081 -0.3228
vn 0.9237 -0.3757 0.0747
vn 0.0993 -0.8938 0.4374
vn 0.5403 -0.4379 0.7186
vn 0.5008 -0.7498 0.4325
vn 0.1480 -0.1426 0.9787
vn 0.9237 -0.3087 -0.2269
vn 0.1617 0.9465 0.2793
vn 0.5228 -0.3398 0.7818
vn 0.1154 0.2854 0.9514
vn 0.5110 0.1058 0.8530
vn 0.9637 0.2162 -0.1568
vn 0.8688 -0.4247 0.2546
vn 0.9353 0.0762 0.3456
vn 0.1156 0.7411 0.6613
vn 0.6034 0.7936 0.0783
vn 0.5528 0.6381 0.5359
vn 0.1467 0.9435 -0.2972
vn 0.9009 -0.2412 0.3609
vn 0.1467 -0.0864 -0.9854
vn 0.5570 0.8298 -0.0345
vn 0.1033 0.7435 -0.6607
vn 0.5191 0.7006 -0.4896
vn 0.9164 -0.3629 -0.1690
vn 0.9164 0.2950 0.2706
vn 0.9454 0.1811 -0.2710
vn 0.1033 0.3259 -0.9398
vn 0.5570 -0.2857 -0.7799
vn 0.5191 0.1842 -0.8346
vn 0.1205 0.4461 0.8868
vn 0.1205 -0.7515 0.6486
vn 0.9386 0.0673 -0.3383
vn 0.0993 0.0621 0.9931
vn 0.5403 0.4963 0.6795
vn 0.5009 0.1126 0.8582
vn 0.5403 -0.7186 0.4379
vn 0.0993 -0.4374 0.8938
vn 0.5009 -0.4324 0.7498
vn 0.9403 0.3228 0.1081
vn 0.9403 -0.3396 -0.0237
vn 0.9237 -0.0747 0.3757
vn 0.1205 0.7515 0.6486
vn 0.1205 -0.4461 0.8868
vn 0.9386 -0.0673 -0.3383
vn 0.0993 0.4374 0.8938
vn 0.5403 0.7186 0.4379
vn 0.5009 0.4324 0.7498
vn 0.5403 -0.4963 0.6795
vn 0.0993 -0.0621 0.9931
vn 0.5009 -0.1126 0.8582
vn 0.9403 0.3396 -0.0237
vn 0.9403 -0.3228 0.1081
vn 0.9237 0.0747 0.3757
vn 0.1617 0.2793 -0.9465
vn 0.1480 0.9787 0.1426
vn 0.9237 -0.2269 0.3087
vn 0.1156 0.6613 -0.7411
vn 0.6034 0.0783 -0.7936
vn 0.5528 0.5359 -0.6382
vn 0.5228 0.7818 0.3398
vn 0.1154 0.9514 -0.2854
vn 0.5110 0.8530 -0.1058
vn 0.9637 -0.1568 -0.2162
vn 0.8688 0.2546 0.4247
vn 0.9353 0.3456 -0.0762
vn 0.1480 0.9587 -0.2428
vn 0.9237 -0.0915 0.3720
vn 0.1617 -0.1041 -0.9813
vn 0.5228 0.8523 0.0147
vn 0.1154 0.7698 -0.6278
vn 0.5110 0.7476 -0.4242
vn 0.9637 -0.2276 -0.1397
vn 0.8688 0.3977 0.2949
vn 0.9353 0.2902 -0.2027
vn 0.1157 0.3274 -0.9378
vn 0.6034 -0.2313 -0.7631
vn 0.5528 0.2509 -0.7946
vn 0.1183 -0.9904 0.0712
vn 0.1561 0.4043 -0.9012
vn 0.8361 -0.5486 0.0029
vn 0.1718 -0.8717 -0.4589
vn 0.3796 -0.9164 0.1265
vn 0.4778 -0.8471 -0.2327
vn 0.5773 0.1646 -0.7998
vn 0.2296 -0.2121 -0.9499
vn 0.5969 -0.2947 -0.7463
vn 0.6558 -0.7513 0.0746
vn 0.8746 -0.2974 -0.3829
vn 0.7742 -0.5751 -0.2644
vn 0.1480 0.7928 0.5912
vn 0.1617 -0.4717 0.8668
vn 0.9237 0.0578 -0.3787
vn 0.1154 0.4710 0.8746
vn 0.5228 0.7931 0.3126
vn 0.5110 0.5284 0.6780
vn 0.6034 -0.5057 0.6166
vn 0.1156 -0.0564 0.9917
vn 0.5528 -0.0722 0.8302
vn 0.8688 0.4803 -0.1203
vn 0.9637 -0.2637 0.0420
vn 0.9353 0.1905 0.2983
vn 0.1184 -0.9423 0.3132
vn 0.8361 -0.5079 0.2072
vn 0.1561 0.7185 0.6778
vn 0.3796 -0.8951 0.2338
vn 0.1718 -0.6298 0.7575
vn 0.4778 -0.6936 0.5391
vn 0.8746 -0.1282 0.4675
vn 0.6558 -0.7226 0.2186
vn 0.7742 -0.4302 0.4644
vn 0.2296 0.1676 0.9587
vn 0.5773 0.4582 0.6759
vn 0.5969 0.0133 0.8022
vn 0.1152 0.9398 -0.3217
vn 0.7480 0.6188 -0.2399
vn 0.1424 -0.7238 -0.6752
vn 0.3232 0.9158 -0.2386
vn 0.1981 0.5582 -0.8057
vn 0.4071 0.7295 -0.5497
vn 0.8140 0.2449 -0.5267
vn 0.5658 0.7915 -0.2311
vn 0.6962 0.5165 -0.4985
vn 0.2235 -0.2340 -0.9462
vn 0.5555 -0.3904 -0.7341
vn 0.5357 0.0386 -0.8435
vn 0.1136 -0.1086 0.9876
vn 0.1717 -0.7065 -0.6866
vn 0.8167 -0.0970 0.5688
vn 0.1846 -0.6325 0.7522
vn 0.3529 -0.0420 0.9347
vn 0.4921 -0.3511 0.7966
vn 0.6225 -0.6772 -0.3922
vn 0.2811 -0.9581 -0.0558
vn 0.6570 -0.7496 0.0804
vn 0.6278 -0.0626 0.7759
vn 0.8917 -0.3977 0.2160
vn 0.7876 -0.3392 0.5144
vn 0.1467 -0.8773 -0.4570
vn 0.9009 0.4258 -0.0847
vn 0.1467 -0.6357 0.7578
vn 0.5569 -0.6112 -0.5624
vn 0.1033 -0.9929 -0.0586
vn 0.5191 -0.8416 -0.1493
vn 0.9164 0.1371 0.3760
vn 0.9164 -0.0172 -0.3999
vn 0.9454 -0.3197 0.0635
vn 0.1033 -0.8950 0.4340
vn 0.5570 -0.3495 0.7534
vn 0.5191 -0.7205 0.4598
vn 0.0943 0.1392 0.9858
vn 0.7956 0.1435 0.5885
vn 0.1411 0.9256 -0.3511
vn 0.3409 0.1227 0.9320
vn 0.0961 0.6106 0.7860
vn 0.3666 0.5020 0.7834
vn 0.7856 0.5264 0.3253
vn 0.6383 0.1392 0.7571
vn 0.6691 0.4944 0.5548
vn 0.1305 0.9810 0.1432
vn 0.4984 0.8621 -0.0914
vn 0.4494 0.8509 0.2722
vn 0.0943 0.5058 0.8575
vn 0.7957 0.3578 0.4888
vn 0.1411 0.7209 -0.6786
vn 0.3409 0.4701 0.8141
vn 0.0961 0.8650 0.4925
vn 0.3666 0.7636 0.5316
vn 0.7856 0.6108 0.0991
vn 0.6383 0.4184 0.6462
vn 0.6691 0.6691 0.3234
vn 0.1305 0.9612 -0.2431
vn 0.4984 0.7616 -0.4143
vn 0.4494 0.8903 -0.0741
vn 0.1617 -0.7675 -0.6203
vn 0.1480 0.5063 -0.8496
vn 0.9237 0.1984 0.3277
vn 0.1157 -0.4316 -0.8946
vn 0.6034 -0.7032 -0.3761
vn 0.5529 -0.3845 -0.7393
vn 0.5228 0.6132 -0.5922
vn 0.1154 0.1005 -0.9882
vn 0.5110 0.2287 -0.8286
vn 0.9637 -0.2597 0.0621
vn 0.8688 0.4898 -0.0727
vn 0.9353 0.0619 -0.3485
vn 0.1424 -0.9271 -0.3468
vn 0.1152 0.7451 -0.6569
vn 0.7480 0.4799 -0.4584
vn 0.2235 -0.5783 -0.7846
vn 0.5556 -0.6416 -0.5289
vn 0.5357 -0.2872 -0.7941
vn 0.3232 0.7548 -0.5709
vn 0.1981 0.2074 -0.9580
vn 0.4071 0.4636 -0.7870
vn 0.8140 0.0247 -0.5803
vn 0.5657 0.6429 -0.5164
vn 0.6962 0.2865 -0.6582
vn 0.1717 -0.3899 0.9047
vn 0.1136 -0.4783 -0.8708
vn 0.8167 -0.3073 -0.4884
vn 0.2811 -0.8638 0.4182
vn 0.6225 -0.4755 0.6215
vn 0.6570 -0.7233 0.2125
vn 0.3528 -0.3965 -0.8475
vn 0.1846 -0.8722 -0.4529
vn 0.4921 -0.6292 -0.6017
vn 0.8917 -0.4501 -0.0474
vn 0.6277 -0.3548 -0.6929
vn 0.7876 -0.5102 -0.3455
vn 0.1152 0.9398 0.3217
vn 0.1424 -0.7238 0.6752
vn 0.7480 0.6188 0.2399
vn 0.1981 0.5582 0.8057
vn 0.3232 0.9158 0.2386
vn 0.4071 0.7295 0.5496
vn 0.5556 -0.3904 0.7341
vn 0.2236 -0.2340 0.9462
vn 0.5357 0.0386 0.8435
vn 0.5658 0.7915 0.2311
vn 0.8140 0.2449 0.5267
vn 0.6962 0.5166 0.4985
vn 0.1205 0.6486 0.7515
vn 0.9386 -0.3383 -0.0673
vn 0.1205 0.8868 -0.4461
vn 0.5403 0.4379 0.7186
vn 0.0993 0.8938 0.4374
vn 0.5008 0.7498 0.4325
vn 0.9403 0.1081 -0.3228
vn 0.9403 -0.0237 0.3396
vn 0.9237 0.3757 0.0747
vn 0.0993 0.9931 -0.0621
vn 0.5403 0.6795 -0.4963
vn 0.5008 0.8582 -0.1126
vn 0.1183 -0.9423 -0.3132
vn 0.1561 0.7185 -0.6778
vn 0.8361 -0.5080 -0.2073
vn 0.1718 -0.6297 -0.7576
vn 0.3796 -0.8951 -0.2338
vn 0.4779 -0.6935 -0.5392
vn 0.5773 0.4582 -0.6759
vn 0.2296 0.1676 -0.9588
vn 0.5969 0.0134 -0.8022
vn 0.6558 -0.7226 -0.2186
vn 0.8746 -0.1282 -0.4676
vn 0.7742 -0.4302 -0.4643
vn 0.1183 -0.9904 -0.0712
vn 0.8361 -0.5486 -0.0029
vn 0.1561 0.4044 0.9012
vn 0.3796 -0.9165 -0.1265
vn 0.1718 -0.8717 0.4589
vn 0.4779 -0.8471 0.2327
vn 0.8746 -0.2974 0.3829
vn 0.6557 -0.7513 -0.0746
vn 0.7742 -0.5751 0.2644
vn 0.2296 -0.2121 0.9499
vn 0.5774 0.1646 0.7997
vn 0.5969 -0.2946 0.7462
vn 0.1480 0.5062 0.8496
vn 0.1617 -0.7676 0.6203
vn 0.9237 0.1984 -0.3277
vn 0.1154 0.1004 0.9882
vn 0.5228 0.6131 0.5923
vn 0.5110 0.2286 0.8286
vn 0.6034 -0.7032 0.3761
vn 0.1156 -0.4317 0.8946
vn 0.5528 -0.3845 0.7393
vn 0.8688 0.4898 0.0727
vn 0.9637 -0.2597 -0.0622
vn 0.9353 0.0619 0.3485
vn 0.1152 0.9914 0.0624
vn 0.7480 0.6635 0.0152
vn 0.1424 -0.4103 -0.9008
vn 0.3232 0.9373 0.1301
vn 0.1981 0.8240 -0.5308
vn 0.4071 0.8843 -0.2286
vn 0.8140 0.4278 -0.3929
vn 0.5658 0.8197 0.0894
vn 0.6962 0.6680 -0.2629
vn 0.2236 0.1459 -0.9637
vn 0.5556 -0.0797 -0.8276
vn 0.5357 0.3585 -0.7645
vn 0.1136 -0.4783 0.8708
vn 0.1717 -0.3900 -0.9047
vn 0.8167 -0.3073 0.4884
vn 0.1846 -0.8722 0.4529
vn 0.3529 -0.3965 0.8475
vn 0.4921 -0.6292 0.6016
vn 0.6225 -0.4756 -0.6215
vn 0.2811 -0.8638 -0.4182
vn 0.6570 -0.7233 -0.2125
vn 0.6277 -0.3548 0.6929
vn 0.8917 -0.4501 0.0474
vn 0.7876 -0.5103 0.3455
vn 0.1467 -0.6357 -0.7579
vn 0.9009 0.4257 0.0847
vn 0.1467 -0.8773 0.4569
vn 0.5569 -0.3495 -0.7535
vn 0.1033 -0.8949 -0.4341
vn 0.5191 -0.7204 -0.4599
vn 0.9164 -0.0172 0.3999
vn 0.9164 0.1371 -0.3761
vn 0.9454 -0.3197 -0.0636
vn 0.1033 -0.9929 0.0585
vn 0.5569 -0.6112 0.5624
vn 0.5191 -0.8416 0.1492
vn 0.0944 -0.2486 0.9640
vn 0.7956 -0.0926 0.5986
vn 0.1411 0.9895 0.0298
vn 0.3409 -0.2433 0.9081
vn 0.0961 0.2634 0.9599
vn 0.3666 0.1640 0.9158
vn 0.7856 0.3618 0.5020
vn 0.6383 -0.1611 0.7528
vn 0.6691 0.2444 0.7018
vn 0.1305 0.8516 0.5077
vn 0.4984 0.8314 0.2455
vn 0.4494 0.6819 0.5770
vn 0.1307 -0.9912 0.0214
vn 0.9896 -0.1438 -0.0000
vn 0.4926 -0.8702 -0.0000
vn 0.8559 -0.5172 -0.0000
vn 0.1424 -0.9271 0.3468
vn 0.7481 0.4799 0.4584
vn 0.1152 0.7451 0.6569
vn 0.5556 -0.6416 0.5288
vn 0.2236 -0.5783 0.7846
vn 0.5357 -0.2871 0.7941
vn 0.5658 0.6428 0.5164
vn 0.8140 0.0247 0.5803
vn 0.6962 0.2864 0.6582
vn 0.1981 0.2074 0.9580
vn 0.3232 0.7548 0.5708
vn 0.4071 0.4637 0.7870
vn 0.1205 0.9900 -0.0728
vn 0.1205 0.3116 0.9425
vn 0.9386 -0.2868 -0.1916
vn 0.0993 0.9413 0.3227
vn 0.5403 0.8177 -0.1985
vn 0.5009 0.8359 0.2244
vn 0.5403 0.1295 0.8315
vn 0.0993 0.6583 0.7461
vn 0.5009 0.5272 0.6864
vn 0.9403 0.2234 -0.2569
vn 0.9403 -0.1519 0.3047
vn 0.9237 0.3185 0.2128
vn 0.1183 -0.7507 -0.6500
vn 0.1561 0.9232 -0.3513
vn 0.8361 -0.3900 -0.3859
vn 0.1718 -0.2919 -0.9409
vn 0.3796 -0.7375 -0.5586
vn 0.4779 -0.4344 -0.7635
vn 0.5773 0.6819 -0.4491
vn 0.2296 0.5217 -0.8216
vn 0.5969 0.3194 -0.7360
vn 0.6558 -0.5839 -0.4785
vn 0.8746 0.0605 -0.4810
vn 0.7742 -0.2197 -0.5936
vn 0.1184 -0.8878 -0.4448
vn 0.8361 -0.5057 -0.2126
vn 0.1561 0.0288 0.9873
vn 0.3796 -0.7983 -0.4676
vn 0.1718 -0.9810 0.0904
vn 0.4779 -0.8716 -0.1091
vn 0.8746 -0.4213 0.2399
vn 0.6558 -0.6656 -0.3564
vn 0.7742 -0.6325 0.0242
vn 0.2296 -0.5595 0.7964
vn 0.5773 -0.1539 0.8019
vn 0.5969 -0.5578 0.5767
vn 0.1480 0.1426 0.9787
vn 0.1617 -0.9465 0.2793
vn 0.9237 0.3087 -0.2269
vn 0.1154 -0.2854 0.9514
vn 0.5228 0.3398 0.7818
vn 0.5110 -0.1058 0.8530
vn 0.6034 -0.7936 0.0783
vn 0.1157 -0.7411 0.6613
vn 0.5528 -0.6381 0.5359
vn 0.8688 0.4247 0.2546
vn 0.9637 -0.2162 -0.1568
vn 0.9353 -0.0762 0.3456
vn 0.1424 -0.0343 -0.9892
vn 0.1152 0.8920 0.4370
vn 0.7481 0.6071 0.2679
vn 0.2236 0.5035 -0.8346
vn 0.5556 0.2431 -0.7952
vn 0.5357 0.6237 -0.5692
vn 0.3232 0.8162 0.4789
vn 0.1981 0.9644 -0.1751
vn 0.4071 0.9045 0.1272
vn 0.8140 0.5456 -0.1993
vn 0.5658 0.7231 0.3963
vn 0.6962 0.7178 0.0127
vn 0.1717 -0.0140 -0.9850
vn 0.8167 -0.4708 0.3336
vn 0.1136 -0.7751 0.6215
vn 0.6225 -0.2016 -0.7562
vn 0.2811 -0.6380 -0.7169
vn 0.6570 -0.5869 -0.4732
vn 0.6277 -0.5929 0.5044
vn 0.8917 -0.4340 -0.1285
vn 0.7876 -0.6036 0.1239
vn 0.1846 -0.9792 0.0846
vn 0.3529 -0.6906 0.6313
vn 0.4921 -0.8115 0.3150
vn 0.1467 -0.2972 -0.9435
vn 0.9009 0.3609 0.2412
vn 0.1467 -0.9854 0.0865
vn 0.5570 -0.0345 -0.8298
vn 0.1033 -0.6607 -0.7435
vn 0.5191 -0.4896 -0.7006
vn 0.9164 -0.1690 0.3629
vn 0.9164 0.2706 -0.2950
vn 0.9454 -0.2710 -0.1811
vn 0.1033 -0.9398 -0.3259
vn 0.5570 -0.7799 0.2857
vn 0.5191 -0.8346 -0.1842
vn 0.1411 0.9028 0.4062
vn 0.0944 -0.5986 0.7955
vn 0.7956 -0.3147 0.5176
vn 0.1305 0.5924 0.7950
vn 0.4984 0.6742 0.5450
vn 0.4494 0.4092 0.7941
vn 0.3409 -0.5723 0.7458
vn 0.0961 -0.1240 0.9876
vn 0.3666 -0.1990 0.9089
vn 0.7856 0.1422 0.6022
vn 0.6383 -0.4369 0.6338
vn 0.6691 -0.0427 0.7419
vn 0.1305 -0.9240 -0.3594
vn 0.9896 -0.1329 -0.0550
vn 0.4926 -0.8040 -0.3330
vn 0.8559 -0.4778 -0.1979
vn 0.1424 -0.9892 -0.0343
vn 0.7481 0.2679 0.6071
vn 0.1152 0.4370 0.8920
vn 0.5556 -0.7951 0.2431
vn 0.2235 -0.8345 0.5035
vn 0.5357 -0.5692 0.6237
vn 0.5658 0.3963 0.7231
vn 0.8140 -0.1993 0.5456
vn 0.6962 0.0127 0.7178
vn 0.1981 -0.1751 0.9644
vn 0.3232 0.4788 0.8162
vn 0.4071 0.1272 0.9045
vn 0.1205 -0.0728 0.9900
vn 0.9386 -0.1916 -0.2868
vn 0.1205 0.9425 0.3116
vn 0.5403 -0.1985 0.8177
vn 0.0993 0.3227 0.9413
vn 0.5009 0.2244 0.8359
vn 0.9403 0.3047 -0.1518
vn 0.9403 -0.2569 0.2234
vn 0.9237 0.2128 0.3185
vn 0.0993 0.7461 0.6584
vn 0.5403 0.8315 0.1295
vn 0.5009 0.6864 0.5272
vn 0.1184 -0.4448 -0.8878
vn 0.1561 0.9873 0.0287
vn 0.8361 -0.2126 -0.5057
vn 0.1718 0.0904 -0.9810
vn 0.3796 -0.4676 -0.7983
vn 0.4779 -0.1092 -0.8716
vn 0.5773 0.8019 -0.1540
vn 0.2296 0.7964 -0.5595
vn 0.5969 0.5767 -0.5578
vn 0.6558 -0.3564 -0.6656
vn 0.8746 0.2399 -0.4213
vn 0.7742 0.0242 -0.6325
vn 0.1183 -0.6500 -0.7507
vn 0.8361 -0.3859 -0.3900
vn 0.1561 -0.3513 0.9232
vn 0.3796 -0.5586 -0.7375
vn 0.1718 -0.9409 -0.2919
vn 0.4779 -0.7635 -0.4344
vn 0.8746 -0.4810 0.0605
vn 0.6558 -0.4785 -0.5839
vn 0.7742 -0.5936 -0.2197
vn 0.2296 -0.8217 0.5217
vn 0.5773 -0.4491 0.6819
vn 0.5969 -0.7360 0.3194
vn 0.1467 0.0865 -0.9854
vn 0.9009 0.2412 0.3609
vn 0.1467 -0.9435 -0.2972
vn 0.5570 0.2857 -0.7799
vn 0.1033 -0.3259 -0.9398
vn 0.5191 -0.1842 -0.8346
vn 0.9164 -0.2950 0.2706
vn 0.9164 0.3629 -0.1690
vn 0.9454 -0.1811 -0.2710
vn 0.1033 -0.7435 -0.6607
vn 0.5570 -0.8298 -0.0345
vn 0.5191 -0.7006 -0.4896
vn 0.1411 0.0298 0.9895
vn 0.7956 0.5986 -0.0926
vn 0.0943 0.9640 -0.2486
vn 0.4984 0.2455 0.8314
vn 0.1305 0.5077 0.8516
vn 0.4494 0.5770 0.6820
vn 0.6383 0.7528 -0.1611
vn 0.7856 0.5020 0.3618
vn 0.6691 0.7018 0.2444
vn 0.0961 0.9599 0.2634
vn 0.3409 0.9081 -0.2433
vn 0.3666 0.9158 0.1640
vn 0.1308 -0.7165 -0.6852
vn 0.9896 -0.1017 -0.1017
vn 0.4926 -0.6154 -0.6154
vn 0.8559 -0.3657 -0.3657
vn 0.1480 -0.2428 0.9587
vn 0.1617 -0.9813 -0.1041
vn 0.9237 0.3720 -0.0915
vn 0.1154 -0.6278 0.7698
vn 0.5228 0.0147 0.8523
vn 0.5110 -0.4242 0.7476
vn 0.6034 -0.7632 -0.2313
vn 0.1156 -0.9378 0.3274
vn 0.5528 -0.7946 0.2509
vn 0.8688 0.2949 0.3977
vn 0.9637 -0.1397 -0.2276
vn 0.9353 -0.2027 0.2902
vn 0.0943 -0.8575 0.5058
vn 0.7957 -0.4888 0.3578
vn 0.1411 0.6786 0.7208
vn 0.3409 -0.8141 0.4700
vn 0.0961 -0.4925 0.8650
vn 0.3666 -0.5316 0.7635
vn 0.7856 -0.0991 0.6108
vn 0.6382 -0.6462 0.4184
vn 0.6691 -0.3234 0.6691
vn 0.1305 0.2431 0.9612
vn 0.4984 0.4143 0.7615
vn 0.4494 0.0742 0.8902
vn 0.1136 -0.9540 0.2776
vn 0.1717 0.3640 -0.9154
vn 0.8167 -0.5626 0.1280
vn 0.1846 -0.9370 -0.2965
vn 0.3529 -0.8796 0.3189
vn 0.4921 -0.8703 -0.0195
vn 0.6225 0.1032 -0.7758
vn 0.2811 -0.3151 -0.9065
vn 0.6570 -0.3612 -0.6618
vn 0.6277 -0.7408 0.2391
vn 0.8917 -0.3518 -0.2848
vn 0.7876 -0.6051 -0.1165
vn 0.1184 -0.3132 -0.9423
vn 0.8361 -0.2073 -0.5080
vn 0.1561 -0.6778 0.7185
vn 0.3796 -0.2338 -0.8951
vn 0.1718 -0.7575 -0.6298
vn 0.4778 -0.5391 -0.6936
vn 0.8746 -0.4676 -0.1282
vn 0.6558 -0.2186 -0.7226
vn 0.7742 -0.4643 -0.4302
vn 0.2296 -0.9587 0.1676
vn 0.5773 -0.6759 0.4582
vn 0.5969 -0.8022 0.0133
vn 0.1184 -0.0712 -0.9904
vn 0.1561 0.9012 0.4044
vn 0.8361 -0.0029 -0.5486
vn 0.1719 0.4589 -0.8717
vn 0.3796 -0.1265 -0.9164
vn 0.4779 0.2327 -0.8470
vn 0.5773 0.7997 0.1646
vn 0.2296 0.9499 -0.2121
vn 0.5969 0.7463 -0.2946
vn 0.6558 -0.0746 -0.7513
vn 0.8746 0.3829 -0.2974
vn 0.7742 0.2644 -0.5751
vn 0.1480 0.8496 0.5062
vn 0.9237 -0.3277 0.1984
vn 0.1617 0.6203 -0.7675
vn 0.5228 0.5923 0.6131
vn 0.1154 0.9882 0.1004
vn 0.5110 0.8286 0.2287
vn 0.9637 -0.0621 -0.2597
vn 0.8688 0.0727 0.4898
vn 0.9353 0.3485 0.0618
vn 0.1156 0.8946 -0.4316
vn 0.6034 0.3761 -0.7032
vn 0.5528 0.7393 -0.3845
vn 0.1152 0.0624 0.9914
vn 0.1424 -0.9008 -0.4103
vn 0.7481 0.0152 0.6635
vn 0.1981 -0.5308 0.8240
vn 0.3232 0.1300 0.9373
vn 0.4071 -0.2287 0.8843
vn 0.5556 -0.8276 -0.0797
vn 0.2235 -0.9637 0.1458
vn 0.5357 -0.7645 0.3584
vn 0.5658 0.0894 0.8197
vn 0.8140 -0.3929 0.4278
vn 0.6962 -0.2629 0.6680
vn 0.1467 -0.7579 -0.6356
vn 0.1467 0.4570 -0.8773
vn 0.9009 0.0847 0.4257
vn 0.1033 -0.4341 -0.8949
vn 0.5570 -0.7535 -0.3494
vn 0.5191 -0.4599 -0.7204
vn 0.5570 0.5624 -0.6112
vn 0.1033 0.0586 -0.9929
vn 0.5191 0.1492 -0.8416
vn 0.9164 -0.3761 0.1371
vn 0.9164 0.3999 -0.0172
vn 0.9454 -0.0636 -0.3197
vn 0.0943 0.9858 0.1392
vn 0.1411 -0.3512 0.9256
vn 0.7956 0.5885 0.1435
vn 0.0961 0.7860 0.6106
vn 0.3409 0.9320 0.1227
vn 0.3666 0.7834 0.5020
vn 0.4984 -0.0914 0.8621
vn 0.1305 0.1432 0.9810
vn 0.4494 0.2721 0.8509
vn 0.6382 0.7571 0.1392
vn 0.7856 0.3253 0.5264
vn 0.6691 0.5548 0.4944
vn 0.1306 -0.3796 -0.9159
vn 0.9896 -0.0550 -0.1329
vn 0.4926 -0.3330 -0.8040
vn 0.8559 -0.1979 -0.4778
vn 0.1617 -0.8668 -0.4718
vn 0.9237 0.3787 0.0578
vn 0.1480 -0.5912 0.7928
vn 0.6034 -0.6165 -0.5058
vn 0.1156 -0.9917 -0.0564
vn 0.5528 -0.8302 -0.0723
vn 0.8688 0.1203 0.4803
vn 0.9637 -0.0420 -0.2637
vn 0.9353 -0.2983 0.1905
vn 0.1154 -0.8746 0.4710
vn 0.5228 -0.3126 0.7931
vn 0.5110 -0.6780 0.5283
vn 0.0943 -0.9858 0.1392
vn 0.7956 -0.5885 0.1435
vn 0.1411 0.3511 0.9256
vn 0.3409 -0.9320 0.1227
vn 0.0961 -0.7861 0.6106
vn 0.3666 -0.7834 0.5020
vn 0.7856 -0.3253 0.5264
vn 0.6383 -0.7571 0.1392
vn 0.6691 -0.5548 0.4944
vn 0.1305 -0.1432 0.9810
vn 0.4985 0.0914 0.8621
vn 0.4494 -0.2722 0.8509
vn 0.1136 -0.9876 -0.1086
vn 0.1717 0.6866 -0.7065
vn 0.8167 -0.5688 -0.0970
vn 0.1846 -0.7522 -0.6325
vn 0.3529 -0.9347 -0.0420
vn 0.4921 -0.7966 -0.3511
vn 0.6225 0.3922 -0.6772
vn 0.2811 0.0558 -0.9581
vn 0.6570 -0.0804 -0.7496
vn 0.6278 -0.7759 -0.0626
vn 0.8917 -0.2160 -0.3977
vn 0.7876 -0.5144 -0.3392
vn 0.1184 0.3132 -0.9423
vn 0.1561 0.6778 0.7185
vn 0.8361 0.2073 -0.5080
vn 0.1718 0.7576 -0.6297
vn 0.3796 0.2338 -0.8951
vn 0.4779 0.5391 -0.6935
vn 0.5773 0.6759 0.4581
vn 0.2296 0.9587 0.1676
vn 0.5969 0.8022 0.0134
vn 0.6558 0.2186 -0.7226
vn 0.8746 0.4676 -0.1282
vn 0.7741 0.4644 -0.4302
vn 0.1184 0.0712 -0.9904
vn 0.8361 0.0029 -0.5486
vn 0.1561 -0.9012 0.4044
vn 0.3796 0.1265 -0.9165
vn 0.1718 -0.4589 -0.8717
vn 0.4779 -0.2327 -0.8471
vn 0.8746 -0.3829 -0.2974
vn 0.6557 0.0746 -0.7513
vn 0.7741 -0.2644 -0.5752
vn 0.2296 -0.9499 -0.2121
vn 0.5773 -0.7997 0.1646
vn 0.5969 -0.7463 -0.2946
vn 0.1617 -0.6203 -0.7675
vn 0.9237 0.3278 0.1984
vn 0.1480 -0.8496 0.5062
vn 0.6034 -0.3761 -0.7032
vn 0.1156 -0.8946 -0.4316
vn 0.5528 -0.7393 -0.3845
vn 0.8688 -0.0727 0.4898
vn 0.9637 0.0622 -0.2597
vn 0.9353 -0.3485 0.0619
vn 0.1154 -0.9882 0.1004
vn 0.5228 -0.5923 0.6131
vn 0.5110 -0.8286 0.2287
vn 0.1424 0.9008 -0.4103
vn 0.1152 -0.0624 0.9914
vn 0.7481 -0.0152 0.6635
vn 0.2235 0.9637 0.1458
vn 0.5556 0.8276 -0.0797
vn 0.5357 0.7645 0.3585
vn 0.3232 -0.1300 0.9373
vn 0.1981 0.5308 0.8240
vn 0.4071 0.2286 0.8843
vn 0.8140 0.3929 0.4278
vn 0.5658 -0.0894 0.8197
vn 0.6962 0.2629 0.6680
vn 0.1717 0.9047 -0.3900
vn 0.8167 -0.4884 -0.3073
vn 0.1136 -0.8708 -0.4783
vn 0.6225 0.6215 -0.4756
vn 0.2811 0.4182 -0.8638
vn 0.6570 0.2125 -0.7233
vn 0.6277 -0.6929 -0.3548
vn 0.8917 -0.0474 -0.4501
vn 0.7876 -0.3455 -0.5102
vn 0.1846 -0.4530 -0.8722
vn 0.3529 -0.8475 -0.3965
vn 0.4921 -0.6016 -0.6292
vn 0.1480 0.5912 0.7928
vn 0.9237 -0.3787 0.0578
vn 0.1617 0.8668 -0.4718
vn 0.5228 0.3126 0.7931
vn 0.1154 0.8746 0.4710
vn 0.5110 0.6780 0.5284
vn 0.9637 0.0420 -0.2638
vn 0.8688 -0.1203 0.4803
vn 0.9353 0.2983 0.1905
vn 0.1156 0.9917 -0.0564
vn 0.6034 0.6165 -0.5058
vn 0.5528 0.8302 -0.0723
vn 0.1424 -0.6752 -0.7238
vn 0.7480 -0.2399 0.6188
vn 0.1152 -0.3217 0.9398
vn 0.5556 -0.7341 -0.3904
vn 0.2236 -0.9462 -0.2341
vn 0.5358 -0.8435 0.0386
vn 0.5658 -0.2311 0.7915
vn 0.8140 -0.5267 0.2449
vn 0.6962 -0.4985 0.5165
vn 0.1981 -0.8057 0.5582
vn 0.3232 -0.2386 0.9158
vn 0.4071 -0.5496 0.7295
vn 0.1467 0.7579 -0.6357
vn 0.9009 -0.0847 0.4257
vn 0.1467 -0.4569 -0.8773
vn 0.5569 0.7535 -0.3494
vn 0.1033 0.4340 -0.8950
vn 0.5191 0.4599 -0.7204
vn 0.9164 -0.3999 -0.0172
vn 0.9164 0.3761 0.1371
vn 0.9454 0.0636 -0.3197
vn 0.1033 -0.0585 -0.9929
vn 0.5570 -0.5624 -0.6112
vn 0.5191 -0.1492 -0.8416
vn 0.1424 -0.3468 -0.9270
vn 0.7481 -0.4584 0.4799
vn 0.1152 -0.6569 0.7452
vn 0.5556 -0.5289 -0.6416
vn 0.2235 -0.7846 -0.5783
vn 0.5357 -0.7941 -0.2871
vn 0.5658 -0.5164 0.6428
vn 0.8140 -0.5803 0.0247
vn 0.6962 -0.6583 0.2864
vn 0.1981 -0.9580 0.2073
vn 0.3232 -0.5708 0.7548
vn 0.4071 -0.7870 0.4636
vn 0.9896 -0.0000 -0.1438
vn 0.1303 0.0007 -0.9915
vn 0.8559 -0.0000 -0.5172
vn 0.4926 -0.0000 -0.8702
vn 0.1411 -0.9028 0.4062
vn 0.7956 0.3147 0.5176
vn 0.0943 0.5986 0.7955
vn 0.4984 -0.6742 0.5450
vn 0.1305 -0.5924 0.7950
vn 0.4494 -0.4092 0.7941
vn 0.6383 0.4369 0.6338
vn 0.7856 -0.1422 0.6022
vn 0.6691 0.0427 0.7419
vn 0.0961 0.1240 0.9876
vn 0.3409 0.5723 0.7458
vn 0.3666 0.1990 0.9089
vn 0.1411 -0.0298 0.9895
vn 0.0943 -0.9640 -0.2486
vn 0.7956 -0.5986 -0.0926
vn 0.1305 -0.5077 0.8516
vn 0.4984 -0.2455 0.8314
vn 0.4494 -0.5770 0.6820
vn 0.3409 -0.9081 -0.2433
vn 0.0961 -0.9599 0.2634
vn 0.3666 -0.9158 0.1640
vn 0.7856 -0.5020 0.3618
vn 0.6382 -0.7528 -0.1611
vn 0.6691 -0.7018 0.2444
vn 0.1617 0.9813 -0.1041
vn 0.1480 0.2428 0.9587
vn 0.9237 -0.3720 -0.0915
vn 0.1156 0.9378 0.3274
vn 0.6034 0.7631 -0.2313
vn 0.5528 0.7946 0.2509
vn 0.5228 -0.0147 0.8523
vn 0.1154 0.6278 0.7698
vn 0.5110 0.4242 0.7476
vn 0.9637 0.1397 -0.2276
vn 0.8688 -0.2949 0.3977
vn 0.9353 0.2027 0.2901
vn 0.1307 0.3596 -0.9239
vn 0.9896 0.0550 -0.1329
vn 0.4926 0.3330 -0.8040
vn 0.8559 0.1979 -0.4778
vn 0.1205 -0.9425 0.3116
vn 0.9386 0.1916 -0.2868
vn 0.1205 0.0728 0.9900
vn 0.5403 -0.8314 0.1295
vn 0.0993 -0.7461 0.6584
vn 0.5009 -0.6864 0.5272
vn 0.9403 0.2569 0.2234
vn 0.9403 -0.3047 -0.1519
vn 0.9237 -0.2128 0.3185
vn 0.0993 -0.3227 0.9413
vn 0.5403 0.1985 0.8177
vn 0.5009 -0.2244 0.8359
vn 0.1183 0.6500 -0.7507
vn 0.1561 0.3513 0.9232
vn 0.8361 0.3859 -0.3900
vn 0.1718 0.9409 -0.2919
vn 0.3796 0.5586 -0.7375
vn 0.4779 0.7635 -0.4344
vn 0.5773 0.4491 0.6819
vn 0.2296 0.8217 0.5217
vn 0.5969 0.7360 0.3194
vn 0.6558 0.4785 -0.5839
vn 0.8746 0.4810 0.0605
vn 0.7742 0.5936 -0.2197
vn 0.1183 0.4448 -0.8878
vn 0.8361 0.2126 -0.5057
vn 0.1561 -0.9873 0.0287
vn 0.3796 0.4676 -0.7983
vn 0.1718 -0.0904 -0.9810
vn 0.4779 0.1092 -0.8716
vn 0.8746 -0.2399 -0.4213
vn 0.6558 0.3564 -0.6656
vn 0.7742 -0.0242 -0.6325
vn 0.2296 -0.7964 -0.5595
vn 0.5773 -0.8019 -0.1539
vn 0.5969 -0.5767 -0.5578
vn 0.1480 -0.9787 0.1426
vn 0.1617 -0.2793 -0.9465
vn 0.9237 0.2269 0.3087
vn 0.1154 -0.9514 -0.2854
vn 0.5228 -0.7818 0.3398
vn 0.5110 -0.8530 -0.1058
vn 0.6034 -0.0783 -0.7936
vn 0.1156 -0.6613 -0.7411
vn 0.5528 -0.5359 -0.6381
vn 0.8688 -0.2546 0.4247
vn 0.9637 0.1568 -0.2162
vn 0.9353 -0.3457 -0.0762
vn 0.1411 -0.4062 0.9028
vn 0.0943 -0.7955 -0.5986
vn 0.7957 -0.5176 -0.3147
vn 0.1305 -0.7950 0.5924
vn 0.4984 -0.5450 0.6742
vn 0.4494 -0.7941 0.4092
vn 0.3409 -0.7458 -0.5723
vn 0.0961 -0.9876 -0.1240
vn 0.3666 -0.9089 -0.1990
vn 0.7856 -0.6022 0.1422
vn 0.6383 -0.6338 -0.4369
vn 0.6691 -0.7419 -0.0427
vn 0.1717 0.9850 -0.0140
vn 0.8167 -0.3336 -0.4708
vn 0.1136 -0.6215 -0.7751
vn 0.6226 0.7562 -0.2016
vn 0.2811 0.7169 -0.6380
vn 0.6570 0.4732 -0.5869
vn 0.6277 -0.5044 -0.5929
vn 0.8917 0.1285 -0.4340
vn 0.7876 -0.1239 -0.6036
vn 0.1846 -0.0846 -0.9792
vn 0.3529 -0.6313 -0.6906
vn 0.4921 -0.3150 -0.8115
vn 0.1424 0.0344 -0.9892
vn 0.7480 -0.6072 0.2679
vn 0.1152 -0.8920 0.4371
vn 0.5556 -0.2431 -0.7951
vn 0.2235 -0.5035 -0.8346
vn 0.5357 -0.6237 -0.5692
vn 0.5658 -0.7231 0.3963
vn 0.8140 -0.5456 -0.1993
vn 0.6962 -0.7178 0.0127
vn 0.1981 -0.9644 -0.1750
vn 0.3232 -0.8162 0.4788
vn 0.4071 -0.9045 0.1272
vn 0.1205 -0.3116 0.9425
vn 0.1205 -0.9900 -0.0728
vn 0.9386 0.2868 -0.1916
vn 0.0993 -0.6584 0.7461
vn 0.5403 -0.1295 0.8314
vn 0.5009 -0.5272 0.6864
vn 0.5403 -0.8177 -0.1985
vn 0.0993 -0.9413 0.3227
vn 0.5009 -0.8359 0.2244
vn 0.9403 0.1519 0.3047
vn 0.9403 -0.2234 -0.2569
vn 0.9237 -0.3185 0.2128
vn 0.1183 0.8878 -0.4448
vn 0.1561 -0.0288 0.9873
vn 0.8361 0.5057 -0.2126
vn 0.1718 0.9810 0.0904
vn 0.3796 0.7983 -0.4676
vn 0.4778 0.8716 -0.1092
vn 0.5773 0.1539 0.8019
vn 0.2296 0.5595 0.7964
vn 0.5969 0.5578 0.5767
vn 0.6558 0.6656 -0.3564
vn 0.8746 0.4213 0.2399
vn 0.7742 0.6325 0.0242
vn 0.1183 0.7507 -0.6500
vn 0.8361 0.3900 -0.3859
vn 0.1561 -0.9232 -0.3513
vn 0.3796 0.7375 -0.5586
vn 0.1718 0.2919 -0.9409
vn 0.4779 0.4344 -0.7635
vn 0.8746 -0.0604 -0.4810
vn 0.6558 0.5840 -0.4785
vn 0.7742 0.2197 -0.5936
vn 0.2296 -0.5217 -0.8217
vn 0.5773 -0.6819 -0.4491
vn 0.5969 -0.3194 -0.7360
vn 0.1617 0.1042 -0.9813
vn 0.9237 0.0915 0.3720
vn 0.1480 -0.9587 -0.2428
vn 0.6034 0.2313 -0.7632
vn 0.1156 -0.3274 -0.9378
vn 0.5528 -0.2509 -0.7946
vn 0.8688 -0.3977 0.2949
vn 0.9637 0.2276 -0.1397
vn 0.9353 -0.2901 -0.2027
vn 0.1154 -0.7698 -0.6278
vn 0.5228 -0.8523 0.0147
vn 0.5110 -0.7476 -0.4242
vn 0.1424 0.9271 0.3468
vn 0.1152 -0.7451 0.6569
vn 0.7480 -0.4799 0.4584
vn 0.2236 0.5783 0.7846
vn 0.5556 0.6416 0.5288
vn 0.5357 0.2872 0.7941
vn 0.3232 -0.7548 0.5708
vn 0.1981 -0.2074 0.9580
vn 0.4071 -0.4636 0.7870
vn 0.8140 -0.0247 0.5803
vn 0.5658 -0.6428 0.5164
vn 0.6962 -0.2864 0.6582
vn 0.1717 0.9154 0.3640
vn 0.8167 -0.1281 -0.5626
vn 0.1136 -0.2776 -0.9540
vn 0.6225 0.7758 0.1032
vn 0.2811 0.9065 -0.3151
vn 0.6570 0.6618 -0.3612
vn 0.6278 -0.2391 -0.7408
vn 0.8917 0.2848 -0.3518
vn 0.7876 0.1165 -0.6051
vn 0.1846 0.2965 -0.9370
vn 0.3529 -0.3189 -0.8796
vn 0.4921 0.0195 -0.8703
vn 0.1467 0.2972 -0.9435
vn 0.1467 0.9854 0.0865
vn 0.9009 -0.3609 0.2412
vn 0.1033 0.6607 -0.7435
vn 0.5570 0.0345 -0.8298
vn 0.5191 0.4896 -0.7006
vn 0.5570 0.7799 0.2857
vn 0.1033 0.9398 -0.3259
vn 0.5191 0.8346 -0.1842
vn 0.9164 -0.2706 -0.2950
vn 0.9164 0.1690 0.3629
vn 0.9454 0.2710 -0.1811
vn 0.1411 -0.7208 0.6786
vn 0.0943 -0.5058 -0.8575
vn 0.7956 -0.3578 -0.4888
vn 0.1305 -0.9612 0.2431
vn 0.4984 -0.7615 0.4143
vn 0.4494 -0.8902 0.0742
vn 0.3409 -0.4701 -0.8141
vn 0.0961 -0.8650 -0.4925
vn 0.3666 -0.7635 -0.5316
vn 0.7856 -0.6108 -0.0991
vn 0.6383 -0.4184 -0.6462
vn 0.6691 -0.6691 -0.3234
vn 0.1305 0.6856 -0.7162
vn 0.9896 0.1017 -0.1017
vn 0.4926 0.6154 -0.6154
vn 0.8559 0.3657 -0.3657
vn 0.1184 0.9904 -0.0712
vn 0.1561 -0.4044 0.9012
vn 0.8361 0.5486 -0.0029
vn 0.1718 0.8717 0.4589
vn 0.3796 0.9165 -0.1265
vn 0.4779 0.8471 0.2327
vn 0.5773 -0.1646 0.7997
vn 0.2296 0.2121 0.9499
vn 0.5969 0.2947 0.7462
vn 0.6557 0.7513 -0.0746
vn 0.8746 0.2974 0.3829
vn 0.7742 0.5751 0.2644
vn 0.1184 0.9423 -0.3132
vn 0.8361 0.5080 -0.2073
vn 0.1561 -0.7185 -0.6778
vn 0.3796 0.8951 -0.2338
vn 0.1718 0.6297 -0.7576
vn 0.4779 0.6935 -0.5391
vn 0.8746 0.1282 -0.4676
vn 0.6558 0.7226 -0.2186
vn 0.7742 0.4301 -0.4644
vn 0.2296 -0.1676 -0.9588
vn 0.5773 -0.4582 -0.6759
vn 0.5969 -0.0134 -0.8022
vn 0.1617 0.7676 0.6203
vn 0.1480 -0.5062 0.8496
vn 0.9237 -0.1984 -0.3278
vn 0.1157 0.4317 0.8946
vn 0.6034 0.7032 0.3761
vn 0.5528 0.3845 0.7393
vn 0.5228 -0.6131 0.5923
vn 0.1154 -0.1004 0.9882
vn 0.5110 -0.2286 0.8286
vn 0.9637 0.2597 -0.0622
vn 0.8688 -0.4898 0.0727
vn 0.9353 -0.0619 0.3485
vn 0.1152 -0.9914 0.0624
vn 0.1424 0.4103 -0.9008
vn 0.7480 -0.6635 0.0152
vn 0.1981 -0.8240 -0.5308
vn 0.3233 -0.9373 0.1301
vn 0.4071 -0.8843 -0.2286
vn 0.5556 0.0797 -0.8276
vn 0.2236 -0.1459 -0.9637
vn 0.5357 -0.3584 -0.7645
vn 0.5658 -0.8197 0.0894
vn 0.8140 -0.4278 -0.3929
vn 0.6962 -0.6680 -0.2629
vn 0.1467 0.6357 -0.7579
vn 0.1467 0.8773 0.4569
vn 0.9009 -0.4257 0.0847
vn 0.1033 0.8949 -0.4341
vn 0.5570 0.3494 -0.7535
vn 0.5191 0.7204 -0.4599
vn 0.5570 0.6112 0.5624
vn 0.1033 0.9929 0.0585
vn 0.5191 0.8416 0.1492
vn 0.9164 -0.1371 -0.3761
vn 0.9164 0.0173 0.3999
vn 0.9454 0.3197 -0.0636
vn 0.0944 -0.1392 0.9858
vn 0.1411 -0.9256 -0.3511
vn 0.7957 -0.1435 0.5885
vn 0.0961 -0.6107 0.7860
vn 0.3410 -0.1227 0.9320
vn 0.3666 -0.5020 0.7834
vn 0.4984 -0.8621 -0.0914
vn 0.1305 -0.9810 0.1432
vn 0.4494 -0.8509 0.2721
vn 0.6383 -0.1392 0.7571
vn 0.7856 -0.5264 0.3253
vn 0.6691 -0.4944 0.5548
vn 0.1308 0.9072 -0.3997
vn 0.9896 0.1329 -0.0550
vn 0.4926 0.8040 -0.3330
vn 0.8559 0.4778 -0.1979
vn 0.1617 0.4718 -0.8668
vn 0.9237 -0.0578 0.3787
vn 0.1480 -0.7928 -0.5912
vn 0.6034 0.5058 -0.6165
vn 0.1156 0.0564 -0.9917
vn 0.5528 0.0723 -0.8302
vn 0.8688 -0.4803 0.1203
vn 0.9637 0.2638 -0.0420
vn 0.9353 -0.1905 -0.2983
vn 0.1154 -0.4710 -0.8746
vn 0.5228 -0.7931 -0.3126
vn 0.5110 -0.5283 -0.6780
vn 0.0943 -0.1392 -0.9858
vn 0.7956 -0.1435 -0.5885
vn 0.1411 -0.9256 0.3511
vn 0.3409 -0.1227 -0.9320
vn 0.0961 -0.6106 -0.7860
vn 0.3666 -0.5020 -0.7834
vn 0.7856 -0.5264 -0.3253
vn 0.6383 -0.1392 -0.7571
vn 0.6691 -0.4944 -0.5548
vn 0.1305 -0.9810 -0.1432
vn 0.4985 -0.8621 0.0913
vn 0.4494 -0.8508 -0.2722
vn 0.1136 0.1086 -0.9876
vn 0.1717 0.7065 0.6866
vn 0.8167 0.0970 -0.5688
vn 0.1846 0.6325 -0.7522
vn 0.3529 0.0420 -0.9347
vn 0.4921 0.3511 -0.7966
vn 0.6225 0.6772 0.3922
vn 0.2811 0.9581 0.0558
vn 0.6570 0.7496 -0.0804
vn 0.6278 0.0626 -0.7759
vn 0.8917 0.3977 -0.2160
vn 0.7876 0.3392 -0.5144
vn 0.1183 0.9423 0.3132
vn 0.1561 -0.7185 0.6778
vn 0.8361 0.5080 0.2072
vn 0.1718 0.6297 0.7576
vn 0.3796 0.8951 0.2338
vn 0.4778 0.6936 0.5391
vn 0.5773 -0.4582 0.6759
vn 0.2296 -0.1676 0.9588
vn 0.5969 -0.0133 0.8022
vn 0.6558 0.7226 0.2186
vn 0.8746 0.1282 0.4676
vn 0.7742 0.4302 0.4643
vn 0.1184 0.9904 0.0712
vn 0.8361 0.5486 0.0029
vn 0.1561 -0.4044 -0.9012
vn 0.3796 0.9165 0.1265
vn 0.1718 0.8717 -0.4589
vn 0.4779 0.8470 -0.2327
vn 0.8746 0.2974 -0.3829
vn 0.6557 0.7513 0.0746
vn 0.7741 0.5752 -0.2644
vn 0.2296 0.2121 -0.9499
vn 0.5773 -0.1646 -0.7997
vn 0.5969 0.2946 -0.7463
vn 0.1617 0.4718 0.8668
vn 0.1480 -0.7928 0.5912
vn 0.9237 -0.0578 -0.3787
vn 0.1156 0.0564 0.9917
vn 0.6034 0.5058 0.6165
vn 0.5528 0.0723 0.8302
vn 0.5228 -0.7931 0.3126
vn 0.1154 -0.4710 0.8746
vn 0.5110 -0.5284 0.6780
vn 0.9637 0.2637 0.0420
vn 0.8688 -0.4803 -0.1203
vn 0.9353 -0.1905 0.2983
vn 0.1424 0.7238 -0.6752
vn 0.7480 -0.6188 -0.2399
vn 0.1152 -0.9398 -0.3217
vn 0.5556 0.3904 -0.7341
vn 0.2236 0.2340 -0.9462
vn 0.5358 -0.0386 -0.8435
vn 0.5658 -0.7915 -0.2311
vn 0.8140 -0.2449 -0.5267
vn 0.6962 -0.5165 -0.4985
vn 0.1981 -0.5582 -0.8057
vn 0.3232 -0.9158 -0.2386
vn 0.4071 -0.7295 -0.5496
vn 0.1467 0.8773 -0.4570
vn 0.1467 0.6356 0.7579
vn 0.9009 -0.4257 -0.0847
vn 0.1033 0.9929 -0.0586
vn 0.5570 0.6112 -0.5624
vn 0.5191 0.8416 -0.1492
vn 0.5570 0.3494 0.7534
vn 0.1033 0.8949 0.4341
vn 0.5191 0.7204 0.4599
vn 0.9164 0.0172 -0.3999
vn 0.9164 -0.1371 0.3761
vn 0.9454 0.3196 0.0636
vn 0.1411 -0.7208 -0.6786
vn 0.7956 -0.3578 0.4888
vn 0.0943 -0.5058 0.8574
vn 0.4984 -0.7615 -0.4143
vn 0.1305 -0.9612 -0.2431
vn 0.4494 -0.8902 -0.0742
vn 0.6383 -0.4184 0.6462
vn 0.7856 -0.6108 0.0991
vn 0.6691 -0.6691 0.3234
vn 0.0961 -0.8650 0.4925
vn 0.3409 -0.4701 0.8141
vn 0.3666 -0.7635 0.5316
vn 0.1306 0.9914 -0.0002
vn 0.9896 0.1438 -0.0000
vn 0.4926 0.8702 -0.0000
vn 0.8559 0.5172 -0.0000
vn 0.1617 0.7675 -0.6203
vn 0.9237 -0.1984 0.3277
vn 0.1480 -0.5062 -0.8496
vn 0.6034 0.7032 -0.3761
vn 0.1156 0.4316 -0.8946
vn 0.5528 0.3845 -0.7393
vn 0.8688 -0.4898 -0.0727
vn 0.9637 0.2597 0.0621
vn 0.9353 -0.0618 -0.3485
vn 0.1154 -0.1004 -0.9882
vn 0.5228 -0.6131 -0.5923
vn 0.5110 -0.2287 -0.8286
vn 0.1424 0.9271 -0.3468
vn 0.7480 -0.4799 -0.4584
vn 0.1152 -0.7451 -0.6569
vn 0.5556 0.6416 -0.5288
vn 0.2236 0.5783 -0.7846
vn 0.5357 0.2871 -0.7941
vn 0.5658 -0.6428 -0.5164
vn 0.8140 -0.0247 -0.5803
vn 0.6962 -0.2864 -0.6582
vn 0.1981 -0.2074 -0.9580
vn 0.3232 -0.7547 -0.5709
vn 0.4071 -0.4636 -0.7870
vn 0.1717 0.3899 0.9047
vn 0.8167 0.3073 -0.4884
vn 0.1136 0.4783 -0.8708
vn 0.6225 0.4756 0.6215
vn 0.2811 0.8638 0.4182
vn 0.6570 0.7233 0.2126
vn 0.6277 0.3548 -0.6929
vn 0.8917 0.4501 -0.0474
vn 0.7876 0.5102 -0.3455
vn 0.1846 0.8722 -0.4529
vn 0.3529 0.3965 -0.8475
vn 0.4921 0.6292 -0.6016
vn 0.1411 -0.4062 -0.9028
vn 0.7956 -0.5176 0.3147
vn 0.0943 -0.7955 0.5986
vn 0.4984 -0.5450 -0.6742
vn 0.1305 -0.7950 -0.5924
vn 0.4494 -0.7941 -0.4092
vn 0.6383 -0.6338 0.4369
vn 0.7856 -0.6022 -0.1422
vn 0.6691 -0.7419 0.0427
vn 0.0961 -0.9876 0.1240
vn 0.3409 -0.7458 0.5723
vn 0.3666 -0.9089 0.1990
vn 0.1411 -0.9895 -0.0298
vn 0.0944 0.2486 -0.9640
vn 0.7956 0.0926 -0.5986
vn 0.1305 -0.8516 -0.5077
vn 0.4984 -0.8314 -0.2455
vn 0.4494 -0.6820 -0.5770
vn 0.3409 0.2433 -0.9081
vn 0.0961 -0.2634 -0.9599
vn 0.3666 -0.1640 -0.9158
vn 0.7856 -0.3618 -0.5020
vn 0.6383 0.1611 -0.7528
vn 0.6691 -0.2444 -0.7018
vn 0.1480 -0.9587 0.2428
vn 0.9237 0.0915 -0.3720
vn 0.1617 0.1042 0.9813
vn 0.5228 -0.8524 -0.0147
vn 0.1154 -0.7698 0.6278
vn 0.5110 -0.7476 0.4242
vn 0.9637 0.2276 0.1397
vn 0.8688 -0.3977 -0.2949
vn 0.9353 -0.2902 0.2027
vn 0.1156 -0.3274 0.9378
vn 0.6034 0.2313 0.7632
vn 0.5528 -0.2509 0.7946
vn 0.1308 0.9159 0.3794
vn 0.9896 0.1329 0.0550
vn 0.4926 0.8040 0.3330
vn 0.8559 0.4778 0.1979
vn 0.1205 -0.9900 0.0728
vn 0.1205 -0.3116 -0.9425
vn 0.9386 0.2868 0.1916
vn 0.0993 -0.9413 -0.3227
vn 0.5403 -0.8177 0.1985
vn 0.5009 -0.8359 -0.2244
vn 0.5403 -0.1296 -0.8315
vn 0.0993 -0.6583 -0.7461
vn 0.5009 -0.5272 -0.6864
vn 0.9403 -0.2234 0.2569
vn 0.9403 0.1518 -0.3047
vn 0.9237 -0.3185 -0.2128
vn 0.8361 0.3900 0.3859
vn 0.1183 0.7507 0.6500
vn 0.1561 -0.9232 0.3512
vn 0.6558 0.5840 0.4785
vn 0.8746 -0.0605 0.4810
vn 0.7741 0.2197 0.5936
vn 0.1718 0.2919 0.9409
vn 0.3796 0.7375 0.5586
vn 0.4778 0.4344 0.7635
vn 0.5773 -0.6819 0.4491
vn 0.2296 -0.5217 0.8216
vn 0.5969 -0.3193 0.7360
vn 0.8361 0.5057 0.2126
vn 0.1561 -0.0288 -0.9873
vn 0.1184 0.8878 0.4448
vn 0.8746 0.4213 -0.2399
vn 0.6558 0.6656 0.3564
vn 0.7742 0.6325 -0.0242
vn 0.2296 0.5595 -0.7964
vn 0.5773 0.1539 -0.8019
vn 0.5969 0.5578 -0.5767
vn 0.3796 0.7983 0.4676
vn 0.1718 0.9810 -0.0904
vn 0.4778 0.8716 0.1092
vn 0.1617 0.9465 -0.2793
vn 0.9237 -0.3087 0.2269
vn 0.1480 -0.1426 -0.9787
vn 0.6034 0.7936 -0.0783
vn 0.1156 0.7411 -0.6613
vn 0.5528 0.6382 -0.5359
vn 0.8688 -0.4247 -0.2546
vn 0.9637 0.2162 0.1568
vn 0.9353 0.0762 -0.3456
vn 0.1154 0.2854 -0.9514
vn 0.5228 -0.3398 -0.7818
vn 0.5110 0.1059 -0.8530
vn 0.1411 -0.9028 -0.4062
vn 0.0943 0.5986 -0.7955
vn 0.7956 0.3147 -0.5176
vn 0.1305 -0.5924 -0.7950
vn 0.4984 -0.6742 -0.5450
vn 0.4494 -0.4092 -0.7941
vn 0.3409 0.5723 -0.7458
vn 0.0961 0.1240 -0.9876
vn 0.3666 0.1990 -0.9089
vn 0.7856 -0.1422 -0.6022
vn 0.6383 0.4369 -0.6338
vn 0.6691 0.0427 -0.7419
vn 0.1717 0.0141 0.9850
vn 0.8167 0.4708 -0.3336
vn 0.1136 0.7751 -0.6215
vn 0.6225 0.2016 0.7562
vn 0.2811 0.6380 0.7169
vn 0.6570 0.5869 0.4732
vn 0.6277 0.5929 -0.5044
vn 0.8917 0.4340 0.1285
vn 0.7876 0.6036 -0.1239
vn 0.1846 0.9792 -0.0846
vn 0.3529 0.6906 -0.6313
vn 0.4921 0.8116 -0.3150
vn 0.1424 0.9892 0.0343
vn 0.7481 -0.2679 -0.6071
vn 0.1152 -0.4370 -0.8920
vn 0.5556 0.7951 -0.2431
vn 0.2235 0.8345 -0.5036
vn 0.5357 0.5692 -0.6237
vn 0.5658 -0.3963 -0.7231
vn 0.8140 0.1993 -0.5456
vn 0.6962 -0.0127 -0.7178
vn 0.1981 0.1750 -0.9644
vn 0.3232 -0.4788 -0.8162
vn 0.4071 -0.1272 -0.9045
vn 0.1467 0.9435 0.2972
vn 0.1467 -0.0865 0.9854
vn 0.9009 -0.2412 -0.3609
vn 0.1033 0.7435 0.6607
vn 0.5570 0.8298 0.0345
vn 0.5191 0.7006 0.4896
vn 0.5569 -0.2857 0.7799
vn 0.1033 0.3258 0.9398
vn 0.5191 0.1842 0.8346
vn 0.9164 0.2950 -0.2706
vn 0.9164 -0.3629 0.1690
vn 0.9454 0.1811 0.2710
vn 0.1411 -0.0298 -0.9895
vn 0.7956 -0.5986 0.0926
vn 0.0943 -0.9640 0.2486
vn 0.4984 -0.2455 -0.8314
vn 0.1305 -0.5077 -0.8516
vn 0.4494 -0.5770 -0.6820
vn 0.6383 -0.7528 0.1611
vn 0.7856 -0.5020 -0.3618
vn 0.6691 -0.7018 -0.2444
vn 0.0961 -0.9599 -0.2634
vn 0.3409 -0.9081 0.2433
vn 0.3666 -0.9158 -0.1640
vn 0.1308 0.7010 0.7010
vn 0.9896 0.1017 0.1017
vn 0.4926 0.6154 0.6154
vn 0.8559 0.3657 0.3657
vn 0.1205 -0.9425 -0.3116
vn 0.1205 0.0728 -0.9900
vn 0.9386 0.1916 0.2868
vn 0.0993 -0.7461 -0.6584
vn 0.5403 -0.8315 -0.1295
vn 0.5009 -0.6864 -0.5272
vn 0.5403 0.1985 -0.8177
vn 0.0993 -0.3227 -0.9413
vn 0.5009 -0.2244 -0.8359
vn 0.9403 -0.3047 0.1518
vn 0.9403 0.2569 -0.2234
vn 0.9237 -0.2128 -0.3185
vn 0.8361 0.2126 0.5057
vn 0.1184 0.4448 0.8878
vn 0.1561 -0.9873 -0.0287
vn 0.6557 0.3564 0.6656
vn 0.8746 -0.2399 0.4213
vn 0.7742 -0.0242 0.6325
vn 0.1718 -0.0904 0.9810
vn 0.3796 0.4676 0.7983
vn 0.4778 0.1091 0.8716
vn 0.5773 -0.8019 0.1539
vn 0.2296 -0.7964 0.5595
vn 0.5969 -0.5767 0.5578
vn 0.8361 0.3859 0.3900
vn 0.1561 0.3513 -0.9232
vn 0.1184 0.6500 0.7507
vn 0.8746 0.4810 -0.0604
vn 0.6557 0.4785 0.5840
vn 0.7741 0.5936 0.2198
vn 0.2296 0.8217 -0.5217
vn 0.5773 0.4491 -0.6819
vn 0.5969 0.7361 -0.3193
vn 0.3796 0.5586 0.7375
vn 0.1718 0.9409 0.2919
vn 0.4778 0.7635 0.4345
vn 0.1617 0.9813 0.1042
vn 0.9237 -0.3720 0.0915
vn 0.1480 0.2428 -0.9587
vn 0.6034 0.7632 0.2313
vn 0.1156 0.9378 -0.3274
vn 0.5528 0.7946 -0.2509
vn 0.8688 -0.2949 -0.3977
vn 0.9637 0.1397 0.2276
vn 0.9353 0.2027 -0.2902
vn 0.1154 0.6278 -0.7698
vn 0.5228 -0.0147 -0.8523
vn 0.5110 0.4242 -0.7476
vn 0.1424 0.9008 0.4103
vn 0.7481 -0.0152 -0.6635
vn 0.1152 -0.0624 -0.9914
vn 0.5556 0.8276 0.0797
vn 0.2235 0.9637 -0.1458
vn 0.5357 0.7645 -0.3584
vn 0.5658 -0.0894 -0.8197
vn 0.8140 0.3929 -0.4278
vn 0.6962 0.2629 -0.6680
vn 0.1981 0.5308 -0.8240
vn 0.3232 -0.1300 -0.9373
vn 0.4071 0.2287 -0.8843
vn 0.1717 -0.3640 0.9154
vn 0.8167 0.5626 -0.1280
vn 0.1136 0.9540 -0.2776
vn 0.6225 -0.1032 0.7758
vn 0.2811 0.3151 0.9065
vn 0.6570 0.3612 0.6618
vn 0.6278 0.7408 -0.2391
vn 0.8917 0.3518 0.2848
vn 0.7876 0.6051 0.1165
vn 0.1846 0.9370 0.2965
vn 0.3529 0.8796 -0.3189
vn 0.4921 0.8703 0.0195
vn 0.0943 -0.9858 -0.1392
vn 0.1411 0.3511 -0.9256
vn 0.7956 -0.5885 -0.1435
vn 0.0961 -0.7860 -0.6107
vn 0.3409 -0.9320 -0.1227
vn 0.3666 -0.7834 -0.5020
vn 0.4984 0.0914 -0.8621
vn 0.1305 -0.1432 -0.9810
vn 0.4494 -0.2722 -0.8509
vn 0.6383 -0.7571 -0.1392
vn 0.7856 -0.3253 -0.5264
vn 0.6691 -0.5548 -0.4944
vn 0.1411 -0.6786 -0.7208
vn 0.0943 0.8575 -0.5058
vn 0.7956 0.4888 -0.3578
vn 0.1305 -0.2431 -0.9612
vn 0.4984 -0.4143 -0.7615
vn 0.4494 -0.0742 -0.8902
vn 0.3409 0.8141 -0.4701
vn 0.0961 0.4925 -0.8650
vn 0.3666 0.5316 -0.7636
vn 0.7856 0.0991 -0.6108
vn 0.6382 0.6462 -0.4184
vn 0.6691 0.3234 -0.6691
vn 0.1480 -0.8496 -0.5062
vn 0.9237 0.3277 -0.1984
vn 0.1617 -0.6203 0.7675
vn 0.5228 -0.5923 -0.6131
vn 0.1154 -0.9882 -0.1004
vn 0.5110 -0.8286 -0.2287
vn 0.9637 0.0622 0.2597
vn 0.8688 -0.0727 -0.4898
vn 0.9353 -0.3485 -0.0619
vn 0.1157 -0.8946 0.4316
vn 0.6034 -0.3761 0.7032
vn 0.5528 -0.7393 0.3845
vn 0.1308 0.3794 0.9159
vn 0.9896 0.0550 0.1329
vn 0.4926 0.3330 0.8040
vn 0.8559 0.1979 0.4778
vn 0.1205 -0.7515 -0.6486
vn 0.1205 0.4461 -0.8868
vn 0.9386 0.0673 0.3383
vn 0.0993 -0.4374 -0.8938
vn 0.5403 -0.7186 -0.4379
vn 0.5009 -0.4324 -0.7498
vn 0.5403 0.4963 -0.6795
vn 0.0993 0.0621 -0.9931
vn 0.5009 0.1126 -0.8582
vn 0.9403 -0.3396 0.0237
vn 0.9403 0.3228 -0.1081
vn 0.9237 -0.0747 -0.3757
vn 0.8361 0.0029 0.5486
vn 0.1184 0.0712 0.9904
vn 0.1561 -0.9012 -0.4044
vn 0.6558 0.0746 0.7513
vn 0.8746 -0.3829 0.2974
vn 0.7742 -0.2644 0.5751
vn 0.1719 -0.4589 0.8717
vn 0.3796 0.1265 0.9164
vn 0.4779 -0.2327 0.8470
vn 0.5773 -0.7997 -0.1646
vn 0.2296 -0.9499 0.2121
vn 0.5969 -0.7462 0.2946
vn 0.8361 0.2073 0.5080
vn 0.1561 0.6778 -0.7185
vn 0.1183 0.3132 0.9423
vn 0.8746 0.4676 0.1282
vn 0.6558 0.2186 0.7226
vn 0.7741 0.4644 0.4302
vn 0.2296 0.9587 -0.1676
vn 0.5773 0.6759 -0.4582
vn 0.5969 0.8022 -0.0134
vn 0.3796 0.2338 0.8951
vn 0.1718 0.7576 0.6297
vn 0.4779 0.5392 0.6935
vn 0.1480 0.5912 -0.7928
vn 0.1617 0.8668 0.4718
vn 0.9237 -0.3787 -0.0578
vn 0.1154 0.8746 -0.4710
vn 0.5228 0.3126 -0.7931
vn 0.5110 0.6780 -0.5283
vn 0.6034 0.6165 0.5057
vn 0.1156 0.9917 0.0564
vn 0.5528 0.8302 0.0723
vn 0.8688 -0.1202 -0.4803
vn 0.9637 0.0420 0.2637
vn 0.9353 0.2983 -0.1905
vn 0.0943 0.9858 -0.1392
vn 0.7956 0.5885 -0.1435
vn 0.1411 -0.3511 -0.9256
vn 0.3409 0.9320 -0.1227
vn 0.0961 0.7861 -0.6106
vn 0.3666 0.7834 -0.5020
vn 0.7856 0.3253 -0.5264
vn 0.6383 0.7571 -0.1392
vn 0.6691 0.5548 -0.4944
vn 0.1305 0.1433 -0.9810
vn 0.4984 -0.0914 -0.8621
vn 0.4494 0.2722 -0.8508
vn 0.1136 0.9876 0.1086
vn 0.1717 -0.6866 0.7065
vn 0.8167 0.5688 0.0970
vn 0.1846 0.7522 0.6325
vn 0.3529 0.9347 0.0420
vn 0.4921 0.7966 0.3511
vn 0.6225 -0.3922 0.6772
vn 0.2811 -0.0558 0.9581
vn 0.6570 0.0805 0.7496
vn 0.6277 0.7759 0.0626
vn 0.8917 0.2160 0.3977
vn 0.7876 0.5145 0.3392
vn 0.1424 0.6752 0.7238
vn 0.7480 0.2399 -0.6188
vn 0.1152 0.3217 -0.9398
vn 0.5556 0.7341 0.3904
vn 0.2235 0.9462 0.2341
vn 0.5357 0.8435 -0.0386
vn 0.5658 0.2311 -0.7915
vn 0.8140 0.5267 -0.2449
vn 0.6962 0.4985 -0.5166
vn 0.1981 0.8057 -0.5582
vn 0.3232 0.2386 -0.9158
vn 0.4071 0.5496 -0.7295
vn 0.1467 -0.7579 0.6357
vn 0.9009 0.0847 -0.4257
vn 0.1467 0.4569 0.8773
vn 0.5569 -0.7535 0.3494
vn 0.1033 -0.4341 0.8949
vn 0.5191 -0.4599 0.7204
vn 0.9164 0.3999 0.0172
vn 0.9164 -0.3761 -0.1371
vn 0.9454 -0.0636 0.3197
vn 0.1033 0.0585 0.9929
vn 0.5569 0.5624 0.6112
vn 0.5191 0.1492 0.8416
vn 0.1411 0.6786 -0.7208
vn 0.7956 -0.4888 -0.3578
vn 0.0943 -0.8575 -0.5058
vn 0.4985 0.4143 -0.7615
vn 0.1305 0.2431 -0.9612
vn 0.4494 0.0742 -0.8902
vn 0.6383 -0.6462 -0.4184
vn 0.7856 -0.0991 -0.6108
vn 0.6691 -0.3234 -0.6691
vn 0.0961 -0.4925 -0.8650
vn 0.3409 -0.8141 -0.4701
vn 0.3666 -0.5316 -0.7635
vn 0.1303 -0.0007 0.9915
vn 0.9896 -0.0000 0.1438
vn 0.4926 -0.0000 0.8702
vn 0.8559 -0.0000 0.5172
vn 0.1205 0.7515 -0.6486
vn 0.9386 -0.0673 0.3383
vn 0.1205 -0.4461 -0.8868
vn 0.5403 0.7186 -0.4379
vn 0.0993 0.4374 -0.8938
vn 0.5009 0.4324 -0.7498
vn 0.9403 -0.3228 -0.1081
vn 0.9403 0.3396 0.0237
vn 0.9237 0.0747 -0.3757
vn 0.0993 -0.0621 -0.9931
vn 0.5403 -0.4963 -0.6795
vn 0.5008 -0.1126 -0.8582
vn 0.8361 -0.2073 0.5080
vn 0.1184 -0.3132 0.9423
vn 0.1561 -0.6778 -0.7185
vn 0.6558 -0.2186 0.7226
vn 0.8746 -0.4676 0.1282
vn 0.7742 -0.4643 0.4302
vn 0.1718 -0.7576 0.6297
vn 0.3796 -0.2338 0.8951
vn 0.4779 -0.5391 0.6935
vn 0.5773 -0.6758 -0.4582
vn 0.2296 -0.9587 -0.1676
vn 0.5969 -0.8022 -0.0134
vn 0.8361 -0.0029 0.5486
vn 0.1561 0.9012 -0.4044
vn 0.1183 -0.0712 0.9904
vn 0.8746 0.3829 0.2974
vn 0.6558 -0.0746 0.7513
vn 0.7742 0.2644 0.5751
vn 0.2296 0.9499 0.2121
vn 0.5773 0.7997 -0.1646
vn 0.5969 0.7463 0.2946
vn 0.3796 -0.1265 0.9165
vn 0.1718 0.4589 0.8717
vn 0.4779 0.2327 0.8471
vn 0.1480 0.8496 -0.5062
vn 0.1617 0.6203 0.7676
vn 0.9237 -0.3277 -0.1984
vn 0.1154 0.9882 -0.1004
vn 0.5228 0.5923 -0.6131
vn 0.5110 0.8286 -0.2286
vn 0.6034 0.3761 0.7032
vn 0.1156 0.8946 0.4317
vn 0.5528 0.7393 0.3845
vn 0.8688 0.0727 -0.4898
vn 0.9637 -0.0622 0.2597
vn 0.9353 0.3485 -0.0619
vn 0.1411 0.0298 -0.9895
vn 0.0943 0.9640 0.2486
vn 0.7956 0.5986 0.0926
vn 0.1305 0.5078 -0.8516
vn 0.4984 0.2455 -0.8314
vn 0.4494 0.5770 -0.6820
vn 0.3409 0.9081 0.2433
vn 0.0961 0.9599 -0.2634
vn 0.3666 0.9158 -0.1640
vn 0.7856 0.5020 -0.3618
vn 0.6382 0.7528 0.1611
vn 0.6691 0.7018 -0.2444
vn 0.1717 -0.9047 0.3900
vn 0.8167 0.4884 0.3073
vn 0.1136 0.8708 0.4782
vn 0.6225 -0.6215 0.4756
vn 0.2811 -0.4182 0.8638
vn 0.6570 -0.2125 0.7233
vn 0.6277 0.6929 0.3548
vn 0.8917 0.0474 0.4501
vn 0.7876 0.3454 0.5103
vn 0.1846 0.4529 0.8722
vn 0.3529 0.8475 0.3965
vn 0.4921 0.6016 0.6292
vn 0.8361 -0.3859 0.3900
vn 0.1183 -0.6500 0.7507
vn 0.1561 -0.3513 -0.9232
vn 0.6558 -0.4785 0.5839
vn 0.8746 -0.4810 -0.0605
vn 0.7742 -0.5936 0.2197
vn 0.1718 -0.9409 0.2919
vn 0.3796 -0.5586 0.7375
vn 0.4778 -0.7635 0.4344
vn 0.5773 -0.4491 -0.6819
vn 0.2296 -0.8217 -0.5217
vn 0.5969 -0.7360 -0.3193
vn 0.8361 -0.2126 0.5057
vn 0.1561 0.9873 -0.0288
vn 0.1184 -0.4448 0.8878
vn 0.8746 0.2399 0.4213
vn 0.6558 -0.3564 0.6656
vn 0.7742 0.0242 0.6325
vn 0.2296 0.7964 0.5594
vn 0.5773 0.8019 0.1539
vn 0.5969 0.5767 0.5578
vn 0.3796 -0.4676 0.7983
vn 0.1718 0.0904 0.9810
vn 0.4779 -0.1092 0.8716
vn 0.1480 -0.2428 -0.9587
vn 0.9237 0.3720 0.0915
vn 0.1617 -0.9813 0.1041
vn 0.5228 0.0147 -0.8523
vn 0.1154 -0.6278 -0.7698
vn 0.5110 -0.4242 -0.7476
vn 0.9637 -0.1397 0.2276
vn 0.8688 0.2949 -0.3977
vn 0.9353 -0.2027 -0.2902
vn 0.1156 -0.9378 -0.3273
vn 0.6034 -0.7632 0.2313
vn 0.5528 -0.7946 -0.2509
vn 0.1424 0.3468 0.9271
vn 0.7481 0.4584 -0.4799
vn 0.1152 0.6569 -0.7451
vn 0.5556 0.5288 0.6416
vn 0.2236 0.7846 0.5783
vn 0.5357 0.7941 0.2872
vn 0.5658 0.5164 -0.6428
vn 0.8140 0.5803 -0.0247
vn 0.6962 0.6582 -0.2864
vn 0.1981 0.9580 -0.2074
vn 0.3232 0.5708 -0.7548
vn 0.4071 0.7870 -0.4636
vn 0.1617 0.2793 0.9465
vn 0.9237 -0.2269 -0.3087
vn 0.1480 0.9787 -0.1426
vn 0.6034 0.0783 0.7936
vn 0.1156 0.6613 0.7411
vn 0.5528 0.5359 0.6381
vn 0.8688 0.2546 -0.4247
vn 0.9637 -0.1568 0.2162
vn 0.9353 0.3456 0.0762
vn 0.1154 0.9514 0.2854
vn 0.5228 0.7818 -0.3398
vn 0.5110 0.8530 0.1058
vn 0.1424 -0.9892 0.0343
vn 0.1152 0.4370 -0.8920
vn 0.7481 0.2679 -0.6071
vn 0.2235 -0.8345 -0.5036
vn 0.5556 -0.7951 -0.2431
vn 0.5357 -0.5692 -0.6237
vn 0.3232 0.4789 -0.8162
vn 0.1981 -0.1750 -0.9644
vn 0.4071 0.1272 -0.9045
vn 0.8140 -0.1993 -0.5456
vn 0.5658 0.3963 -0.7231
vn 0.6962 0.0128 -0.7178
vn 0.1717 -0.9850 0.0140
vn 0.8167 0.3336 0.4708
vn 0.1136 0.6215 0.7751
vn 0.6226 -0.7562 0.2015
vn 0.2811 -0.7169 0.6380
vn 0.6570 -0.4731 0.5869
vn 0.6278 0.5043 0.5929
vn 0.8917 -0.1285 0.4340
vn 0.7876 0.1240 0.6036
vn 0.1846 0.0847 0.9792
vn 0.3529 0.6313 0.6906
vn 0.4921 0.3151 0.8115
vn 0.1467 0.0865 0.9854
vn 0.1467 -0.9435 0.2972
vn 0.9009 0.2412 -0.3609
vn 0.1033 -0.3258 0.9398
vn 0.5569 0.2857 0.7799
vn 0.5191 -0.1842 0.8346
vn 0.5570 -0.8298 0.0345
vn 0.1033 -0.7435 0.6607
vn 0.5191 -0.7006 0.4896
vn 0.9164 0.3629 0.1690
vn 0.9164 -0.2950 -0.2706
vn 0.9454 -0.1811 0.2710
vn 0.1411 0.4064 -0.9028
vn 0.0943 0.7955 0.5986
vn 0.7957 0.5176 0.3147
vn 0.1305 0.7951 -0.5923
vn 0.4984 0.5451 -0.6741
vn 0.4494 0.7941 -0.4091
vn 0.3409 0.7458 0.5723
vn 0.0961 0.9876 0.1241
vn 0.3666 0.9089 0.1990
vn 0.7856 0.6022 -0.1421
vn 0.6383 0.6338 0.4369
vn 0.6691 0.7420 0.0428
vn 0.1311 -0.3591 0.9241
vn 0.9896 -0.0550 0.1329
vn 0.4926 -0.3330 0.8040
vn 0.8559 -0.1979 0.4778
vn 0.1424 -0.0345 0.9892
vn 0.7480 0.6072 -0.2680
vn 0.1152 0.8920 -0.4371
vn 0.5556 0.2430 0.7952
vn 0.2236 0.5035 0.8346
vn 0.5358 0.6237 0.5692
vn 0.5657 0.7231 -0.3963
vn 0.8140 0.5456 0.1993
vn 0.6962 0.7178 -0.0128
vn 0.1981 0.9644 0.1751
vn 0.3232 0.8162 -0.4789
vn 0.4071 0.9045 -0.1272
vn 0.1205 0.3115 -0.9426
vn 0.1205 0.9900 0.0728
vn 0.9386 -0.2868 0.1916
vn 0.0993 0.6583 -0.7462
vn 0.5403 0.1295 -0.8315
vn 0.5009 0.5271 -0.6865
vn 0.5403 0.8177 0.1985
vn 0.0993 0.9413 -0.3227
vn 0.5009 0.8359 -0.2244
vn 0.9403 -0.1519 -0.3047
vn 0.9403 0.2234 0.2569
vn 0.9237 0.3185 -0.2128
vn 0.8361 -0.5057 0.2126
vn 0.1184 -0.8878 0.4448
vn 0.1561 0.0287 -0.9873
vn 0.6558 -0.6656 0.3564
vn 0.8746 -0.4213 -0.2399
vn 0.7741 -0.6326 -0.0242
vn 0.1718 -0.9810 -0.0904
vn 0.3796 -0.7983 0.4676
vn 0.4778 -0.8716 0.1091
vn 0.5773 -0.1540 -0.8019
vn 0.2296 -0.5595 -0.7964
vn 0.5969 -0.5578 -0.5767
vn 0.8361 -0.3900 0.3858
vn 0.1561 0.9232 0.3512
vn 0.1184 -0.7507 0.6500
vn 0.8746 0.0604 0.4810
vn 0.6558 -0.5840 0.4785
vn 0.7742 -0.2198 0.5936
vn 0.2297 0.5217 0.8216
vn 0.5774 0.6819 0.4490
vn 0.5969 0.3193 0.7360
vn 0.3796 -0.7375 0.5586
vn 0.1719 -0.2919 0.9409
vn 0.4779 -0.4344 0.7635
vn 0.1467 -0.2973 0.9434
vn 0.1467 -0.9854 -0.0865
vn 0.9008 0.3610 -0.2412
vn 0.1033 -0.6608 0.7434
vn 0.5570 -0.0346 0.8298
vn 0.5191 -0.4897 0.7006
vn 0.5569 -0.7799 -0.2857
vn 0.1032 -0.9398 0.3258
vn 0.5191 -0.8347 0.1842
vn 0.9164 0.2705 0.2949
vn 0.9164 -0.1690 -0.3629
vn 0.9454 -0.2711 0.1810
vn 0.1411 0.9895 -0.0298
vn 0.7956 -0.0926 -0.5987
vn 0.0943 -0.2486 -0.9640
vn 0.4984 0.8314 -0.2455
vn 0.1305 0.8515 -0.5078
vn 0.4494 0.6819 -0.5771
vn 0.6382 -0.1611 -0.7528
vn 0.7856 0.3618 -0.5020
vn 0.6691 0.2444 -0.7018
vn 0.0961 0.2634 -0.9599
vn 0.3409 -0.2433 -0.9081
vn 0.3665 0.1640 -0.9158
vn 0.1306 -0.7009 0.7012
vn 0.9896 -0.1017 0.1017
vn 0.4926 -0.6154 0.6154
vn 0.8559 -0.3657 0.3657
vn 0.1617 -0.1041 0.9813
vn 0.9237 -0.0915 -0.3721
vn 0.1480 0.9587 0.2428
vn 0.6034 -0.2312 0.7632
vn 0.1156 0.3274 0.9378
vn 0.5528 0.2510 0.7946
vn 0.8688 0.3977 -0.2950
vn 0.9637 -0.2276 0.1397
vn 0.9353 0.2902 0.2027
vn 0.1154 0.7698 0.6278
vn 0.5228 0.8523 -0.0147
vn 0.5110 0.7476 0.4242
vn 0.1303 -0.9163 0.3788
vn 0.9896 -0.1329 0.0550
vn 0.4926 -0.8040 0.3330
vn 0.8559 -0.4778 0.1979
vn -0.1307 -0.3793 -0.9160
vn -0.9896 -0.0550 -0.1329
vn -0.4926 -0.3330 -0.8040
vn -0.8559 -0.1979 -0.4778
vn -0.1308 -0.7010 -0.7010
vn -0.9896 -0.1017 -0.1017
vn -0.4926 -0.6154 -0.6154
vn -0.8559 -0.3657 -0.3657
vn -0.1308 -0.9159 -0.3794
vn -0.9896 -0.1329 -0.0550
vn -0.4926 -0.8040 -0.3330
vn -0.8559 -0.4778 -0.1979
vn -0.1308 -0.9914 -0.0000
vn -0.9896 -0.1438 -0.0000
vn -0.4926 -0.8702 -0.0000
vn -0.8559 -0.5172 -0.0000
vn -0.9896 -0.1329 0.0550
vn -0.1308 -0.9159 0.3794
vn -0.8559 -0.4778 0.1979
vn -0.4926 -0.8040 0.3330
vn -0.1306 -0.7007 0.7014
vn -0.9896 -0.1017 0.1017
vn -0.4926 -0.6154 0.6154
vn -0.8559 -0.3657 0.3657
vn -0.1311 -0.3907 0.9111
vn -0.9896 -0.0550 0.1329
vn -0.4926 -0.3330 0.8040
vn -0.8559 -0.1979 0.4778
vn -0.1305 0.0004 0.9914
vn -0.9896 -0.0000 0.1438
vn -0.4926 -0.0000 0.8702
vn -0.8559 -0.0000 0.5172
vn -0.1309 0.3685 0.9204
vn -0.9896 0.0550 0.1329
vn -0.4926 0.3330 0.8040
vn -0.8559 0.1979 0.4778
vn -0.1308 0.6925 0.7094
vn -0.9896 0.1017 0.1017
vn -0.4926 0.6154 0.6154
vn -0.8559 0.3657 0.3657
vn -0.1308 0.9113 0.3904
vn -0.9896 0.1329 0.0550
vn -0.4926 0.8040 0.3330
vn -0.8559 0.4778 0.1979
vn -0.1308 0.9913 0.0120
vn -0.9896 0.1438 -0.0000
vn -0.4926 0.8702 -0.0000
vn -0.8559 0.5172 -0.0000
vn -0.1308 0.9205 -0.3683
vn -0.9896 0.1329 -0.0550
vn -0.4926 0.8040 -0.3330
vn -0.8559 0.4778 -0.1979
vn -0.1310 0.7097 -0.6922
vn -0.9896 0.1017 -0.1017
vn -0.4926 0.6154 -0.6154
vn -0.8559 0.3657 -0.3657
vn -0.1311 0.0123 -0.9913
vn -0.9896 -0.0000 -0.1438
vn -0.4926 -0.0000 -0.8702
vn -0.8559 -0.0000 -0.5172
vn -0.1305 0.3791 -0.9161
vn -0.9896 0.0550 -0.1329
vn -0.4926 0.3330 -0.8040
vn -0.8559 0.1979 -0.4778
vn 0.6927 -0.0724 0.7175
vn 0.7939 0.4975 0.3495
vn 0.7862 -0.6108 -0.0940
vn 0.6947 -0.4551 0.5570
vn 0.1381 0.5402 -0.8302
vn 0.1348 0.2073 -0.9689
vn 0.7953 0.0644 0.6027
vn 0.9511 -0.0111 0.3086
vn 0.9745 0.0602 0.2163
vn 0.9552 0.2269 0.1899
vn 0.8369 0.2489 0.4874
vn 0.9696 0.0980 0.2242
vn 0.8369 -0.5207 0.1686
vn 0.9552 -0.2947 -0.0262
vn 0.9696 -0.2278 0.0892
vn 0.9511 -0.2103 0.2264
vn 0.7953 -0.4717 0.3807
vn 0.9745 -0.1955 0.1103
vn 0.1859 0.4308 -0.8831
vn 0.7552 0.3479 -0.5556
vn 0.8418 0.2408 -0.4830
vn 0.7513 0.1477 -0.6432
vn 0.1883 0.2498 -0.9498
vn 0.8418 0.1712 -0.5118
vn 0.1014 0.0006 -0.9948
vn 0.6869 0.1885 0.7019
vn 0.7934 0.5938 0.1338
vn 0.7856 -0.6007 0.1482
vn 0.6902 -0.1879 0.6988
vn 0.6810 -0.0546 -0.7302
vn 0.6857 0.0540 -0.7259
vn 0.8774 -0.0000 -0.4798
vn 0.8268 0.2904 0.4818
vn 0.9837 0.1207 0.1332
vn 0.9777 0.1701 0.1235
vn 0.9548 0.2833 0.0899
vn 0.8422 0.4167 0.3422
vn 0.9603 0.1852 0.2086
vn 0.8422 -0.4167 0.3422
vn 0.9548 -0.2833 0.0899
vn 0.9603 -0.1852 0.2086
vn 0.9832 -0.1211 0.1365
vn 0.8268 -0.2904 0.4818
vn 0.9777 -0.1701 0.1235
vn 0.6945 -0.3405 0.6338
vn 0.7939 0.3259 0.5133
vn 0.7862 -0.5284 -0.3206
vn 0.6947 -0.6336 0.3404
vn 0.1381 0.8167 -0.5603
vn 0.1381 0.5618 -0.8157
vn 0.7954 -0.1712 0.5815
vn 0.9511 -0.1287 0.2809
vn 0.9745 -0.0271 0.2228
vn 0.9552 0.1370 0.2623
vn 0.8369 0.0435 0.5456
vn 0.9696 0.0047 0.2446
vn 0.8369 -0.5456 -0.0435
vn 0.9552 -0.2623 -0.1370
vn 0.9696 -0.2446 -0.0047
vn 0.9511 -0.2809 0.1287
vn 0.7953 -0.5815 0.1712
vn 0.9745 -0.2228 0.0271
vn 0.1857 0.7359 -0.6511
vn 0.7552 0.5341 -0.3801
vn 0.8418 0.4074 -0.3541
vn 0.7552 0.3801 -0.5340
vn 0.1879 0.5940 -0.7822
vn 0.8418 0.3541 -0.4073
vn 0.6945 -0.5572 0.4552
vn 0.7939 0.1046 0.5990
vn 0.7862 -0.3655 -0.4984
vn 0.6929 -0.7174 0.0723
vn 0.1354 0.9691 -0.2064
vn 0.1381 0.8312 -0.5386
vn 0.7953 -0.3807 0.4717
vn 0.9511 -0.2264 0.2103
vn 0.9745 -0.1103 0.1955
vn 0.9552 0.0262 0.2947
vn 0.8369 -0.1686 0.5207
vn 0.9696 -0.0892 0.2278
vn 0.8369 -0.4874 -0.2489
vn 0.9552 -0.1899 -0.2269
vn 0.9696 -0.2242 -0.0980
vn 0.9511 -0.3086 0.0111
vn 0.7953 -0.6027 -0.0644
vn 0.9745 -0.2163 -0.0602
vn 0.1863 0.9287 -0.3207
vn 0.7513 0.6432 -0.1477
vn 0.8418 0.5118 -0.1712
vn 0.7552 0.5556 -0.3479
vn 0.1879 0.8481 -0.4954
vn 0.8418 0.4830 -0.2409
vn 0.6900 -0.6990 0.1879
vn 0.7934 -0.1338 0.5938
vn 0.7856 -0.1482 -0.6007
vn 0.6871 -0.7017 -0.1885
vn 0.1017 0.9948 -0.0001
vn 0.8268 -0.4818 0.2904
vn 0.9832 -0.1365 0.1211
vn 0.9777 -0.1235 0.1701
vn 0.9548 -0.0899 0.2833
vn 0.8422 -0.3422 0.4167
vn 0.9603 -0.2086 0.1852
vn 0.8422 -0.3422 -0.4167
vn 0.9548 -0.0900 -0.2833
vn 0.9603 -0.2086 -0.1852
vn 0.9837 -0.1332 -0.1207
vn 0.8268 -0.4818 -0.2904
vn 0.9777 -0.1235 -0.1700
vn 0.6857 0.7259 -0.0540
vn 0.6810 0.7302 0.0546
vn 0.8774 0.4797 -0.0000
vn 0.6869 -0.7206 -0.0945
vn 0.7934 -0.3509 0.4974
vn 0.7856 0.0930 -0.6117
vn 0.6871 -0.5761 -0.4427
vn 0.1003 0.9192 0.3808
vn 0.8268 -0.5562 0.0839
vn 0.9837 -0.1692 0.0605
vn 0.9777 -0.1792 0.1098
vn 0.9548 -0.1915 0.2273
vn 0.8422 -0.4756 0.2540
vn 0.9603 -0.2636 0.0912
vn 0.8422 -0.1567 -0.5159
vn 0.9548 0.0253 -0.2961
vn 0.9603 -0.1219 -0.2509
vn 0.9837 -0.0769 -0.1625
vn 0.8268 -0.3340 -0.4526
vn 0.9777 -0.0490 -0.2044
vn 0.6810 0.6955 0.2290
vn 0.6810 0.6537 0.3299
vn 0.8774 0.4433 0.1836
vn 0.6869 -0.6296 -0.3630
vn 0.7934 -0.5145 0.3253
vn 0.7856 0.3200 -0.5295
vn 0.6871 -0.3629 -0.6294
vn 0.1003 0.7035 0.7035
vn 0.8268 -0.5460 -0.1353
vn 0.9837 -0.1795 -0.0088
vn 0.9777 -0.2076 0.0329
vn 0.9548 -0.2639 0.1367
vn 0.8422 -0.5366 0.0527
vn 0.9603 -0.2784 -0.0166
vn 0.8422 0.0527 -0.5366
vn 0.9548 0.1367 -0.2639
vn 0.9603 -0.0166 -0.2785
vn 0.9837 -0.0088 -0.1795
vn 0.8268 -0.1353 -0.5460
vn 0.9777 0.0329 -0.2076
vn 0.6810 0.5550 0.4777
vn 0.6811 0.4777 0.5549
vn 0.8774 0.3392 0.3392
vn 0.6869 -0.4427 -0.5763
vn 0.7934 -0.5998 0.1036
vn 0.7856 0.4983 -0.3668
vn 0.6871 -0.0944 -0.7204
vn 0.1003 0.3808 0.9192
vn 0.8268 -0.4526 -0.3340
vn 0.9837 -0.1625 -0.0769
vn 0.9777 -0.2044 -0.0490
vn 0.9548 -0.2961 0.0253
vn 0.8422 -0.5159 -0.1567
vn 0.9603 -0.2509 -0.1219
vn 0.8422 0.2540 -0.4756
vn 0.9548 0.2273 -0.1915
vn 0.9603 0.0912 -0.2636
vn 0.9837 0.0605 -0.1692
vn 0.8268 0.0839 -0.5562
vn 0.9777 0.1098 -0.1792
vn 0.6810 0.3299 0.6537
vn 0.6811 0.2290 0.6955
vn 0.8774 0.1836 0.4433
vn 0.6869 -0.1885 -0.7019
vn 0.7934 -0.5938 -0.1338
vn 0.7856 0.6007 -0.1482
vn 0.6902 0.1879 -0.6988
vn 0.1014 -0.0006 0.9948
vn 0.8268 -0.2904 -0.4818
vn 0.9837 -0.1207 -0.1332
vn 0.9777 -0.1701 -0.1235
vn 0.9548 -0.2833 -0.0899
vn 0.8422 -0.4167 -0.3422
vn 0.9603 -0.1852 -0.2086
vn 0.8422 0.4167 -0.3422
vn 0.9548 0.2833 -0.0899
vn 0.9603 0.1852 -0.2086
vn 0.9832 0.1211 -0.1365
vn 0.8268 0.2904 -0.4818
vn 0.9777 0.1701 -0.1235
vn 0.6810 0.0546 0.7302
vn 0.6857 -0.0541 0.7259
vn 0.8774 -0.0000 0.4797
vn 0.6927 0.0724 -0.7175
vn 0.7939 -0.4975 -0.3496
vn 0.7862 0.6108 0.0940
vn 0.6930 0.4561 -0.5584
vn 0.1354 -0.5393 0.8312
vn 0.1348 -0.2073 0.9689
vn 0.7953 -0.0644 -0.6027
vn 0.9511 0.0111 -0.3086
vn 0.9745 -0.0602 -0.2163
vn 0.9552 -0.2269 -0.1899
vn 0.8369 -0.2489 -0.4874
vn 0.9696 -0.0980 -0.2242
vn 0.8369 0.5207 -0.1686
vn 0.9552 0.2948 0.0262
vn 0.9696 0.2278 -0.0892
vn 0.9511 0.2103 -0.2261
vn 0.7953 0.4717 -0.3807
vn 0.9745 0.1955 -0.1103
vn 0.1865 -0.4300 0.8833
vn 0.7513 -0.3504 0.5593
vn 0.8418 -0.2409 0.4830
vn 0.7513 -0.1477 0.6432
vn 0.1883 -0.2498 0.9498
vn 0.8418 -0.1712 0.5118
vn 0.6900 0.3614 -0.6271
vn 0.7934 -0.3253 -0.5145
vn 0.7856 0.5295 0.3199
vn 0.6871 0.6295 -0.3629
vn 0.1017 -0.7034 0.7035
vn 0.8268 0.1353 -0.5460
vn 0.9832 0.0110 -0.1822
vn 0.9777 -0.0329 -0.2076
vn 0.9548 -0.1367 -0.2639
vn 0.8422 -0.0527 -0.5366
vn 0.9603 0.0166 -0.2784
vn 0.8422 0.5366 0.0527
vn 0.9548 0.2639 0.1367
vn 0.9603 0.2784 -0.0166
vn 0.9837 0.1795 -0.0089
vn 0.8268 0.5460 -0.1353
vn 0.9777 0.2076 0.0329
vn 0.6857 -0.4751 0.5515
vn 0.6810 -0.5550 0.4777
vn 0.8774 -0.3392 0.3392
vn 0.6869 0.5763 -0.4428
vn 0.7934 -0.1036 -0.5999
vn 0.7856 0.3668 0.4982
vn 0.6902 0.7175 -0.0938
vn 0.1014 -0.9193 0.3802
vn 0.8268 0.3340 -0.4527
vn 0.9837 0.0769 -0.1625
vn 0.9777 0.0490 -0.2044
vn 0.9548 -0.0253 -0.2962
vn 0.8421 0.1567 -0.5160
vn 0.9603 0.1219 -0.2509
vn 0.8422 0.4756 0.2540
vn 0.9548 0.1915 0.2273
vn 0.9603 0.2636 0.0912
vn 0.9832 0.1725 0.0596
vn 0.8268 0.5562 0.0839
vn 0.9777 0.1792 0.1098
vn 0.6810 -0.6537 0.3299
vn 0.6857 -0.6913 0.2278
vn 0.8774 -0.4432 0.1836
vn 0.6927 0.6907 -0.2077
vn 0.7939 0.1326 -0.5934
vn 0.7862 0.1469 0.6003
vn 0.6947 0.6887 0.2074
vn 0.1381 -0.9737 -0.1813
vn 0.1348 -0.9745 0.1793
vn 0.7953 0.5323 -0.2901
vn 0.9511 0.2894 -0.1078
vn 0.9745 0.1768 -0.1384
vn 0.9552 0.0886 -0.2824
vn 0.8369 0.3551 -0.4165
vn 0.9696 0.1696 -0.1763
vn 0.8369 0.3550 0.4165
vn 0.9552 0.0886 0.2823
vn 0.9696 0.1696 0.1763
vn 0.9511 0.2896 0.1077
vn 0.7953 0.5322 0.2901
vn 0.9745 0.1767 0.1384
vn 0.1859 -0.9807 -0.0601
vn 0.7552 -0.6464 -0.1088
vn 0.8418 -0.5384 -0.0377
vn 0.7513 -0.6508 0.1097
vn 0.1883 -0.9731 0.1327
vn 0.8418 -0.5384 0.0377
vn 0.6945 0.7159 0.0721
vn 0.7939 0.3495 -0.4975
vn 0.7862 -0.0940 0.6108
vn 0.6947 0.5570 0.4551
vn 0.1381 -0.8302 -0.5402
vn 0.1381 -0.9686 -0.2069
vn 0.7953 0.6027 -0.0644
vn 0.9511 0.3088 0.0114
vn 0.9745 0.2163 -0.0602
vn 0.9552 0.1899 -0.2269
vn 0.8369 0.4874 -0.2490
vn 0.9696 0.2242 -0.0980
vn 0.8369 0.1686 0.5207
vn 0.9552 -0.0262 0.2947
vn 0.9696 0.0892 0.2278
vn 0.9511 0.2264 0.2103
vn 0.7953 0.3807 0.4717
vn 0.9745 0.1103 0.1955
vn 0.1857 -0.8832 -0.4307
vn 0.7552 -0.5556 -0.3479
vn 0.8418 -0.4830 -0.2409
vn 0.7552 -0.6389 -0.1468
vn 0.1879 -0.9500 -0.2494
vn 0.8418 -0.5118 -0.1712
vn 0.6945 0.6338 0.3405
vn 0.7939 0.5133 -0.3259
vn 0.7862 -0.3206 0.5284
vn 0.6930 0.3413 0.6351
vn 0.1354 -0.5615 -0.8163
vn 0.1381 -0.8157 -0.5618
vn 0.7953 0.5815 0.1712
vn 0.9511 0.2810 0.1287
vn 0.9745 0.2229 0.0271
vn 0.9552 0.2623 -0.1370
vn 0.8369 0.5456 -0.0435
vn 0.9696 0.2446 -0.0047
vn 0.8369 -0.0435 0.5456
vn 0.9552 -0.1370 0.2623
vn 0.9696 -0.0047 0.2446
vn 0.9511 0.1284 0.2809
vn 0.7953 0.1712 0.5815
vn 0.9745 0.0271 0.2228
vn 0.1863 -0.6517 -0.7353
vn 0.7513 -0.3827 -0.5377
vn 0.8418 -0.3541 -0.4074
vn 0.7552 -0.5340 -0.3801
vn 0.1879 -0.7822 -0.5940
vn 0.8418 -0.4074 -0.3541
vn 0.6900 0.4411 0.5739
vn 0.7934 0.5998 -0.1036
vn 0.7856 -0.4983 0.3668
vn 0.6871 0.0944 0.7204
vn 0.1017 -0.3808 -0.9190
vn 0.8268 0.4526 0.3340
vn 0.9832 0.1641 0.0798
vn 0.9777 0.2044 0.0490
vn 0.9548 0.2961 -0.0253
vn 0.8422 0.5159 0.1567
vn 0.9603 0.2509 0.1219
vn 0.8422 -0.2540 0.4756
vn 0.9548 -0.2273 0.1915
vn 0.9603 -0.0912 0.2636
vn 0.9837 -0.0605 0.1693
vn 0.8268 -0.0839 0.5562
vn 0.9777 -0.1098 0.1792
vn 0.6857 -0.3277 -0.6500
vn 0.6811 -0.2290 -0.6955
vn 0.8774 -0.1836 -0.4432
vn 0.0795 0.6842 0.7250
vn 0.0820 0.3333 -0.9393
vn 0.5711 0.1987 -0.7965
vn 0.8653 0.2472 -0.4361
vn 0.0385 0.9664 0.2543
vn 0.3599 0.7299 0.5811
vn 0.2623 0.9483 0.1788
vn 0.2634 0.3311 -0.9061
vn 0.0429 0.8144 -0.5787
vn 0.2767 0.7569 -0.5921
vn 0.6539 0.2124 -0.7261
vn 0.4489 0.2822 -0.8478
vn 0.5290 0.5745 -0.6246
vn 0.7416 0.6479 0.1740
vn 0.7784 0.3405 -0.5274
vn 0.6083 0.7896 -0.0810
vn 0.0795 -0.9095 0.4079
vn 0.8640 -0.0594 -0.4999
vn 0.5711 0.1195 -0.8121
vn 0.0820 0.0515 -0.9953
vn 0.3599 -0.8967 0.2575
vn 0.0385 -0.9901 -0.1349
vn 0.2623 -0.9445 -0.1977
vn 0.7532 -0.0422 -0.6564
vn 0.7416 -0.6652 -0.0871
vn 0.6083 -0.6985 -0.3770
vn 0.4489 0.0638 -0.8913
vn 0.6170 -0.0197 -0.7867
vn 0.5290 -0.2918 -0.7969
vn 0.0429 -0.5310 -0.8463
vn 0.2634 0.0409 -0.9638
vn 0.2766 -0.4727 -0.8367
vn 0.0795 0.3547 0.9316
vn 0.0820 0.6673 -0.7402
vn 0.5711 0.4883 -0.6598
vn 0.8653 0.3953 -0.3083
vn 0.0385 0.7955 0.6047
vn 0.3599 0.4520 0.8162
vn 0.2624 0.8076 0.5281
vn 0.2634 0.6526 -0.7104
vn 0.0430 0.9739 -0.2230
vn 0.2767 0.9259 -0.2574
vn 0.6539 0.4741 -0.5896
vn 0.4489 0.5852 -0.6753
vn 0.5290 0.7698 -0.3571
vn 0.7416 0.5320 0.4087
vn 0.7784 0.5164 -0.3570
vn 0.6083 0.7605 0.2273
vn 0.0795 -0.9964 0.0288
vn 0.8640 0.1364 -0.4846
vn 0.5711 0.4212 -0.7046
vn 0.0820 0.4285 -0.8998
vn 0.3599 -0.9270 -0.1052
vn 0.0385 -0.8631 -0.5035
vn 0.2623 -0.7970 -0.5441
vn 0.7532 0.2122 -0.6226
vn 0.7416 -0.5812 -0.3351
vn 0.6083 -0.5011 -0.6156
vn 0.4489 0.4000 -0.7990
vn 0.6170 0.2829 -0.7344
vn 0.5290 0.0354 -0.8479
vn 0.0430 -0.1668 -0.9851
vn 0.2634 0.4066 -0.8748
vn 0.2767 -0.1166 -0.9539
vn 0.0795 -0.0288 0.9964
vn 0.0820 0.8998 -0.4285
vn 0.5711 0.7037 -0.4227
vn 0.8653 0.4832 -0.1336
vn 0.0385 0.5035 0.8631
vn 0.3599 0.1052 0.9270
vn 0.2623 0.5441 0.7970
vn 0.2634 0.8748 -0.4066
vn 0.0429 0.9851 0.1667
vn 0.2766 0.9539 0.1165
vn 0.6539 0.6636 -0.3633
vn 0.4489 0.7990 -0.4000
vn 0.5290 0.8479 -0.0354
vn 0.7416 0.3351 0.5812
vn 0.7784 0.6137 -0.1322
vn 0.6083 0.6156 0.5010
vn 0.0795 -0.9316 -0.3547
vn 0.8640 0.3115 -0.3955
vn 0.5711 0.6588 -0.4897
vn 0.0820 0.7402 -0.6673
vn 0.3599 -0.8162 -0.4520
vn 0.0385 -0.6048 -0.7955
vn 0.2624 -0.5281 -0.8077
vn 0.7532 0.4343 -0.4940
vn 0.7416 -0.4087 -0.5320
vn 0.6083 -0.2273 -0.7605
vn 0.4489 0.6753 -0.5851
vn 0.6170 0.5424 -0.5702
vn 0.5290 0.3572 -0.7698
vn 0.0430 0.2229 -0.9739
vn 0.2634 0.7104 -0.6526
vn 0.2767 0.2574 -0.9259
vn 0.0795 -0.4080 0.9095
vn 0.0820 0.9953 -0.0515
vn 0.5711 0.8119 -0.1213
vn 0.8653 0.4975 0.0615
vn 0.0385 0.1349 0.9901
vn 0.3599 -0.2575 0.8967
vn 0.2623 0.1977 0.9445
vn 0.2634 0.9638 -0.0409
vn 0.0429 0.8463 0.5310
vn 0.2766 0.8367 0.4727
vn 0.6539 0.7521 -0.0817
vn 0.4489 0.8913 -0.0638
vn 0.5290 0.7969 0.2918
vn 0.7416 0.0871 0.6652
vn 0.7784 0.6175 0.1127
vn 0.6083 0.3770 0.6985
vn 0.0795 -0.7250 -0.6842
vn 0.8640 0.4391 -0.2462
vn 0.5711 0.7961 -0.2004
vn 0.0820 0.9392 -0.3333
vn 0.3599 -0.5811 -0.7299
vn 0.0385 -0.2543 -0.9664
vn 0.2623 -0.1788 -0.9483
vn 0.7532 0.5903 -0.2902
vn 0.7416 -0.1740 -0.6479
vn 0.6083 0.0810 -0.7896
vn 0.4489 0.8478 -0.2822
vn 0.6170 0.7193 -0.3193
vn 0.5290 0.6246 -0.5745
vn 0.0430 0.5786 -0.8144
vn 0.2634 0.9061 -0.3311
vn 0.2767 0.5921 -0.7569
vn 0.0795 -0.7250 0.6842
vn 0.0820 0.9393 0.3333
vn 0.5711 0.7965 0.1987
vn 0.8653 0.4361 0.2472
vn 0.0385 -0.2543 0.9664
vn 0.3599 -0.5811 0.7299
vn 0.2623 -0.1788 0.9483
vn 0.2634 0.9061 0.3311
vn 0.0430 0.5787 0.8144
vn 0.2767 0.5921 0.7569
vn 0.6539 0.7261 0.2124
vn 0.4489 0.8478 0.2822
vn 0.5290 0.6246 0.5745
vn 0.7416 -0.1740 0.6479
vn 0.7784 0.5274 0.3405
vn 0.6083 0.0810 0.7896
vn 0.0795 -0.4080 -0.9095
vn 0.8640 0.4999 -0.0594
vn 0.5711 0.8121 0.1195
vn 0.0820 0.9953 0.0515
vn 0.3599 -0.2575 -0.8967
vn 0.0385 0.1349 -0.9901
vn 0.2623 0.1977 -0.9445
vn 0.7532 0.6564 -0.0422
vn 0.7416 0.0872 -0.6652
vn 0.6083 0.3770 -0.6985
vn 0.4489 0.8913 0.0638
vn 0.6170 0.7867 -0.0197
vn 0.5290 0.7969 -0.2918
vn 0.0429 0.8463 -0.5310
vn 0.2634 0.9638 0.0409
vn 0.2766 0.8367 -0.4727
vn 0.0796 -0.9316 0.3547
vn 0.0820 0.7402 0.6674
vn 0.5711 0.6598 0.4883
vn 0.8653 0.3083 0.3953
vn 0.0385 -0.6048 0.7955
vn 0.3599 -0.8162 0.4520
vn 0.2624 -0.5281 0.8076
vn 0.2634 0.7104 0.6526
vn 0.0430 0.2229 0.9739
vn 0.2767 0.2574 0.9259
vn 0.6539 0.5896 0.4741
vn 0.4489 0.6753 0.5851
vn 0.5290 0.3572 0.7698
vn 0.7416 -0.4087 0.5320
vn 0.7784 0.3570 0.5164
vn 0.6083 -0.2273 0.7605
vn 0.0795 -0.0288 -0.9964
vn 0.8640 0.4846 0.1364
vn 0.5711 0.7046 0.4212
vn 0.0820 0.8998 0.4285
vn 0.3599 0.1052 -0.9270
vn 0.0385 0.5035 -0.8631
vn 0.2624 0.5441 -0.7970
vn 0.7532 0.6226 0.2122
vn 0.7416 0.3351 -0.5812
vn 0.6083 0.6156 -0.5011
vn 0.4489 0.7990 0.4000
vn 0.6170 0.7344 0.2829
vn 0.5290 0.8479 0.0354
vn 0.0430 0.9851 -0.1667
vn 0.2634 0.8748 0.4066
vn 0.2767 0.9539 -0.1166
vn 0.0795 -0.9964 -0.0288
vn 0.0820 0.4285 0.8998
vn 0.5711 0.4227 0.7037
vn 0.8652 0.1336 0.4832
vn 0.0385 -0.8631 0.5035
vn 0.3599 -0.9270 0.1052
vn 0.2624 -0.7970 0.5441
vn 0.2634 0.4066 0.8748
vn 0.0430 -0.1668 0.9851
vn 0.2767 -0.1165 0.9539
vn 0.6539 0.3633 0.6636
vn 0.4489 0.4000 0.7990
vn 0.5290 0.0354 0.8479
vn 0.7416 -0.5812 0.3351
vn 0.7784 0.1322 0.6137
vn 0.6083 -0.5011 0.6156
vn 0.0795 0.3547 -0.9316
vn 0.8640 0.3955 0.3115
vn 0.5711 0.4897 0.6588
vn 0.0820 0.6673 0.7402
vn 0.3599 0.4520 -0.8162
vn 0.0385 0.7955 -0.6047
vn 0.2624 0.8077 -0.5281
vn 0.7532 0.4940 0.4343
vn 0.7416 0.5320 -0.4087
vn 0.6083 0.7605 -0.2273
vn 0.4489 0.5851 0.6753
vn 0.6170 0.5702 0.5424
vn 0.5290 0.7698 0.3572
vn 0.0430 0.9739 0.2230
vn 0.2634 0.6526 0.7104
vn 0.2767 0.9259 0.2574
vn 0.0795 -0.9095 -0.4080
vn 0.0820 0.0515 0.9953
vn 0.5711 0.1213 0.8119
vn 0.8653 -0.0615 0.4975
vn 0.0385 -0.9901 0.1349
vn 0.3599 -0.8967 -0.2575
vn 0.2623 -0.9445 0.1977
vn 0.2634 0.0409 0.9638
vn 0.0429 -0.5310 0.8463
vn 0.2766 -0.4727 0.8367
vn 0.6539 0.0817 0.7521
vn 0.4489 0.0638 0.8913
vn 0.5290 -0.2918 0.7969
vn 0.7416 -0.6652 0.0871
vn 0.7784 -0.1127 0.6175
vn 0.6083 -0.6985 0.3770
vn 0.0795 0.6842 -0.7250
vn 0.8640 0.2462 0.4391
vn 0.5711 0.2004 0.7961
vn 0.0820 0.3333 0.9392
vn 0.3599 0.7299 -0.5811
vn 0.0385 0.9663 -0.2543
vn 0.2623 0.9483 -0.1788
vn 0.7532 0.2902 0.5903
vn 0.7416 0.6479 -0.1740
vn 0.6083 0.7896 0.0810
vn 0.4489 0.2822 0.8478
vn 0.6170 0.3193 0.7193
vn 0.5290 0.5745 0.6246
vn 0.0429 0.8145 0.5786
vn 0.2634 0.3311 0.9061
vn 0.2767 0.7569 0.5921
vn 0.0795 -0.6842 -0.7250
vn 0.0820 -0.3333 0.9393
vn 0.5711 -0.1987 0.7965
vn 0.8653 -0.2472 0.4361
vn 0.0385 -0.9664 -0.2543
vn 0.3599 -0.7299 -0.5811
vn 0.2623 -0.9483 -0.1788
vn 0.2634 -0.3311 0.9061
vn 0.0429 -0.8144 0.5787
vn 0.2767 -0.7569 0.5921
vn 0.6539 -0.2124 0.7261
vn 0.4489 -0.2822 0.8478
vn 0.5290 -0.5745 0.6246
vn 0.7416 -0.6479 -0.1740
vn 0.7784 -0.3404 0.5274
vn 0.6083 -0.7896 0.0810
vn 0.0795 0.9095 -0.4079
vn 0.8640 0.0594 0.4999
vn 0.5711 -0.1195 0.8121
vn 0.0820 -0.0515 0.9953
vn 0.3599 0.8967 -0.2575
vn 0.0385 0.9901 0.1349
vn 0.2623 0.9445 0.1977
vn 0.7532 0.0422 0.6564
vn 0.7416 0.6652 0.0872
vn 0.6083 0.6985 0.3770
vn 0.4489 -0.0638 0.8913
vn 0.6170 0.0197 0.7867
vn 0.5290 0.2918 0.7969
vn 0.0429 0.5310 0.8463
vn 0.2634 -0.0409 0.9638
vn 0.2766 0.4727 0.8367
vn 0.0795 -0.3547 -0.9316
vn 0.0820 -0.6674 0.7402
vn 0.5711 -0.4883 0.6598
vn 0.8653 -0.3953 0.3083
vn 0.0385 -0.7955 -0.6047
vn 0.3599 -0.4520 -0.8162
vn 0.2624 -0.8077 -0.5281
vn 0.2635 -0.6526 0.7104
vn 0.0430 -0.9739 0.2230
vn 0.2767 -0.9259 0.2574
vn 0.6539 -0.4741 0.5896
vn 0.4489 -0.5851 0.6753
vn 0.5290 -0.7698 0.3571
vn 0.7416 -0.5320 -0.4087
vn 0.7784 -0.5163 0.3570
vn 0.6083 -0.7605 -0.2273
vn 0.0795 0.9964 -0.0288
vn 0.8640 -0.1365 0.4846
vn 0.5711 -0.4212 0.7046
vn 0.0820 -0.4285 0.8998
vn 0.3599 0.9270 0.1052
vn 0.0385 0.8632 0.5035
vn 0.2623 0.7970 0.5441
vn 0.7532 -0.2122 0.6226
vn 0.7416 0.5812 0.3351
vn 0.6083 0.5010 0.6156
vn 0.4489 -0.4000 0.7990
vn 0.6170 -0.2829 0.7344
vn 0.5290 -0.0354 0.8479
vn 0.0429 0.1668 0.9851
vn 0.2634 -0.4066 0.8748
vn 0.2766 0.1165 0.9539
vn 0.0795 0.0287 -0.9964
vn 0.0820 -0.8998 0.4285
vn 0.5712 -0.7036 0.4227
vn 0.8653 -0.4832 0.1336
vn 0.0385 -0.5036 -0.8631
vn 0.3599 -0.1053 -0.9270
vn 0.2624 -0.5442 -0.7969
vn 0.2634 -0.8748 0.4066
vn 0.0429 -0.9851 -0.1667
vn 0.2766 -0.9539 -0.1165
vn 0.6540 -0.6636 0.3633
vn 0.4490 -0.7990 0.4000
vn 0.5290 -0.8479 0.0354
vn 0.7416 -0.3351 -0.5812
vn 0.7784 -0.6136 0.1322
vn 0.6083 -0.6156 -0.5010
vn 0.0795 0.9316 0.3546
vn 0.8641 -0.3115 0.3954
vn 0.5711 -0.6588 0.4897
vn 0.0820 -0.7402 0.6674
vn 0.3599 0.8162 0.4520
vn 0.0385 0.6048 0.7955
vn 0.2624 0.5281 0.8076
vn 0.7532 -0.4343 0.4940
vn 0.7416 0.4087 0.5320
vn 0.6083 0.2273 0.7604
vn 0.4489 -0.6753 0.5851
vn 0.6170 -0.5423 0.5702
vn 0.5290 -0.3572 0.7698
vn 0.0430 -0.2229 0.9739
vn 0.2634 -0.7104 0.6526
vn 0.2767 -0.2573 0.9259
vn 0.0795 0.4079 -0.9096
vn 0.0820 -0.9953 0.0515
vn 0.5711 -0.8119 0.1213
vn 0.8653 -0.4975 -0.0615
vn 0.0385 -0.1349 -0.9901
vn 0.3599 0.2575 -0.8968
vn 0.2623 -0.1977 -0.9445
vn 0.2634 -0.9638 0.0409
vn 0.0429 -0.8463 -0.5310
vn 0.2767 -0.8367 -0.4727
vn 0.6539 -0.7521 0.0817
vn 0.4489 -0.8913 0.0638
vn 0.5290 -0.7969 -0.2918
vn 0.7416 -0.0872 -0.6652
vn 0.7784 -0.6175 -0.1127
vn 0.6083 -0.3770 -0.6985
vn 0.0795 0.7250 0.6842
vn 0.8641 -0.4391 0.2462
vn 0.5711 -0.7961 0.2004
vn 0.0820 -0.9392 0.3333
vn 0.3599 0.5811 0.7299
vn 0.0385 0.2543 0.9664
vn 0.2624 0.1788 0.9483
vn 0.7532 -0.5903 0.2902
vn 0.7416 0.1740 0.6479
vn 0.6083 -0.0810 0.7896
vn 0.4490 -0.8478 0.2822
vn 0.6170 -0.7193 0.3193
vn 0.5290 -0.6245 0.5745
vn 0.0430 -0.5786 0.8144
vn 0.2634 -0.9061 0.3311
vn 0.2767 -0.5921 0.7569
vn 0.0795 0.7250 -0.6842
vn 0.0820 -0.9393 -0.3333
vn 0.5711 -0.7965 -0.1987
vn 0.8653 -0.4361 -0.2472
vn 0.0385 0.2543 -0.9664
vn 0.3599 0.5811 -0.7299
vn 0.2623 0.1788 -0.9483
vn 0.2634 -0.9061 -0.3311
vn 0.0429 -0.5787 -0.8144
vn 0.2767 -0.5921 -0.7569
vn 0.6539 -0.7261 -0.2124
vn 0.4489 -0.8478 -0.2822
vn 0.5290 -0.6246 -0.5745
vn 0.7416 0.1740 -0.6479
vn 0.7784 -0.5274 -0.3404
vn 0.6083 -0.0810 -0.7896
vn 0.0795 0.4080 0.9095
vn 0.8640 -0.4999 0.0594
vn 0.5711 -0.8122 -0.1195
vn 0.0820 -0.9953 -0.0515
vn 0.3599 0.2575 0.8967
vn 0.0385 -0.1348 0.9901
vn 0.2623 -0.1977 0.9445
vn 0.7532 -0.6564 0.0422
vn 0.7416 -0.0871 0.6652
vn 0.6083 -0.3770 0.6985
vn 0.4489 -0.8913 -0.0638
vn 0.6170 -0.7867 0.0197
vn 0.5290 -0.7969 0.2918
vn 0.0429 -0.8463 0.5310
vn 0.2634 -0.9638 -0.0409
vn 0.2766 -0.8367 0.4727
vn 0.0795 0.9316 -0.3547
vn 0.0820 -0.7402 -0.6674
vn 0.5711 -0.6598 -0.4883
vn 0.8653 -0.3083 -0.3953
vn 0.0385 0.6047 -0.7955
vn 0.3599 0.8162 -0.4520
vn 0.2624 0.5281 -0.8076
vn 0.2634 -0.7104 -0.6526
vn 0.0430 -0.2229 -0.9739
vn 0.2767 -0.2574 -0.9259
vn 0.6539 -0.5896 -0.4741
vn 0.4489 -0.6753 -0.5851
vn 0.5290 -0.3571 -0.7698
vn 0.7416 0.4087 -0.5320
vn 0.7784 -0.3570 -0.5164
vn 0.6083 0.2273 -0.7605
vn 0.0795 0.0288 0.9964
vn 0.8640 -0.4846 -0.1364
vn 0.5711 -0.7046 -0.4212
vn 0.0820 -0.8998 -0.4285
vn 0.3599 -0.1052 0.9270
vn 0.0385 -0.5035 0.8631
vn 0.2624 -0.5441 0.7970
vn 0.7532 -0.6226 -0.2122
vn 0.7416 -0.3351 0.5812
vn 0.6083 -0.6156 0.5010
vn 0.4489 -0.7990 -0.4000
vn 0.6170 -0.7344 -0.2829
vn 0.5290 -0.8479 -0.0354
vn 0.0429 -0.9851 0.1667
vn 0.2634 -0.8748 -0.4066
vn 0.2767 -0.9539 0.1165
vn 0.0795 0.9964 0.0288
vn 0.0820 -0.4285 -0.8998
vn 0.5711 -0.4227 -0.7037
vn 0.8652 -0.1336 -0.4832
vn 0.0385 0.8631 -0.5035
vn 0.3599 0.9270 -0.1052
vn 0.2624 0.7970 -0.5441
vn 0.2634 -0.4066 -0.8748
vn 0.0430 0.1667 -0.9851
vn 0.2767 0.1165 -0.9539
vn 0.6539 -0.3633 -0.6636
vn 0.4489 -0.4000 -0.7990
vn 0.5290 -0.0354 -0.8479
vn 0.7416 0.5812 -0.3351
vn 0.7784 -0.1322 -0.6137
vn 0.6083 0.5011 -0.6156
vn 0.0795 -0.3547 0.9316
vn 0.8640 -0.3955 -0.3115
vn 0.5711 -0.4897 -0.6588
vn 0.0820 -0.6674 -0.7402
vn 0.3599 -0.4520 0.8162
vn 0.0385 -0.7955 0.6048
vn 0.2624 -0.8077 0.5281
vn 0.7532 -0.4940 -0.4343
vn 0.7416 -0.5320 0.4087
vn 0.6083 -0.7605 0.2273
vn 0.4489 -0.5852 -0.6753
vn 0.6170 -0.5702 -0.5424
vn 0.5290 -0.7698 -0.3572
vn 0.0430 -0.9739 -0.2229
vn 0.2634 -0.6526 -0.7104
vn 0.2767 -0.9259 -0.2573
vn 0.0795 0.9095 0.4080
vn 0.0820 -0.0516 -0.9953
vn 0.5711 -0.1213 -0.8119
vn 0.8653 0.0615 -0.4976
vn 0.0385 0.9901 -0.1348
vn 0.3599 0.8967 0.2575
vn 0.2623 0.9445 -0.1976
vn 0.2634 -0.0409 -0.9638
vn 0.0429 0.5310 -0.8463
vn 0.2766 0.4727 -0.8367
vn 0.6539 -0.0817 -0.7521
vn 0.4489 -0.0638 -0.8913
vn 0.5290 0.2918 -0.7969
vn 0.7416 0.6652 -0.0871
vn 0.7784 0.1127 -0.6175
vn 0.6083 0.6985 -0.3770
vn 0.0795 -0.6842 0.7250
vn 0.8640 -0.2462 -0.4391
vn 0.5711 -0.2004 -0.7961
vn 0.0820 -0.3333 -0.9393
vn 0.3599 -0.7299 0.5811
vn 0.0385 -0.9664 0.2543
vn 0.2623 -0.9483 0.1788
vn 0.7532 -0.2902 -0.5903
vn 0.7416 -0.6479 0.1740
vn 0.6083 -0.7896 -0.0810
vn 0.4489 -0.2822 -0.8478
vn 0.6170 -0.3192 -0.7193
vn 0.5290 -0.5745 -0.6246
vn 0.0430 -0.8144 -0.5787
vn 0.2634 -0.3311 -0.9061
vn 0.2766 -0.7569 -0.5921
vn 0.8126 0.5771 0.0819
vn 0.7189 0.2309 -0.6557
vn 0.1396 0.3786 -0.9150
vn 0.7133 0.2954 -0.6355
vn 0.8152 -0.4666 -0.3430
vn 0.8787 0.4525 -0.1519
vn 0.9523 0.3049 0.0119
vn 0.9229 0.2884 -0.2552
vn 0.5885 0.3031 -0.7496
vn 0.8678 0.3547 -0.3481
vn 0.8014 0.3470 -0.4871
vn 0.3743 0.4323 -0.8204
vn 0.3742 0.2744 -0.8858
vn 0.6459 0.2922 -0.7053
vn 0.8678 -0.0046 -0.4970
vn 0.5885 0.3157 -0.7443
vn 0.8014 0.0990 -0.5898
vn 0.9523 -0.2240 -0.2072
vn 0.8787 -0.2126 -0.4274
vn 0.9229 -0.0235 -0.3844
vn 0.8079 0.5678 -0.1578
vn 0.6932 -0.0004 -0.7207
vn 0.1012 -0.1658 -0.9809
vn 0.1015 0.1651 -0.9810
vn 0.6871 -0.0077 -0.7265
vn 0.8107 -0.5657 -0.1509
vn 0.8628 0.3632 -0.3516
vn 0.9485 0.2889 -0.1301
vn 0.8567 0.1575 -0.4912
vn 0.4958 -0.0368 -0.8676
vn 0.8250 0.1922 -0.5315
vn 0.6694 0.1171 -0.7336
vn 0.1218 -0.0337 -0.9920
vn 0.3010 -0.1157 -0.9466
vn 0.4434 -0.0187 -0.8961
vn 0.3010 0.1157 -0.9466
vn 0.1234 0.1172 -0.9854
vn 0.4434 0.0187 -0.8961
vn 0.8250 -0.1921 -0.5315
vn 0.4958 0.0368 -0.8676
vn 0.6694 -0.1171 -0.7336
vn 0.9485 -0.2889 -0.1301
vn 0.8628 -0.3632 -0.3516
vn 0.8567 -0.1575 -0.4912
vn 0.8079 0.5131 0.2899
vn 0.6932 0.5094 -0.5099
vn 0.1012 0.5764 -0.8109
vn 0.1017 0.8106 -0.5767
vn 0.6871 0.5083 -0.5192
vn 0.8107 -0.2933 -0.5067
vn 0.8628 0.5055 0.0082
vn 0.9485 0.2963 0.1123
vn 0.8567 0.4587 -0.2359
vn 0.4958 0.5875 -0.6395
vn 0.8249 0.5117 -0.2400
vn 0.6694 0.6015 -0.4359
vn 0.1219 0.6777 -0.7251
vn 0.3010 0.5875 -0.7511
vn 0.4434 0.6204 -0.6469
vn 0.3010 0.7511 -0.5875
vn 0.1236 0.7798 -0.6137
vn 0.4434 0.6469 -0.6204
vn 0.8249 0.2400 -0.5117
vn 0.4958 0.6395 -0.5875
vn 0.6694 0.4359 -0.6015
vn 0.9485 -0.1123 -0.2963
vn 0.8628 -0.0082 -0.5054
vn 0.8567 0.2359 -0.4587
vn 0.8079 0.3630 0.4642
vn 0.6932 0.6657 -0.2762
vn 0.1017 0.8422 -0.5294
vn 0.1017 0.9696 -0.2226
vn 0.6871 0.6683 -0.2851
vn 0.8107 -0.0771 -0.5804
vn 0.8628 0.4638 0.2010
vn 0.9485 0.2308 0.2171
vn 0.8567 0.5141 -0.0424
vn 0.4958 0.7875 -0.3660
vn 0.8250 0.5646 -0.0259
vn 0.6694 0.7225 -0.1726
vn 0.1222 0.9034 -0.4111
vn 0.3010 0.8302 -0.4691
vn 0.4434 0.8207 -0.3602
vn 0.3010 0.9188 -0.2553
vn 0.1236 0.9553 -0.2686
vn 0.4434 0.8351 -0.3256
vn 0.8250 0.4175 -0.3809
vn 0.4958 0.8157 -0.2981
vn 0.6694 0.6329 -0.3889
vn 0.9485 0.0097 -0.3167
vn 0.8628 0.1859 -0.4701
vn 0.8567 0.3935 -0.3335
vn 0.8079 0.1578 0.5678
vn 0.6932 0.7207 -0.0004
vn 0.1017 0.9807 -0.1668
vn 0.1016 0.9810 0.1654
vn 0.6871 0.7266 -0.0077
vn 0.8107 0.1509 -0.5657
vn 0.8628 0.3516 0.3632
vn 0.9485 0.1301 0.2889
vn 0.8567 0.4912 0.1575
vn 0.4958 0.8676 -0.0368
vn 0.8250 0.5315 0.1921
vn 0.6694 0.7336 0.1171
vn 0.1222 0.9919 -0.0341
vn 0.3010 0.9466 -0.1157
vn 0.4434 0.8961 -0.0187
vn 0.3010 0.9466 0.1157
vn 0.1236 0.9854 0.1174
vn 0.4434 0.8961 0.0187
vn 0.8250 0.5315 -0.1922
vn 0.4958 0.8676 0.0368
vn 0.6694 0.7336 -0.1171
vn 0.9485 0.1301 -0.2889
vn 0.8628 0.3516 -0.3632
vn 0.8567 0.4912 -0.1575
vn 0.8079 -0.0715 0.5849
vn 0.6932 0.6660 0.2755
vn 0.1017 0.9699 0.2212
vn 0.1017 0.8430 0.5282
vn 0.6871 0.6742 0.2709
vn 0.8107 0.3559 -0.4649
vn 0.8628 0.1859 0.4701
vn 0.9485 0.0097 0.3167
vn 0.8567 0.3935 0.3335
vn 0.4958 0.8157 0.2981
vn 0.8249 0.4175 0.3809
vn 0.6694 0.6329 0.3889
vn 0.1222 0.9295 0.3481
vn 0.3010 0.9188 0.2553
vn 0.4434 0.8351 0.3256
vn 0.3010 0.8302 0.4691
vn 0.1236 0.8654 0.4856
vn 0.4434 0.8207 0.3602
vn 0.8250 0.5646 0.0259
vn 0.4958 0.7875 0.3660
vn 0.6694 0.7225 0.1726
vn 0.9485 0.2308 -0.2171
vn 0.8628 0.4638 -0.2010
vn 0.8567 0.5141 0.0424
vn 0.8079 -0.2899 0.5131
vn 0.6932 0.5099 0.5094
vn 0.1017 0.8114 0.5755
vn 0.1017 0.5767 0.8106
vn 0.6871 0.5192 0.5083
vn 0.8107 0.5067 -0.2933
vn 0.8628 -0.0082 0.5054
vn 0.9485 -0.1123 0.2963
vn 0.8567 0.2359 0.4587
vn 0.4958 0.6395 0.5875
vn 0.8250 0.2400 0.5117
vn 0.6694 0.4359 0.6015
vn 0.1222 0.7255 0.6773
vn 0.3010 0.7511 0.5875
vn 0.4434 0.6469 0.6204
vn 0.3010 0.5875 0.7511
vn 0.1236 0.6137 0.7798
vn 0.4434 0.6204 0.6469
vn 0.8249 0.5117 0.2400
vn 0.4958 0.5875 0.6395
vn 0.6694 0.6015 0.4359
vn 0.9485 0.2963 -0.1123
vn 0.8628 0.5054 -0.0082
vn 0.8567 0.4587 0.2359
vn 0.8079 -0.4642 0.3631
vn 0.6932 0.2762 0.6657
vn 0.1017 0.5294 0.8422
vn 0.1015 0.2229 0.9695
vn 0.6871 0.2851 0.6683
vn 0.8107 0.5804 -0.0771
vn 0.8628 -0.2010 0.4638
vn 0.9485 -0.2171 0.2308
vn 0.8567 0.0424 0.5141
vn 0.4958 0.3660 0.7875
vn 0.8250 0.0259 0.5646
vn 0.6694 0.1726 0.7225
vn 0.1221 0.4112 0.9033
vn 0.3010 0.4691 0.8302
vn 0.4434 0.3602 0.8207
vn 0.3010 0.2553 0.9188
vn 0.1234 0.2689 0.9552
vn 0.4434 0.3256 0.8351
vn 0.8249 0.3809 0.4175
vn 0.4958 0.2981 0.8157
vn 0.6694 0.3889 0.6329
vn 0.9485 0.3167 0.0097
vn 0.8628 0.4701 0.1859
vn 0.8567 0.3335 0.3935
vn 0.8126 -0.5645 0.1452
vn 0.7189 0.0376 0.6941
vn 0.1396 0.0004 0.9902
vn 0.7133 -0.0297 0.7002
vn 0.8152 0.5624 0.1383
vn 0.8787 -0.3600 0.3135
vn 0.9523 -0.2862 0.1057
vn 0.9229 -0.1688 0.3461
vn 0.5885 0.0068 0.8085
vn 0.8678 -0.1945 0.4574
vn 0.8014 -0.1342 0.5828
vn 0.3742 -0.0855 0.9234
vn 0.3742 0.0855 0.9234
vn 0.6459 -0.0000 0.7634
vn 0.8678 0.1944 0.4574
vn 0.5885 -0.0068 0.8085
vn 0.8014 0.1342 0.5828
vn 0.9523 0.2862 0.1057
vn 0.8787 0.3600 0.3135
vn 0.9229 0.1688 0.3461
vn 0.8079 -0.5849 -0.0715
vn 0.6932 -0.2755 0.6660
vn 0.1012 -0.2222 0.9697
vn 0.1015 -0.5280 0.8432
vn 0.6871 -0.2710 0.6742
vn 0.8107 0.4649 0.3559
vn 0.8628 -0.4701 0.1858
vn 0.9485 -0.3167 0.0097
vn 0.8567 -0.3335 0.3935
vn 0.4958 -0.2981 0.8157
vn 0.8249 -0.3809 0.4175
vn 0.6694 -0.3889 0.6329
vn 0.1219 -0.3485 0.9294
vn 0.3010 -0.2553 0.9188
vn 0.4434 -0.3256 0.8351
vn 0.3010 -0.4691 0.8302
vn 0.1234 -0.4853 0.8656
vn 0.4434 -0.3603 0.8207
vn 0.8250 -0.0259 0.5646
vn 0.4958 -0.3660 0.7875
vn 0.6694 -0.1726 0.7226
vn 0.9485 0.2171 0.2308
vn 0.8628 0.2010 0.4638
vn 0.8567 -0.0424 0.5141
vn 0.8126 -0.5018 -0.2965
vn 0.7189 -0.4642 0.5174
vn 0.1395 -0.6998 0.7006
vn 0.7134 -0.5161 0.4741
vn 0.8153 0.2999 0.4954
vn 0.8787 -0.4762 -0.0329
vn 0.9523 -0.2771 -0.1277
vn 0.9229 -0.3641 0.1254
vn 0.5885 -0.5669 0.5765
vn 0.8678 -0.4609 0.1859
vn 0.8014 -0.5070 0.3172
vn 0.3742 -0.7134 0.5925
vn 0.3742 -0.5925 0.7134
vn 0.6459 -0.5398 0.5398
vn 0.8678 -0.1859 0.4609
vn 0.5885 -0.5765 0.5669
vn 0.8014 -0.3172 0.5070
vn 0.9523 0.1276 0.2771
vn 0.8787 0.0329 0.4762
vn 0.9229 -0.1254 0.3641
vn 0.8125 -0.3502 -0.4660
vn 0.7189 -0.6269 0.3003
vn 0.1393 -0.9149 0.3789
vn 0.7133 -0.6583 0.2405
vn 0.8153 0.0874 0.5725
vn 0.8787 -0.4274 -0.2126
vn 0.9523 -0.2072 -0.2240
vn 0.9229 -0.3844 -0.0235
vn 0.5885 -0.7443 0.3157
vn 0.8678 -0.4970 -0.0046
vn 0.8015 -0.5898 0.0990
vn 0.3743 -0.8858 0.2744
vn 0.3742 -0.8204 0.4323
vn 0.6459 -0.7053 0.2921
vn 0.8678 -0.3481 0.3547
vn 0.5885 -0.7496 0.3031
vn 0.8015 -0.4871 0.3470
vn 0.9523 0.0119 0.3048
vn 0.8787 -0.1519 0.4525
vn 0.9229 -0.2552 0.2884
vn 0.8125 -0.1452 -0.5645
vn 0.7189 -0.6941 0.0376
vn 0.1393 -0.9903 -0.0000
vn 0.7133 -0.7002 -0.0297
vn 0.8152 -0.1383 0.5624
vn 0.8787 -0.3135 -0.3600
vn 0.9523 -0.1057 -0.2862
vn 0.9229 -0.3461 -0.1688
vn 0.5885 -0.8085 0.0068
vn 0.8678 -0.4574 -0.1945
vn 0.8014 -0.5828 -0.1342
vn 0.3742 -0.9234 -0.0854
vn 0.3743 -0.9234 0.0855
vn 0.6459 -0.7634 -0.0000
vn 0.8678 -0.4574 0.1945
vn 0.5885 -0.8085 -0.0068
vn 0.8014 -0.5828 0.1342
vn 0.9523 -0.1057 0.2862
vn 0.8787 -0.3135 0.3600
vn 0.9229 -0.3461 0.1688
vn 0.8126 0.0819 -0.5771
vn 0.7189 -0.6557 -0.2309
vn 0.1393 -0.9149 -0.3790
vn 0.7133 -0.6355 -0.2954
vn 0.8152 -0.3430 0.4666
vn 0.8787 -0.1519 -0.4525
vn 0.9523 0.0119 -0.3049
vn 0.9229 -0.2552 -0.2884
vn 0.5885 -0.7496 -0.3031
vn 0.8678 -0.3482 -0.3547
vn 0.8014 -0.4871 -0.3470
vn 0.3743 -0.8204 -0.4323
vn 0.3742 -0.8858 -0.2744
vn 0.6459 -0.7053 -0.2922
vn 0.8678 -0.4970 0.0046
vn 0.5884 -0.7444 -0.3157
vn 0.8014 -0.5898 -0.0990
vn 0.9523 -0.2072 0.2240
vn 0.8787 -0.4274 0.2126
vn 0.9229 -0.3844 0.0235
vn 0.8126 0.2965 -0.5018
vn 0.7189 -0.5174 -0.4642
vn 0.1393 -0.7002 -0.7002
vn 0.7133 -0.4741 -0.5162
vn 0.8152 -0.4954 0.2999
vn 0.8787 0.0329 -0.4762
vn 0.9523 0.1276 -0.2771
vn 0.9229 -0.1254 -0.3641
vn 0.5885 -0.5765 -0.5669
vn 0.8678 -0.1859 -0.4609
vn 0.8014 -0.3172 -0.5070
vn 0.3742 -0.5925 -0.7134
vn 0.3743 -0.7134 -0.5925
vn 0.6459 -0.5398 -0.5398
vn 0.8678 -0.4609 -0.1859
vn 0.5885 -0.5669 -0.5765
vn 0.8014 -0.5070 -0.3172
vn 0.9523 -0.2771 0.1276
vn 0.8787 -0.4762 0.0329
vn 0.9229 -0.3641 -0.1254
vn 0.8126 0.4660 -0.3502
vn 0.7189 -0.3004 -0.6269
vn 0.1394 -0.3788 -0.9149
vn 0.7133 -0.2405 -0.6583
vn 0.8152 -0.5725 0.0874
vn 0.8787 0.2126 -0.4274
vn 0.9523 0.2240 -0.2072
vn 0.9229 0.0235 -0.3844
vn 0.5885 -0.3157 -0.7443
vn 0.8678 0.0046 -0.4970
vn 0.8014 -0.0990 -0.5898
vn 0.3742 -0.2744 -0.8858
vn 0.3743 -0.4323 -0.8204
vn 0.6459 -0.2922 -0.7053
vn 0.8678 -0.3547 -0.3481
vn 0.5885 -0.3031 -0.7496
vn 0.8014 -0.3470 -0.4871
vn 0.9523 -0.3049 0.0119
vn 0.8787 -0.4525 -0.1519
vn 0.9229 -0.2884 -0.2552
vn 0.8199 -0.5597 -0.1205
vn 0.8013 0.2449 -0.5459
vn 0.7083 0.6926 0.1367
vn 0.8030 0.0025 0.5960
vn 0.8834 -0.4031 -0.2391
vn 0.8834 -0.4639 0.0666
vn 0.9664 -0.2519 -0.0501
vn 0.8377 0.4680 -0.2815
vn 0.9064 -0.0691 -0.4168
vn 0.9520 0.1877 -0.2417
vn 0.7473 0.6162 0.2489
vn 0.7473 0.6645 0.0059
vn 0.8630 0.4954 0.0985
vn 0.9064 -0.2233 0.3586
vn 0.8377 0.3246 0.4392
vn 0.9520 0.0809 0.2952
vn 0.8199 -0.5632 0.1029
vn 0.8013 0.0173 -0.5981
vn 0.7083 0.6922 -0.1387
vn 0.8030 0.2304 0.5497
vn 0.8834 -0.4639 -0.0666
vn 0.8834 -0.4031 0.2391
vn 0.9664 -0.2520 0.0501
vn 0.8377 0.3246 -0.4392
vn 0.9064 -0.2233 -0.3586
vn 0.9520 0.0809 -0.2951
vn 0.7472 0.6645 -0.0058
vn 0.7472 0.6162 -0.2489
vn 0.8630 0.4954 -0.0985
vn 0.9064 -0.0691 0.4168
vn 0.8377 0.4679 0.2815
vn 0.9520 0.1877 0.2418
vn 0.7083 0.5864 -0.3931
vn 0.8030 0.4232 0.4196
vn 0.8199 -0.4809 0.3106
vn 0.8012 -0.2129 -0.5592
vn 0.7472 0.6117 -0.2597
vn 0.7472 0.4740 -0.4658
vn 0.8630 0.4200 -0.2806
vn 0.9064 0.0957 0.4115
vn 0.8377 0.5401 0.0810
vn 0.9520 0.2660 0.1515
vn 0.8834 -0.4541 0.1160
vn 0.8834 -0.2809 0.3752
vn 0.9664 -0.2136 0.1427
vn 0.8377 0.1319 -0.5300
vn 0.9064 -0.3436 -0.2458
vn 0.9520 -0.0382 -0.3037
vn 0.7083 0.3913 -0.5875
vn 0.8030 0.5516 0.2258
vn 0.8199 -0.3255 0.4710
vn 0.8013 -0.4107 -0.4351
vn 0.7473 0.4657 -0.4740
vn 0.7473 0.2597 -0.6117
vn 0.8630 0.2806 -0.4200
vn 0.9064 0.2458 0.3436
vn 0.8377 0.5300 -0.1318
vn 0.9520 0.3037 0.0382
vn 0.8834 -0.3752 0.2809
vn 0.8834 -0.1160 0.4541
vn 0.9664 -0.1427 0.2136
vn 0.8377 -0.0810 -0.5401
vn 0.9064 -0.4115 -0.0957
vn 0.9520 -0.1515 -0.2660
vn 0.8013 -0.5459 -0.2449
vn 0.7083 0.1367 -0.6926
vn 0.8030 0.5960 -0.0025
vn 0.8199 -0.1205 0.5597
vn 0.8377 -0.2815 -0.4680
vn 0.9064 -0.4168 0.0691
vn 0.9520 -0.2417 -0.1877
vn 0.7473 0.2489 -0.6162
vn 0.7473 0.0059 -0.6645
vn 0.8630 0.0985 -0.4954
vn 0.9064 0.3586 0.2233
vn 0.8377 0.4392 -0.3246
vn 0.9520 0.2952 -0.0809
vn 0.8834 -0.2391 0.4031
vn 0.8834 0.0667 0.4639
vn 0.9664 -0.0501 0.2520
vn 0.8199 0.1029 0.5632
vn 0.8013 -0.5981 -0.0173
vn 0.7083 -0.1387 -0.6922
vn 0.8030 0.5497 -0.2304
vn 0.8834 -0.0666 0.4639
vn 0.8834 0.2391 0.4031
vn 0.9664 0.0501 0.2520
vn 0.8377 -0.4392 -0.3246
vn 0.9064 -0.3586 0.2233
vn 0.9520 -0.2952 -0.0809
vn 0.7473 -0.0059 -0.6645
vn 0.7473 -0.2489 -0.6162
vn 0.8630 -0.0986 -0.4954
vn 0.9064 0.4168 0.0691
vn 0.8377 0.2815 -0.4680
vn 0.9520 0.2417 -0.1877
vn 0.8199 0.3106 0.4809
vn 0.8013 -0.5592 0.2129
vn 0.7083 -0.3930 -0.5864
vn 0.8030 0.4197 -0.4232
vn 0.8834 0.1160 0.4541
vn 0.8834 0.3752 0.2809
vn 0.9664 0.1427 0.2136
vn 0.8377 -0.5300 -0.1318
vn 0.9064 -0.2458 0.3435
vn 0.9520 -0.3037 0.0382
vn 0.7473 -0.2597 -0.6117
vn 0.7473 -0.4657 -0.4740
vn 0.8630 -0.2806 -0.4200
vn 0.9064 0.4115 -0.0956
vn 0.8377 0.0810 -0.5401
vn 0.9520 0.1515 -0.2660
vn 0.8199 0.4710 0.3255
vn 0.8013 -0.4351 0.4107
vn 0.7083 -0.5875 -0.3913
vn 0.8030 0.2258 -0.5516
vn 0.8834 0.2809 0.3752
vn 0.8834 0.4541 0.1160
vn 0.9664 0.2136 0.1427
vn 0.8377 -0.5401 0.0810
vn 0.9064 -0.0956 0.4115
vn 0.9520 -0.2659 0.1515
vn 0.7473 -0.4740 -0.4657
vn 0.7473 -0.6117 -0.2597
vn 0.8630 -0.4200 -0.2806
vn 0.9064 0.3436 -0.2458
vn 0.8377 -0.1318 -0.5300
vn 0.9520 0.0382 -0.3037
vn 0.8199 0.5597 0.1205
vn 0.8013 -0.2449 0.5459
vn 0.7083 -0.6926 -0.1367
vn 0.8030 -0.0025 -0.5960
vn 0.8834 0.4031 0.2391
vn 0.8834 0.4639 -0.0667
vn 0.9664 0.2519 0.0501
vn 0.8377 -0.4679 0.2815
vn 0.9064 0.0691 0.4168
vn 0.9520 -0.1877 0.2417
vn 0.7473 -0.6162 -0.2489
vn 0.7473 -0.6645 -0.0059
vn 0.8630 -0.4954 -0.0986
vn 0.9064 0.2233 -0.3586
vn 0.8377 -0.3246 -0.4392
vn 0.9520 -0.0809 -0.2952
vn 0.8013 -0.0173 0.5981
vn 0.7083 -0.6922 0.1387
vn 0.8030 -0.2304 -0.5497
vn 0.8199 0.5632 -0.1029
vn 0.8377 -0.3246 0.4392
vn 0.9064 0.2233 0.3586
vn 0.9520 -0.0809 0.2952
vn 0.7473 -0.6645 0.0058
vn 0.7473 -0.6162 0.2489
vn 0.8630 -0.4954 0.0985
vn 0.9064 0.0691 -0.4168
vn 0.8377 -0.4680 -0.2815
vn 0.9520 -0.1877 -0.2417
vn 0.8834 0.4639 0.0666
vn 0.8834 0.4031 -0.2391
vn 0.9664 0.2520 -0.0501
vn 0.8199 0.4809 -0.3106
vn 0.8013 0.2129 0.5592
vn 0.7083 -0.5864 0.3931
vn 0.8030 -0.4232 -0.4197
vn 0.8834 0.4541 -0.1160
vn 0.8834 0.2809 -0.3752
vn 0.9664 0.2136 -0.1427
vn 0.8377 -0.1318 0.5300
vn 0.9064 0.3436 0.2458
vn 0.9520 0.0382 0.3037
vn 0.7473 -0.6117 0.2597
vn 0.7472 -0.4740 0.4657
vn 0.8630 -0.4200 0.2806
vn 0.9064 -0.0956 -0.4115
vn 0.8377 -0.5401 -0.0810
vn 0.9520 -0.2659 -0.1515
vn 0.8013 0.4106 0.4351
vn 0.7083 -0.3913 0.5875
vn 0.8030 -0.5516 -0.2258
vn 0.8199 0.3255 -0.4710
vn 0.8377 0.0810 0.5401
vn 0.9064 0.4115 0.0956
vn 0.9520 0.1515 0.2659
vn 0.7473 -0.4657 0.4740
vn 0.7473 -0.2597 0.6117
vn 0.8630 -0.2806 0.4200
vn 0.9064 -0.2458 -0.3436
vn 0.8377 -0.5300 0.1318
vn 0.9520 -0.3037 -0.0382
vn 0.8834 0.3752 -0.2809
vn 0.8834 0.1160 -0.4541
vn 0.9664 0.1427 -0.2136
vn 0.8030 -0.5960 0.0025
vn 0.8199 0.1205 -0.5597
vn 0.8013 0.5459 0.2449
vn 0.7083 -0.1367 0.6926
vn 0.9064 -0.3586 -0.2233
vn 0.8377 -0.4392 0.3246
vn 0.9520 -0.2952 0.0809
vn 0.8834 0.2391 -0.4031
vn 0.8834 -0.0667 -0.4639
vn 0.9664 0.0501 -0.2520
vn 0.8377 0.2815 0.4679
vn 0.9064 0.4168 -0.0691
vn 0.9520 0.2417 0.1877
vn 0.7473 -0.2489 0.6162
vn 0.7473 -0.0059 0.6645
vn 0.8630 -0.0986 0.4954
vn 0.8030 -0.5497 0.2304
vn 0.8199 -0.1029 -0.5632
vn 0.8013 0.5981 0.0173
vn 0.7083 0.1387 0.6922
vn 0.9064 -0.4168 -0.0691
vn 0.8377 -0.2815 0.4679
vn 0.9520 -0.2417 0.1877
vn 0.8834 0.0667 -0.4639
vn 0.8834 -0.2391 -0.4031
vn 0.9664 -0.0501 -0.2520
vn 0.8377 0.4392 0.3246
vn 0.9064 0.3586 -0.2233
vn 0.9520 0.2952 0.0809
vn 0.7473 0.0059 0.6645
vn 0.7473 0.2489 0.6162
vn 0.8630 0.0986 0.4954
vn 0.8030 -0.4197 0.4232
vn 0.8199 -0.3106 -0.4809
vn 0.8013 0.5592 -0.2129
vn 0.7083 0.3930 0.5864
vn 0.9064 -0.4115 0.0956
vn 0.8377 -0.0810 0.5401
vn 0.9520 -0.1515 0.2660
vn 0.8834 -0.1160 -0.4541
vn 0.8834 -0.3752 -0.2809
vn 0.9664 -0.1427 -0.2136
vn 0.8377 0.5299 0.1318
vn 0.9064 0.2458 -0.3436
vn 0.9520 0.3037 -0.0382
vn 0.7473 0.2597 0.6117
vn 0.7473 0.4657 0.4740
vn 0.8630 0.2806 0.4200
vn 0.8030 -0.2258 0.5516
vn 0.8199 -0.4710 -0.3255
vn 0.8013 0.4351 -0.4106
vn 0.7083 0.5875 0.3913
vn 0.9064 -0.3436 0.2458
vn 0.8377 0.1318 0.5300
vn 0.9520 -0.0382 0.3037
vn 0.8834 -0.2809 -0.3752
vn 0.8834 -0.4541 -0.1160
vn 0.9664 -0.2136 -0.1427
vn 0.8377 0.5401 -0.0810
vn 0.9064 0.0956 -0.4115
vn 0.9520 0.2659 -0.1515
vn 0.7473 0.4740 0.4657
vn 0.7473 0.6117 0.2597
vn 0.8630 0.4200 0.2806
vn 0.1295 0.6534 -0.7459
vn 0.7975 -0.5805 0.1646
vn 0.7956 -0.6019 0.0688
vn 0.1295 0.8891 0.4390
vn 0.6396 0.4002 -0.6563
vn 0.2084 0.8836 -0.4194
vn 0.8467 0.4594 -0.2684
vn 0.7147 -0.6745 0.1853
vn 0.9317 -0.2840 -0.2264
vn 0.9040 -0.4216 0.0714
vn 0.9317 -0.1757 0.3178
vn 0.7064 -0.7077 0.0130
vn 0.9040 -0.4168 0.0954
vn 0.2084 0.9768 0.0493
vn 0.6396 0.6209 0.4532
vn 0.8467 0.5272 0.0721
vn 0.0766 -0.7082 0.7018
vn 0.8362 -0.1530 -0.5267
vn 0.5097 -0.0379 -0.8595
vn 0.0751 -0.1298 -0.9887
vn 0.3546 -0.7520 0.5557
vn 0.0372 -0.9823 0.1838
vn 0.2639 -0.9584 0.1089
vn 0.6987 -0.1600 -0.6973
vn 0.7509 -0.6478 0.1284
vn 0.6222 -0.7632 -0.1742
vn 0.4023 -0.1015 -0.9098
vn 0.5676 -0.1680 -0.8060
vn 0.5128 -0.4263 -0.7452
vn 0.0406 -0.7068 -0.7063
vn 0.2391 -0.1349 -0.9616
vn 0.2811 -0.6253 -0.7279
vn 0.0585 0.9320 0.3577
vn 0.0722 0.1534 -0.9855
vn 0.5070 0.0473 -0.8607
vn 0.7996 0.1641 -0.5776
vn 0.0113 0.9929 -0.1183
vn 0.2950 0.9342 0.2005
vn 0.1865 0.9669 -0.1741
vn 0.2320 0.1616 -0.9592
vn 0.0203 0.6499 -0.7598
vn 0.2047 0.6283 -0.7505
vn 0.5878 0.0653 -0.8063
vn 0.3960 0.1296 -0.9091
vn 0.4296 0.4896 -0.7588
vn 0.6365 0.7578 -0.1437
vn 0.7073 0.2457 -0.6628
vn 0.4739 0.8072 -0.3519
vn 0.1246 -0.4759 0.8706
vn 0.1235 0.7865 0.6051
vn 0.7431 -0.0886 -0.6633
vn 0.7253 0.0564 -0.6861
vn 0.2166 -0.0604 0.9744
vn 0.6738 -0.4622 0.5765
vn 0.9013 -0.0237 0.4325
vn 0.6093 0.7234 0.3247
vn 0.2275 0.4516 0.8627
vn 0.8713 0.3332 0.3603
vn 0.6465 -0.1053 -0.7557
vn 0.8650 0.3211 -0.3856
vn 0.8381 -0.0066 -0.5455
vn 0.9262 -0.2413 -0.2897
vn 0.6109 0.1102 -0.7840
vn 0.8356 0.0052 -0.5493
vn 0.0288 -0.7897 -0.6128
vn 0.4680 0.8659 -0.1764
vn 0.0844 -0.5391 -0.8380
vn 0.3391 0.8221 -0.4574
vn 0.0288 -0.4952 0.8683
vn 0.4695 0.8668 -0.1680
vn 0.0844 -0.1774 0.9805
vn 0.3391 0.9345 0.1080
vn 0.0813 -0.6637 0.7436
vn 0.6495 0.7169 -0.2534
vn 0.6474 0.7611 -0.0402
vn 0.0813 -0.8977 -0.4331
vn 0.4879 -0.4980 0.7169
vn 0.2276 -0.8770 0.4231
vn 0.9145 -0.3248 0.2412
vn 0.6586 0.7312 -0.1777
vn 0.8456 0.5328 0.0329
vn 0.7760 0.6160 -0.1352
vn 0.8455 0.4797 -0.2343
vn 0.6369 0.7608 -0.1243
vn 0.7760 0.6209 -0.1108
vn 0.2276 -0.9722 -0.0553
vn 0.4879 -0.7344 -0.4718
vn 0.9145 -0.3924 -0.0986
vn 0.0767 -0.9229 -0.3773
vn 0.0751 0.2584 0.9631
vn 0.5093 0.2962 0.8080
vn 0.8377 0.0586 0.5430
vn 0.0373 -0.9778 0.2062
vn 0.3546 -0.9074 -0.2255
vn 0.2640 -0.9271 0.2662
vn 0.2391 0.2433 0.9400
vn 0.0406 -0.3826 0.9230
vn 0.2812 -0.2992 0.9118
vn 0.5893 0.2585 0.7654
vn 0.4024 0.2544 0.8794
vn 0.5128 -0.1087 0.8516
vn 0.7509 -0.6476 0.1293
vn 0.7323 0.0348 0.6800
vn 0.6222 -0.6385 0.4530
vn 0.0585 0.7242 -0.6871
vn 0.7980 0.3713 0.4747
vn 0.5064 0.3754 0.7763
vn 0.0722 0.5189 0.8518
vn 0.2950 0.7864 -0.5427
vn 0.0113 0.9626 -0.2706
vn 0.1865 0.9599 -0.2091
vn 0.6849 0.4516 0.5718
vn 0.6365 0.7551 -0.1572
vn 0.4739 0.8804 0.0163
vn 0.3960 0.4676 0.7902
vn 0.5335 0.4909 0.6888
vn 0.4296 0.7427 0.5137
vn 0.0203 0.8911 0.4533
vn 0.2320 0.5163 0.8244
vn 0.2047 0.8677 0.4530
vn 0.1236 0.4952 -0.8600
vn 0.1246 -0.7729 -0.6222
vn 0.7274 0.3131 0.6107
vn 0.7408 0.1701 0.6499
vn 0.2275 0.0872 -0.9699
vn 0.6094 0.5441 -0.5767
vn 0.8713 0.1699 -0.4604
vn 0.6738 -0.6477 -0.3558
vn 0.2166 -0.4287 -0.8771
vn 0.9013 -0.1874 -0.3905
vn 0.6338 0.3118 0.7079
vn 0.9262 -0.1120 0.3600
vn 0.8357 0.2150 0.5054
vn 0.8650 0.4442 0.2334
vn 0.6433 0.1017 0.7588
vn 0.8381 0.2027 0.5064
vn 0.0766 -0.7082 -0.7018
vn 0.0751 -0.1298 0.9887
vn 0.5093 -0.0356 0.8599
vn 0.8377 -0.1537 0.5241
vn 0.0373 -0.9823 -0.1837
vn 0.3546 -0.7520 -0.5556
vn 0.2640 -0.9584 -0.1088
vn 0.2391 -0.1349 0.9616
vn 0.0406 -0.7067 0.7063
vn 0.2811 -0.6253 0.7280
vn 0.5893 -0.0541 0.8061
vn 0.4024 -0.1015 0.9098
vn 0.5128 -0.4263 0.7452
vn 0.7509 -0.6478 -0.1284
vn 0.7323 -0.2281 0.6416
vn 0.6222 -0.7632 0.1742
vn 0.0585 0.9320 -0.3577
vn 0.7980 0.1614 0.5806
vn 0.5064 0.0497 0.8609
vn 0.0722 0.1534 0.9855
vn 0.2950 0.9342 -0.2006
vn 0.0113 0.9929 0.1183
vn 0.1865 0.9669 0.1741
vn 0.6848 0.1984 0.7012
vn 0.6365 0.7577 0.1437
vn 0.4740 0.8072 0.3519
vn 0.3960 0.1296 0.9090
vn 0.5335 0.1899 0.8242
vn 0.4296 0.4896 0.7588
vn 0.0203 0.6499 0.7598
vn 0.2320 0.1616 0.9592
vn 0.2047 0.6283 0.7505
vn 0.1236 0.7865 -0.6051
vn 0.1246 -0.4760 -0.8706
vn 0.7274 0.0555 0.6840
vn 0.7408 -0.0915 0.6655
vn 0.2275 0.4516 -0.8627
vn 0.6093 0.7234 -0.3247
vn 0.8713 0.3331 -0.3604
vn 0.6738 -0.4622 -0.5766
vn 0.2166 -0.0605 -0.9744
vn 0.9013 -0.0237 -0.4325
vn 0.6338 0.0172 0.7733
vn 0.9262 -0.2412 0.2897
vn 0.8357 0.0052 0.5492
vn 0.8650 0.3211 0.3856
vn 0.6433 -0.1964 0.7400
vn 0.8381 -0.0066 0.5454
vn 0.1295 0.8891 -0.4390
vn 0.7974 -0.5993 -0.0701
vn 0.7956 -0.5824 -0.1667
vn 0.1295 0.6534 0.7458
vn 0.6396 0.6209 -0.4532
vn 0.2084 0.9768 -0.0493
vn 0.8467 0.5271 -0.0721
vn 0.7146 -0.6941 -0.0869
vn 0.9317 -0.1757 -0.3178
vn 0.9040 -0.4169 -0.0954
vn 0.9317 -0.2839 0.2264
vn 0.7064 -0.6588 -0.2588
vn 0.9040 -0.4216 -0.0714
vn 0.2084 0.8836 0.4193
vn 0.6396 0.4002 0.6563
vn 0.8467 0.4594 0.2684
vn 0.0766 -0.9229 0.3773
vn 0.8362 0.0603 -0.5452
vn 0.5098 0.2938 -0.8086
vn 0.0751 0.2584 -0.9631
vn 0.3546 -0.9074 0.2255
vn 0.0373 -0.9778 -0.2062
vn 0.2640 -0.9271 -0.2662
vn 0.6987 0.1190 -0.7054
vn 0.7509 -0.6476 -0.1293
vn 0.6222 -0.6385 -0.4530
vn 0.4024 0.2544 -0.8794
vn 0.5676 0.1532 -0.8089
vn 0.5128 -0.1087 -0.8516
vn 0.0407 -0.3826 -0.9230
vn 0.2391 0.2433 -0.9400
vn 0.2811 -0.2992 -0.9118
vn 0.0585 0.7242 0.6871
vn 0.0722 0.5189 -0.8518
vn 0.5070 0.3731 -0.7770
vn 0.7997 0.3726 -0.4708
vn 0.0113 0.9626 0.2706
vn 0.2950 0.7864 0.5428
vn 0.1866 0.9599 0.2091
vn 0.2320 0.5163 -0.8244
vn 0.0203 0.8912 -0.4533
vn 0.2047 0.8677 -0.4530
vn 0.5879 0.3689 -0.7199
vn 0.3960 0.4676 -0.7902
vn 0.4296 0.7427 -0.5137
vn 0.6365 0.7551 0.1573
vn 0.7073 0.4806 -0.5184
vn 0.4740 0.8804 -0.0162
vn 0.1246 -0.7729 0.6222
vn 0.1236 0.4951 0.8600
vn 0.7432 0.1719 -0.6467
vn 0.7253 0.3147 -0.6123
vn 0.2166 -0.4288 0.8771
vn 0.6738 -0.6477 0.3558
vn 0.9013 -0.1874 0.3905
vn 0.6093 0.5441 0.5768
vn 0.2275 0.0871 0.9699
vn 0.8713 0.1699 0.4604
vn 0.6465 0.1919 -0.7384
vn 0.8650 0.4442 -0.2334
vn 0.8381 0.2027 -0.5064
vn 0.9262 -0.1120 -0.3600
vn 0.6109 0.4018 -0.6822
vn 0.8357 0.2150 -0.5054
vn 0.0288 -0.4951 -0.8684
vn 0.4681 0.8675 0.1684
vn 0.0844 -0.1774 -0.9805
vn 0.3392 0.9345 -0.1080
vn 0.0288 -0.7897 0.6128
vn 0.4695 0.8651 0.1765
vn 0.0845 -0.5391 0.8380
vn 0.3392 0.8220 0.4574
vn 0.0813 -0.8977 0.4331
vn 0.6495 0.7593 0.0402
vn 0.6475 0.7185 0.2540
vn 0.0813 -0.6636 -0.7436
vn 0.4879 -0.7344 0.4718
vn 0.2275 -0.9722 0.0553
vn 0.9145 -0.3925 0.0986
vn 0.6586 0.7436 0.1156
vn 0.8456 0.4796 0.2344
vn 0.7761 0.6208 0.1108
vn 0.8456 0.5328 -0.0330
vn 0.6370 0.7505 0.1763
vn 0.7761 0.6160 0.1352
vn 0.2275 -0.8770 -0.4231
vn 0.4879 -0.4980 -0.7169
vn 0.9145 -0.3249 -0.2413
vn 0.0766 -0.3858 -0.9194
vn 0.0751 -0.4983 0.8637
vn 0.5093 -0.3619 0.7808
vn 0.8377 -0.3426 0.4254
vn 0.0373 -0.8372 -0.5456
vn 0.3546 -0.4821 -0.8011
vn 0.2640 -0.8438 -0.4672
vn 0.2391 -0.4926 0.8368
vn 0.0407 -0.9232 0.3821
vn 0.2811 -0.8563 0.4333
vn 0.5893 -0.3584 0.7241
vn 0.4024 -0.4419 0.8018
vn 0.5128 -0.6790 0.5253
vn 0.7509 -0.5494 -0.3665
vn 0.7323 -0.4563 0.5055
vn 0.6222 -0.7718 -0.1311
vn 0.0585 0.9979 0.0262
vn 0.7980 -0.0731 0.5982
vn 0.5064 -0.2835 0.8144
vn 0.0722 -0.2354 0.9692
vn 0.2950 0.9399 0.1722
vn 0.0113 0.8721 0.4893
vn 0.1866 0.8267 0.5309
vn 0.6848 -0.0850 0.7237
vn 0.6366 0.6451 0.4227
vn 0.4740 0.6111 0.6340
vn 0.3960 -0.2281 0.8895
vn 0.5335 -0.1400 0.8341
vn 0.4296 0.1619 0.8884
vn 0.0203 0.3096 0.9506
vn 0.2320 -0.2178 0.9480
vn 0.2047 0.2933 0.9339
vn 0.1246 -0.1066 -0.9865
vn 0.7274 -0.2104 0.6532
vn 0.7408 -0.3392 0.5798
vn 0.1236 0.9582 -0.2580
vn 0.6738 -0.2064 -0.7095
vn 0.2166 0.3170 -0.9234
vn 0.9013 0.1435 -0.4087
vn 0.6338 -0.2801 0.7210
vn 0.9262 -0.3338 0.1753
vn 0.8357 -0.2053 0.5094
vn 0.8650 0.1491 0.4791
vn 0.6433 -0.4646 0.6085
vn 0.8381 -0.2148 0.5014
vn 0.2275 0.7474 -0.6242
vn 0.6093 0.7926 -0.0231
vn 0.8713 0.4457 -0.2054
vn 0.1295 0.3183 0.9391
vn 0.1295 0.9894 -0.0653
vn 0.7974 -0.5269 -0.2941
vn 0.7956 -0.4743 -0.3769
vn 0.2084 0.6558 0.7256
vn 0.6396 0.1186 0.7595
vn 0.8467 0.3217 0.4238
vn 0.6396 0.7471 -0.1811
vn 0.2084 0.9213 0.3283
vn 0.8467 0.5146 0.1351
vn 0.7146 -0.6080 -0.3459
vn 0.9317 -0.0407 -0.3609
vn 0.9040 -0.3486 -0.2476
vn 0.9317 -0.3490 0.1005
vn 0.7064 -0.5096 -0.4912
vn 0.9040 -0.3622 -0.2273
vn 0.0766 -0.9970 -0.0046
vn 0.8362 0.2643 -0.4806
vn 0.5098 0.5809 -0.6346
vn 0.0751 0.6073 -0.7909
vn 0.3546 -0.9247 -0.1388
vn 0.0373 -0.8245 -0.5647
vn 0.2640 -0.7546 -0.6007
vn 0.6987 0.3799 -0.6062
vn 0.7509 -0.5489 -0.3673
vn 0.6222 -0.4165 -0.6629
vn 0.4024 0.5716 -0.7151
vn 0.5676 0.4511 -0.6887
vn 0.5128 0.2255 -0.8284
vn 0.0407 -0.0003 -0.9992
vn 0.2391 0.5845 -0.7753
vn 0.2811 0.0725 -0.9569
vn 0.0585 0.4061 0.9120
vn 0.0722 0.8054 -0.5884
vn 0.5070 0.6420 -0.5751
vn 0.7997 0.5244 -0.2924
vn 0.0113 0.7858 0.6184
vn 0.2950 0.5188 0.8024
vn 0.1866 0.8068 0.5606
vn 0.2320 0.7925 -0.5640
vn 0.0203 0.9968 -0.0777
vn 0.2047 0.9750 -0.0864
vn 0.5879 0.6164 -0.5240
vn 0.3960 0.7345 -0.5511
vn 0.4296 0.8827 -0.1904
vn 0.6366 0.6374 0.4342
vn 0.7073 0.6424 -0.2950
vn 0.4740 0.8196 0.3219
vn 0.1236 0.1283 0.9840
vn 0.7431 0.4063 -0.5317
vn 0.7253 0.5250 -0.4452
vn 0.1246 -0.9522 0.2790
vn 0.6094 0.2819 0.7411
vn 0.2275 -0.2907 0.9294
vn 0.8713 -0.0192 0.4904
vn 0.6465 0.4599 -0.6088
vn 0.8650 0.4997 -0.0456
vn 0.8381 0.3811 -0.3904
vn 0.9262 0.0342 -0.3754
vn 0.6109 0.6323 -0.4765
vn 0.8357 0.3921 -0.3846
vn 0.2166 -0.7318 0.6462
vn 0.6737 -0.7345 0.0808
vn 0.9013 -0.3226 0.2890
vn 0.0288 -0.1251 -0.9917
vn 0.4681 0.7370 0.4876
vn 0.0845 0.2114 -0.9738
vn 0.3392 0.9047 0.2578
vn 0.0288 -0.9641 0.2640
vn 0.4696 0.7317 0.4941
vn 0.0845 -0.8187 0.5679
vn 0.3392 0.5844 0.7372
vn 0.0813 -0.3285 -0.9410
vn 0.0813 -0.9951 0.0566
vn 0.6495 0.6861 0.3278
vn 0.6474 0.5666 0.5097
vn 0.2275 -0.6484 -0.7265
vn 0.4879 -0.1857 -0.8529
vn 0.9144 -0.2078 -0.3473
vn 0.4879 -0.8591 0.1548
vn 0.2275 -0.9194 -0.3209
vn 0.9145 -0.4004 -0.0591
vn 0.6586 0.6427 0.3914
vn 0.8456 0.3534 0.4001
vn 0.7761 0.5312 0.3399
vn 0.8456 0.5049 0.1734
vn 0.6370 0.6259 0.4501
vn 0.7761 0.5173 0.3607
vn 0.0766 -0.0046 -0.9970
vn 0.0751 -0.7909 0.6073
vn 0.5093 -0.6332 0.5829
vn 0.8377 -0.4793 0.2619
vn 0.0372 -0.5647 -0.8245
vn 0.3546 -0.1388 -0.9247
vn 0.2639 -0.6007 -0.7546
vn 0.2391 -0.7753 0.5845
vn 0.0406 -0.9992 -0.0003
vn 0.2812 -0.9569 0.0726
vn 0.5893 -0.6082 0.5318
vn 0.4024 -0.7151 0.5716
vn 0.5128 -0.8284 0.2255
vn 0.7509 -0.3673 -0.5488
vn 0.7323 -0.6150 0.2924
vn 0.6222 -0.6629 -0.4165
vn 0.0585 0.9120 0.4061
vn 0.7980 -0.2964 0.5247
vn 0.5064 -0.5736 0.6439
vn 0.0722 -0.5884 0.8054
vn 0.2950 0.8024 0.5188
vn 0.0113 0.6184 0.7858
vn 0.1866 0.5606 0.8068
vn 0.6848 -0.3555 0.6361
vn 0.6365 0.4342 0.6374
vn 0.4740 0.3219 0.8196
vn 0.3960 -0.5511 0.7345
vn 0.5335 -0.4485 0.7171
vn 0.4296 -0.1904 0.8827
vn 0.0203 -0.0777 0.9968
vn 0.2320 -0.5640 0.7925
vn 0.2047 -0.0864 0.9750
vn 0.1246 0.2790 -0.9522
vn 0.7274 -0.4444 0.5229
vn 0.7408 -0.5353 0.4059
vn 0.1236 0.9840 0.1283
vn 0.6738 0.0808 -0.7345
vn 0.2166 0.6462 -0.7317
vn 0.9013 0.2890 -0.3226
vn 0.6338 -0.5347 0.5589
vn 0.9262 -0.3755 0.0343
vn 0.8357 -0.3847 0.3921
vn 0.8650 -0.0456 0.4997
vn 0.6433 -0.6621 0.3844
vn 0.8381 -0.3903 0.3810
vn 0.2275 0.9294 -0.2907
vn 0.6094 0.7411 0.2819
vn 0.8713 0.4904 -0.0192
vn 0.1296 -0.0653 0.9894
vn 0.1295 0.9391 0.3183
vn 0.7974 -0.3742 -0.4734
vn 0.7956 -0.2939 -0.5297
vn 0.2084 0.3283 0.9213
vn 0.6396 -0.1811 0.7471
vn 0.8467 0.1351 0.5146
vn 0.6396 0.7595 0.1186
vn 0.2084 0.7255 0.6559
vn 0.8467 0.4238 0.3217
vn 0.7146 -0.4293 -0.5523
vn 0.9317 0.1005 -0.3490
vn 0.9040 -0.2273 -0.3622
vn 0.9317 -0.3609 -0.0407
vn 0.7064 -0.2828 -0.6489
vn 0.9040 -0.2476 -0.3486
vn 0.0288 0.2640 -0.9641
vn 0.4681 0.4944 0.7325
vn 0.0845 0.5679 -0.8187
vn 0.3392 0.7372 0.5844
vn 0.0288 -0.9917 -0.1251
vn 0.4695 0.4869 0.7365
vn 0.0845 -0.9738 0.2114
vn 0.3392 0.2578 0.9047
vn 0.0813 0.0566 -0.9951
vn 0.0813 -0.9410 -0.3285
vn 0.6495 0.5085 0.5654
vn 0.6474 0.3285 0.6877
vn 0.2275 -0.3210 -0.9194
vn 0.4879 0.1548 -0.8591
vn 0.9145 -0.0591 -0.4003
vn 0.4879 -0.8529 -0.1857
vn 0.2275 -0.7265 -0.6484
vn 0.9145 -0.3472 -0.2078
vn 0.6586 0.4440 0.6075
vn 0.8456 0.1734 0.5049
vn 0.7761 0.3606 0.5173
vn 0.8456 0.4001 0.3534
vn 0.6370 0.4060 0.6553
vn 0.7761 0.3399 0.5312
vn 0.0766 -0.9194 -0.3858
vn 0.8362 0.4281 -0.3429
vn 0.5098 0.7795 -0.3640
vn 0.0751 0.8637 -0.4983
vn 0.3546 -0.8011 -0.4821
vn 0.0373 -0.5456 -0.8372
vn 0.2640 -0.4672 -0.8438
vn 0.6987 0.5830 -0.4147
vn 0.7509 -0.3665 -0.5494
vn 0.6222 -0.1311 -0.7718
vn 0.4024 0.8018 -0.4419
vn 0.5676 0.6803 -0.4637
vn 0.5128 0.5253 -0.6790
vn 0.0407 0.3822 -0.9232
vn 0.2391 0.8368 -0.4926
vn 0.2811 0.4333 -0.8563
vn 0.0585 0.0262 0.9979
vn 0.0722 0.9692 -0.2354
vn 0.5070 0.8132 -0.2856
vn 0.7997 0.5964 -0.0695
vn 0.0113 0.4893 0.8721
vn 0.2950 0.1722 0.9399
vn 0.1865 0.5309 0.8267
vn 0.2320 0.9480 -0.2178
vn 0.0203 0.9506 0.3097
vn 0.2047 0.9339 0.2933
vn 0.5879 0.7699 -0.2482
vn 0.3960 0.8895 -0.2281
vn 0.4296 0.8884 0.1619
vn 0.6366 0.4227 0.6451
vn 0.7073 0.7064 -0.0267
vn 0.4739 0.6340 0.6111
vn 0.1236 -0.2580 0.9582
vn 0.7432 0.5788 -0.3357
vn 0.7253 0.6555 -0.2104
vn 0.1246 -0.9865 -0.1066
vn 0.6094 -0.0231 0.7926
vn 0.2275 -0.6242 0.7474
vn 0.8713 -0.2054 0.4457
vn 0.6465 0.6578 -0.3864
vn 0.8650 0.4791 0.1491
vn 0.8381 0.5014 -0.2148
vn 0.9262 0.1754 -0.3337
vn 0.6109 0.7665 -0.1982
vn 0.8356 0.5094 -0.2053
vn 0.2166 -0.9234 0.3170
vn 0.6738 -0.7095 -0.2064
vn 0.9013 -0.4086 0.1436
vn 0.1295 -0.4390 0.8891
vn 0.1295 0.7458 0.6534
vn 0.7974 -0.1646 -0.5805
vn 0.7956 -0.0688 -0.6019
vn 0.2084 -0.0493 0.9768
vn 0.6396 -0.4532 0.6209
vn 0.8467 -0.0722 0.5271
vn 0.6396 0.6563 0.4002
vn 0.2084 0.4193 0.8836
vn 0.8467 0.2684 0.4594
vn 0.7146 -0.1853 -0.6745
vn 0.9317 0.2264 -0.2839
vn 0.9040 -0.0714 -0.4216
vn 0.9317 -0.3178 -0.1757
vn 0.7064 -0.0130 -0.7077
vn 0.9040 -0.0954 -0.4169
vn 0.0766 0.3773 -0.9229
vn 0.0751 -0.9631 0.2584
vn 0.5092 -0.8080 0.2962
vn 0.8377 -0.5430 0.0586
vn 0.0373 -0.2062 -0.9778
vn 0.3546 0.2256 -0.9074
vn 0.2640 -0.2662 -0.9271
vn 0.2391 -0.9400 0.2433
vn 0.0407 -0.9230 -0.3826
vn 0.2812 -0.9118 -0.2992
vn 0.5893 -0.7655 0.2586
vn 0.4024 -0.8794 0.2544
vn 0.5128 -0.8516 -0.1087
vn 0.7509 -0.1293 -0.6476
vn 0.7323 -0.6801 0.0348
vn 0.6222 -0.4530 -0.6385
vn 0.0585 0.6871 0.7242
vn 0.7980 -0.4747 0.3713
vn 0.5064 -0.7763 0.3754
vn 0.0722 -0.8518 0.5189
vn 0.2950 0.5428 0.7864
vn 0.0113 0.2706 0.9626
vn 0.1865 0.2092 0.9599
vn 0.6848 -0.5719 0.4516
vn 0.6365 0.1573 0.7550
vn 0.4739 -0.0162 0.8804
vn 0.3960 -0.7902 0.4676
vn 0.5335 -0.6888 0.4908
vn 0.4296 -0.5137 0.7427
vn 0.0203 -0.4532 0.8912
vn 0.2320 -0.8244 0.5163
vn 0.2047 -0.4530 0.8677
vn 0.1246 0.6222 -0.7729
vn 0.7274 -0.6107 0.3131
vn 0.7408 -0.6499 0.1702
vn 0.1236 0.8600 0.4951
vn 0.6738 0.3558 -0.6477
vn 0.2166 0.8771 -0.4287
vn 0.9013 0.3904 -0.1874
vn 0.6338 -0.7079 0.3118
vn 0.9262 -0.3600 -0.1120
vn 0.8357 -0.5054 0.2150
vn 0.8650 -0.2334 0.4442
vn 0.6433 -0.7588 0.1017
vn 0.8381 -0.5064 0.2027
vn 0.2275 0.9699 0.0871
vn 0.6094 0.5768 0.5441
vn 0.8713 0.4604 0.1699
vn 0.0288 0.6128 -0.7897
vn 0.4681 0.1764 0.8659
vn 0.0845 0.8380 -0.5391
vn 0.3392 0.4574 0.8220
vn 0.0288 -0.8684 -0.4951
vn 0.4696 0.1680 0.8668
vn 0.0844 -0.9805 -0.1774
vn 0.3392 -0.1081 0.9345
vn 0.0813 0.4331 -0.8977
vn 0.0813 -0.7436 -0.6636
vn 0.6495 0.2534 0.7169
vn 0.6474 0.0403 0.7610
vn 0.2275 0.0553 -0.9722
vn 0.4878 0.4718 -0.7345
vn 0.9145 0.0986 -0.3925
vn 0.4879 -0.7169 -0.4980
vn 0.2275 -0.4231 -0.8770
vn 0.9145 -0.2413 -0.3249
vn 0.6586 0.1778 0.7312
vn 0.8456 -0.0331 0.5328
vn 0.7761 0.1352 0.6160
vn 0.8456 0.2344 0.4797
vn 0.6370 0.1243 0.7608
vn 0.7761 0.1108 0.6208
vn 0.0585 -0.3577 0.9320
vn 0.0722 0.9855 0.1534
vn 0.5070 0.8606 0.0473
vn 0.7997 0.5776 0.1641
vn 0.0113 0.1183 0.9929
vn 0.2950 -0.2006 0.9342
vn 0.1866 0.1741 0.9669
vn 0.2320 0.9592 0.1616
vn 0.0203 0.7598 0.6499
vn 0.2047 0.7505 0.6283
vn 0.5879 0.8063 0.0653
vn 0.3960 0.9090 0.1296
vn 0.4296 0.7588 0.4896
vn 0.6365 0.1437 0.7577
vn 0.7073 0.6628 0.2456
vn 0.4739 0.3519 0.8072
vn 0.0766 -0.7018 -0.7082
vn 0.8362 0.5267 -0.1530
vn 0.5098 0.8595 -0.0379
vn 0.0751 0.9887 -0.1298
vn 0.3546 -0.5556 -0.7520
vn 0.0372 -0.1837 -0.9823
vn 0.2639 -0.1088 -0.9584
vn 0.6987 0.6973 -0.1600
vn 0.7509 -0.1284 -0.6478
vn 0.6222 0.1742 -0.7632
vn 0.4024 0.9098 -0.1015
vn 0.5676 0.8060 -0.1680
vn 0.5128 0.7452 -0.4263
vn 0.0406 0.7063 -0.7067
vn 0.2391 0.9616 -0.1349
vn 0.2811 0.7280 -0.6253
vn 0.1235 -0.6051 0.7865
vn 0.7432 0.6632 -0.0886
vn 0.7253 0.6861 0.0564
vn 0.1246 -0.8706 -0.4760
vn 0.6093 -0.3247 0.7234
vn 0.2275 -0.8627 0.4516
vn 0.8713 -0.3604 0.3332
vn 0.6465 0.7556 -0.1053
vn 0.8650 0.3856 0.3211
vn 0.8381 0.5454 -0.0066
vn 0.9262 0.2897 -0.2413
vn 0.6109 0.7840 0.1102
vn 0.8357 0.5492 0.0052
vn 0.2166 -0.9744 -0.0605
vn 0.6738 -0.5765 -0.4622
vn 0.9013 -0.4325 -0.0237
vn 0.1295 -0.7458 0.6534
vn 0.1295 0.4390 0.8891
vn 0.7974 0.0701 -0.5993
vn 0.7956 0.1667 -0.5824
vn 0.2084 -0.4193 0.8836
vn 0.6396 -0.6563 0.4002
vn 0.8467 -0.2684 0.4594
vn 0.6396 0.4532 0.6209
vn 0.2084 0.0493 0.9768
vn 0.8467 0.0721 0.5271
vn 0.7146 0.0869 -0.6941
vn 0.9317 0.3178 -0.1757
vn 0.9039 0.0954 -0.4169
vn 0.9317 -0.2264 -0.2839
vn 0.7064 0.2588 -0.6588
vn 0.9040 0.0714 -0.4216
vn 0.0766 -0.3773 -0.9229
vn 0.8362 0.5452 0.0602
vn 0.5098 0.8086 0.2939
vn 0.0751 0.9631 0.2584
vn 0.3546 -0.2255 -0.9074
vn 0.0372 0.2062 -0.9778
vn 0.2639 0.2662 -0.9271
vn 0.6987 0.7054 0.1190
vn 0.7509 0.1293 -0.6476
vn 0.6222 0.4530 -0.6385
vn 0.4024 0.8794 0.2544
vn 0.5676 0.8089 0.1532
vn 0.5128 0.8516 -0.1087
vn 0.0406 0.9230 -0.3827
vn 0.2391 0.9400 0.2433
vn 0.2811 0.9118 -0.2992
vn 0.0585 -0.6871 0.7242
vn 0.0722 0.8518 0.5189
vn 0.5070 0.7770 0.3731
vn 0.7997 0.4708 0.3726
vn 0.0113 -0.2707 0.9626
vn 0.2950 -0.5428 0.7863
vn 0.1866 -0.2091 0.9599
vn 0.2320 0.8244 0.5163
vn 0.0203 0.4532 0.8912
vn 0.2047 0.4529 0.8677
vn 0.5878 0.7199 0.3689
vn 0.3960 0.7902 0.4677
vn 0.4296 0.5137 0.7427
vn 0.6365 -0.1573 0.7550
vn 0.7073 0.5184 0.4806
vn 0.4740 0.0162 0.8804
vn 0.1236 -0.8600 0.4951
vn 0.7431 0.6467 0.1719
vn 0.7253 0.6123 0.3147
vn 0.1246 -0.6221 -0.7729
vn 0.6094 -0.5768 0.5441
vn 0.2275 -0.9699 0.0871
vn 0.8713 -0.4604 0.1699
vn 0.6465 0.7384 0.1919
vn 0.8650 0.2334 0.4442
vn 0.8381 0.5064 0.2027
vn 0.9262 0.3600 -0.1120
vn 0.6109 0.6822 0.4018
vn 0.8356 0.5054 0.2150
vn 0.2166 -0.8771 -0.4288
vn 0.6738 -0.3557 -0.6476
vn 0.9013 -0.3904 -0.1874
vn 0.0585 0.3577 0.9320
vn 0.7980 -0.5806 0.1614
vn 0.5064 -0.8609 0.0497
vn 0.0722 -0.9855 0.1534
vn 0.2950 0.2006 0.9342
vn 0.0113 -0.1183 0.9929
vn 0.1865 -0.1741 0.9669
vn 0.6848 -0.7012 0.1984
vn 0.6365 -0.1437 0.7577
vn 0.4739 -0.3519 0.8072
vn 0.3960 -0.9090 0.1296
vn 0.5335 -0.8242 0.1899
vn 0.4296 -0.7588 0.4896
vn 0.0203 -0.7598 0.6499
vn 0.2320 -0.9592 0.1616
vn 0.2047 -0.7505 0.6283
vn 0.0766 0.7018 -0.7083
vn 0.0751 -0.9887 -0.1298
vn 0.5093 -0.8599 -0.0356
vn 0.8377 -0.5241 -0.1537
vn 0.0373 0.1838 -0.9823
vn 0.3546 0.5556 -0.7520
vn 0.2639 0.1088 -0.9584
vn 0.2391 -0.9616 -0.1349
vn 0.0407 -0.7063 -0.7068
vn 0.2811 -0.7280 -0.6253
vn 0.5893 -0.8061 -0.0541
vn 0.4024 -0.9098 -0.1015
vn 0.5128 -0.7452 -0.4263
vn 0.7509 0.1283 -0.6478
vn 0.7323 -0.6416 -0.2281
vn 0.6222 -0.1742 -0.7632
vn 0.1246 0.8706 -0.4760
vn 0.7274 -0.6840 0.0555
vn 0.7408 -0.6655 -0.0915
vn 0.1235 0.6051 0.7865
vn 0.6738 0.5765 -0.4622
vn 0.2166 0.9744 -0.0605
vn 0.9013 0.4325 -0.0237
vn 0.6338 -0.7733 0.0172
vn 0.9262 -0.2897 -0.2413
vn 0.8357 -0.5492 0.0052
vn 0.8650 -0.3856 0.3211
vn 0.6433 -0.7400 -0.1964
vn 0.8381 -0.5455 -0.0066
vn 0.2275 0.8627 0.4516
vn 0.6093 0.3247 0.7234
vn 0.8713 0.3603 0.3332
vn 0.0288 0.8684 -0.4951
vn 0.4681 -0.1684 0.8675
vn 0.0845 0.9805 -0.1774
vn 0.3392 0.1081 0.9345
vn 0.0288 -0.6128 -0.7897
vn 0.4695 -0.1765 0.8651
vn 0.0844 -0.8380 -0.5391
vn 0.3392 -0.4574 0.8220
vn 0.0813 0.7436 -0.6636
vn 0.0813 -0.4331 -0.8977
vn 0.6495 -0.0403 0.7593
vn 0.6474 -0.2540 0.7185
vn 0.2276 0.4231 -0.8770
vn 0.4879 0.7169 -0.4980
vn 0.9145 0.2413 -0.3248
vn 0.4879 -0.4718 -0.7344
vn 0.2276 -0.0553 -0.9722
vn 0.9145 -0.0986 -0.3924
vn 0.6586 -0.1156 0.7436
vn 0.8456 -0.2344 0.4796
vn 0.7761 -0.1108 0.6208
vn 0.8456 0.0330 0.5329
vn 0.6370 -0.1763 0.7504
vn 0.7761 -0.1352 0.6160
vn 0.0288 0.9917 -0.1251
vn 0.4681 -0.4875 0.7370
vn 0.0845 0.9737 0.2114
vn 0.3392 -0.2578 0.9047
vn 0.0288 -0.2640 -0.9641
vn 0.4695 -0.4941 0.7317
vn 0.0845 -0.5679 -0.8187
vn 0.3392 -0.7372 0.5844
vn 0.0812 0.9410 -0.3285
vn 0.0813 -0.0566 -0.9951
vn 0.6495 -0.3278 0.6861
vn 0.6475 -0.5097 0.5666
vn 0.2275 0.7265 -0.6484
vn 0.4878 0.8529 -0.1857
vn 0.9145 0.3472 -0.2078
vn 0.4879 -0.1548 -0.8591
vn 0.2275 0.3210 -0.9194
vn 0.9145 0.0591 -0.4003
vn 0.6586 -0.3913 0.6427
vn 0.8456 -0.4001 0.3534
vn 0.7761 -0.3399 0.5312
vn 0.8456 -0.1734 0.5049
vn 0.6370 -0.4501 0.6258
vn 0.7761 -0.3606 0.5173
vn 0.0766 0.9194 -0.3858
vn 0.0751 -0.8637 -0.4983
vn 0.5093 -0.7808 -0.3619
vn 0.8377 -0.4254 -0.3426
vn 0.0373 0.5456 -0.8372
vn 0.3546 0.8011 -0.4821
vn 0.2640 0.4673 -0.8438
vn 0.2391 -0.8367 -0.4926
vn 0.0407 -0.3821 -0.9232
vn 0.2811 -0.4332 -0.8563
vn 0.5893 -0.7241 -0.3584
vn 0.4024 -0.8018 -0.4419
vn 0.5128 -0.5253 -0.6790
vn 0.7509 0.3665 -0.5494
vn 0.7323 -0.5055 -0.4563
vn 0.6222 0.1311 -0.7718
vn 0.0585 -0.0262 0.9979
vn 0.7980 -0.5982 -0.0731
vn 0.5064 -0.8144 -0.2835
vn 0.0722 -0.9692 -0.2354
vn 0.2950 -0.1722 0.9398
vn 0.0113 -0.4893 0.8721
vn 0.1866 -0.5309 0.8267
vn 0.6848 -0.7237 -0.0850
vn 0.6366 -0.4227 0.6451
vn 0.4740 -0.6340 0.6111
vn 0.3960 -0.8895 -0.2281
vn 0.5335 -0.8341 -0.1400
vn 0.4296 -0.8884 0.1619
vn 0.0203 -0.9506 0.3096
vn 0.2320 -0.9480 -0.2178
vn 0.2047 -0.9339 0.2933
vn 0.1246 0.9865 -0.1066
vn 0.7274 -0.6532 -0.2104
vn 0.7408 -0.5798 -0.3392
vn 0.1236 0.2580 0.9582
vn 0.6738 0.7095 -0.2064
vn 0.2166 0.9234 0.3170
vn 0.9013 0.4086 0.1436
vn 0.6338 -0.7210 -0.2801
vn 0.9262 -0.1753 -0.3338
vn 0.8357 -0.5094 -0.2053
vn 0.8650 -0.4791 0.1491
vn 0.6433 -0.6085 -0.4646
vn 0.8381 -0.5014 -0.2148
vn 0.2275 0.6242 0.7474
vn 0.6094 0.0231 0.7926
vn 0.8713 0.2054 0.4457
vn 0.1295 -0.9391 0.3183
vn 0.1295 0.0653 0.9894
vn 0.7974 0.2941 -0.5269
vn 0.7956 0.3769 -0.4743
vn 0.2084 -0.7255 0.6559
vn 0.6396 -0.7595 0.1186
vn 0.8467 -0.4238 0.3217
vn 0.6396 0.1811 0.7471
vn 0.2084 -0.3283 0.9213
vn 0.8467 -0.1351 0.5146
vn 0.7146 0.3459 -0.6080
vn 0.9317 0.3609 -0.0407
vn 0.9040 0.2476 -0.3486
vn 0.9317 -0.1005 -0.3490
vn 0.7064 0.4912 -0.5096
vn 0.9040 0.2273 -0.3622
vn 0.0766 0.0045 -0.9970
vn 0.8362 0.4806 0.2643
vn 0.5098 0.6346 0.5809
vn 0.0751 0.7909 0.6073
vn 0.3546 0.1388 -0.9247
vn 0.0373 0.5647 -0.8245
vn 0.2639 0.6007 -0.7546
vn 0.6987 0.6062 0.3799
vn 0.7509 0.3673 -0.5489
vn 0.6222 0.6629 -0.4165
vn 0.4024 0.7151 0.5716
vn 0.5676 0.6887 0.4511
vn 0.5128 0.8284 0.2255
vn 0.0406 0.9992 -0.0003
vn 0.2391 0.7753 0.5845
vn 0.2812 0.9569 0.0726
vn 0.0585 -0.9120 0.4061
vn 0.0722 0.5884 0.8053
vn 0.5070 0.5751 0.6420
vn 0.7997 0.2924 0.5244
vn 0.0113 -0.6184 0.7858
vn 0.2950 -0.8024 0.5188
vn 0.1866 -0.5606 0.8068
vn 0.2320 0.5640 0.7925
vn 0.0203 0.0777 0.9968
vn 0.2047 0.0864 0.9750
vn 0.5879 0.5240 0.6164
vn 0.3960 0.5511 0.7345
vn 0.4296 0.1904 0.8827
vn 0.6365 -0.4342 0.6374
vn 0.7073 0.2950 0.6424
vn 0.4740 -0.3219 0.8196
vn 0.1236 -0.9840 0.1283
vn 0.7431 0.5317 0.4063
vn 0.7253 0.4452 0.5250
vn 0.1246 -0.2790 -0.9522
vn 0.6094 -0.7411 0.2819
vn 0.2275 -0.9294 -0.2907
vn 0.8713 -0.4903 -0.0192
vn 0.6465 0.6088 0.4599
vn 0.8650 0.0456 0.4997
vn 0.8381 0.3904 0.3810
vn 0.9262 0.3755 0.0343
vn 0.6109 0.4765 0.6323
vn 0.8357 0.3847 0.3921
vn 0.2166 -0.6462 -0.7317
vn 0.6738 -0.0808 -0.7345
vn 0.9013 -0.2890 -0.3226
vn 0.0766 0.9970 -0.0046
vn 0.0751 -0.6073 -0.7909
vn 0.5093 -0.5829 -0.6332
vn 0.8377 -0.2619 -0.4793
vn 0.0372 0.8245 -0.5646
vn 0.3546 0.9246 -0.1389
vn 0.2640 0.7546 -0.6007
vn 0.2391 -0.5846 -0.7753
vn 0.0407 0.0003 -0.9992
vn 0.2812 -0.0726 -0.9569
vn 0.5893 -0.5318 -0.6082
vn 0.4024 -0.5716 -0.7151
vn 0.5128 -0.2255 -0.8284
vn 0.7509 0.5488 -0.3673
vn 0.7323 -0.2924 -0.6150
vn 0.6222 0.4165 -0.6629
vn 0.0585 -0.4061 0.9120
vn 0.7980 -0.5247 -0.2964
vn 0.5064 -0.6439 -0.5736
vn 0.0722 -0.8054 -0.5884
vn 0.2950 -0.5188 0.8024
vn 0.0113 -0.7858 0.6184
vn 0.1866 -0.8068 0.5606
vn 0.6848 -0.6361 -0.3555
vn 0.6365 -0.6374 0.4342
vn 0.4740 -0.8196 0.3219
vn 0.3960 -0.7345 -0.5511
vn 0.5335 -0.7171 -0.4485
vn 0.4296 -0.8827 -0.1904
vn 0.0203 -0.9968 -0.0777
vn 0.2320 -0.7925 -0.5640
vn 0.2047 -0.9750 -0.0864
vn 0.1236 -0.1283 0.9840
vn 0.1246 0.9522 0.2790
vn 0.7274 -0.5229 -0.4444
vn 0.7408 -0.4059 -0.5353
vn 0.2275 0.2907 0.9294
vn 0.6094 -0.2819 0.7411
vn 0.8713 0.0192 0.4903
vn 0.6738 0.7345 0.0808
vn 0.2166 0.7318 0.6462
vn 0.9013 0.3226 0.2890
vn 0.6338 -0.5589 -0.5347
vn 0.9262 -0.0343 -0.3754
vn 0.8357 -0.3921 -0.3847
vn 0.8650 -0.4997 -0.0456
vn 0.6433 -0.3844 -0.6621
vn 0.8381 -0.3811 -0.3903
vn 0.1295 -0.3183 0.9391
vn 0.7974 0.4734 -0.3742
vn 0.7956 0.5297 -0.2939
vn 0.1295 -0.9894 -0.0653
vn 0.6396 -0.1186 0.7595
vn 0.2084 -0.6559 0.7255
vn 0.8467 -0.3217 0.4238
vn 0.7146 0.5523 -0.4293
vn 0.9317 0.3490 0.1005
vn 0.9040 0.3622 -0.2273
vn 0.9317 0.0407 -0.3609
vn 0.7064 0.6489 -0.2828
vn 0.9040 0.3486 -0.2476
vn 0.2084 -0.9213 0.3283
vn 0.6396 -0.7471 -0.1811
vn 0.8467 -0.5146 0.1351
vn 0.0767 0.3858 -0.9194
vn 0.8362 0.3429 0.4281
vn 0.5098 0.3640 0.7795
vn 0.0751 0.4983 0.8637
vn 0.3546 0.4821 -0.8011
vn 0.0373 0.8372 -0.5456
vn 0.2639 0.8438 -0.4673
vn 0.6987 0.4147 0.5830
vn 0.7509 0.5494 -0.3665
vn 0.6222 0.7718 -0.1311
vn 0.4024 0.4419 0.8018
vn 0.5676 0.4637 0.6803
vn 0.5128 0.6790 0.5253
vn 0.0406 0.9232 0.3821
vn 0.2391 0.4926 0.8368
vn 0.2811 0.8563 0.4332
vn 0.0585 -0.9979 0.0262
vn 0.0722 0.2354 0.9692
vn 0.5070 0.2856 0.8132
vn 0.7997 0.0695 0.5964
vn 0.0113 -0.8721 0.4893
vn 0.2950 -0.9399 0.1722
vn 0.1866 -0.8267 0.5309
vn 0.2320 0.2178 0.9480
vn 0.0203 -0.3096 0.9506
vn 0.2047 -0.2933 0.9338
vn 0.5879 0.2482 0.7699
vn 0.3960 0.2281 0.8895
vn 0.4296 -0.1619 0.8884
vn 0.6366 -0.6451 0.4227
vn 0.7073 0.0267 0.7064
vn 0.4740 -0.6111 0.6340
vn 0.1246 0.1066 -0.9865
vn 0.1236 -0.9582 -0.2580
vn 0.7431 0.3357 0.5788
vn 0.7253 0.2104 0.6555
vn 0.2166 -0.3170 -0.9234
vn 0.6738 0.2064 -0.7095
vn 0.9014 -0.1436 -0.4086
vn 0.6094 -0.7926 -0.0231
vn 0.2275 -0.7474 -0.6242
vn 0.8713 -0.4457 -0.2054
vn 0.6465 0.3864 0.6578
vn 0.8650 -0.1491 0.4791
vn 0.8381 0.2148 0.5014
vn 0.9262 0.3338 0.1753
vn 0.6109 0.1982 0.7665
vn 0.8356 0.2053 0.5094
vn 0.0288 0.9641 0.2640
vn 0.4681 -0.7325 0.4943
vn 0.0845 0.8187 0.5679
vn 0.3392 -0.5844 0.7372
vn 0.0288 0.1251 -0.9917
vn 0.4695 -0.7365 0.4869
vn 0.0845 -0.2114 -0.9737
vn 0.3392 -0.9047 0.2579
vn 0.0813 0.3285 -0.9410
vn 0.6495 -0.5653 0.5085
vn 0.6475 -0.6877 0.3284
vn 0.0813 0.9951 0.0566
vn 0.4879 0.1857 -0.8529
vn 0.2276 0.6484 -0.7265
vn 0.9145 0.2078 -0.3472
vn 0.6586 -0.6075 0.4440
vn 0.8456 -0.5049 0.1735
vn 0.7761 -0.5173 0.3607
vn 0.8456 -0.3534 0.4001
vn 0.6370 -0.6553 0.4060
vn 0.7761 -0.5312 0.3399
vn 0.2276 0.9193 -0.3210
vn 0.4879 0.8591 0.1548
vn 0.9145 0.4003 -0.0591
vn 0.1295 -0.8891 -0.4390
vn 0.1295 -0.6534 0.7458
vn 0.7974 0.5805 -0.1646
vn 0.7956 0.6019 -0.0688
vn 0.2084 -0.9768 -0.0493
vn 0.6396 -0.6209 -0.4532
vn 0.8467 -0.5271 -0.0721
vn 0.6396 -0.4002 0.6563
vn 0.2084 -0.8836 0.4193
vn 0.8467 -0.4594 0.2684
vn 0.7146 0.6745 -0.1853
vn 0.9317 0.2839 0.2264
vn 0.9040 0.4216 -0.0714
vn 0.9317 0.1757 -0.3178
vn 0.7064 0.7077 -0.0130
vn 0.9040 0.4169 -0.0954
vn 0.0767 0.9229 0.3773
vn 0.0751 -0.2584 -0.9631
vn 0.5093 -0.2962 -0.8080
vn 0.8377 -0.0586 -0.5430
vn 0.0373 0.9778 -0.2062
vn 0.3546 0.9074 0.2255
vn 0.2640 0.9271 -0.2662
vn 0.2391 -0.2433 -0.9400
vn 0.0407 0.3826 -0.9230
vn 0.2811 0.2991 -0.9119
vn 0.5893 -0.2586 -0.7655
vn 0.4024 -0.2544 -0.8794
vn 0.5128 0.1087 -0.8516
vn 0.7509 0.6476 -0.1293
vn 0.7323 -0.0348 -0.6801
vn 0.6222 0.6385 -0.4530
vn 0.0585 -0.7242 0.6871
vn 0.7980 -0.3713 -0.4746
vn 0.5064 -0.3754 -0.7763
vn 0.0722 -0.5189 -0.8518
vn 0.2950 -0.7864 0.5428
vn 0.0113 -0.9626 0.2706
vn 0.1866 -0.9599 0.2091
vn 0.6848 -0.4516 -0.5719
vn 0.6365 -0.7550 0.1573
vn 0.4740 -0.8804 -0.0162
vn 0.3960 -0.4676 -0.7902
vn 0.5335 -0.4909 -0.6888
vn 0.4296 -0.7427 -0.5137
vn 0.0203 -0.8911 -0.4533
vn 0.2320 -0.5163 -0.8244
vn 0.2047 -0.8677 -0.4530
vn 0.1246 0.7729 0.6222
vn 0.7274 -0.3131 -0.6107
vn 0.7408 -0.1702 -0.6499
vn 0.1236 -0.4951 0.8600
vn 0.6738 0.6477 0.3558
vn 0.2166 0.4288 0.8771
vn 0.9013 0.1874 0.3905
vn 0.6338 -0.3118 -0.7079
vn 0.9262 0.1120 -0.3600
vn 0.8356 -0.2150 -0.5054
vn 0.8650 -0.4442 -0.2334
vn 0.6433 -0.1017 -0.7588
vn 0.8381 -0.2027 -0.5064
vn 0.2275 -0.0871 0.9699
vn 0.6094 -0.5441 0.5768
vn 0.8713 -0.1699 0.4604
vn 0.0288 0.7897 0.6128
vn 0.4681 -0.8659 0.1764
vn 0.0845 0.5391 0.8380
vn 0.3391 -0.8220 0.4574
vn 0.0288 0.4951 -0.8684
vn 0.4695 -0.8668 0.1680
vn 0.0844 0.1774 -0.9805
vn 0.3392 -0.9345 -0.1080
vn 0.0813 0.8977 0.4331
vn 0.0813 0.6636 -0.7436
vn 0.6495 -0.7169 0.2534
vn 0.6474 -0.7611 0.0403
vn 0.2276 0.9722 0.0553
vn 0.4879 0.7344 0.4718
vn 0.9145 0.3925 0.0986
vn 0.4879 0.4980 -0.7169
vn 0.2275 0.8770 -0.4231
vn 0.9145 0.3249 -0.2412
vn 0.6586 -0.7312 0.1777
vn 0.8456 -0.5328 -0.0330
vn 0.7761 -0.6160 0.1352
vn 0.8456 -0.4797 0.2344
vn 0.6370 -0.7608 0.1243
vn 0.7761 -0.6208 0.1108
vn 0.0766 0.7082 -0.7018
vn 0.8362 0.1530 0.5267
vn 0.5098 0.0379 0.8595
vn 0.0751 0.1298 0.9887
vn 0.3546 0.7520 -0.5556
vn 0.0373 0.9823 -0.1837
vn 0.2640 0.9584 -0.1088
vn 0.6987 0.1600 0.6973
vn 0.7509 0.6478 -0.1284
vn 0.6222 0.7633 0.1742
vn 0.4024 0.1015 0.9098
vn 0.5676 0.1680 0.8059
vn 0.5128 0.4263 0.7452
vn 0.0407 0.7067 0.7063
vn 0.2391 0.1349 0.9616
vn 0.2811 0.6254 0.7279
vn 0.0585 -0.9320 -0.3577
vn 0.0722 -0.1534 0.9855
vn 0.5070 -0.0473 0.8606
vn 0.7997 -0.1641 0.5776
vn 0.0113 -0.9929 0.1183
vn 0.2950 -0.9342 -0.2006
vn 0.1865 -0.9669 0.1741
vn 0.2320 -0.1616 0.9592
vn 0.0203 -0.6499 0.7598
vn 0.2047 -0.6283 0.7505
vn 0.5879 -0.0653 0.8063
vn 0.3960 -0.1296 0.9090
vn 0.4296 -0.4896 0.7588
vn 0.6366 -0.7577 0.1437
vn 0.7074 -0.2456 0.6628
vn 0.4740 -0.8072 0.3519
vn 0.1236 -0.7865 -0.6051
vn 0.7431 0.0886 0.6632
vn 0.7253 -0.0564 0.6861
vn 0.1246 0.4760 -0.8706
vn 0.6093 -0.7234 -0.3247
vn 0.2275 -0.4516 -0.8627
vn 0.8713 -0.3332 -0.3604
vn 0.6465 0.1053 0.7556
vn 0.8650 -0.3211 0.3856
vn 0.8381 0.0066 0.5455
vn 0.9262 0.2413 0.2897
vn 0.6109 -0.1102 0.7840
vn 0.8357 -0.0052 0.5492
vn 0.2166 0.0605 -0.9744
vn 0.6738 0.4622 -0.5766
vn 0.9013 0.0237 -0.4325
vn 0.1295 -0.8891 0.4390
vn 0.7974 0.5993 0.0701
vn 0.7956 0.5824 0.1667
vn 0.1295 -0.6534 -0.7458
vn 0.6396 -0.6209 0.4532
vn 0.2084 -0.9768 0.0493
vn 0.8467 -0.5271 0.0722
vn 0.7147 0.6941 0.0869
vn 0.9317 0.1757 0.3178
vn 0.9040 0.4169 0.0954
vn 0.9317 0.2839 -0.2264
vn 0.7064 0.6588 0.2588
vn 0.9040 0.4216 0.0714
vn 0.2084 -0.8836 -0.4193
vn 0.6396 -0.4002 -0.6563
vn 0.8467 -0.4594 -0.2684
vn 0.0766 0.7083 0.7018
vn 0.0751 0.1298 -0.9887
vn 0.5093 0.0356 -0.8599
vn 0.8377 0.1537 -0.5241
vn 0.0373 0.9823 0.1837
vn 0.3546 0.7520 0.5556
vn 0.2639 0.9584 0.1088
vn 0.2391 0.1349 -0.9616
vn 0.0406 0.7067 -0.7063
vn 0.2811 0.6253 -0.7280
vn 0.5893 0.0541 -0.8061
vn 0.4024 0.1015 -0.9098
vn 0.5128 0.4263 -0.7452
vn 0.7509 0.6478 0.1284
vn 0.7323 0.2281 -0.6416
vn 0.6222 0.7632 -0.1742
vn 0.0585 -0.9320 0.3577
vn 0.7980 -0.1614 -0.5806
vn 0.5064 -0.0497 -0.8609
vn 0.0722 -0.1534 -0.9855
vn 0.2950 -0.9342 0.2006
vn 0.0113 -0.9929 -0.1183
vn 0.1865 -0.9669 -0.1741
vn 0.6848 -0.1984 -0.7012
vn 0.6365 -0.7577 -0.1437
vn 0.4739 -0.8072 -0.3519
vn 0.3960 -0.1296 -0.9090
vn 0.5335 -0.1899 -0.8242
vn 0.4296 -0.4896 -0.7588
vn 0.0203 -0.6499 -0.7598
vn 0.2320 -0.1616 -0.9592
vn 0.2047 -0.6283 -0.7505
vn 0.1235 -0.7865 0.6051
vn 0.1246 0.4760 0.8706
vn 0.7274 -0.0555 -0.6840
vn 0.7408 0.0915 -0.6655
vn 0.2275 -0.4516 0.8627
vn 0.6093 -0.7234 0.3247
vn 0.8713 -0.3331 0.3604
vn 0.6738 0.4622 0.5765
vn 0.2166 0.0605 0.9744
vn 0.9013 0.0237 0.4325
vn 0.6338 -0.0172 -0.7733
vn 0.9262 0.2413 -0.2897
vn 0.8357 -0.0052 -0.5492
vn 0.8650 -0.3211 -0.3856
vn 0.6433 0.1964 -0.7400
vn 0.8381 0.0066 -0.5454
vn 0.0288 0.4951 0.8684
vn 0.4681 -0.8675 -0.1684
vn 0.0844 0.1774 0.9805
vn 0.3392 -0.9345 0.1081
vn 0.0288 0.7897 -0.6128
vn 0.4696 -0.8651 -0.1765
vn 0.0845 0.5391 -0.8380
vn 0.3392 -0.8220 -0.4575
vn 0.0813 0.8977 -0.4331
vn 0.6495 -0.7593 -0.0403
vn 0.6475 -0.7185 -0.2540
vn 0.0813 0.6636 0.7436
vn 0.4879 0.7344 -0.4718
vn 0.2275 0.9722 -0.0553
vn 0.9145 0.3925 -0.0986
vn 0.6586 -0.7436 -0.1156
vn 0.8456 -0.4796 -0.2344
vn 0.7761 -0.6208 -0.1108
vn 0.8456 -0.5328 0.0330
vn 0.6370 -0.7504 -0.1763
vn 0.7761 -0.6159 -0.1352
vn 0.2275 0.8770 0.4231
vn 0.4878 0.4980 0.7169
vn 0.9145 0.3249 0.2413
vn 0.0766 0.9229 -0.3773
vn 0.8362 -0.0603 0.5452
vn 0.5098 -0.2939 0.8086
vn 0.0751 -0.2584 0.9631
vn 0.3546 0.9074 -0.2255
vn 0.0372 0.9778 0.2062
vn 0.2640 0.9271 0.2662
vn 0.6987 -0.1190 0.7054
vn 0.7509 0.6476 0.1293
vn 0.6222 0.6385 0.4530
vn 0.4024 -0.2544 0.8794
vn 0.5676 -0.1532 0.8089
vn 0.5128 0.1087 0.8516
vn 0.0406 0.3827 0.9230
vn 0.2391 -0.2434 0.9400
vn 0.2811 0.2992 0.9118
vn 0.0585 -0.7242 -0.6871
vn 0.0722 -0.5189 0.8518
vn 0.5070 -0.3731 0.7770
vn 0.7997 -0.3726 0.4708
vn 0.0113 -0.9626 -0.2706
vn 0.2950 -0.7864 -0.5428
vn 0.1866 -0.9599 -0.2091
vn 0.2320 -0.5163 0.8244
vn 0.0203 -0.8912 0.4533
vn 0.2047 -0.8677 0.4530
vn 0.5879 -0.3689 0.7199
vn 0.3960 -0.4676 0.7902
vn 0.4296 -0.7427 0.5137
vn 0.6365 -0.7550 -0.1572
vn 0.7073 -0.4806 0.5184
vn 0.4740 -0.8804 0.0162
vn 0.1246 0.7729 -0.6222
vn 0.1236 -0.4951 -0.8600
vn 0.7432 -0.1719 0.6467
vn 0.7253 -0.3147 0.6123
vn 0.2166 0.4288 -0.8771
vn 0.6738 0.6477 -0.3557
vn 0.9013 0.1874 -0.3905
vn 0.6094 -0.5441 -0.5768
vn 0.2275 -0.0871 -0.9699
vn 0.8713 -0.1699 -0.4604
vn 0.6465 -0.1919 0.7384
vn 0.8650 -0.4442 0.2334
vn 0.8381 -0.2027 0.5064
vn 0.9262 0.1120 0.3600
vn 0.6109 -0.4018 0.6822
vn 0.8357 -0.2150 0.5054
vn 0.0288 0.1251 0.9917
vn 0.4681 -0.7370 -0.4876
vn 0.0845 -0.2114 0.9738
vn 0.3392 -0.9047 -0.2578
vn 0.0288 0.9641 -0.2640
vn 0.4696 -0.7317 -0.4941
vn 0.0845 0.8187 -0.5679
vn 0.3392 -0.5843 -0.7372
vn 0.0813 0.9951 -0.0566
vn 0.6495 -0.6861 -0.3278
vn 0.6474 -0.5666 -0.5097
vn 0.0813 0.3285 0.9410
vn 0.4879 0.8591 -0.1548
vn 0.2276 0.9193 0.3210
vn 0.9145 0.4003 0.0591
vn 0.6586 -0.6427 -0.3914
vn 0.8456 -0.3534 -0.4001
vn 0.7761 -0.5312 -0.3399
vn 0.8456 -0.5049 -0.1734
vn 0.6370 -0.6259 -0.4501
vn 0.7761 -0.5173 -0.3607
vn 0.2276 0.6484 0.7265
vn 0.4879 0.1858 0.8529
vn 0.9145 0.2078 0.3472
vn 0.0766 0.3858 0.9194
vn 0.0751 0.4983 -0.8637
vn 0.5093 0.3619 -0.7808
vn 0.8377 0.3426 -0.4254
vn 0.0373 0.8372 0.5456
vn 0.3546 0.4821 0.8011
vn 0.2640 0.8438 0.4672
vn 0.2391 0.4926 -0.8368
vn 0.0407 0.9232 -0.3821
vn 0.2811 0.8563 -0.4333
vn 0.5893 0.3584 -0.7241
vn 0.4024 0.4419 -0.8018
vn 0.5128 0.6790 -0.5253
vn 0.7509 0.5494 0.3665
vn 0.7323 0.4563 -0.5055
vn 0.6222 0.7718 0.1311
vn 0.0585 -0.9979 -0.0262
vn 0.7980 0.0731 -0.5982
vn 0.5064 0.2835 -0.8144
vn 0.0722 0.2354 -0.9692
vn 0.2950 -0.9399 -0.1722
vn 0.0113 -0.8720 -0.4893
vn 0.1865 -0.8267 -0.5309
vn 0.6848 0.0850 -0.7237
vn 0.6366 -0.6451 -0.4227
vn 0.4739 -0.6111 -0.6340
vn 0.3960 0.2281 -0.8895
vn 0.5335 0.1400 -0.8341
vn 0.4296 -0.1619 -0.8884
vn 0.0203 -0.3096 -0.9506
vn 0.2320 0.2178 -0.9480
vn 0.2047 -0.2933 -0.9339
vn 0.1236 -0.9582 0.2580
vn 0.1246 0.1066 0.9865
vn 0.7274 0.2104 -0.6532
vn 0.7408 0.3392 -0.5798
vn 0.2275 -0.7474 0.6242
vn 0.6093 -0.7926 0.0231
vn 0.8713 -0.4457 0.2055
vn 0.6738 0.2064 0.7095
vn 0.2166 -0.3170 0.9234
vn 0.9013 -0.1436 0.4087
vn 0.6338 0.2801 -0.7210
vn 0.9262 0.3338 -0.1753
vn 0.8357 0.2053 -0.5094
vn 0.8650 -0.1491 -0.4791
vn 0.6433 0.4646 -0.6085
vn 0.8381 0.2148 -0.5014
vn 0.1296 -0.9894 0.0653
vn 0.7974 0.5269 0.2941
vn 0.7956 0.4743 0.3769
vn 0.1295 -0.3183 -0.9391
vn 0.6396 -0.7471 0.1811
vn 0.2084 -0.9213 -0.3283
vn 0.8467 -0.5146 -0.1350
vn 0.7146 0.6080 0.3459
vn 0.9317 0.0407 0.3609
vn 0.9039 0.3486 0.2476
vn 0.9317 0.3490 -0.1005
vn 0.7064 0.5096 0.4912
vn 0.9040 0.3622 0.2273
vn 0.2084 -0.6558 -0.7256
vn 0.6396 -0.1186 -0.7595
vn 0.8467 -0.3217 -0.4238
vn 0.0767 0.9970 0.0046
vn 0.8362 -0.2643 0.4806
vn 0.5098 -0.5809 0.6346
vn 0.0751 -0.6073 0.7909
vn 0.3546 0.9246 0.1389
vn 0.0373 0.8245 0.5647
vn 0.2639 0.7546 0.6008
vn 0.6987 -0.3799 0.6062
vn 0.7509 0.5489 0.3673
vn 0.6222 0.4166 0.6629
vn 0.4024 -0.5716 0.7151
vn 0.5676 -0.4511 0.6887
vn 0.5128 -0.2255 0.8284
vn 0.0407 0.0003 0.9992
vn 0.2391 -0.5845 0.7753
vn 0.2811 -0.0726 0.9569
vn 0.0585 -0.4061 -0.9120
vn 0.0722 -0.8054 0.5884
vn 0.5070 -0.6420 0.5751
vn 0.7997 -0.5244 0.2924
vn 0.0113 -0.7858 -0.6184
vn 0.2950 -0.5188 -0.8024
vn 0.1866 -0.8068 -0.5606
vn 0.2320 -0.7925 0.5640
vn 0.0203 -0.9968 0.0777
vn 0.2047 -0.9750 0.0864
vn 0.5879 -0.6164 0.5240
vn 0.3960 -0.7345 0.5511
vn 0.4296 -0.8827 0.1904
vn 0.6365 -0.6374 -0.4342
vn 0.7073 -0.6424 0.2950
vn 0.4739 -0.8196 -0.3219
vn 0.1246 0.9522 -0.2790
vn 0.1236 -0.1283 -0.9840
vn 0.7431 -0.4063 0.5317
vn 0.7253 -0.5250 0.4452
vn 0.2166 0.7318 -0.6462
vn 0.6737 0.7345 -0.0808
vn 0.9013 0.3226 -0.2890
vn 0.6094 -0.2819 -0.7411
vn 0.2275 0.2907 -0.9294
vn 0.8713 0.0192 -0.4904
vn 0.6465 -0.4599 0.6088
vn 0.8650 -0.4997 0.0456
vn 0.8381 -0.3811 0.3904
vn 0.9262 -0.0342 0.3754
vn 0.6109 -0.6323 0.4765
vn 0.8357 -0.3921 0.3847
vn 0.0766 0.0046 0.9970
vn 0.0751 0.7909 -0.6073
vn 0.5092 0.6332 -0.5829
vn 0.8377 0.4793 -0.2619
vn 0.0373 0.5647 0.8245
vn 0.3546 0.1388 0.9246
vn 0.2640 0.6007 0.7546
vn 0.2391 0.7753 -0.5845
vn 0.0407 0.9992 0.0003
vn 0.2811 0.9569 -0.0726
vn 0.5893 0.6083 -0.5318
vn 0.4024 0.7151 -0.5716
vn 0.5128 0.8284 -0.2255
vn 0.7509 0.3673 0.5489
vn 0.7323 0.6150 -0.2924
vn 0.6222 0.6629 0.4165
vn 0.0585 -0.9120 -0.4061
vn 0.7980 0.2964 -0.5247
vn 0.5064 0.5736 -0.6439
vn 0.0722 0.5884 -0.8054
vn 0.2950 -0.8024 -0.5188
vn 0.0113 -0.6184 -0.7858
vn 0.1866 -0.5606 -0.8068
vn 0.6848 0.3555 -0.6361
vn 0.6365 -0.4342 -0.6374
vn 0.4739 -0.3219 -0.8196
vn 0.3960 0.5511 -0.7345
vn 0.5335 0.4485 -0.7171
vn 0.4296 0.1904 -0.8827
vn 0.0203 0.0777 -0.9968
vn 0.2320 0.5640 -0.7925
vn 0.2047 0.0864 -0.9750
vn 0.1236 -0.9840 -0.1283
vn 0.1246 -0.2790 0.9522
vn 0.7274 0.4444 -0.5229
vn 0.7408 0.5353 -0.4059
vn 0.2275 -0.9294 0.2907
vn 0.6094 -0.7411 -0.2819
vn 0.8713 -0.4904 0.0192
vn 0.6738 -0.0808 0.7345
vn 0.2166 -0.6462 0.7317
vn 0.9013 -0.2890 0.3226
vn 0.6338 0.5347 -0.5589
vn 0.9262 0.3755 -0.0343
vn 0.8357 0.3847 -0.3921
vn 0.8650 0.0456 -0.4997
vn 0.6433 0.6621 -0.3844
vn 0.8381 0.3904 -0.3811
vn 0.0288 -0.2640 0.9641
vn 0.4681 -0.4943 -0.7325
vn 0.0845 -0.5679 0.8187
vn 0.3392 -0.7372 -0.5844
vn 0.0288 0.9917 0.1251
vn 0.4695 -0.4869 -0.7365
vn 0.0845 0.9737 -0.2114
vn 0.3392 -0.2578 -0.9047
vn 0.0812 0.9410 0.3285
vn 0.6495 -0.5084 -0.5654
vn 0.6475 -0.3284 -0.6877
vn 0.0813 -0.0566 0.9951
vn 0.4879 0.8529 0.1857
vn 0.2275 0.7265 0.6484
vn 0.9145 0.3472 0.2078
vn 0.6586 -0.4440 -0.6075
vn 0.8456 -0.1734 -0.5049
vn 0.7761 -0.3606 -0.5173
vn 0.8456 -0.4001 -0.3535
vn 0.6370 -0.4060 -0.6553
vn 0.7761 -0.3399 -0.5312
vn 0.2275 0.3209 0.9194
vn 0.4879 -0.1548 0.8591
vn 0.9145 0.0591 0.4003
vn 0.1295 -0.9391 -0.3183
vn 0.7974 0.3742 0.4734
vn 0.7956 0.2939 0.5297
vn 0.1295 0.0653 -0.9894
vn 0.6396 -0.7595 -0.1186
vn 0.2084 -0.7256 -0.6559
vn 0.8467 -0.4238 -0.3217
vn 0.7146 0.4293 0.5523
vn 0.9317 -0.1005 0.3490
vn 0.9040 0.2273 0.3622
vn 0.9317 0.3609 0.0407
vn 0.7064 0.2828 0.6489
vn 0.9040 0.2476 0.3486
vn 0.2084 -0.3283 -0.9213
vn 0.6396 0.1811 -0.7471
vn 0.8467 -0.1351 -0.5146
vn 0.0766 0.9194 0.3858
vn 0.8362 -0.4281 0.3429
vn 0.5098 -0.7795 0.3640
vn 0.0751 -0.8637 0.4983
vn 0.3546 0.8011 0.4822
vn 0.0373 0.5456 0.8372
vn 0.2640 0.4673 0.8438
vn 0.6987 -0.5830 0.4147
vn 0.7509 0.3665 0.5494
vn 0.6222 0.1311 0.7718
vn 0.4024 -0.8018 0.4419
vn 0.5676 -0.6803 0.4637
vn 0.5128 -0.5253 0.6790
vn 0.0407 -0.3821 0.9232
vn 0.2391 -0.8368 0.4926
vn 0.2811 -0.4333 0.8563
vn 0.0585 -0.0262 -0.9979
vn 0.0722 -0.9692 0.2354
vn 0.5070 -0.8132 0.2856
vn 0.7997 -0.5964 0.0695
vn 0.0113 -0.4893 -0.8721
vn 0.2950 -0.1722 -0.9399
vn 0.1865 -0.5309 -0.8267
vn 0.2320 -0.9480 0.2178
vn 0.0203 -0.9506 -0.3097
vn 0.2047 -0.9339 -0.2933
vn 0.5879 -0.7699 0.2482
vn 0.3960 -0.8895 0.2281
vn 0.4296 -0.8884 -0.1619
vn 0.6365 -0.4227 -0.6451
vn 0.7073 -0.7064 0.0267
vn 0.4739 -0.6340 -0.6111
vn 0.1246 0.9865 0.1066
vn 0.1236 0.2580 -0.9582
vn 0.7431 -0.5788 0.3357
vn 0.7253 -0.6555 0.2104
vn 0.2166 0.9234 -0.3170
vn 0.6738 0.7095 0.2064
vn 0.9013 0.4086 -0.1436
vn 0.6093 0.0232 -0.7926
vn 0.2275 0.6242 -0.7474
vn 0.8713 0.2055 -0.4457
vn 0.6465 -0.6578 0.3864
vn 0.8650 -0.4791 -0.1491
vn 0.8381 -0.5014 0.2148
vn 0.9262 -0.1754 0.3337
vn 0.6109 -0.7665 0.1982
vn 0.8356 -0.5094 0.2053
vn 0.0288 -0.6128 0.7897
vn 0.4681 -0.1764 -0.8659
vn 0.0844 -0.8380 0.5391
vn 0.3392 -0.4574 -0.8220
vn 0.0288 0.8684 0.4951
vn 0.4695 -0.1680 -0.8668
vn 0.0845 0.9805 0.1774
vn 0.3392 0.1080 -0.9345
vn 0.0813 0.7436 0.6636
vn 0.6495 -0.2534 -0.7169
vn 0.6475 -0.0403 -0.7610
vn 0.0813 -0.4331 0.8977
vn 0.4879 0.7169 0.4980
vn 0.2276 0.4231 0.8770
vn 0.9145 0.2412 0.3249
vn 0.6586 -0.1777 -0.7312
vn 0.8456 0.0330 -0.5328
vn 0.7761 -0.1352 -0.6160
vn 0.8456 -0.2344 -0.4796
vn 0.6370 -0.1243 -0.7608
vn 0.7761 -0.1108 -0.6208
vn 0.2276 -0.0553 0.9722
vn 0.4879 -0.4718 0.7345
vn 0.9145 -0.0986 0.3925
vn 0.0766 -0.3773 0.9229
vn 0.0751 0.9631 -0.2584
vn 0.5093 0.8080 -0.2962
vn 0.8377 0.5430 -0.0586
vn 0.0373 0.2062 0.9778
vn 0.3546 -0.2256 0.9074
vn 0.2639 0.2662 0.9271
vn 0.2391 0.9400 -0.2433
vn 0.0406 0.9230 0.3826
vn 0.2811 0.9118 0.2992
vn 0.5893 0.7655 -0.2586
vn 0.4024 0.8794 -0.2544
vn 0.5128 0.8516 0.1087
vn 0.7509 0.1293 0.6476
vn 0.7323 0.6801 -0.0348
vn 0.6222 0.4530 0.6385
vn 0.0585 -0.6871 -0.7242
vn 0.7980 0.4747 -0.3713
vn 0.5064 0.7763 -0.3754
vn 0.0722 0.8518 -0.5189
vn 0.2950 -0.5428 -0.7864
vn 0.0113 -0.2707 -0.9626
vn 0.1866 -0.2091 -0.9599
vn 0.6848 0.5719 -0.4516
vn 0.6365 -0.1572 -0.7550
vn 0.4740 0.0162 -0.8804
vn 0.3960 0.7902 -0.4677
vn 0.5335 0.6888 -0.4909
vn 0.4296 0.5137 -0.7427
vn 0.0203 0.4532 -0.8912
vn 0.2320 0.8244 -0.5163
vn 0.2047 0.4529 -0.8677
vn 0.1236 -0.8600 -0.4951
vn 0.1246 -0.6222 0.7729
vn 0.7274 0.6107 -0.3131
vn 0.7408 0.6499 -0.1702
vn 0.2275 -0.9699 -0.0871
vn 0.6094 -0.5768 -0.5441
vn 0.8713 -0.4604 -0.1699
vn 0.6738 -0.3558 0.6477
vn 0.2166 -0.8771 0.4288
vn 0.9013 -0.3905 0.1874
vn 0.6338 0.7079 -0.3118
vn 0.9262 0.3600 0.1120
vn 0.8356 0.5054 -0.2150
vn 0.8650 0.2334 -0.4442
vn 0.6433 0.7588 -0.1017
vn 0.8381 0.5065 -0.2027
vn 0.1295 -0.7458 -0.6534
vn 0.7974 0.1645 0.5805
vn 0.7956 0.0688 0.6019
vn 0.1295 0.4390 -0.8891
vn 0.6396 -0.6563 -0.4002
vn 0.2084 -0.4193 -0.8836
vn 0.8467 -0.2684 -0.4594
vn 0.7146 0.1853 0.6745
vn 0.9317 -0.2264 0.2839
vn 0.9040 0.0714 0.4216
vn 0.9317 0.3178 0.1757
vn 0.7064 0.0130 0.7077
vn 0.9040 0.0954 0.4169
vn 0.2084 0.0493 -0.9768
vn 0.6396 0.4532 -0.6209
vn 0.8467 0.0721 -0.5271
vn 0.0766 0.7018 0.7082
vn 0.8362 -0.5267 0.1530
vn 0.5098 -0.8595 0.0379
vn 0.0751 -0.9887 0.1298
vn 0.3546 0.5556 0.7520
vn 0.0373 0.1837 0.9823
vn 0.2640 0.1088 0.9584
vn 0.6987 -0.6973 0.1600
vn 0.7509 0.1284 0.6478
vn 0.6222 -0.1742 0.7632
vn 0.4024 -0.9098 0.1015
vn 0.5676 -0.8060 0.1680
vn 0.5128 -0.7452 0.4263
vn 0.0406 -0.7063 0.7067
vn 0.2391 -0.9616 0.1349
vn 0.2811 -0.7280 0.6253
vn 0.0585 0.3577 -0.9320
vn 0.0722 -0.9855 -0.1534
vn 0.5070 -0.8606 -0.0473
vn 0.7997 -0.5776 -0.1641
vn 0.0113 -0.1183 -0.9929
vn 0.2950 0.2006 -0.9342
vn 0.1865 -0.1741 -0.9669
vn 0.2320 -0.9592 -0.1616
vn 0.0203 -0.7598 -0.6499
vn 0.2047 -0.7505 -0.6283
vn 0.5879 -0.8063 -0.0653
vn 0.3960 -0.9090 -0.1296
vn 0.4296 -0.7588 -0.4896
vn 0.6365 -0.1437 -0.7577
vn 0.7073 -0.6628 -0.2456
vn 0.4740 -0.3519 -0.8072
vn 0.1246 0.8706 0.4760
vn 0.1236 0.6051 -0.7865
vn 0.7431 -0.6632 0.0886
vn 0.7253 -0.6861 -0.0564
vn 0.2166 0.9744 0.0605
vn 0.6738 0.5765 0.4622
vn 0.9013 0.4325 0.0237
vn 0.6093 0.3247 -0.7234
vn 0.2275 0.8627 -0.4516
vn 0.8713 0.3604 -0.3331
vn 0.6465 -0.7556 0.1053
vn 0.8650 -0.3856 -0.3211
vn 0.8381 -0.5454 0.0066
vn 0.9262 -0.2897 0.2413
vn 0.6109 -0.7840 -0.1102
vn 0.8357 -0.5492 -0.0052
vn 0.0766 -0.7018 0.7082
vn 0.0751 0.9887 0.1298
vn 0.5093 0.8599 0.0356
vn 0.8377 0.5241 0.1537
vn 0.0372 -0.1837 0.9823
vn 0.3546 -0.5556 0.7520
vn 0.2639 -0.1088 0.9584
vn 0.2391 0.9616 0.1349
vn 0.0406 0.7063 0.7067
vn 0.2811 0.7280 0.6253
vn 0.5893 0.8061 0.0541
vn 0.4024 0.9098 0.1015
vn 0.5128 0.7452 0.4263
vn 0.7509 -0.1284 0.6478
vn 0.7323 0.6416 0.2281
vn 0.6222 0.1742 0.7632
vn 0.0585 -0.3577 -0.9320
vn 0.7980 0.5806 -0.1614
vn 0.5064 0.8609 -0.0497
vn 0.0722 0.9855 -0.1534
vn 0.2950 -0.2006 -0.9342
vn 0.0113 0.1183 -0.9929
vn 0.1865 0.1741 -0.9669
vn 0.6848 0.7012 -0.1984
vn 0.6365 0.1437 -0.7577
vn 0.4740 0.3519 -0.8072
vn 0.3960 0.9090 -0.1296
vn 0.5335 0.8242 -0.1899
vn 0.4296 0.7588 -0.4896
vn 0.0203 0.7598 -0.6499
vn 0.2320 0.9592 -0.1616
vn 0.2047 0.7505 -0.6283
vn 0.1246 -0.8706 0.4760
vn 0.7274 0.6840 -0.0555
vn 0.7407 0.6655 0.0915
vn 0.1236 -0.6051 -0.7865
vn 0.6738 -0.5765 0.4622
vn 0.2166 -0.9744 0.0605
vn 0.9013 -0.4325 0.0237
vn 0.6338 0.7733 -0.0172
vn 0.9262 0.2897 0.2412
vn 0.8357 0.5492 -0.0052
vn 0.8650 0.3856 -0.3211
vn 0.6433 0.7400 0.1964
vn 0.8381 0.5454 0.0066
vn 0.2275 -0.8627 -0.4516
vn 0.6094 -0.3247 -0.7234
vn 0.8713 -0.3604 -0.3331
vn 0.0288 -0.8684 0.4951
vn 0.4681 0.1684 -0.8675
vn 0.0845 -0.9805 0.1774
vn 0.3392 -0.1080 -0.9345
vn 0.0288 0.6128 0.7897
vn 0.4696 0.1765 -0.8651
vn 0.0844 0.8380 0.5391
vn 0.3392 0.4575 -0.8220
vn 0.0813 -0.7436 0.6636
vn 0.0813 0.4331 0.8977
vn 0.6495 0.0403 -0.7593
vn 0.6474 0.2540 -0.7185
vn 0.2276 -0.4231 0.8770
vn 0.4879 -0.7169 0.4980
vn 0.9145 -0.2412 0.3248
vn 0.4879 0.4718 0.7344
vn 0.2276 0.0553 0.9722
vn 0.9145 0.0986 0.3925
vn 0.6586 0.1156 -0.7436
vn 0.8456 0.2344 -0.4796
vn 0.7761 0.1108 -0.6208
vn 0.8456 -0.0330 -0.5328
vn 0.6370 0.1763 -0.7505
vn 0.7761 0.1352 -0.6160
vn 0.1295 0.7458 -0.6534
vn 0.1295 -0.4390 -0.8891
vn 0.7974 -0.0701 0.5993
vn 0.7956 -0.1667 0.5824
vn 0.2084 0.4193 -0.8836
vn 0.6396 0.6563 -0.4002
vn 0.8467 0.2684 -0.4594
vn 0.6396 -0.4532 -0.6209
vn 0.2084 -0.0493 -0.9768
vn 0.8467 -0.0721 -0.5271
vn 0.7146 -0.0869 0.6941
vn 0.9317 -0.3178 0.1757
vn 0.9039 -0.0954 0.4169
vn 0.9317 0.2264 0.2839
vn 0.7064 -0.2588 0.6588
vn 0.9040 -0.0714 0.4216
vn 0.0766 0.3773 0.9229
vn 0.8362 -0.5452 -0.0602
vn 0.5098 -0.8086 -0.2939
vn 0.0751 -0.9631 -0.2584
vn 0.3546 0.2255 0.9074
vn 0.0373 -0.2062 0.9778
vn 0.2640 -0.2662 0.9271
vn 0.6987 -0.7055 -0.1190
vn 0.7509 -0.1293 0.6476
vn 0.6222 -0.4530 0.6385
vn 0.4024 -0.8794 -0.2544
vn 0.5676 -0.8089 -0.1532
vn 0.5128 -0.8516 0.1087
vn 0.0406 -0.9230 0.3826
vn 0.2391 -0.9400 -0.2433
vn 0.2811 -0.9119 0.2991
vn 0.0585 0.6871 -0.7242
vn 0.0722 -0.8518 -0.5189
vn 0.5070 -0.7770 -0.3731
vn 0.7997 -0.4708 -0.3726
vn 0.0113 0.2707 -0.9626
vn 0.2950 0.5428 -0.7863
vn 0.1866 0.2091 -0.9599
vn 0.2320 -0.8244 -0.5163
vn 0.0203 -0.4532 -0.8912
vn 0.2047 -0.4529 -0.8677
vn 0.5879 -0.7199 -0.3689
vn 0.3960 -0.7902 -0.4677
vn 0.4296 -0.5137 -0.7427
vn 0.6365 0.1572 -0.7550
vn 0.7073 -0.5184 -0.4806
vn 0.4740 -0.0162 -0.8804
vn 0.1236 0.8600 -0.4951
vn 0.7431 -0.6467 -0.1719
vn 0.7253 -0.6123 -0.3147
vn 0.1246 0.6221 0.7729
vn 0.6093 0.5768 -0.5441
vn 0.2275 0.9699 -0.0871
vn 0.8713 0.4604 -0.1699
vn 0.6465 -0.7384 -0.1919
vn 0.8650 -0.2334 -0.4442
vn 0.8381 -0.5064 -0.2027
vn 0.9262 -0.3600 0.1120
vn 0.6109 -0.6822 -0.4018
vn 0.8357 -0.5054 -0.2150
vn 0.2166 0.8771 0.4288
vn 0.6738 0.3557 0.6477
vn 0.9013 0.3905 0.1874
vn 0.1295 -0.0653 -0.9894
vn 0.7974 -0.2941 0.5269
vn 0.7956 -0.3769 0.4743
vn 0.1295 0.9391 -0.3183
vn 0.6396 -0.1811 -0.7471
vn 0.2084 0.3283 -0.9213
vn 0.8467 0.1351 -0.5146
vn 0.7146 -0.3459 0.6080
vn 0.9317 -0.3609 0.0407
vn 0.9039 -0.2476 0.3486
vn 0.9317 0.1005 0.3490
vn 0.7064 -0.4913 0.5096
vn 0.9039 -0.2273 0.3622
vn 0.2084 0.7255 -0.6559
vn 0.6396 0.7595 -0.1186
vn 0.8467 0.4238 -0.3217
vn 0.0766 -0.9194 0.3858
vn 0.0751 0.8637 0.4983
vn 0.5092 0.7808 0.3619
vn 0.8377 0.4254 0.3426
vn 0.0373 -0.5456 0.8372
vn 0.3546 -0.8011 0.4822
vn 0.2640 -0.4672 0.8438
vn 0.2391 0.8368 0.4926
vn 0.0407 0.3821 0.9232
vn 0.2811 0.4332 0.8563
vn 0.5893 0.7241 0.3584
vn 0.4024 0.8018 0.4419
vn 0.5128 0.5253 0.6790
vn 0.7509 -0.3665 0.5494
vn 0.7323 0.5055 0.4563
vn 0.6222 -0.1311 0.7718
vn 0.0585 0.0262 -0.9979
vn 0.7980 0.5982 0.0731
vn 0.5064 0.8144 0.2835
vn 0.0722 0.9692 0.2354
vn 0.2950 0.1722 -0.9399
vn 0.0113 0.4893 -0.8720
vn 0.1866 0.5309 -0.8267
vn 0.6848 0.7237 0.0850
vn 0.6365 0.4227 -0.6451
vn 0.4740 0.6340 -0.6111
vn 0.3960 0.8895 0.2281
vn 0.5335 0.8341 0.1400
vn 0.4296 0.8884 -0.1619
vn 0.0203 0.9506 -0.3096
vn 0.2320 0.9480 0.2178
vn 0.2047 0.9338 -0.2933
vn 0.1236 -0.2580 -0.9582
vn 0.1246 -0.9865 0.1066
vn 0.7274 0.6532 0.2104
vn 0.7407 0.5799 0.3392
vn 0.2275 -0.6242 -0.7474
vn 0.6093 -0.0232 -0.7926
vn 0.8713 -0.2055 -0.4457
vn 0.6738 -0.7095 0.2064
vn 0.2166 -0.9234 -0.3170
vn 0.9013 -0.4086 -0.1435
vn 0.6338 0.7210 0.2801
vn 0.9262 0.1754 0.3338
vn 0.8356 0.5094 0.2053
vn 0.8650 0.4791 -0.1491
vn 0.6433 0.6085 0.4646
vn 0.8381 0.5014 0.2148
vn 0.0766 -0.0046 0.9970
vn 0.8362 -0.4806 -0.2643
vn 0.5098 -0.6346 -0.5809
vn 0.0751 -0.7909 -0.6073
vn 0.3546 -0.1388 0.9246
vn 0.0373 -0.5647 0.8245
vn 0.2640 -0.6007 0.7546
vn 0.6987 -0.6062 -0.3799
vn 0.7509 -0.3673 0.5489
vn 0.6222 -0.6629 0.4165
vn 0.4024 -0.7151 -0.5716
vn 0.5676 -0.6887 -0.4511
vn 0.5128 -0.8284 -0.2255
vn 0.0407 -0.9992 0.0003
vn 0.2391 -0.7753 -0.5845
vn 0.2811 -0.9569 -0.0726
vn 0.0585 0.9120 -0.4061
vn 0.0722 -0.5884 -0.8054
vn 0.5070 -0.5751 -0.6420
vn 0.7997 -0.2924 -0.5244
vn 0.0113 0.6184 -0.7858
vn 0.2950 0.8024 -0.5188
vn 0.1866 0.5606 -0.8068
vn 0.2320 -0.5640 -0.7925
vn 0.0203 -0.0777 -0.9968
vn 0.2047 -0.0864 -0.9750
vn 0.5879 -0.5240 -0.6164
vn 0.3960 -0.5511 -0.7345
vn 0.4296 -0.1904 -0.8827
vn 0.6366 0.4342 -0.6374
vn 0.7073 -0.2950 -0.6424
vn 0.4740 0.3219 -0.8196
vn 0.1246 0.2790 0.9522
vn 0.1236 0.9840 -0.1283
vn 0.7431 -0.5317 -0.4063
vn 0.7253 -0.4452 -0.5250
vn 0.2166 0.6463 0.7317
vn 0.6738 0.0808 0.7345
vn 0.9013 0.2890 0.3226
vn 0.6094 0.7411 -0.2819
vn 0.2275 0.9294 0.2907
vn 0.8713 0.4904 0.0192
vn 0.6465 -0.6087 -0.4599
vn 0.8650 -0.0456 -0.4997
vn 0.8381 -0.3903 -0.3810
vn 0.9262 -0.3755 -0.0343
vn 0.6109 -0.4765 -0.6323
vn 0.8357 -0.3847 -0.3921
vn 0.0288 -0.9917 0.1251
vn 0.4681 0.4875 -0.7370
vn 0.0844 -0.9737 -0.2114
vn 0.3392 0.2578 -0.9047
vn 0.0288 0.2640 0.9641
vn 0.4695 0.4941 -0.7317
vn 0.0845 0.5679 0.8187
vn 0.3392 0.7372 -0.5844
vn 0.0813 0.0566 0.9951
vn 0.6495 0.3277 -0.6861
vn 0.6475 0.5097 -0.5666
vn 0.0813 -0.9410 0.3285
vn 0.4879 0.1548 0.8591
vn 0.2275 -0.3209 0.9194
vn 0.9145 -0.0591 0.4003
vn 0.6586 0.3914 -0.6427
vn 0.8456 0.4001 -0.3534
vn 0.7761 0.3399 -0.5312
vn 0.8456 0.1734 -0.5049
vn 0.6370 0.4501 -0.6258
vn 0.7761 0.3606 -0.5173
vn 0.2275 -0.7265 0.6484
vn 0.4878 -0.8529 0.1857
vn 0.9145 -0.3472 0.2078
vn 0.0766 -0.9970 0.0046
vn 0.0751 0.6073 0.7909
vn 0.5093 0.5829 0.6332
vn 0.8377 0.2619 0.4793
vn 0.0373 -0.8245 0.5647
vn 0.3546 -0.9246 0.1388
vn 0.2640 -0.7546 0.6007
vn 0.2391 0.5846 0.7753
vn 0.0407 -0.0003 0.9992
vn 0.2812 0.0726 0.9569
vn 0.5893 0.5318 0.6082
vn 0.4024 0.5716 0.7151
vn 0.5128 0.2255 0.8284
vn 0.7509 -0.5488 0.3673
vn 0.7324 0.2924 0.6149
vn 0.6222 -0.4165 0.6629
vn 0.0585 0.4062 -0.9119
vn 0.7980 0.5247 0.2965
vn 0.5064 0.6439 0.5736
vn 0.0722 0.8054 0.5884
vn 0.2950 0.5189 -0.8023
vn 0.0113 0.7858 -0.6183
vn 0.1866 0.8069 -0.5605
vn 0.6849 0.6361 0.3555
vn 0.6365 0.6374 -0.4341
vn 0.4739 0.8196 -0.3219
vn 0.3961 0.7345 0.5511
vn 0.5335 0.7171 0.4485
vn 0.4296 0.8827 0.1904
vn 0.0203 0.9968 0.0778
vn 0.2320 0.7925 0.5640
vn 0.2047 0.9750 0.0864
vn 0.1236 0.1284 -0.9840
vn 0.1246 -0.9522 -0.2790
vn 0.7274 0.5229 0.4444
vn 0.7408 0.4059 0.5353
vn 0.2275 -0.2906 -0.9294
vn 0.6093 0.2820 -0.7411
vn 0.8713 -0.0192 -0.4904
vn 0.6738 -0.7345 -0.0809
vn 0.2166 -0.7318 -0.6462
vn 0.9013 -0.3226 -0.2891
vn 0.6338 0.5589 0.5346
vn 0.9262 0.0342 0.3754
vn 0.8357 0.3920 0.3846
vn 0.8650 0.4997 0.0456
vn 0.6434 0.3843 0.6621
vn 0.8381 0.3810 0.3903
vn 0.1295 0.3182 -0.9391
vn 0.7975 -0.4733 0.3742
vn 0.7956 -0.5297 0.2939
vn 0.1295 0.9894 0.0653
vn 0.6396 0.1185 -0.7595
vn 0.2084 0.6558 -0.7256
vn 0.8467 0.3217 -0.4238
vn 0.7147 -0.5522 0.4293
vn 0.9317 -0.3490 -0.1005
vn 0.9040 -0.3622 0.2273
vn 0.9317 -0.0407 0.3608
vn 0.7064 -0.6489 0.2828
vn 0.9040 -0.3486 0.2476
vn 0.2084 0.9213 -0.3283
vn 0.6396 0.7471 0.1811
vn 0.8467 0.5146 -0.1351
vn 0.0288 -0.9641 -0.2640
vn 0.4680 0.7325 -0.4944
vn 0.0845 -0.8187 -0.5679
vn 0.3391 0.5845 -0.7372
vn 0.0288 -0.1252 0.9917
vn 0.4695 0.7365 -0.4870
vn 0.0844 0.2113 0.9738
vn 0.3391 0.9047 -0.2579
vn 0.0813 -0.3287 0.9409
vn 0.6494 0.5654 -0.5085
vn 0.6474 0.6878 -0.3285
vn 0.0813 -0.9951 -0.0566
vn 0.4878 -0.1859 0.8529
vn 0.2275 -0.6484 0.7265
vn 0.9145 -0.2079 0.3472
vn 0.6585 0.6076 -0.4440
vn 0.8456 0.5049 -0.1735
vn 0.7760 0.5174 -0.3607
vn 0.8455 0.3536 -0.4001
vn 0.6369 0.6554 -0.4060
vn 0.7760 0.5312 -0.3400
vn 0.2276 -0.9194 0.3209
vn 0.4878 -0.8591 -0.1548
vn 0.9145 -0.4003 0.0590
vn 0.0766 -0.3857 0.9194
vn 0.8362 -0.3429 -0.4281
vn 0.5097 -0.3640 -0.7796
vn 0.0751 -0.4983 -0.8637
vn 0.3546 -0.4821 0.8012
vn 0.0373 -0.8372 0.5456
vn 0.2639 -0.8438 0.4673
vn 0.6987 -0.4147 -0.5830
vn 0.7509 -0.5493 0.3666
vn 0.6222 -0.7718 0.1312
vn 0.4023 -0.4419 -0.8018
vn 0.5676 -0.4637 -0.6803
vn 0.5128 -0.6790 -0.5253
vn 0.0406 -0.9232 -0.3821
vn 0.2391 -0.4926 -0.8368
vn 0.2811 -0.8563 -0.4332
vn 0.0585 0.9979 -0.0262
vn 0.0722 -0.2354 -0.9692
vn 0.5070 -0.2856 -0.8133
vn 0.7996 -0.0694 -0.5965
vn 0.0113 0.8720 -0.4893
vn 0.2950 0.9399 -0.1722
vn 0.1865 0.8267 -0.5309
vn 0.2320 -0.2178 -0.9480
vn 0.0203 0.3096 -0.9506
vn 0.2047 0.2933 -0.9338
vn 0.5878 -0.2482 -0.7700
vn 0.3960 -0.2281 -0.8895
vn 0.4295 0.1620 -0.8884
vn 0.6365 0.6451 -0.4227
vn 0.7073 -0.0267 -0.7064
vn 0.4739 0.6111 -0.6340
vn 0.1246 -0.1065 0.9865
vn 0.1236 0.9582 0.2580
vn 0.7431 -0.3357 -0.5789
vn 0.7253 -0.2105 -0.6555
vn 0.2166 0.3171 0.9233
vn 0.6738 -0.2064 0.7095
vn 0.9013 0.1436 0.4086
vn 0.6093 0.7926 0.0231
vn 0.2275 0.7474 0.6242
vn 0.8713 0.4457 0.2054
vn 0.6464 -0.3864 -0.6579
vn 0.8650 0.1491 -0.4792
vn 0.8381 -0.2148 -0.5015
vn 0.9262 -0.3338 -0.1754
vn 0.6108 -0.1983 -0.7665
vn 0.8356 -0.2054 -0.5095
vt 0.551311 0.496427
vt 0.620258 0.469151
vt 0.619701 0.470141
vt 0.618569 0.470588
vt 0.553519 0.496333
vt 0.552387 0.496780
vt 0.551107 0.497287
vt 0.498234 0.756609
vt 0.507996 0.720998
vt 0.508679 0.720728
vt 0.498225 0.757718
vt 0.549938 0.810046
vt 0.545244 0.774530
vt 0.545755 0.774021
vt 0.550347 0.811032
vt 0.590845 0.768744
vt 0.600757 0.800951
vt 0.600481 0.801638
vt 0.590504 0.768358
vt 0.689113 0.840408
vt 0.661051 0.818785
vt 0.661053 0.818077
vt 0.690526 0.841149
vt 0.758198 0.813877
vt 0.723238 0.804759
vt 0.722965 0.804094
vt 0.759281 0.813872
vt 0.810502 0.762600
vt 0.775095 0.767603
vt 0.774586 0.767100
vt 0.811483 0.762182
vt 0.838766 0.696003
vt 0.808335 0.713942
vt 0.807680 0.713675
vt 0.839502 0.695252
vt 0.835519 0.608111
vt 0.813892 0.558640
vt 0.813683 0.556178
vt 0.838039 0.610324
vt 0.813236 0.558528
vt 0.804346 0.592096
vt 0.803704 0.592361
vt 0.813233 0.557496
vt 0.770208 0.542679
vt 0.804370 0.545972
vt 0.805319 0.546329
vt 0.769734 0.543185
vt 0.700782 0.477757
vt 0.717440 0.507966
vt 0.717165 0.508606
vt 0.699814 0.476557
vt 0.658154 0.495928
vt 0.685062 0.474038
vt 0.686002 0.473619
vt 0.658174 0.496626
vt 0.586094 0.544305
vt 0.595181 0.513197
vt 0.595807 0.512744
vt 0.586123 0.544985
vt 0.548298 0.579684
vt 0.544784 0.547228
vt 0.545193 0.546564
vt 0.548586 0.580307
vt 0.512876 0.722191
vt 0.503286 0.759103
vt 0.502684 0.760261
vt 0.512435 0.721646
vt 0.471598 0.686189
vt 0.494569 0.657417
vt 0.495300 0.657438
vt 0.471155 0.687198
vt 0.619150 0.477862
vt 0.601167 0.509630
vt 0.600503 0.509705
vt 0.619297 0.477062
vt 0.598738 0.514193
vt 0.589178 0.545932
vt 0.588750 0.546564
vt 0.598464 0.513518
vt 0.597063 0.507171
vt 0.613934 0.476604
vt 0.614654 0.475859
vt 0.597345 0.507814
vt 0.657082 0.503024
vt 0.636466 0.528684
vt 0.635837 0.529106
vt 0.657081 0.502300
vt 0.634242 0.526027
vt 0.654186 0.500775
vt 0.654929 0.500593
vt 0.634015 0.526664
vt 0.660679 0.500774
vt 0.680236 0.525763
vt 0.680649 0.526648
vt 0.659944 0.500588
vt 0.715113 0.514642
vt 0.686529 0.530488
vt 0.685788 0.530641
vt 0.715379 0.513979
vt 0.685461 0.527220
vt 0.713279 0.511498
vt 0.714032 0.511610
vt 0.685011 0.527721
vt 0.754557 0.503145
vt 0.719973 0.513107
vt 0.719451 0.512704
vt 0.755640 0.502545
vt 0.764504 0.546939
vt 0.731943 0.550683
vt 0.731200 0.550542
vt 0.765007 0.546427
vt 0.805501 0.551244
vt 0.769591 0.547360
vt 0.769264 0.546787
vt 0.806286 0.551065
vt 0.732235 0.547244
vt 0.764032 0.543324
vt 0.764681 0.543716
vt 0.731625 0.547537
vt 0.782996 0.625422
vt 0.798324 0.595938
vt 0.798988 0.595655
vt 0.782967 0.625934
vt 0.767803 0.583687
vt 0.798933 0.591741
vt 0.799391 0.592344
vt 0.767127 0.583735
vt 0.801542 0.597656
vt 0.786746 0.625517
vt 0.786110 0.626249
vt 0.801415 0.596909
vt 0.784579 0.633349
vt 0.785460 0.675054
vt 0.785203 0.675566
vt 0.784076 0.632661
vt 0.787613 0.630869
vt 0.813499 0.650069
vt 0.813701 0.650806
vt 0.786967 0.630659
vt 0.814527 0.649694
vt 0.835941 0.620544
vt 0.836877 0.619739
vt 0.814723 0.650331
vt 0.801485 0.711749
vt 0.784515 0.683273
vt 0.784461 0.682773
vt 0.802173 0.712007
vt 0.835679 0.620009
vt 0.787901 0.630374
vt 0.787189 0.630124
vt 0.836858 0.618974
vt 0.814516 0.752250
vt 0.803182 0.716681
vt 0.803587 0.716136
vt 0.815016 0.752922
vt 0.769554 0.762895
vt 0.764863 0.729729
vt 0.764989 0.728973
vt 0.770093 0.763403
vt 0.768698 0.767139
vt 0.736487 0.764071
vt 0.735542 0.763756
vt 0.769357 0.766726
vt 0.768385 0.729956
vt 0.773243 0.762332
vt 0.772861 0.763009
vt 0.768070 0.729343
vt 0.719926 0.798246
vt 0.728391 0.765696
vt 0.728799 0.765044
vt 0.720229 0.798925
vt 0.731740 0.766998
vt 0.723593 0.799134
vt 0.722970 0.799617
vt 0.731687 0.766303
vt 0.699988 0.836471
vt 0.717587 0.802983
vt 0.718267 0.802889
vt 0.699858 0.837311
vt 0.597183 0.802018
vt 0.587903 0.771130
vt 0.587839 0.770140
vt 0.597813 0.802473
vt 0.627902 0.838601
vt 0.656593 0.814994
vt 0.657247 0.815166
vt 0.627467 0.839308
vt 0.683415 0.787464
vt 0.663552 0.813784
vt 0.662794 0.813987
vt 0.683635 0.786805
vt 0.601425 0.801217
vt 0.630273 0.784399
vt 0.631017 0.784231
vt 0.601160 0.801906
vt 0.694313 0.836958
vt 0.683922 0.787766
vt 0.684183 0.787041
vt 0.695374 0.838187
vt 0.560368 0.814071
vt 0.596441 0.802885
vt 0.596985 0.803299
vt 0.559680 0.814573
vt 0.552914 0.734311
vt 0.549545 0.768442
vt 0.549016 0.768985
vt 0.552752 0.733546
vt 0.582870 0.767980
vt 0.550579 0.772699
vt 0.549894 0.772316
vt 0.583800 0.767615
vt 0.545739 0.768030
vt 0.549194 0.734958
vt 0.549527 0.733993
vt 0.546157 0.768711
vt 0.530909 0.686536
vt 0.514399 0.717023
vt 0.513696 0.717314
vt 0.530946 0.686007
vt 0.546291 0.730055
vt 0.513731 0.721420
vt 0.513245 0.720781
vt 0.546998 0.730008
vt 0.475962 0.696791
vt 0.509894 0.715260
vt 0.509979 0.715954
vt 0.475105 0.696644
vt 0.529120 0.634674
vt 0.502003 0.656280
vt 0.501244 0.656273
vt 0.529362 0.634201
vt 0.474709 0.622873
vt 0.498550 0.652907
vt 0.498359 0.653577
vt 0.473984 0.622409
vt 0.526182 0.680773
vt 0.499660 0.660056
vt 0.499466 0.659279
vt 0.526851 0.681009
vt 0.530911 0.626236
vt 0.547789 0.587193
vt 0.548244 0.586828
vt 0.531087 0.627085
vt 0.601230 0.510737
vt 0.628835 0.526648
vt 0.629554 0.527317
vt 0.600478 0.510841
vt 0.513551 0.592310
vt 0.544820 0.584002
vt 0.545818 0.583969
vt 0.513082 0.592924
vt 0.582259 0.550585
vt 0.548999 0.546297
vt 0.548489 0.545764
vt 0.582748 0.550434
vt 0.549475 0.542621
vt 0.581272 0.546934
vt 0.582199 0.547284
vt 0.548814 0.543005
vt 0.544218 0.540877
vt 0.548255 0.505822
vt 0.548641 0.504849
vt 0.544728 0.541371
vt 0.846414 0.689163
vt 0.820317 0.759158
vt 0.819680 0.758774
vt 0.845688 0.689052
vt 0.553611 0.505020
vt 0.548994 0.541611
vt 0.548403 0.541934
vt 0.553442 0.504213
vt 0.540150 0.924543
vt 0.431009 0.897042
vt 0.540150 0.841377
vt 0.119492 0.673697
vt 0.204223 0.599611
vt 0.242008 0.673697
vt 0.497269 0.548404
vt 0.551165 0.497568
vt 0.550279 0.498421
vt 0.499302 0.547469
vt 0.498415 0.548322
vt 0.497412 0.549287
vt 0.630273 0.783925
vt 0.591159 0.768382
vt 0.590784 0.767942
vt 0.631108 0.783726
vt 0.016494 0.727381
vt 0.119898 0.843380
vt 0.003132 0.843380
vt 0.784038 0.683265
vt 0.769034 0.722259
vt 0.768321 0.722748
vt 0.783966 0.682705
vt 0.108635 0.822008
vt 0.005231 0.706009
vt 0.121997 0.706009
vt 0.544708 0.583425
vt 0.503195 0.555103
vt 0.502612 0.554218
vt 0.545819 0.583374
vt 0.613369 0.476229
vt 0.562709 0.497082
vt 0.559268 0.496935
vt 0.615237 0.474588
vt 0.548482 0.546796
vt 0.551797 0.580029
vt 0.551641 0.580778
vt 0.547966 0.546272
vt 0.693946 0.469347
vt 0.762289 0.497424
vt 0.761880 0.498024
vt 0.693794 0.470061
vt 0.642274 0.902880
vt 0.642274 0.982763
vt 0.564523 0.921213
vt 0.544169 0.773498
vt 0.508474 0.770378
vt 0.506908 0.769961
vt 0.544652 0.772969
vt 0.955966 0.195024
vt 0.928471 0.304165
vt 0.872810 0.195024
vt 0.853286 0.454262
vt 0.936451 0.454262
vt 0.880787 0.563404
vt 0.597793 0.807566
vt 0.564515 0.818359
vt 0.562967 0.818574
vt 0.598035 0.806900
vt 0.805744 0.709886
vt 0.836876 0.690979
vt 0.838062 0.690585
vt 0.805685 0.710551
vt 0.839542 0.624482
vt 0.818429 0.652456
vt 0.817729 0.652458
vt 0.839933 0.623515
vt 0.475804 0.611039
vt 0.507375 0.594079
vt 0.508029 0.594373
vt 0.474538 0.612036
vt 0.006769 0.956524
vt 0.084520 0.894974
vt 0.084520 0.974858
vt 0.725002 0.546271
vt 0.715765 0.514911
vt 0.716042 0.514250
vt 0.725330 0.546651
vt 0.527081 0.627566
vt 0.510972 0.598455
vt 0.511095 0.597670
vt 0.527599 0.628038
vt 0.694857 0.478909
vt 0.685126 0.526754
vt 0.684614 0.527298
vt 0.694387 0.477399
vt 0.164132 0.700867
vt 0.244776 0.680546
vt 0.244776 0.793099
vt 0.506350 0.764737
vt 0.544700 0.768557
vt 0.545052 0.769164
vt 0.505511 0.764935
vt 0.927283 0.989048
vt 0.927283 0.889884
vt 0.989911 0.939473
vt 0.631365 0.787748
vt 0.603317 0.804417
vt 0.602552 0.804317
vt 0.631816 0.787226
vt 0.874803 0.331754
vt 0.874803 0.444307
vt 0.794158 0.352075
vt 0.774079 0.768670
vt 0.771507 0.803766
vt 0.771120 0.805295
vt 0.773551 0.768195
vt 0.565813 0.915116
vt 0.565813 0.831951
vt 0.674955 0.887615
vt 0.552226 0.580225
vt 0.582457 0.551019
vt 0.583009 0.550861
vt 0.552061 0.581070
vt 0.807813 0.715300
vt 0.818764 0.748319
vt 0.818990 0.749860
vt 0.807151 0.715066
vt 0.686521 0.530947
vt 0.724689 0.546616
vt 0.725048 0.547050
vt 0.685691 0.531129
vt 0.016349 0.617136
vt 0.094047 0.529974
vt 0.171746 0.617136
vt 0.250380 0.647816
vt 0.366379 0.751223
vt 0.250380 0.764593
vt 0.584341 0.763845
vt 0.553353 0.734106
vt 0.553182 0.733243
vt 0.584904 0.764003
vt 0.324172 0.671444
vt 0.440938 0.671444
vt 0.427576 0.787443
vt 0.787937 0.682264
vt 0.804642 0.709844
vt 0.804551 0.710605
vt 0.787417 0.681825
vt 0.766015 0.805767
vt 0.769224 0.768153
vt 0.769812 0.767804
vt 0.766220 0.806591
vt 0.636635 0.529119
vt 0.678236 0.529446
vt 0.678738 0.529718
vt 0.635933 0.529601
vt 0.921401 0.589380
vt 0.893899 0.698521
vt 0.838235 0.589380
vt 0.761479 0.580088
vt 0.765005 0.547439
vt 0.765516 0.546932
vt 0.761637 0.580566
vt 0.643112 0.865076
vt 0.752254 0.837574
vt 0.752254 0.920740
vt 0.094045 0.077105
vt 0.056267 0.003014
vt 0.178784 0.003014
vt 0.693946 0.469347
vt 0.622327 0.469875
vt 0.621118 0.469871
vt 0.619750 0.469868
vt 0.507411 0.719598
vt 0.475584 0.702764
vt 0.474306 0.701770
vt 0.508075 0.719298
vt 0.762289 0.497424
vt 0.813781 0.548855
vt 0.812711 0.548731
vt 0.811865 0.547887
vt 0.553296 0.819903
vt 0.497396 0.767431
vt 0.498614 0.767491
vt 0.499530 0.768352
vt 0.552215 0.817879
vt 0.553132 0.818740
vt 0.554169 0.819714
vt 0.855649 0.112487
vt 0.828147 0.003346
vt 0.911313 0.003346
vt 0.764422 0.729549
vt 0.735157 0.760005
vt 0.734606 0.760187
vt 0.764554 0.728698
vt 0.440487 0.729526
vt 0.556486 0.832930
vt 0.440487 0.846292
vt 0.628356 0.530366
vt 0.599403 0.513929
vt 0.599137 0.513249
vt 0.628864 0.530412
vt 0.765368 0.507728
vt 0.769193 0.541687
vt 0.768700 0.542167
vt 0.764935 0.506263
vt 0.581390 0.546365
vt 0.554173 0.504762
vt 0.553978 0.503736
vt 0.582426 0.546742
vt 0.728599 0.544408
vt 0.754961 0.503570
vt 0.756345 0.502823
vt 0.728584 0.545155
vt 0.914708 0.789330
vt 0.977341 0.838912
vt 0.914708 0.888495
vt 0.603262 0.805524
vt 0.621957 0.836934
vt 0.622339 0.838125
vt 0.602592 0.805457
vt 0.911566 0.118638
vt 0.911566 0.019472
vt 0.974199 0.069055
vt 0.514683 0.717704
vt 0.547664 0.726669
vt 0.548319 0.727090
vt 0.513986 0.718004
vt 0.991067 0.187768
vt 0.913315 0.126217
vt 0.991067 0.107884
vt 0.768751 0.814504
vt 0.768306 0.813897
vt 0.774256 0.762799
vt 0.810721 0.757162
vt 0.811978 0.757253
vt 0.773941 0.763399
vt 0.506645 0.551413
vt 0.547724 0.579811
vt 0.548027 0.580510
vt 0.505033 0.551245
vt 0.306575 0.933970
vt 0.306575 0.850804
vt 0.415717 0.906469
vt 0.680713 0.525441
vt 0.690215 0.477222
vt 0.690786 0.476361
vt 0.681185 0.526421
vt 0.543784 0.546721
vt 0.506866 0.550850
vt 0.505598 0.550705
vt 0.544124 0.546131
vt 0.684681 0.473482
vt 0.630235 0.473827
vt 0.627117 0.472410
vt 0.687011 0.472665
vt 0.617334 0.251089
vt 0.691420 0.288874
vt 0.617334 0.373605
vt 0.548597 0.734851
vt 0.506063 0.764161
vt 0.504996 0.764393
vt 0.548954 0.733772
vt 0.593326 0.419469
vt 0.667413 0.334738
vt 0.667413 0.457254
vt 0.466634 0.695725
vt 0.467389 0.695579
vt 0.497248 0.765081
vt 0.497753 0.766257
vt 0.498324 0.767588
vt 0.003448 0.951341
vt 0.003448 0.852175
vt 0.066082 0.901758
vt 0.689012 0.782753
vt 0.719258 0.798535
vt 0.719552 0.799220
vt 0.688489 0.782724
vt 0.819414 0.748099
vt 0.839159 0.696558
vt 0.840771 0.694622
vt 0.819654 0.751541
vt 0.589499 0.546274
vt 0.628373 0.530840
vt 0.628942 0.530903
vt 0.589025 0.546989
vt 0.222015 0.956524
vt 0.299766 0.894974
vt 0.299766 0.974858
vt 0.768612 0.547849
vt 0.765032 0.579076
vt 0.764709 0.579988
vt 0.768223 0.547207
vt 0.681085 0.253256
vt 0.667723 0.137257
vt 0.784490 0.137257
vt 0.731759 0.551106
vt 0.761056 0.580289
vt 0.761222 0.580829
vt 0.730922 0.550957
vt 0.548012 0.726327
vt 0.531398 0.686504
vt 0.531452 0.685912
vt 0.548754 0.726793
vt 0.422611 0.591755
vt 0.460397 0.665841
vt 0.337880 0.665841
vt 0.511057 0.715186
vt 0.526990 0.686390
vt 0.527666 0.685639
vt 0.511174 0.715973
vt 0.662699 0.265197
vt 0.588613 0.180466
vt 0.662699 0.142680
vt 0.810917 0.756589
vt 0.768949 0.729806
vt 0.768616 0.729117
vt 0.812516 0.756689
vt 0.699115 0.845651
vt 0.698945 0.844877
vt 0.678396 0.529004
vt 0.657793 0.503030
vt 0.657803 0.502304
vt 0.678848 0.529237
vt 0.849664 0.466872
vt 0.849665 0.579425
vt 0.769020 0.487193
vt 0.835151 0.614504
vt 0.802646 0.597562
vt 0.802552 0.596902
vt 0.835964 0.614627
vt 0.147609 0.809653
vt 0.175110 0.918795
vt 0.091945 0.918795
vt 0.673962 0.462141
vt 0.789961 0.358737
vt 0.789961 0.475503
vt 0.689638 0.477016
vt 0.661037 0.499726
vt 0.660395 0.499546
vt 0.690076 0.476329
vt 0.471481 0.628621
vt 0.471016 0.685800
vt 0.470153 0.688290
vt 0.470002 0.625397
vt 0.494583 0.655910
vt 0.472030 0.628164
vt 0.471254 0.626766
vt 0.495309 0.655896
vt 0.556073 0.811354
vt 0.583001 0.768560
vt 0.584042 0.768167
vt 0.555891 0.812404
vt 0.509830 0.598373
vt 0.476656 0.616806
vt 0.475402 0.617170
vt 0.509916 0.597685
vt 0.751162 0.953360
vt 0.778663 0.844218
vt 0.834327 0.953360
vt 0.724355 0.799965
vt 0.760590 0.808908
vt 0.761726 0.809483
vt 0.723825 0.800403
vt 0.508258 0.545320
vt 0.543180 0.541905
vt 0.543664 0.542419
vt 0.506742 0.545743
vt 0.772200 0.803811
vt 0.810655 0.763271
vt 0.812915 0.762084
vt 0.771089 0.807123
vt 0.562510 0.497730
vt 0.595728 0.507722
vt 0.595977 0.508373
vt 0.560965 0.497548
vt 0.752075 0.497731
vt 0.701378 0.477431
vt 0.699037 0.474943
vt 0.754557 0.497859
vt 0.425485 0.904401
vt 0.503236 0.965951
vt 0.425485 0.984284
vt 0.843968 0.615306
vt 0.843263 0.615479
vt 0.814017 0.550993
vt 0.813523 0.549902
vt 0.812962 0.548668
vt 0.629810 0.474351
vt 0.656718 0.495939
vt 0.656706 0.496632
vt 0.628454 0.473607
vt 0.624703 0.477626
vt 0.633755 0.525723
vt 0.633485 0.526425
vt 0.623698 0.476412
vt 0.759494 0.506486
vt 0.732105 0.546691
vt 0.731420 0.546999
vt 0.759637 0.504931
vt 0.713350 0.510405
vt 0.695448 0.478890
vt 0.695090 0.477698
vt 0.714010 0.510483
vt 0.907261 0.909368
vt 0.824094 0.909368
vt 0.879750 0.800221
vt 0.501996 0.657019
vt 0.528779 0.678205
vt 0.529216 0.678851
vt 0.501239 0.657022
vt 0.927685 0.710358
vt 0.900184 0.819499
vt 0.844520 0.710358
vt 0.804491 0.545314
vt 0.766031 0.507654
vt 0.764832 0.504491
vt 0.806690 0.546359
vt 0.242447 0.799388
vt 0.125681 0.799388
vt 0.139043 0.683389
vt 0.765591 0.579182
vt 0.805764 0.551791
vt 0.806763 0.551581
vt 0.765243 0.580201
vt 0.717496 0.801845
vt 0.688919 0.786607
vt 0.688170 0.785953
vt 0.718266 0.801718
vt 0.787236 0.625822
vt 0.835199 0.615113
vt 0.836227 0.615287
vt 0.786537 0.626647
vt 0.728049 0.765360
vt 0.688975 0.782273
vt 0.688390 0.782228
vt 0.728501 0.764621
vt 0.813687 0.656577
vt 0.789207 0.676957
vt 0.788332 0.677398
vt 0.813853 0.655832
vt 0.653839 0.499735
vt 0.625246 0.477382
vt 0.624465 0.476418
vt 0.654482 0.499557
vt 0.513547 0.077105
vt 0.475761 0.003019
vt 0.598278 0.003019
vt 0.766186 0.587258
vt 0.782530 0.625456
vt 0.782486 0.626031
vt 0.765468 0.586816
vt 0.771752 0.726052
vt 0.814115 0.752724
vt 0.814732 0.753588
vt 0.770654 0.726147
vt 0.629156 0.526171
vt 0.619763 0.477837
vt 0.619969 0.476826
vt 0.629966 0.526907
vt 0.674586 0.449837
vt 0.674586 0.333071
vt 0.790585 0.346433
vt 0.721877 0.805350
vt 0.705845 0.836747
vt 0.704892 0.838010
vt 0.721575 0.804704
vt 0.927281 0.690532
vt 0.927281 0.591367
vt 0.989911 0.640954
vt 0.466627 0.618298
vt 0.467370 0.618463
vt 0.659582 0.818819
vt 0.632587 0.841571
vt 0.631639 0.842014
vt 0.659551 0.818106
vt 0.503747 0.759523
vt 0.546202 0.730652
vt 0.546988 0.730618
vt 0.502997 0.761002
vt 0.617038 0.838984
vt 0.599156 0.808104
vt 0.599431 0.807446
vt 0.617791 0.839734
vt 0.853286 0.188216
vt 0.880787 0.079074
vt 0.936451 0.188215
vt 0.638258 0.785548
vt 0.659808 0.811569
vt 0.659815 0.812309
vt 0.637793 0.785322
vt 0.587323 0.771263
vt 0.559893 0.813665
vt 0.559010 0.814285
vt 0.587238 0.770160
vt 0.606138 0.005351
vt 0.606138 0.160748
vt 0.518976 0.083049
vt 0.475259 0.703402
vt 0.497543 0.756477
vt 0.497733 0.759122
vt 0.472602 0.700991
vt 0.558719 0.502690
vt 0.585521 0.544205
vt 0.585535 0.544961
vt 0.557313 0.501932
vt 0.764517 0.542349
vt 0.760049 0.506692
vt 0.760173 0.505469
vt 0.765093 0.542674
vt 0.526480 0.686059
vt 0.475920 0.696153
vt 0.474837 0.695948
vt 0.527223 0.685213
vt 0.594459 0.512356
vt 0.559135 0.502256
vt 0.558034 0.501649
vt 0.594993 0.511944
vt 0.799739 0.591020
vt 0.808457 0.556493
vt 0.809010 0.555419
vt 0.800154 0.591534
vt 0.525229 0.632511
vt 0.474921 0.622272
vt 0.474013 0.621667
vt 0.526245 0.632022
vt 0.042202 0.624754
vt 0.126936 0.698835
vt 0.004421 0.698835
vt 0.508422 0.771071
vt 0.549254 0.810188
vt 0.550428 0.812466
vt 0.505037 0.769897
vt 0.956502 0.503383
vt 0.956502 0.602548
vt 0.893868 0.552965
vt 0.507951 0.592709
vt 0.498065 0.558358
vt 0.498048 0.557300
vt 0.508623 0.592974
vt 0.498571 0.660424
vt 0.475257 0.690442
vt 0.474249 0.691266
vt 0.498382 0.659753
vt 0.547582 0.505688
vt 0.508195 0.544637
vt 0.504918 0.545822
vt 0.548698 0.503438
vt 0.880143 0.376304
vt 0.880143 0.277139
vt 0.942776 0.326721
vt 0.623670 0.846434
vt 0.624542 0.845734
vt 0.625780 0.845720
vt 0.366085 0.608551
vt 0.245675 0.608551
vt 0.134431 0.562472
vt 0.049289 0.477329
vt 0.003210 0.366085
vt 0.003210 0.245675
vt 0.049289 0.134431
vt 0.134431 0.049289
vt 0.245675 0.003210
vt 0.366085 0.003210
vt 0.477329 0.049289
vt 0.562472 0.134431
vt 0.608551 0.245676
vt 0.608551 0.366085
vt 0.562472 0.477330
vt 0.477329 0.562472
vt 0.760998 0.808450
vt 0.732326 0.767078
vt 0.732285 0.766305
vt 0.762448 0.809166
vt 0.552137 0.585373
vt 0.557599 0.589082
vt 0.539739 0.632818
vt 0.532981 0.631419
vt 0.719264 0.513934
vt 0.728039 0.544507
vt 0.728009 0.545179
vt 0.718652 0.513491
vt 0.304776 0.688278
vt 0.220045 0.614192
vt 0.342561 0.614191
vt 0.818462 0.653895
vt 0.840922 0.679882
vt 0.841707 0.681201
vt 0.817767 0.653930
vt 0.718778 0.508500
vt 0.752214 0.498391
vt 0.753250 0.498360
vt 0.718531 0.509156
vt 0.002686 0.160748
vt 0.002686 0.005350
vt 0.089854 0.083044
vt 0.417597 0.843380
vt 0.305044 0.843380
vt 0.325365 0.762735
vt 0.798045 0.595285
vt 0.766513 0.586926
vt 0.765878 0.586526
vt 0.798703 0.594993
vt 0.529233 0.678027
vt 0.529582 0.634837
vt 0.529864 0.634312
vt 0.529733 0.678747
vt 0.804915 0.593401
vt 0.835217 0.608714
vt 0.836426 0.609622
vt 0.804290 0.593693
vt 0.811327 0.653029
vt 0.785009 0.633166
vt 0.784569 0.632550
vt 0.812053 0.653007
vt 0.499644 0.653288
vt 0.525567 0.633011
vt 0.526484 0.632584
vt 0.499447 0.654055
vt 0.769383 0.722571
vt 0.801229 0.712416
vt 0.801911 0.712682
vt 0.768753 0.723013
vt 0.846522 0.736575
vt 0.846522 0.849129
vt 0.765877 0.828808
vt 0.706473 0.837058
vt 0.758078 0.814556
vt 0.760659 0.814336
vt 0.704153 0.839687
vt 0.735374 0.760433
vt 0.769053 0.763416
vt 0.769587 0.763932
vt 0.734887 0.760605
vt 0.663932 0.814846
vt 0.693763 0.837220
vt 0.694588 0.838196
vt 0.663276 0.815043
vt 0.736392 0.764657
vt 0.765458 0.806053
vt 0.765700 0.807103
vt 0.735333 0.764319
vt 0.947075 0.330557
vt 0.947075 0.429723
vt 0.884441 0.380140
vt 0.808014 0.556099
vt 0.767882 0.583129
vt 0.767129 0.583164
vt 0.808703 0.554727
vt 0.688602 0.787111
vt 0.699362 0.836521
vt 0.699178 0.837582
vt 0.687758 0.786393
vt 0.838528 0.685067
vt 0.814752 0.656908
vt 0.814915 0.656256
vt 0.839236 0.685490
vt 0.680662 0.784541
vt 0.638410 0.785094
vt 0.637893 0.784829
vt 0.681362 0.784037
vt 0.502772 0.555562
vt 0.512710 0.591552
vt 0.512284 0.592082
vt 0.502300 0.554872
vt 0.615322 0.091101
vt 0.689408 0.006370
vt 0.689408 0.128887
vt 0.550075 0.768950
vt 0.584138 0.764293
vt 0.584637 0.764444
vt 0.549552 0.769502
vt 0.696582 0.119898
vt 0.696582 0.003132
vt 0.812581 0.016494
vt 0.550107 0.773736
vt 0.555495 0.811096
vt 0.555337 0.811922
vt 0.549497 0.773415
vt 0.559535 0.590392
vt 0.592582 0.558589
vt 0.657987 0.656226
vt 0.773416 0.677237
vt 0.756512 0.719567
vt 0.560856 0.723091
vt 0.542734 0.680031
vt 0.724683 0.752727
vt 0.682386 0.771243
vt 0.594023 0.755929
vt 0.560856 0.723091
vt 0.592582 0.558589
vt 0.634880 0.541619
vt 0.724683 0.752727
vt 0.634880 0.541619
vt 0.680217 0.541797
vt 0.542111 0.633304
vt 0.682386 0.771243
vt 0.636518 0.773091
vt 0.753803 0.590446
vt 0.771681 0.631896
vt 0.532981 0.631419
vt 0.540289 0.680540
vt 0.533257 0.681617
vt 0.533253 0.680964
vt 0.771681 0.631896
vt 0.636518 0.773091
vt 0.680217 0.541797
vt 0.721831 0.558749
vt 0.753803 0.590446
vt 0.657240 0.501228
vt 0.656886 0.501548
vt 0.635355 0.528736
vt 0.634910 0.529684
vt 0.634919 0.530513
vt 0.633584 0.530496
vt 0.657449 0.500231
vt 0.588383 0.547858
vt 0.588986 0.547751
vt 0.629460 0.531384
vt 0.629931 0.531033
vt 0.629889 0.530685
vt 0.631500 0.530838
vt 0.587172 0.548714
vt 0.679687 0.529711
vt 0.679300 0.528800
vt 0.658005 0.501551
vt 0.657652 0.501230
vt 0.657263 0.501039
vt 0.657449 0.500231
vt 0.681125 0.530616
vt 0.627086 0.472359
vt 0.656311 0.497427
vt 0.657023 0.497866
vt 0.657800 0.498175
vt 0.657449 0.499237
vt 0.622829 0.470758
vt 0.622484 0.474548
vt 0.622393 0.475032
vt 0.632625 0.526282
vt 0.633014 0.527372
vt 0.633461 0.527789
vt 0.632944 0.529708
vt 0.621333 0.471918
vt 0.586114 0.546150
vt 0.586716 0.545217
vt 0.596554 0.512527
vt 0.596617 0.512031
vt 0.596549 0.511594
vt 0.597543 0.511180
vt 0.586275 0.548224
vt 0.691047 0.474859
vt 0.689880 0.475302
vt 0.659753 0.499006
vt 0.659137 0.499625
vt 0.658610 0.500353
vt 0.657791 0.499801
vt 0.692854 0.472095
vt 0.619644 0.475337
vt 0.618728 0.476187
vt 0.599703 0.509447
vt 0.599365 0.510251
vt 0.599151 0.511123
vt 0.598182 0.510919
vt 0.620279 0.472104
vt 0.715142 0.511026
vt 0.714797 0.510209
vt 0.695479 0.476472
vt 0.694552 0.475613
vt 0.693638 0.475776
vt 0.693897 0.472324
vt 0.716330 0.511702
vt 0.657862 0.497868
vt 0.658559 0.497435
vt 0.686971 0.472675
vt 0.691277 0.471006
vt 0.657449 0.499237
vt 0.684201 0.528538
vt 0.685266 0.528295
vt 0.714706 0.511972
vt 0.715093 0.511664
vt 0.715345 0.511309
vt 0.716330 0.511702
vt 0.682884 0.530118
vt 0.699024 0.474881
vt 0.716498 0.509197
vt 0.716990 0.509872
vt 0.717591 0.510452
vt 0.716860 0.511307
vt 0.695709 0.471798
vt 0.597520 0.509092
vt 0.598005 0.508428
vt 0.615231 0.474575
vt 0.618491 0.471567
vt 0.597652 0.510522
vt 0.633571 0.527735
vt 0.634471 0.527102
vt 0.655694 0.500673
vt 0.655938 0.500240
vt 0.656038 0.499812
vt 0.657105 0.499802
vt 0.632944 0.529708
vt 0.548778 0.503393
vt 0.504824 0.545901
vt 0.500295 0.547948
vt 0.550785 0.499303
vt 0.598207 0.512458
vt 0.597997 0.512891
vt 0.588161 0.546402
vt 0.588103 0.547454
vt 0.588425 0.548224
vt 0.598026 0.511449
vt 0.551797 0.582122
vt 0.552317 0.581792
vt 0.583673 0.551112
vt 0.583977 0.550605
vt 0.583806 0.550297
vt 0.585360 0.549827
vt 0.550999 0.583380
vt 0.629823 0.530538
vt 0.629118 0.529834
vt 0.599041 0.512470
vt 0.598592 0.512303
vt 0.598157 0.512273
vt 0.598026 0.511449
vt 0.559266 0.496906
vt 0.595902 0.509262
vt 0.596735 0.509403
vt 0.597582 0.509399
vt 0.554480 0.496985
vt 0.545383 0.542499
vt 0.545581 0.541692
vt 0.548688 0.503427
vt 0.550581 0.499366
vt 0.546055 0.543785
vt 0.547846 0.543453
vt 0.548331 0.543598
vt 0.582412 0.547956
vt 0.583502 0.547785
vt 0.584081 0.547204
vt 0.585376 0.548784
vt 0.546703 0.543954
vt 0.630938 0.527735
vt 0.630877 0.526588
vt 0.620500 0.475367
vt 0.620228 0.474947
vt 0.619859 0.475420
vt 0.631910 0.529888
vt 0.553105 0.502463
vt 0.552575 0.503606
vt 0.547558 0.541996
vt 0.547550 0.542878
vt 0.547684 0.543776
vt 0.546703 0.543954
vt 0.552458 0.499188
vt 0.655742 0.499629
vt 0.655113 0.499005
vt 0.624370 0.475146
vt 0.623181 0.474700
vt 0.622386 0.475190
vt 0.657105 0.499802
vt 0.596201 0.511534
vt 0.595373 0.511188
vt 0.557455 0.500490
vt 0.556172 0.500524
vt 0.555619 0.501288
vt 0.553373 0.498614
vt 0.497608 0.555886
vt 0.472791 0.612941
vt 0.469306 0.616667
vt 0.497893 0.551298
vt 0.512354 0.593716
vt 0.512861 0.593664
vt 0.546276 0.584513
vt 0.547226 0.583930
vt 0.547540 0.583165
vt 0.549355 0.584135
vt 0.511483 0.594627
vt 0.547319 0.545380
vt 0.547290 0.545864
vt 0.551030 0.580849
vt 0.551381 0.581853
vt 0.551977 0.582449
vt 0.546761 0.544508
vt 0.583687 0.550185
vt 0.582759 0.549798
vt 0.548099 0.545074
vt 0.547617 0.545090
vt 0.547202 0.545227
vt 0.546761 0.544508
vt 0.585360 0.549826
vt 0.531271 0.628254
vt 0.531634 0.627783
vt 0.548854 0.586873
vt 0.548973 0.586259
vt 0.548771 0.585988
vt 0.549858 0.585048
vt 0.531049 0.629852
vt 0.504905 0.545796
vt 0.543934 0.543279
vt 0.544768 0.543091
vt 0.545559 0.542762
vt 0.500455 0.547709
vt 0.499078 0.655092
vt 0.499531 0.654840
vt 0.527122 0.632916
vt 0.527780 0.631989
vt 0.527776 0.631140
vt 0.529844 0.631337
vt 0.498626 0.656295
vt 0.502795 0.550753
vt 0.503071 0.551165
vt 0.547290 0.581013
vt 0.548357 0.581528
vt 0.548985 0.581514
vt 0.549976 0.583265
vt 0.500052 0.549658
vt 0.583648 0.547143
vt 0.583153 0.546093
vt 0.553913 0.502160
vt 0.553499 0.501873
vt 0.553338 0.502461
vt 0.552458 0.499188
vt 0.555460 0.500644
vt 0.555558 0.501128
vt 0.584672 0.545147
vt 0.585452 0.546019
vt 0.586031 0.546243
vt 0.586275 0.548224
vt 0.553373 0.498614
vt 0.501302 0.553364
vt 0.501251 0.554636
vt 0.511518 0.592466
vt 0.511855 0.593294
vt 0.512330 0.594082
vt 0.499419 0.550548
vt 0.509677 0.593777
vt 0.509549 0.592946
vt 0.497537 0.555950
vt 0.497728 0.551430
vt 0.510811 0.594719
vt 0.527403 0.631414
vt 0.526267 0.631015
vt 0.472774 0.620562
vt 0.472272 0.620660
vt 0.472608 0.621210
vt 0.469515 0.619466
vt 0.549026 0.581396
vt 0.549228 0.580296
vt 0.545805 0.546075
vt 0.545673 0.545588
vt 0.545441 0.545208
vt 0.546208 0.544441
vt 0.512623 0.595718
vt 0.512786 0.596182
vt 0.530061 0.627391
vt 0.530770 0.628130
vt 0.531531 0.628322
vt 0.511757 0.595120
vt 0.548566 0.585960
vt 0.547492 0.585993
vt 0.513229 0.595127
vt 0.512786 0.595330
vt 0.512454 0.595619
vt 0.549858 0.585048
vt 0.530367 0.679762
vt 0.530520 0.679176
vt 0.530453 0.634104
vt 0.530320 0.633485
vt 0.530025 0.633316
vt 0.530670 0.631997
vt 0.530790 0.681340
vt 0.547110 0.583273
vt 0.546240 0.582484
vt 0.501933 0.552765
vt 0.501438 0.552659
vt 0.501521 0.553274
vt 0.499419 0.550548
vt 0.545092 0.545285
vt 0.544183 0.545280
vt 0.504600 0.549844
vt 0.503417 0.550369
vt 0.503203 0.551296
vt 0.472771 0.618321
vt 0.473193 0.618600
vt 0.526653 0.629214
vt 0.527862 0.629276
vt 0.528451 0.629015
vt 0.530073 0.630271
vt 0.469748 0.618374
vt 0.472433 0.621381
vt 0.472893 0.622601
vt 0.497790 0.654243
vt 0.498440 0.654891
vt 0.499206 0.655447
vt 0.498626 0.656295
vt 0.472829 0.612807
vt 0.508617 0.595079
vt 0.509329 0.594573
vt 0.509947 0.593951
vt 0.469368 0.616373
vt 0.500120 0.656863
vt 0.500455 0.657230
vt 0.528897 0.679441
vt 0.529850 0.679848
vt 0.530635 0.679725
vt 0.499076 0.656650
vt 0.529823 0.633370
vt 0.528833 0.633828
vt 0.500452 0.656068
vt 0.500119 0.656435
vt 0.499923 0.656838
vt 0.499076 0.656650
vt 0.530670 0.631997
vt 0.546652 0.769706
vt 0.546787 0.769200
vt 0.550216 0.733764
vt 0.550004 0.732634
vt 0.549385 0.732042
vt 0.550978 0.730677
vt 0.547208 0.770880
vt 0.496601 0.656221
vt 0.496143 0.655487
vt 0.469947 0.625353
vt 0.468286 0.620985
vt 0.498036 0.656653
vt 0.549735 0.727477
vt 0.549646 0.726879
vt 0.531912 0.685492
vt 0.531548 0.684975
vt 0.531209 0.684934
vt 0.531286 0.683472
vt 0.550742 0.728761
vt 0.528442 0.628888
vt 0.528198 0.627776
vt 0.511477 0.596970
vt 0.511160 0.596564
vt 0.510792 0.596298
vt 0.511211 0.595276
vt 0.530073 0.630271
vt 0.528047 0.684203
vt 0.526836 0.684277
vt 0.473239 0.695411
vt 0.472817 0.695695
vt 0.473356 0.696072
vt 0.469782 0.695666
vt 0.530268 0.683185
vt 0.510493 0.596508
vt 0.509634 0.596862
vt 0.474113 0.616756
vt 0.473208 0.617716
vt 0.473378 0.618671
vt 0.472293 0.693351
vt 0.472799 0.693443
vt 0.526456 0.682465
vt 0.527596 0.682053
vt 0.528031 0.681582
vt 0.530044 0.682113
vt 0.469537 0.694571
vt 0.473255 0.696298
vt 0.474158 0.697246
vt 0.509710 0.716792
vt 0.510569 0.717137
vt 0.511499 0.717354
vt 0.511293 0.718362
vt 0.469782 0.695666
vt 0.598629 0.803180
vt 0.598561 0.802676
vt 0.588370 0.769676
vt 0.587757 0.768743
vt 0.586980 0.768444
vt 0.587898 0.766628
vt 0.599568 0.804021
vt 0.470166 0.688232
vt 0.496146 0.657848
vt 0.496601 0.657103
vt 0.496922 0.656288
vt 0.468398 0.692871
vt 0.512892 0.718298
vt 0.513345 0.718504
vt 0.548254 0.727758
vt 0.549292 0.727759
vt 0.549968 0.727337
vt 0.511846 0.718512
vt 0.531044 0.685064
vt 0.530312 0.685874
vt 0.512887 0.717438
vt 0.512723 0.717905
vt 0.512701 0.718352
vt 0.511846 0.718512
vt 0.585798 0.764242
vt 0.585445 0.763714
vt 0.553411 0.732371
vt 0.552890 0.732076
vt 0.552588 0.732266
vt 0.552053 0.730670
vt 0.587089 0.765017
vt 0.497722 0.759063
vt 0.509620 0.720773
vt 0.509745 0.719905
vt 0.509718 0.719027
vt 0.510889 0.718924
vt 0.497930 0.764049
vt 0.511239 0.717075
vt 0.511557 0.716666
vt 0.528382 0.685700
vt 0.528626 0.684586
vt 0.528293 0.683802
vt 0.501706 0.762957
vt 0.502208 0.762842
vt 0.547205 0.731508
vt 0.548091 0.730677
vt 0.548307 0.730071
vt 0.550362 0.729766
vt 0.499652 0.765173
vt 0.509394 0.719090
vt 0.508679 0.718588
vt 0.472537 0.700975
vt 0.469252 0.697565
vt 0.561156 0.819195
vt 0.618508 0.841029
vt 0.622038 0.844040
vt 0.556242 0.819119
vt 0.527974 0.681467
vt 0.527308 0.680530
vt 0.499547 0.658480
vt 0.499092 0.658227
vt 0.498644 0.658125
vt 0.498629 0.657010
vt 0.530044 0.682113
vt 0.549327 0.732503
vt 0.548246 0.733047
vt 0.503345 0.764510
vt 0.503062 0.764944
vt 0.503686 0.765090
vt 0.500285 0.766100
vt 0.550978 0.730677
vt 0.498452 0.658435
vt 0.497801 0.659097
vt 0.472912 0.691376
vt 0.472450 0.692621
vt 0.472971 0.693447
vt 0.469537 0.694571
vt 0.504929 0.769815
vt 0.550506 0.812498
vt 0.552691 0.816888
vt 0.500489 0.767827
vt 0.503692 0.765335
vt 0.504899 0.765857
vt 0.545140 0.770044
vt 0.546062 0.770027
vt 0.546996 0.769864
vt 0.500285 0.766100
vt 0.511978 0.720403
vt 0.511640 0.721272
vt 0.501495 0.760890
vt 0.501564 0.762221
vt 0.502370 0.762777
vt 0.511577 0.719020
vt 0.555435 0.814313
vt 0.555849 0.814016
vt 0.584781 0.768829
vt 0.585268 0.767751
vt 0.585231 0.767132
vt 0.586988 0.766061
vt 0.554422 0.817069
vt 0.545767 0.772272
vt 0.544916 0.772090
vt 0.504984 0.769916
vt 0.500594 0.768054
vt 0.547064 0.771551
vt 0.469987 0.625257
vt 0.470184 0.688366
vt 0.468458 0.693157
vt 0.468386 0.620782
vt 0.548209 0.729987
vt 0.547225 0.729386
vt 0.513002 0.720012
vt 0.512484 0.719959
vt 0.512032 0.720041
vt 0.550362 0.729766
vt 0.548655 0.770201
vt 0.549145 0.770213
vt 0.584527 0.765080
vt 0.585540 0.764684
vt 0.586137 0.764053
vt 0.547779 0.770805
vt 0.552474 0.732392
vt 0.552105 0.733364
vt 0.548320 0.769404
vt 0.548352 0.769903
vt 0.548506 0.770330
vt 0.632170 0.783531
vt 0.631653 0.783192
vt 0.590733 0.767230
vt 0.590147 0.767162
vt 0.589940 0.767447
vt 0.588862 0.766219
vt 0.633643 0.783739
vt 0.558176 0.815633
vt 0.559456 0.815647
vt 0.597389 0.804059
vt 0.598217 0.803693
vt 0.599002 0.803189
vt 0.555365 0.817636
vt 0.658705 0.814442
vt 0.658451 0.814005
vt 0.636585 0.787532
vt 0.635670 0.786908
vt 0.634844 0.786929
vt 0.634995 0.784908
vt 0.659885 0.814861
vt 0.550406 0.812429
vt 0.546619 0.773690
vt 0.546402 0.772870
vt 0.546045 0.772099
vt 0.547064 0.771551
vt 0.552461 0.816753
vt 0.598783 0.805840
vt 0.597947 0.805999
vt 0.561265 0.819258
vt 0.556469 0.819273
vt 0.599686 0.804685
vt 0.585111 0.767094
vt 0.583993 0.766932
vt 0.549388 0.771719
vt 0.548897 0.771871
vt 0.548517 0.772121
vt 0.547721 0.771373
vt 0.586988 0.766061
vt 0.630552 0.842975
vt 0.692062 0.842364
vt 0.696611 0.843882
vt 0.626073 0.844704
vt 0.600615 0.802867
vt 0.601066 0.802693
vt 0.631330 0.784760
vt 0.632100 0.784023
vt 0.632399 0.783231
vt 0.633643 0.783739
vt 0.600051 0.803739
vt 0.682349 0.783395
vt 0.681775 0.783257
vt 0.637685 0.784258
vt 0.637080 0.784401
vt 0.636917 0.784693
vt 0.635622 0.784090
vt 0.683890 0.782948
vt 0.589886 0.767602
vt 0.589918 0.768611
vt 0.600012 0.802280
vt 0.600227 0.802715
vt 0.600525 0.803038
vt 0.600051 0.803739
vt 0.588862 0.766219
vt 0.618406 0.841031
vt 0.600093 0.806812
vt 0.599584 0.806143
vt 0.598966 0.805575
vt 0.599686 0.804685
vt 0.621814 0.844057
vt 0.623520 0.840600
vt 0.623783 0.840173
vt 0.632988 0.788078
vt 0.633022 0.786911
vt 0.632752 0.786361
vt 0.633949 0.784724
vt 0.623639 0.843493
vt 0.719348 0.801637
vt 0.718941 0.801330
vt 0.688218 0.785248
vt 0.687119 0.785025
vt 0.686354 0.785365
vt 0.685713 0.783430
vt 0.720613 0.801565
vt 0.587094 0.768887
vt 0.586320 0.769786
vt 0.557545 0.815036
vt 0.557456 0.815527
vt 0.558086 0.815408
vt 0.587898 0.766628
vt 0.626502 0.840824
vt 0.627679 0.840355
vt 0.657907 0.815705
vt 0.658523 0.815065
vt 0.659047 0.814314
vt 0.659885 0.814861
vt 0.624706 0.843674
vt 0.548607 0.772462
vt 0.548631 0.773363
vt 0.554461 0.812551
vt 0.555024 0.813713
vt 0.555957 0.813905
vt 0.547721 0.771373
vt 0.660412 0.813393
vt 0.660767 0.813058
vt 0.682058 0.784836
vt 0.682440 0.783898
vt 0.682303 0.783136
vt 0.683890 0.782948
vt 0.660222 0.814416
vt 0.636974 0.784889
vt 0.637439 0.785845
vt 0.659631 0.813085
vt 0.659994 0.813403
vt 0.660391 0.813586
vt 0.660222 0.814416
vt 0.635622 0.784090
vt 0.729165 0.763643
vt 0.728576 0.763739
vt 0.687968 0.781780
vt 0.687463 0.782146
vt 0.687428 0.782481
vt 0.685982 0.782425
vt 0.730420 0.762632
vt 0.659847 0.816833
vt 0.659145 0.817286
vt 0.630668 0.842993
vt 0.626322 0.844762
vt 0.660242 0.815430
vt 0.704033 0.839756
vt 0.760715 0.814278
vt 0.765700 0.813915
vt 0.700622 0.843006
vt 0.632629 0.786371
vt 0.631551 0.786641
vt 0.601864 0.803960
vt 0.601475 0.804283
vt 0.601224 0.804652
vt 0.600216 0.804272
vt 0.635119 0.787282
vt 0.634755 0.788390
vt 0.625702 0.840500
vt 0.625806 0.840989
vt 0.626331 0.840661
vt 0.601435 0.804930
vt 0.601798 0.805745
vt 0.621965 0.839355
vt 0.622919 0.840208
vt 0.623844 0.840037
vt 0.623639 0.843492
vt 0.696666 0.840082
vt 0.696748 0.839585
vt 0.685070 0.787171
vt 0.684646 0.786060
vt 0.684177 0.785640
vt 0.684664 0.783661
vt 0.697910 0.842766
vt 0.699548 0.839121
vt 0.700465 0.838220
vt 0.719095 0.803137
vt 0.719420 0.802292
vt 0.719618 0.801380
vt 0.720613 0.801565
vt 0.698982 0.842520
vt 0.770320 0.766235
vt 0.769826 0.766108
vt 0.735307 0.763086
vt 0.734211 0.763303
vt 0.733643 0.763912
vt 0.732293 0.762371
vt 0.771455 0.765682
vt 0.691955 0.842402
vt 0.661447 0.817260
vt 0.660706 0.816823
vt 0.659900 0.816519
vt 0.696384 0.843978
vt 0.720531 0.799995
vt 0.720729 0.799546
vt 0.729459 0.765094
vt 0.729447 0.764075
vt 0.729024 0.763419
vt 0.730420 0.762632
vt 0.720753 0.801019
vt 0.764775 0.727637
vt 0.764264 0.727989
vt 0.733925 0.759965
vt 0.733640 0.760484
vt 0.733826 0.760784
vt 0.732277 0.761321
vt 0.765526 0.726348
vt 0.687556 0.782640
vt 0.688363 0.783347
vt 0.719683 0.800013
vt 0.720146 0.800167
vt 0.720587 0.800183
vt 0.720753 0.801019
vt 0.721353 0.803414
vt 0.720872 0.804121
vt 0.704138 0.839752
vt 0.700850 0.843010
vt 0.721170 0.801952
vt 0.684065 0.785698
vt 0.683158 0.786366
vt 0.662008 0.813922
vt 0.661769 0.814372
vt 0.661675 0.814813
vt 0.660583 0.814845
vt 0.684664 0.783661
vt 0.771007 0.807232
vt 0.812945 0.762008
vt 0.817321 0.759784
vt 0.769127 0.811549
vt 0.686751 0.785596
vt 0.686843 0.786780
vt 0.698675 0.839143
vt 0.698962 0.839556
vt 0.699324 0.839030
vt 0.764367 0.810402
vt 0.764248 0.809908
vt 0.733151 0.766076
vt 0.732329 0.765216
vt 0.731735 0.765014
vt 0.731415 0.762993
vt 0.766548 0.812384
vt 0.661983 0.814995
vt 0.662643 0.815623
vt 0.694719 0.839507
vt 0.695947 0.839938
vt 0.696747 0.839413
vt 0.697910 0.842766
vt 0.819620 0.751671
vt 0.840770 0.694542
vt 0.843919 0.690863
vt 0.819539 0.756321
vt 0.760603 0.814347
vt 0.722995 0.803171
vt 0.722145 0.803060
vt 0.721287 0.803098
vt 0.721170 0.801952
vt 0.765468 0.814081
vt 0.803455 0.714508
vt 0.802954 0.714581
vt 0.770161 0.725029
vt 0.769239 0.725647
vt 0.768951 0.726422
vt 0.767126 0.725528
vt 0.804284 0.713567
vt 0.766637 0.808381
vt 0.767131 0.807199
vt 0.770669 0.767715
vt 0.770641 0.766811
vt 0.770469 0.765894
vt 0.767434 0.811733
vt 0.814743 0.757086
vt 0.814447 0.756682
vt 0.769319 0.728578
vt 0.768241 0.728108
vt 0.767621 0.728150
vt 0.766556 0.726429
vt 0.817494 0.758063
vt 0.722610 0.800865
vt 0.723462 0.801185
vt 0.762344 0.810635
vt 0.763650 0.810554
vt 0.764194 0.809761
vt 0.721256 0.801276
vt 0.772849 0.767097
vt 0.772681 0.767932
vt 0.771102 0.807186
vt 0.769341 0.811461
vt 0.772117 0.765823
vt 0.731654 0.765111
vt 0.731073 0.766085
vt 0.722217 0.799864
vt 0.722170 0.800374
vt 0.722255 0.800818
vt 0.721256 0.801277
vt 0.731415 0.762993
vt 0.734093 0.763970
vt 0.734636 0.765025
vt 0.765842 0.808737
vt 0.766266 0.809006
vt 0.766396 0.808381
vt 0.732294 0.762371
vt 0.770779 0.764273
vt 0.770789 0.763787
vt 0.765599 0.728883
vt 0.765206 0.727889
vt 0.764583 0.727311
vt 0.771376 0.765126
vt 0.783820 0.681734
vt 0.783472 0.682213
vt 0.767552 0.722811
vt 0.767454 0.723410
vt 0.767664 0.723656
vt 0.766607 0.724639
vt 0.783993 0.680178
vt 0.733950 0.760892
vt 0.734899 0.761245
vt 0.770006 0.764610
vt 0.770491 0.764575
vt 0.770904 0.764421
vt 0.771376 0.765126
vt 0.732277 0.761321
vt 0.816072 0.754391
vt 0.816074 0.753121
vt 0.804336 0.715724
vt 0.803967 0.714910
vt 0.803463 0.714140
vt 0.818066 0.757138
vt 0.812874 0.762112
vt 0.774253 0.766243
vt 0.773436 0.766466
vt 0.772669 0.766828
vt 0.772117 0.765823
vt 0.817183 0.760020
vt 0.814177 0.654820
vt 0.813746 0.655077
vt 0.787703 0.677098
vt 0.787094 0.678013
vt 0.787126 0.678831
vt 0.785114 0.678709
vt 0.814579 0.653644
vt 0.806093 0.714329
vt 0.806257 0.715155
vt 0.819690 0.751593
vt 0.819702 0.756161
vt 0.804942 0.713443
vt 0.767585 0.728269
vt 0.767428 0.729376
vt 0.772269 0.763520
vt 0.772421 0.764003
vt 0.772669 0.764375
vt 0.771934 0.765173
vt 0.766556 0.726429
vt 0.842966 0.682613
vt 0.840827 0.622382
vt 0.842325 0.617810
vt 0.844638 0.686871
vt 0.769383 0.726300
vt 0.770281 0.727055
vt 0.815475 0.755017
vt 0.815968 0.755103
vt 0.815855 0.754488
vt 0.840529 0.689385
vt 0.840107 0.689130
vt 0.788267 0.680655
vt 0.787105 0.680635
vt 0.786555 0.680909
vt 0.784931 0.679746
vt 0.843417 0.689232
vt 0.773010 0.764283
vt 0.773911 0.764251
vt 0.812988 0.758068
vt 0.814146 0.757497
vt 0.814335 0.756567
vt 0.803132 0.712537
vt 0.802958 0.712094
vt 0.785039 0.682521
vt 0.784320 0.681829
vt 0.783569 0.681666
vt 0.804001 0.713087
vt 0.783488 0.631765
vt 0.783378 0.632367
vt 0.784572 0.675890
vt 0.784737 0.676450
vt 0.785076 0.676528
vt 0.784372 0.677989
vt 0.783111 0.630338
vt 0.767865 0.723679
vt 0.768923 0.723604
vt 0.802549 0.713141
vt 0.802982 0.712923
vt 0.803304 0.712622
vt 0.804001 0.713087
vt 0.838095 0.610431
vt 0.813628 0.556111
vt 0.813262 0.551614
vt 0.841413 0.613832
vt 0.840745 0.694662
vt 0.807052 0.713020
vt 0.806390 0.713532
vt 0.805827 0.714152
vt 0.804942 0.713443
vt 0.843883 0.691130
vt 0.801333 0.595859
vt 0.801035 0.596256
vt 0.785420 0.626209
vt 0.785206 0.627277
vt 0.785541 0.628017
vt 0.783651 0.628656
vt 0.801260 0.594630
vt 0.840752 0.686428
vt 0.840272 0.685266
vt 0.815441 0.655595
vt 0.814798 0.654992
vt 0.814047 0.654482
vt 0.814579 0.653644
vt 0.843601 0.688173
vt 0.838675 0.617713
vt 0.838186 0.617637
vt 0.787299 0.629263
vt 0.786224 0.629681
vt 0.785824 0.630138
vt 0.783883 0.629676
vt 0.841258 0.616494
vt 0.805172 0.711705
vt 0.805982 0.711335
vt 0.839301 0.690942
vt 0.840138 0.689985
vt 0.839951 0.689069
vt 0.843417 0.689232
vt 0.804528 0.712920
vt 0.816521 0.653656
vt 0.816982 0.654348
vt 0.843001 0.682518
vt 0.844728 0.686668
vt 0.815134 0.653282
vt 0.786567 0.681031
vt 0.786843 0.682096
vt 0.804206 0.711292
vt 0.804528 0.711673
vt 0.804895 0.711918
vt 0.804528 0.712920
vt 0.787471 0.678555
vt 0.788576 0.678902
vt 0.840438 0.687226
vt 0.840923 0.687116
vt 0.840593 0.686600
vt 0.843601 0.688173
vt 0.813132 0.653134
vt 0.812801 0.652788
vt 0.784925 0.632057
vt 0.783963 0.631640
vt 0.783132 0.631674
vt 0.814137 0.653313
vt 0.764518 0.586166
vt 0.764610 0.586742
vt 0.782051 0.626447
vt 0.782405 0.626940
vt 0.782729 0.626971
vt 0.782673 0.628391
vt 0.763538 0.584939
vt 0.785237 0.676518
vt 0.786139 0.676102
vt 0.812830 0.653910
vt 0.813143 0.653547
vt 0.813323 0.653150
vt 0.837717 0.614921
vt 0.836840 0.614034
vt 0.802789 0.596098
vt 0.801969 0.595785
vt 0.801085 0.595598
vt 0.841007 0.615455
vt 0.840849 0.622504
vt 0.816906 0.652095
vt 0.816493 0.652815
vt 0.816211 0.653597
vt 0.815134 0.653282
vt 0.842393 0.618071
vt 0.767765 0.546267
vt 0.767633 0.546745
vt 0.764055 0.580206
vt 0.764245 0.581272
vt 0.764824 0.581830
vt 0.763305 0.583122
vt 0.767251 0.545155
vt 0.803047 0.593912
vt 0.803731 0.594374
vt 0.838065 0.610314
vt 0.841366 0.613574
vt 0.801633 0.594090
vt 0.806723 0.546432
vt 0.764750 0.504390
vt 0.762762 0.500267
vt 0.810961 0.548368
vt 0.785881 0.630247
vt 0.786541 0.631127
vt 0.813643 0.651572
vt 0.814084 0.651803
vt 0.814516 0.651891
vt 0.814557 0.652956
vt 0.785758 0.627633
vt 0.786906 0.627538
vt 0.837735 0.615770
vt 0.838137 0.615488
vt 0.837632 0.615138
vt 0.841007 0.615455
vt 0.783651 0.628656
vt 0.814688 0.651591
vt 0.815291 0.650945
vt 0.838137 0.619612
vt 0.838548 0.618412
vt 0.838039 0.617630
vt 0.809887 0.552921
vt 0.809402 0.553035
vt 0.766893 0.582344
vt 0.766063 0.583118
vt 0.765874 0.583680
vt 0.763897 0.583977
vt 0.811790 0.550874
vt 0.799739 0.594704
vt 0.799305 0.594510
vt 0.765924 0.585884
vt 0.764937 0.585891
vt 0.764303 0.586301
vt 0.800731 0.594492
vt 0.782884 0.626849
vt 0.783570 0.626066
vt 0.799755 0.595533
vt 0.799906 0.595081
vt 0.799922 0.594649
vt 0.729879 0.550714
vt 0.730213 0.551218
vt 0.760988 0.581485
vt 0.761492 0.581775
vt 0.761792 0.581602
vt 0.762284 0.583120
vt 0.728624 0.549950
vt 0.807988 0.550704
vt 0.806858 0.550205
vt 0.769185 0.545959
vt 0.768322 0.545967
vt 0.767446 0.546114
vt 0.811176 0.550014
vt 0.717863 0.512793
vt 0.717923 0.513281
vt 0.727429 0.545415
vt 0.728014 0.546328
vt 0.728768 0.546631
vt 0.727849 0.548375
vt 0.716961 0.511959
vt 0.813699 0.556180
vt 0.802813 0.592344
vt 0.802704 0.593155
vt 0.802739 0.593970
vt 0.813429 0.551756
vt 0.765867 0.545780
vt 0.765391 0.545758
vt 0.731112 0.549943
vt 0.730136 0.550303
vt 0.729566 0.550896
vt 0.766710 0.545221
vt 0.684634 0.531304
vt 0.685134 0.531640
vt 0.725082 0.547744
vt 0.725658 0.547818
vt 0.725869 0.547544
vt 0.726903 0.548753
vt 0.683183 0.531080
vt 0.761899 0.581483
vt 0.762259 0.580570
vt 0.766183 0.546540
vt 0.766158 0.546068
vt 0.766016 0.545662
vt 0.762284 0.583120
vt 0.768649 0.543843
vt 0.769440 0.544022
vt 0.806658 0.546338
vt 0.810832 0.548153
vt 0.767403 0.544520
vt 0.765965 0.583759
vt 0.766902 0.584325
vt 0.799619 0.593071
vt 0.800115 0.593119
vt 0.800547 0.593040
vt 0.800982 0.594006
vt 0.754615 0.497914
vt 0.698920 0.474880
vt 0.695482 0.471809
vt 0.759383 0.498093
vt 0.764846 0.504433
vt 0.767867 0.542452
vt 0.768062 0.543257
vt 0.768391 0.544016
vt 0.767403 0.544520
vt 0.762976 0.500348
vt 0.760086 0.502775
vt 0.759681 0.503055
vt 0.730907 0.546305
vt 0.730417 0.547342
vt 0.730443 0.547945
vt 0.728724 0.548944
vt 0.761117 0.500125
vt 0.658949 0.500236
vt 0.659192 0.500673
vt 0.680334 0.527267
vt 0.681226 0.527900
vt 0.682039 0.527890
vt 0.681861 0.529896
vt 0.657791 0.499801
vt 0.764876 0.581403
vt 0.765893 0.580899
vt 0.808300 0.551490
vt 0.808573 0.551080
vt 0.807997 0.550933
vt 0.757471 0.501437
vt 0.756218 0.501403
vt 0.719084 0.511963
vt 0.718272 0.512304
vt 0.717499 0.512779
vt 0.716961 0.511959
vt 0.760222 0.499554
vt 0.800591 0.592704
vt 0.800901 0.591894
vt 0.810107 0.554857
vt 0.810038 0.553603
vt 0.809291 0.553060
vt 0.717768 0.510192
vt 0.718583 0.510054
vt 0.754513 0.497851
vt 0.759170 0.497940
vt 0.730558 0.547984
vt 0.731634 0.548167
vt 0.765161 0.544308
vt 0.765638 0.544171
vt 0.766009 0.543939
vt 0.766767 0.544678
vt 0.687086 0.472694
vt 0.626986 0.472396
vt 0.622616 0.470851
vt 0.691525 0.471067
vt 0.715923 0.513058
vt 0.715476 0.513219
vt 0.685476 0.530125
vt 0.684714 0.530828
vt 0.684418 0.531590
vt 0.716486 0.512223
vt 0.635019 0.530161
vt 0.635615 0.530288
vt 0.679039 0.530355
vt 0.679604 0.530208
vt 0.679693 0.529872
vt 0.633584 0.530496
vt 0.725922 0.547395
vt 0.725905 0.546418
vt 0.716506 0.513635
vt 0.716302 0.513211
vt 0.716016 0.512892
vt 0.726903 0.548753
vt 0.728662 0.546201
vt 0.729429 0.545344
vt 0.758073 0.502029
vt 0.758169 0.501553
vt 0.757562 0.501653
vt 0.693969 0.475204
vt 0.693704 0.475613
vt 0.683876 0.526834
vt 0.683824 0.527990
vt 0.684079 0.528547
vt 0.765929 0.543605
vt 0.765922 0.542727
vt 0.760995 0.504510
vt 0.760471 0.503366
vt 0.759571 0.503154
vt 0.761117 0.500125
vt 0.766767 0.544678
vt 0.681773 0.527545
vt 0.682148 0.526460
vt 0.691829 0.475201
vt 0.691734 0.474713
vt 0.691214 0.475019
vt 0.615327 0.474578
vt 0.559153 0.496972
vt 0.554245 0.497144
vt 0.618702 0.471586
vt 0.599421 0.510888
vt 0.599812 0.511204
vt 0.629497 0.528014
vt 0.630563 0.528267
vt 0.631313 0.527950
vt 0.598182 0.510919
vt 0.836837 0.690384
vt 0.788395 0.681914
vt 0.787830 0.681413
vt 0.838339 0.689869
vt 0.299230 0.859091
vt 0.186677 0.859091
vt 0.278909 0.778446
vt 0.632990 0.842133
vt 0.688691 0.840949
vt 0.691929 0.842352
vt 0.630631 0.843003
vt 0.622557 0.836899
vt 0.631712 0.788211
vt 0.632226 0.787643
vt 0.623059 0.838407
vt 0.821384 0.016229
vt 0.821384 0.132995
vt 0.705385 0.119633
vt 0.842614 0.969094
vt 0.920366 0.907543
vt 0.920366 0.987427
vt 0.514268 0.596585
vt 0.530431 0.626222
vt 0.530579 0.626978
vt 0.513579 0.596295
vt 0.841434 0.679434
vt 0.840111 0.624840
vt 0.840858 0.622455
vt 0.842947 0.682481
vt 0.802316 0.715957
vt 0.771617 0.725480
vt 0.770631 0.725553
vt 0.802760 0.715326
vt 0.729480 0.918071
vt 0.651729 0.979621
vt 0.651729 0.899737
vt 0.656940 0.813926
vt 0.636707 0.789045
vt 0.636274 0.788160
vt 0.657689 0.814103
vt 0.564733 0.819017
vt 0.616478 0.839377
vt 0.618419 0.841021
vt 0.561275 0.819231
vt 0.408175 0.915449
vt 0.408175 0.995332
vt 0.330423 0.933782
vt 0.547432 0.586866
vt 0.514557 0.595917
vt 0.513870 0.595618
vt 0.547831 0.586532
vt 0.846522 0.226958
vt 0.765877 0.206637
vt 0.846522 0.114405
vt 0.497379 0.558498
vt 0.475479 0.610425
vt 0.472848 0.612832
vt 0.497550 0.555960
vt 0.789546 0.677428
vt 0.838340 0.685653
vt 0.839228 0.686205
vt 0.788577 0.677931
vt 0.783677 0.222048
vt 0.783677 0.338814
vt 0.667678 0.325452
vt 0.660531 0.811560
vt 0.680844 0.784980
vt 0.681471 0.784538
vt 0.660548 0.812298
vt 0.182455 0.949021
vt 0.182455 0.865855
vt 0.291597 0.893356
vt 0.476670 0.617422
vt 0.526590 0.627911
vt 0.527152 0.628449
vt 0.475081 0.617901
vt 0.497574 0.549533
vt 0.497071 0.550680
vt 0.002691 0.603809
vt 0.002691 0.448412
vt 0.089854 0.526110
vt 0.785908 0.675201
vt 0.811342 0.653742
vt 0.812069 0.653730
vt 0.785688 0.675661
vt 0.871660 0.208673
vt 0.871660 0.321226
vt 0.791016 0.300905
vt 0.554386 0.819525
vt 0.555541 0.819962
vt 0.621938 0.845042
vt 0.623093 0.845479
vt 0.624400 0.845972
vt 0.636227 0.789380
vt 0.627313 0.838404
vt 0.626745 0.839292
vt 0.635733 0.788401
vt 0.726673 0.551153
vt 0.760447 0.584554
vt 0.760893 0.584995
vt 0.761385 0.585482
vt 0.755722 0.589099
vt 0.723097 0.556772
vt 0.761310 0.585602
vt 0.761563 0.586178
vt 0.780791 0.629841
vt 0.774041 0.631368
vt 0.755722 0.589099
vt 0.782089 0.677729
vt 0.782106 0.678361
vt 0.782128 0.679058
vt 0.775692 0.677633
vt 0.780791 0.629841
vt 0.781979 0.679090
vt 0.781748 0.679680
vt 0.764640 0.723442
vt 0.764410 0.724031
vt 0.764153 0.724682
vt 0.758528 0.720825
vt 0.764007 0.724659
vt 0.763566 0.725122
vt 0.730780 0.759462
vt 0.730338 0.759925
vt 0.729850 0.760436
vt 0.726078 0.754674
vt 0.729723 0.760358
vt 0.729134 0.760620
vt 0.685441 0.780093
vt 0.684852 0.780355
vt 0.684202 0.780643
vt 0.682927 0.773642
vt 0.726078 0.754674
vt 0.636007 0.781854
vt 0.635367 0.781871
vt 0.634661 0.781894
vt 0.636114 0.775392
vt 0.682927 0.773642
vt 0.684119 0.780523
vt 0.683479 0.780541
vt 0.634631 0.781743
vt 0.634038 0.781508
vt 0.590029 0.764133
vt 0.589436 0.763899
vt 0.588782 0.763639
vt 0.592736 0.757963
vt 0.588806 0.763486
vt 0.588342 0.763030
vt 0.553211 0.728444
vt 0.558870 0.724478
vt 0.592736 0.757963
vt 0.533671 0.682965
vt 0.533413 0.682365
vt 0.533130 0.681703
vt 0.472533 0.700868
vt 0.497792 0.759180
vt 0.498097 0.764291
vt 0.469258 0.697331
vt 0.552137 0.585373
vt 0.587501 0.551013
vt 0.591259 0.556617
vt 0.542111 0.633304
vt 0.633031 0.532737
vt 0.634401 0.539306
vt 0.591259 0.556617
vt 0.681831 0.532935
vt 0.680642 0.539489
vt 0.634401 0.539306
vt 0.726673 0.551153
vt 0.723097 0.556772
vt 0.525866 0.681285
vt 0.525229 0.681263
vt 0.525653 0.681171
vt 0.526102 0.681211
vt 0.524611 0.681272
vt 0.525184 0.681164
vt 0.879247 0.077443
vt 0.881348 0.076009
vt 0.882019 0.077325
vt 0.525321 0.680314
vt 0.525788 0.680553
vt 0.526040 0.680745
vt 0.525866 0.680645
vt 0.526342 0.680908
vt 0.525664 0.681141
vt 0.545609 0.730883
vt 0.545962 0.730631
vt 0.546390 0.730490
vt 0.545045 0.731135
vt 0.545529 0.730809
vt 0.777123 0.842587
vt 0.779224 0.841153
vt 0.779895 0.842469
vt 0.545319 0.729972
vt 0.545842 0.730007
vt 0.546150 0.730085
vt 0.545950 0.730061
vt 0.546491 0.730116
vt 0.545961 0.730599
vt 0.583063 0.767960
vt 0.582666 0.768076
vt 0.582358 0.768124
vt 0.583083 0.768344
vt 0.582650 0.768657
vt 0.582441 0.769023
vt 0.581950 0.769493
vt 0.582131 0.768844
vt 0.876695 0.445512
vt 0.876695 0.446981
vt 0.874035 0.446304
vt 0.581754 0.768313
vt 0.582149 0.768253
vt 0.582741 0.768050
vt 0.631543 0.787651
vt 0.631289 0.787867
vt 0.631026 0.788028
vt 0.631730 0.787973
vt 0.631534 0.788364
vt 0.631466 0.788777
vt 0.631254 0.789337
vt 0.631361 0.788784
vt 0.185472 0.860984
vt 0.183568 0.859296
vt 0.184680 0.858324
vt 0.630646 0.788366
vt 0.631137 0.787990
vt 0.631511 0.788344
vt 0.683912 0.788390
vt 0.683814 0.787977
vt 0.683846 0.787536
vt 0.683931 0.788995
vt 0.683815 0.788436
vt 0.217892 0.614823
vt 0.217569 0.612299
vt 0.219046 0.612299
vt 0.682980 0.788315
vt 0.683206 0.787854
vt 0.683390 0.787604
vt 0.683295 0.787776
vt 0.683545 0.787305
vt 0.683785 0.787966
vt 0.731798 0.766800
vt 0.731772 0.767137
vt 0.731698 0.767440
vt 0.732166 0.766895
vt 0.732308 0.767315
vt 0.732558 0.767658
vt 0.732811 0.768210
vt 0.732487 0.767738
vt 0.851557 0.580629
vt 0.849869 0.582534
vt 0.848897 0.581422
vt 0.731669 0.767955
vt 0.731750 0.767334
vt 0.732277 0.767316
vt 0.768362 0.729754
vt 0.768466 0.730071
vt 0.768515 0.730376
vt 0.768734 0.729701
vt 0.769023 0.730029
vt 0.769383 0.730247
vt 0.769824 0.730654
vt 0.769349 0.730347
vt 0.895440 0.700152
vt 0.893338 0.701586
vt 0.892667 0.700271
vt 0.768686 0.730856
vt 0.768522 0.730259
vt 0.768995 0.730042
vt 0.787839 0.682089
vt 0.788055 0.682338
vt 0.788215 0.682596
vt 0.788158 0.681900
vt 0.788547 0.682089
vt 0.788958 0.682151
vt 0.789514 0.682354
vt 0.788964 0.682255
vt 0.429378 0.898582
vt 0.427944 0.896481
vt 0.429260 0.895810
vt 0.788552 0.682969
vt 0.788177 0.682487
vt 0.788526 0.682112
vt 0.788509 0.630381
vt 0.788108 0.630478
vt 0.787678 0.630449
vt 0.789099 0.630359
vt 0.788555 0.630474
vt 0.688777 0.004217
vt 0.691301 0.003894
vt 0.691301 0.005371
vt 0.788448 0.631288
vt 0.787996 0.631070
vt 0.787750 0.630892
vt 0.787919 0.630984
vt 0.787457 0.630744
vt 0.788097 0.630506
vt 0.767612 0.583630
vt 0.767939 0.583658
vt 0.768233 0.583731
vt 0.767705 0.583279
vt 0.768113 0.583147
vt 0.768446 0.582911
vt 0.768982 0.582673
vt 0.768524 0.582979
vt 0.901724 0.821130
vt 0.899623 0.822564
vt 0.898952 0.821248
vt 0.768734 0.583762
vt 0.768130 0.583679
vt 0.768114 0.583176
vt 0.732037 0.547262
vt 0.732350 0.547167
vt 0.732650 0.547127
vt 0.731995 0.546898
vt 0.732325 0.546624
vt 0.732549 0.546279
vt 0.732959 0.545859
vt 0.732646 0.546314
vt 0.666781 0.332585
vt 0.669305 0.332262
vt 0.669305 0.333739
vt 0.733125 0.546973
vt 0.732535 0.547118
vt 0.732338 0.546651
vt 0.680627 0.525649
vt 0.680529 0.525136
vt 0.680626 0.524738
vt 0.680357 0.525906
vt 0.680155 0.525556
vt 0.679971 0.525316
vt 0.679671 0.524776
vt 0.679909 0.525083
vt 0.878518 0.798472
vt 0.880931 0.797166
vt 0.881290 0.798591
vt 0.680592 0.524076
vt 0.680287 0.524654
vt 0.680191 0.525626
vt 0.633779 0.525116
vt 0.633864 0.525520
vt 0.633824 0.525949
vt 0.633773 0.524526
vt 0.633873 0.525073
vt 0.129089 0.698204
vt 0.129412 0.700727
vt 0.127935 0.700727
vt 0.634685 0.525206
vt 0.634455 0.525651
vt 0.634269 0.525891
vt 0.634366 0.525725
vt 0.634113 0.526179
vt 0.633893 0.525532
vt 0.585313 0.543630
vt 0.585547 0.543975
vt 0.585672 0.544390
vt 0.585083 0.543081
vt 0.585386 0.543555
vt 0.617965 0.375758
vt 0.615442 0.376081
vt 0.615442 0.374604
vt 0.586197 0.543373
vt 0.586151 0.543875
vt 0.586068 0.544169
vt 0.586096 0.543977
vt 0.586031 0.544496
vt 0.585578 0.543975
vt 0.548312 0.579886
vt 0.548221 0.579567
vt 0.548185 0.579261
vt 0.547936 0.579925
vt 0.547660 0.579586
vt 0.547307 0.579354
vt 0.546881 0.578931
vt 0.547526 0.579237
vt 0.246669 0.794304
vt 0.246669 0.795773
vt 0.244009 0.795096
vt 0.548035 0.578776
vt 0.548081 0.579176
vt 0.548242 0.579624
vt 0.527175 0.627750
vt 0.526963 0.627486
vt 0.526808 0.627213
vt 0.526836 0.627934
vt 0.526441 0.627725
vt 0.526017 0.627646
vt 0.525449 0.627417
vt 0.526177 0.627449
vt 0.293227 0.891816
vt 0.294652 0.892175
vt 0.293346 0.894588
vt 0.526476 0.626816
vt 0.526676 0.627173
vt 0.527004 0.627531
vt 0.503478 0.759688
vt 0.503813 0.759128
vt 0.504076 0.758955
vt 0.503185 0.759518
vt 0.503422 0.759013
vt 0.503529 0.758610
vt 0.503837 0.758037
vt 0.503709 0.758519
vt 0.836269 0.953002
vt 0.836090 0.955252
vt 0.834947 0.955252
vt 0.504388 0.758520
vt 0.503909 0.758635
vt 0.503374 0.759165
vt 0.471221 0.685029
vt 0.471236 0.685529
vt 0.471062 0.686104
vt 0.471371 0.684348
vt 0.471362 0.685006
vt 0.880606 0.378351
vt 0.878251 0.378169
vt 0.878251 0.376945
vt 0.472156 0.685079
vt 0.471869 0.685681
vt 0.471605 0.686015
vt 0.471680 0.685849
vt 0.471380 0.686429
vt 0.471281 0.685545
vt 0.549959 0.810361
vt 0.549820 0.809926
vt 0.549765 0.809515
vt 0.549505 0.810363
vt 0.549216 0.809854
vt 0.548845 0.809526
vt 0.548462 0.808962
vt 0.548930 0.809414
vt 0.992959 0.188675
vt 0.991354 0.190409
vt 0.990395 0.189649
vt 0.549536 0.808911
vt 0.549755 0.809762
vt 0.549260 0.809835
vt 0.621784 0.836436
vt 0.621987 0.836781
vt 0.622171 0.837283
vt 0.621602 0.835840
vt 0.621844 0.836252
vt 0.278088 0.776651
vt 0.280313 0.776275
vt 0.280593 0.777384
vt 0.622306 0.835785
vt 0.622392 0.836291
vt 0.622331 0.836589
vt 0.622058 0.836192
vt 0.622487 0.837195
vt 0.622058 0.836917
vt 0.687752 0.840631
vt 0.688219 0.840584
vt 0.688941 0.840860
vt 0.686955 0.840411
vt 0.687596 0.840395
vt 0.946612 0.328511
vt 0.948967 0.328693
vt 0.948967 0.329917
vt 0.687679 0.839617
vt 0.688466 0.840038
vt 0.688792 0.840287
vt 0.688567 0.840168
vt 0.689321 0.840593
vt 0.688191 0.840506
vt 0.758500 0.813977
vt 0.758038 0.813941
vt 0.757634 0.813837
vt 0.758333 0.814393
vt 0.757747 0.814467
vt 0.757304 0.814681
vt 0.756632 0.814819
vt 0.757227 0.814563
vt 0.423593 0.903493
vt 0.425197 0.901760
vt 0.426157 0.902519
vt 0.756979 0.813819
vt 0.757860 0.813940
vt 0.757744 0.814419
vt 0.810817 0.762575
vt 0.810384 0.762718
vt 0.809974 0.762777
vt 0.810826 0.763022
vt 0.810321 0.763314
vt 0.809999 0.763681
vt 0.809440 0.764065
vt 0.809885 0.763601
vt 0.220697 0.958158
vt 0.219378 0.956198
vt 0.220338 0.955439
vt 0.809373 0.763011
vt 0.810221 0.762785
vt 0.810301 0.763271
vt 0.839044 0.695862
vt 0.838703 0.696156
vt 0.838351 0.696364
vt 0.839221 0.696267
vt 0.838871 0.696723
vt 0.838716 0.697180
vt 0.838352 0.697742
vt 0.838499 0.696919
vt 0.005451 0.958158
vt 0.004257 0.957876
vt 0.005092 0.955439
vt 0.837891 0.696804
vt 0.838330 0.696541
vt 0.838797 0.696075
vt 0.839743 0.624248
vt 0.839542 0.624647
vt 0.839298 0.624971
vt 0.840058 0.624550
vt 0.839910 0.625101
vt 0.839940 0.625577
vt 0.839818 0.626229
vt 0.839643 0.625423
vt 0.841296 0.970727
vt 0.840102 0.970445
vt 0.840937 0.968008
vt 0.839043 0.625549
vt 0.839346 0.625141
vt 0.839597 0.624537
vt 0.813334 0.558238
vt 0.813298 0.558678
vt 0.813196 0.559067
vt 0.813735 0.558395
vt 0.813805 0.558955
vt 0.814011 0.559380
vt 0.814143 0.560022
vt 0.813681 0.559350
vt 0.956039 0.501336
vt 0.957001 0.500574
vt 0.958394 0.502742
vt 0.813178 0.559692
vt 0.813304 0.559205
vt 0.813308 0.558557
vt 0.760008 0.507208
vt 0.759961 0.506817
vt 0.759993 0.506293
vt 0.759937 0.507816
vt 0.759882 0.507349
vt 0.669305 0.457818
vt 0.668123 0.459741
vt 0.667104 0.459221
vt 0.759282 0.507587
vt 0.759404 0.507098
vt 0.759576 0.506854
vt 0.759665 0.507318
vt 0.759674 0.506247
vt 0.759950 0.506667
vt 0.684973 0.473526
vt 0.684433 0.473690
vt 0.683957 0.473675
vt 0.685287 0.473830
vt 0.684901 0.474043
vt 0.684589 0.474296
vt 0.684028 0.474568
vt 0.684420 0.474253
vt 0.925389 0.590726
vt 0.926782 0.588559
vt 0.927744 0.589320
vt 0.683315 0.473816
vt 0.684128 0.473966
vt 0.685007 0.473984
vt 0.624661 0.477328
vt 0.625023 0.477833
vt 0.625074 0.478128
vt 0.624922 0.477136
vt 0.625272 0.477534
vt 0.625585 0.477780
vt 0.625966 0.478266
vt 0.625338 0.477694
vt 0.003857 0.700727
vt 0.002919 0.700727
vt 0.002454 0.698527
vt 0.625335 0.478565
vt 0.625271 0.478218
vt 0.625075 0.477829
vt 0.558566 0.502427
vt 0.559098 0.502762
vt 0.559259 0.503019
vt 0.558737 0.502149
vt 0.559218 0.502389
vt 0.559604 0.502501
vt 0.560148 0.502812
vt 0.559341 0.502514
vt 0.615442 0.250525
vt 0.615442 0.249587
vt 0.617642 0.249122
vt 0.559670 0.503330
vt 0.559478 0.503029
vt 0.559146 0.502739
vt 0.507401 0.550898
vt 0.506996 0.550942
vt 0.506453 0.550901
vt 0.508031 0.550979
vt 0.507548 0.551030
vt 0.162336 0.701688
vt 0.161960 0.699463
vt 0.163069 0.699184
vt 0.507784 0.551645
vt 0.507278 0.551513
vt 0.507029 0.551335
vt 0.507514 0.551251
vt 0.506401 0.551226
vt 0.506841 0.550951
vt 0.475547 0.611154
vt 0.476048 0.610793
vt 0.476412 0.610595
vt 0.475457 0.610693
vt 0.476010 0.610141
vt 0.476159 0.609691
vt 0.476691 0.609046
vt 0.476441 0.609644
vt 0.410067 0.996240
vt 0.408462 0.997973
vt 0.407503 0.997214
vt 0.477126 0.610043
vt 0.476251 0.610634
vt 0.476092 0.610148
vt 0.600848 0.510621
vt 0.601165 0.510597
vt 0.601503 0.510732
vt 0.600837 0.510045
vt 0.601168 0.509969
vt 0.601471 0.509522
vt 0.601853 0.509377
vt 0.601154 0.510372
vt 0.176912 0.918199
vt 0.177140 0.919104
vt 0.174800 0.920687
vt 0.601879 0.510729
vt 0.601665 0.510604
vt 0.600933 0.510531
vt 0.657780 0.503254
vt 0.657614 0.503003
vt 0.657619 0.502778
vt 0.657804 0.503573
vt 0.657664 0.503398
vt 0.091078 0.081600
vt 0.091693 0.083939
vt 0.091078 0.084487
vt 0.657066 0.503565
vt 0.657093 0.503248
vt 0.657259 0.503000
vt 0.657447 0.502953
vt 0.657257 0.502775
vt 0.657518 0.502825
vt 0.720262 0.513239
vt 0.719743 0.513344
vt 0.719455 0.513171
vt 0.720631 0.513400
vt 0.720239 0.513516
vt 0.095394 0.078439
vt 0.092669 0.078572
vt 0.092218 0.077688
vt 0.719735 0.514378
vt 0.719463 0.514120
vt 0.719314 0.513787
vt 0.719366 0.513601
vt 0.719070 0.513586
vt 0.719456 0.513388
vt 0.764802 0.546885
vt 0.764648 0.547046
vt 0.764356 0.547105
vt 0.765057 0.547139
vt 0.764897 0.547294
vt 0.764839 0.547588
vt 0.764635 0.547830
vt 0.764797 0.547127
vt 0.791853 0.475457
vt 0.791853 0.476280
vt 0.789698 0.477378
vt 0.764117 0.547311
vt 0.764336 0.547287
vt 0.764839 0.546989
vt 0.802764 0.597861
vt 0.802305 0.597573
vt 0.802219 0.597246
vt 0.802922 0.598238
vt 0.802548 0.598047
vt 0.305182 0.845272
vt 0.303043 0.843578
vt 0.303285 0.842616
vt 0.801570 0.598303
vt 0.801555 0.597929
vt 0.801678 0.597589
vt 0.801842 0.597494
vt 0.801644 0.597273
vt 0.802062 0.597404
vt 0.818009 0.653556
vt 0.818356 0.653569
vt 0.818762 0.653937
vt 0.817992 0.652831
vt 0.818339 0.652800
vt 0.818728 0.652397
vt 0.819152 0.652292
vt 0.818915 0.652611
vt 0.922258 0.987116
vt 0.920563 0.989417
vt 0.919629 0.989197
vt 0.819186 0.654013
vt 0.818197 0.653168
vt 0.818068 0.653033
vt 0.803052 0.716982
vt 0.802928 0.716444
vt 0.803100 0.716146
vt 0.802895 0.717367
vt 0.802763 0.716960
vt 0.566409 0.916918
vt 0.563921 0.915798
vt 0.563921 0.914806
vt 0.801872 0.716444
vt 0.802130 0.716163
vt 0.802463 0.716005
vt 0.802649 0.716054
vt 0.802665 0.715752
vt 0.802873 0.716147
vt 0.773997 0.768097
vt 0.774239 0.768357
vt 0.774266 0.768917
vt 0.774508 0.767559
vt 0.774781 0.767786
vt 0.775354 0.767776
vt 0.775735 0.768006
vt 0.775334 0.768065
vt 0.301658 0.974547
vt 0.299964 0.976848
vt 0.299030 0.976628
vt 0.774518 0.769278
vt 0.774414 0.767950
vt 0.774418 0.767759
vt 0.719177 0.798319
vt 0.719438 0.798486
vt 0.719528 0.798699
vt 0.719021 0.798030
vt 0.719226 0.798136
vt 0.517751 0.084493
vt 0.517137 0.082154
vt 0.517751 0.081606
vt 0.719715 0.797732
vt 0.719822 0.798041
vt 0.719771 0.798342
vt 0.719616 0.798463
vt 0.719867 0.798552
vt 0.719603 0.798613
vt 0.659817 0.811340
vt 0.659992 0.811593
vt 0.659992 0.811822
vt 0.659785 0.811016
vt 0.659932 0.811191
vt 0.785569 0.338768
vt 0.784232 0.340783
vt 0.783414 0.340689
vt 0.660535 0.811008
vt 0.660515 0.811332
vt 0.660352 0.811588
vt 0.660163 0.811640
vt 0.660359 0.811818
vt 0.660093 0.811772
vt 0.596139 0.802751
vt 0.596683 0.802629
vt 0.596982 0.802806
vt 0.595752 0.802590
vt 0.596164 0.802459
vt 0.851484 0.454858
vt 0.852604 0.452370
vt 0.853596 0.452370
vt 0.596696 0.801567
vt 0.596977 0.801829
vt 0.597132 0.802165
vt 0.597081 0.802351
vt 0.597385 0.802371
vt 0.596984 0.802577
vt 0.545068 0.774790
vt 0.545063 0.774216
vt 0.545294 0.773942
vt 0.544834 0.775172
vt 0.544778 0.774770
vt 0.990330 0.106114
vt 0.992959 0.107235
vt 0.992959 0.108195
vt 0.543553 0.773933
vt 0.543919 0.773684
vt 0.544488 0.773664
vt 0.544903 0.773848
vt 0.544752 0.773422
vt 0.545094 0.773851
vt 0.514372 0.717641
vt 0.514587 0.717546
vt 0.514893 0.717601
vt 0.514228 0.717295
vt 0.514446 0.717206
vt 0.514620 0.716943
vt 0.514917 0.716788
vt 0.514806 0.716995
vt 0.125727 0.801280
vt 0.123712 0.799943
vt 0.123806 0.799125
vt 0.515209 0.717495
vt 0.514467 0.717387
vt 0.514315 0.717372
vt 0.501736 0.656839
vt 0.501971 0.656836
vt 0.502230 0.657007
vt 0.501739 0.656464
vt 0.501974 0.656468
vt 0.502237 0.656294
vt 0.502570 0.656268
vt 0.502387 0.656415
vt 0.694690 0.003179
vt 0.696027 0.001163
vt 0.696845 0.001258
vt 0.502561 0.657034
vt 0.501922 0.656643
vt 0.501788 0.656569
vt 0.513193 0.592500
vt 0.513405 0.592255
vt 0.513746 0.592110
vt 0.512771 0.592090
vt 0.512955 0.591798
vt 0.512852 0.591256
vt 0.513023 0.590876
vt 0.513236 0.592101
vt 0.202874 0.598277
vt 0.203577 0.597662
vt 0.206050 0.599028
vt 0.514015 0.591839
vt 0.513771 0.591902
vt 0.513191 0.592374
vt 0.549236 0.541394
vt 0.549124 0.541928
vt 0.548845 0.542125
vt 0.549537 0.541112
vt 0.549487 0.541532
vt 0.751658 0.835773
vt 0.754146 0.836893
vt 0.754146 0.837885
vt 0.550078 0.542367
vt 0.549729 0.542513
vt 0.549362 0.542516
vt 0.549213 0.542392
vt 0.549075 0.542659
vt 0.549050 0.542217
vt 0.636489 0.529085
vt 0.636809 0.528944
vt 0.637058 0.528959
vt 0.636348 0.528845
vt 0.636587 0.528644
vt 0.636762 0.528430
vt 0.637114 0.528146
vt 0.636706 0.528561
vt 0.000794 0.004610
vt 0.000794 0.003317
vt 0.003237 0.003305
vt 0.637449 0.528839
vt 0.637119 0.528836
vt 0.636804 0.528913
vt 0.654299 0.499990
vt 0.653962 0.500042
vt 0.653516 0.499749
vt 0.654501 0.500524
vt 0.654195 0.500618
vt 0.653928 0.500873
vt 0.653573 0.501011
vt 0.653728 0.500812
vt 0.040376 0.624172
vt 0.042849 0.622806
vt 0.043551 0.623420
vt 0.653109 0.499759
vt 0.654123 0.500403
vt 0.654388 0.500471
vt 0.677879 0.529353
vt 0.678133 0.529349
vt 0.678394 0.529430
vt 0.677539 0.529280
vt 0.677870 0.529284
vt 0.003237 0.162792
vt 0.000794 0.162780
vt 0.000794 0.161487
vt 0.677871 0.528594
vt 0.678154 0.528806
vt 0.678328 0.529022
vt 0.678239 0.528971
vt 0.678520 0.529174
vt 0.678152 0.529332
vt 0.631141 0.474151
vt 0.630684 0.474190
vt 0.629988 0.473910
vt 0.631913 0.474377
vt 0.631286 0.474384
vt 0.927744 0.692579
vt 0.925389 0.692396
vt 0.925389 0.691172
vt 0.631187 0.475144
vt 0.630431 0.474721
vt 0.630119 0.474473
vt 0.630335 0.474592
vt 0.629611 0.474166
vt 0.630708 0.474266
vt 0.629155 0.526396
vt 0.628870 0.525955
vt 0.628810 0.525550
vt 0.629002 0.526735
vt 0.628682 0.526486
vt 0.628420 0.526331
vt 0.627937 0.525941
vt 0.628274 0.526138
vt 0.146377 0.807904
vt 0.148790 0.806598
vt 0.149149 0.808022
vt 0.628528 0.524947
vt 0.628463 0.525597
vt 0.628742 0.526537
vt 0.656667 0.495641
vt 0.657050 0.496035
vt 0.657075 0.496380
vt 0.656577 0.495222
vt 0.656879 0.495461
vt 0.990842 0.639278
vt 0.991594 0.642035
vt 0.990841 0.642631
vt 0.658292 0.495203
vt 0.658203 0.495628
vt 0.657818 0.496029
vt 0.657402 0.496182
vt 0.657798 0.496375
vt 0.657271 0.496308
vt 0.619702 0.478267
vt 0.619642 0.477969
vt 0.619696 0.477534
vt 0.619682 0.478659
vt 0.619616 0.478309
vt 0.091326 0.920687
vt 0.089577 0.919273
vt 0.090003 0.918437
vt 0.618995 0.478626
vt 0.619064 0.478218
vt 0.619259 0.477870
vt 0.619321 0.477926
vt 0.619358 0.477505
vt 0.619612 0.477950
vt 0.689996 0.477598
vt 0.690053 0.477300
vt 0.690267 0.476917
vt 0.689830 0.477954
vt 0.689900 0.477605
vt 0.823475 0.911260
vt 0.821726 0.909846
vt 0.822152 0.909010
vt 0.689207 0.477668
vt 0.689424 0.477315
vt 0.689736 0.477066
vt 0.689772 0.477141
vt 0.689964 0.476764
vt 0.690032 0.477272
vt 0.660369 0.500524
vt 0.660672 0.500620
vt 0.660934 0.500872
vt 0.660576 0.499987
vt 0.660911 0.500041
vt 0.661359 0.499740
vt 0.661768 0.499749
vt 0.660746 0.500409
vt 0.909062 0.908772
vt 0.909290 0.909677
vt 0.906950 0.911260
vt 0.661283 0.501010
vt 0.661132 0.500815
vt 0.660482 0.500473
vt 0.700669 0.477510
vt 0.701021 0.477985
vt 0.701214 0.478334
vt 0.701116 0.477414
vt 0.701654 0.477937
vt 0.702093 0.478074
vt 0.702722 0.478574
vt 0.701998 0.478581
vt 0.927746 0.991095
vt 0.926784 0.991856
vt 0.925391 0.989689
vt 0.701751 0.479011
vt 0.701510 0.478581
vt 0.700925 0.477856
vt 0.685285 0.527311
vt 0.685537 0.527105
vt 0.685798 0.526954
vt 0.685106 0.526988
vt 0.685304 0.526608
vt 0.685377 0.526203
vt 0.685593 0.525656
vt 0.685567 0.526353
vt 0.930012 0.305796
vt 0.929653 0.307221
vt 0.927239 0.305915
vt 0.686177 0.526631
vt 0.685835 0.526827
vt 0.685494 0.527145
vt 0.613658 0.476160
vt 0.613217 0.476517
vt 0.612766 0.476682
vt 0.614066 0.476326
vt 0.613786 0.476670
vt 0.613589 0.477023
vt 0.613168 0.477489
vt 0.613416 0.477047
vt 0.912816 0.788689
vt 0.914209 0.786521
vt 0.915171 0.787283
vt 0.612220 0.477056
vt 0.613035 0.476890
vt 0.613863 0.476575
vt 0.599475 0.514143
vt 0.599225 0.513971
vt 0.599145 0.513760
vt 0.599618 0.514431
vt 0.599421 0.514321
vt 0.665849 0.137520
vt 0.666947 0.135365
vt 0.667770 0.135365
vt 0.598927 0.514702
vt 0.598832 0.514397
vt 0.598894 0.514102
vt 0.599052 0.513988
vt 0.598807 0.513894
vt 0.599069 0.513842
vt 0.589351 0.546297
vt 0.589596 0.546044
vt 0.589833 0.545965
vt 0.589129 0.546127
vt 0.589276 0.545848
vt 0.589359 0.545583
vt 0.589580 0.545185
vt 0.589356 0.545726
vt 0.682006 0.255067
vt 0.681145 0.256032
vt 0.679314 0.254416
vt 0.590153 0.545705
vt 0.589844 0.545826
vt 0.589579 0.546017
vt 0.628006 0.530887
vt 0.628241 0.530787
vt 0.628514 0.530764
vt 0.627662 0.530948
vt 0.627972 0.530826
vt 0.785439 0.135365
vt 0.787255 0.136999
vt 0.786394 0.137964
vt 0.627714 0.530183
vt 0.628056 0.530273
vt 0.628299 0.530408
vt 0.628198 0.530395
vt 0.628535 0.530477
vt 0.628252 0.530764
vt 0.594988 0.512421
vt 0.594693 0.512597
vt 0.594163 0.512491
vt 0.595380 0.512843
vt 0.595130 0.513048
vt 0.594976 0.513387
vt 0.594697 0.513651
vt 0.594767 0.513406
vt 0.692003 0.287047
vt 0.693368 0.289520
vt 0.692754 0.290223
vt 0.593785 0.512656
vt 0.594981 0.512874
vt 0.595254 0.512837
vt 0.563677 0.497042
vt 0.563265 0.497251
vt 0.562510 0.497252
vt 0.564482 0.496962
vt 0.563900 0.497205
vt 0.915171 0.890542
vt 0.912816 0.890360
vt 0.912816 0.889136
vt 0.564093 0.497952
vt 0.563229 0.497842
vt 0.562844 0.497728
vt 0.563091 0.497758
vt 0.562256 0.497633
vt 0.563316 0.497313
vt 0.581474 0.546576
vt 0.581041 0.546273
vt 0.580829 0.545917
vt 0.581461 0.546952
vt 0.581068 0.546841
vt 0.580765 0.546797
vt 0.580166 0.546617
vt 0.580555 0.546672
vt 0.641363 0.866308
vt 0.640057 0.863894
vt 0.641482 0.863536
vt 0.580337 0.545461
vt 0.580524 0.546094
vt 0.581143 0.546866
vt 0.595568 0.507464
vt 0.596074 0.507686
vt 0.596227 0.507999
vt 0.595326 0.507106
vt 0.595698 0.507216
vt 0.978272 0.837236
vt 0.979025 0.839993
vt 0.978272 0.840589
vt 0.596919 0.506442
vt 0.596996 0.506872
vt 0.596787 0.507391
vt 0.596457 0.507691
vt 0.596899 0.507722
vt 0.596382 0.507858
vt 0.554281 0.505189
vt 0.554111 0.504932
vt 0.553995 0.504504
vt 0.554412 0.505563
vt 0.554216 0.505261
vt 0.754146 0.921359
vt 0.752732 0.923108
vt 0.751896 0.922682
vt 0.553759 0.505796
vt 0.553667 0.505386
vt 0.553716 0.504986
vt 0.553795 0.505016
vt 0.553668 0.504607
vt 0.554075 0.504927
vt 0.548093 0.506346
vt 0.548141 0.505941
vt 0.548271 0.505511
vt 0.547878 0.506943
vt 0.547940 0.506435
vt 0.562846 0.922299
vt 0.562011 0.919861
vt 0.563205 0.919579
vt 0.546825 0.506903
vt 0.547192 0.506344
vt 0.547550 0.506016
vt 0.547523 0.506434
vt 0.547826 0.505513
vt 0.548176 0.505822
vt 0.548431 0.546491
vt 0.548592 0.546653
vt 0.548648 0.546951
vt 0.548693 0.546238
vt 0.548850 0.546404
vt 0.549148 0.546469
vt 0.549392 0.546683
vt 0.549167 0.546656
vt 0.092604 0.528749
vt 0.094943 0.528135
vt 0.095491 0.528749
vt 0.548854 0.547200
vt 0.548695 0.546486
vt 0.548655 0.546343
vt 0.552098 0.580303
vt 0.552229 0.579975
vt 0.552419 0.579810
vt 0.551826 0.580229
vt 0.551856 0.579914
vt 0.551830 0.579634
vt 0.551883 0.579180
vt 0.551883 0.579769
vt 0.015609 0.619028
vt 0.014316 0.619028
vt 0.014304 0.616586
vt 0.552616 0.579446
vt 0.552375 0.579678
vt 0.552203 0.579956
vt 0.582135 0.551204
vt 0.582314 0.551021
vt 0.582559 0.550895
vt 0.581838 0.551391
vt 0.582079 0.551160
vt 0.173790 0.616586
vt 0.173778 0.619028
vt 0.172485 0.619028
vt 0.581591 0.550658
vt 0.581945 0.550612
vt 0.582222 0.550646
vt 0.582123 0.550671
vt 0.582468 0.550620
vt 0.582316 0.550995
vt 0.544304 0.546578
vt 0.544096 0.546857
vt 0.543560 0.546961
vt 0.544833 0.546821
vt 0.544679 0.547109
vt 0.544666 0.547483
vt 0.544508 0.547837
vt 0.544479 0.547582
vt 0.244013 0.678787
vt 0.246669 0.679750
vt 0.246669 0.680684
vt 0.543272 0.547260
vt 0.544473 0.547004
vt 0.544714 0.546864
vt 0.507982 0.545327
vt 0.508569 0.545189
vt 0.508973 0.545149
vt 0.508074 0.544873
vt 0.508780 0.544582
vt 0.509085 0.544229
vt 0.509807 0.543845
vt 0.509524 0.544518
vt 0.644167 0.983671
vt 0.644167 0.984898
vt 0.641602 0.984645
vt 0.509824 0.544919
vt 0.509325 0.544972
vt 0.508409 0.545227
vt 0.544295 0.584071
vt 0.544594 0.583995
vt 0.545004 0.583946
vt 0.543667 0.584136
vt 0.544051 0.584036
vt 0.118493 0.675589
vt 0.116233 0.674033
vt 0.117339 0.673066
vt 0.543377 0.582989
vt 0.544013 0.583224
vt 0.544348 0.583475
vt 0.543798 0.583509
vt 0.544869 0.583589
vt 0.544674 0.583989
vt 0.542931 0.541725
vt 0.543490 0.541739
vt 0.543753 0.541972
vt 0.542568 0.541484
vt 0.542958 0.541443
vt 0.641538 0.901109
vt 0.644167 0.902231
vt 0.644167 0.903190
vt 0.543803 0.540251
vt 0.544040 0.540624
vt 0.544044 0.541189
vt 0.543851 0.541596
vt 0.544276 0.541455
vt 0.543845 0.541781
vt 0.502665 0.555154
vt 0.502858 0.555490
vt 0.502968 0.555883
vt 0.502929 0.554931
vt 0.503205 0.555287
vt 0.503462 0.555461
vt 0.503730 0.555760
vt 0.503431 0.555554
vt 0.243975 0.673389
vt 0.243510 0.675589
vt 0.242572 0.675589
vt 0.503214 0.556231
vt 0.502943 0.555488
vt 0.503170 0.555296
vt 0.498118 0.558910
vt 0.498005 0.558513
vt 0.497959 0.558061
vt 0.498149 0.559551
vt 0.498010 0.559052
vt 0.328746 0.934868
vt 0.327911 0.932430
vt 0.329106 0.932149
vt 0.497141 0.559929
vt 0.497268 0.559263
vt 0.497478 0.558816
vt 0.497617 0.559214
vt 0.497540 0.558238
vt 0.497992 0.558389
vt 0.514764 0.596020
vt 0.514459 0.596076
vt 0.514247 0.595981
vt 0.515077 0.596125
vt 0.514855 0.596187
vt 0.823276 0.132949
vt 0.821939 0.134964
vt 0.821121 0.134870
vt 0.514776 0.596816
vt 0.514485 0.596664
vt 0.514315 0.596409
vt 0.514346 0.596214
vt 0.514101 0.596320
vt 0.514252 0.596096
vt 0.530821 0.626360
vt 0.530815 0.626004
vt 0.530929 0.625776
vt 0.530537 0.626397
vt 0.530442 0.626092
vt 0.530308 0.625843
vt 0.530180 0.625400
vt 0.530410 0.625948
vt 0.820677 0.014324
vt 0.821642 0.013464
vt 0.823276 0.015279
vt 0.530971 0.625361
vt 0.530836 0.625670
vt 0.530784 0.625997
vt 0.547559 0.587492
vt 0.547656 0.587251
vt 0.547836 0.587037
vt 0.547355 0.587783
vt 0.547490 0.587473
vt 0.704225 0.121405
vt 0.702608 0.119574
vt 0.703574 0.118713
vt 0.546835 0.587197
vt 0.547148 0.587015
vt 0.547422 0.586937
vt 0.547339 0.587001
vt 0.547643 0.586817
vt 0.547647 0.587227
vt 0.507071 0.594007
vt 0.507602 0.593800
vt 0.507941 0.593917
vt 0.506635 0.593922
vt 0.506987 0.593730
vt 0.407438 0.913678
vt 0.410067 0.914800
vt 0.410067 0.915759
vt 0.507318 0.592283
vt 0.507686 0.592540
vt 0.507910 0.593068
vt 0.507887 0.593523
vt 0.508231 0.593227
vt 0.507953 0.593700
vt 0.477181 0.616640
vt 0.476817 0.616840
vt 0.476288 0.617017
vt 0.477808 0.616467
vt 0.477373 0.616706
vt 0.182813 0.950962
vt 0.180563 0.950783
vt 0.180563 0.949640
vt 0.477838 0.617190
vt 0.477309 0.617266
vt 0.477004 0.617197
vt 0.477429 0.616927
vt 0.476367 0.617343
vt 0.476674 0.616910
vt 0.510263 0.598034
vt 0.510178 0.598378
vt 0.509714 0.598687
vt 0.510858 0.598054
vt 0.510826 0.598385
vt 0.510962 0.598742
vt 0.510953 0.599136
vt 0.510825 0.598909
vt 0.180563 0.866166
vt 0.182146 0.863825
vt 0.183051 0.864054
vt 0.509560 0.599082
vt 0.510592 0.598368
vt 0.510762 0.598141
vt 0.475317 0.622504
vt 0.475006 0.622442
vt 0.474602 0.622216
vt 0.475690 0.622680
vt 0.475326 0.622605
vt 0.764815 0.830491
vt 0.763464 0.828693
vt 0.764082 0.827986
vt 0.475396 0.623330
vt 0.475024 0.623099
vt 0.474762 0.622772
vt 0.474842 0.622736
vt 0.474444 0.622531
vt 0.474977 0.622465
vt 0.525446 0.632602
vt 0.524913 0.632701
vt 0.524498 0.632597
vt 0.525715 0.632885
vt 0.525353 0.633095
vt 0.525104 0.633285
vt 0.524544 0.633596
vt 0.525152 0.633216
vt 0.845755 0.734578
vt 0.846727 0.733466
vt 0.848414 0.735371
vt 0.523809 0.632629
vt 0.524382 0.632747
vt 0.524907 0.632745
vt 0.529486 0.635208
vt 0.529481 0.634944
vt 0.529565 0.634672
vt 0.529410 0.635562
vt 0.529414 0.635219
vt 0.813741 0.014723
vt 0.815358 0.016554
vt 0.814393 0.017414
vt 0.528694 0.635224
vt 0.528914 0.634927
vt 0.529139 0.634745
vt 0.529086 0.634838
vt 0.529298 0.634544
vt 0.529463 0.634926
vt 0.529198 0.678178
vt 0.529051 0.677849
vt 0.529068 0.677590
vt 0.528947 0.678327
vt 0.528738 0.678081
vt 0.528514 0.677901
vt 0.528219 0.677540
vt 0.528651 0.677959
vt 0.697289 0.121803
vt 0.696324 0.122663
vt 0.694690 0.120848
vt 0.528943 0.677186
vt 0.528939 0.677529
vt 0.529019 0.677855
vt 0.498565 0.652571
vt 0.498881 0.653042
vt 0.498824 0.653391
vt 0.498576 0.652144
vt 0.498851 0.652486
vt 0.848414 0.848991
vt 0.846721 0.851130
vt 0.845758 0.850887
vt 0.499893 0.652659
vt 0.499748 0.653022
vt 0.499486 0.653294
vt 0.499290 0.653315
vt 0.499384 0.653610
vt 0.499041 0.653307
vt 0.471569 0.628359
vt 0.471861 0.629080
vt 0.471819 0.629561
vt 0.471838 0.627959
vt 0.472158 0.628482
vt 0.472418 0.628804
vt 0.472859 0.629583
vt 0.472540 0.629184
vt 0.878251 0.276498
vt 0.879644 0.274330
vt 0.880606 0.275092
vt 0.472054 0.630363
vt 0.472348 0.629658
vt 0.472070 0.628339
vt 0.495044 0.656277
vt 0.494683 0.656252
vt 0.494272 0.655857
vt 0.495038 0.657036
vt 0.494675 0.657058
vt 0.494255 0.657470
vt 0.493809 0.657565
vt 0.494836 0.656613
vt 0.943707 0.325045
vt 0.944460 0.325641
vt 0.943707 0.328398
vt 0.493832 0.655764
vt 0.494082 0.656076
vt 0.494968 0.656480
vt 0.475516 0.691008
vt 0.475204 0.691053
vt 0.475731 0.690671
vt 0.476041 0.690617
vt 0.475001 0.690782
vt 0.475417 0.690413
vt 0.475674 0.690085
vt 0.476182 0.689682
vt 0.475875 0.690073
vt 0.938393 0.187858
vt 0.938214 0.190108
vt 0.937070 0.190108
vt 0.476498 0.690341
vt 0.476013 0.690257
vt 0.475313 0.690533
vt 0.499763 0.660325
vt 0.499496 0.660047
vt 0.499395 0.659728
vt 0.499910 0.660695
vt 0.499701 0.660534
vt 0.853597 0.190108
vt 0.851256 0.188525
vt 0.851484 0.187620
vt 0.498600 0.661187
vt 0.498587 0.660761
vt 0.498893 0.660293
vt 0.499270 0.660123
vt 0.498837 0.659941
vt 0.499340 0.659846
vt 0.476380 0.696213
vt 0.476068 0.696277
vt 0.475604 0.696225
vt 0.476795 0.696231
vt 0.476429 0.696302
vt 0.662391 0.140713
vt 0.664591 0.141178
vt 0.664591 0.142117
vt 0.476782 0.696945
vt 0.476344 0.696877
vt 0.475972 0.696676
vt 0.476033 0.696611
vt 0.475582 0.696577
vt 0.476050 0.696309
vt 0.526716 0.686059
vt 0.526264 0.686357
vt 0.525839 0.686423
vt 0.527077 0.686216
vt 0.526826 0.686550
vt 0.526671 0.686823
vt 0.526277 0.687327
vt 0.526688 0.686740
vt 0.664591 0.266195
vt 0.664591 0.267672
vt 0.662068 0.267350
vt 0.525215 0.686719
vt 0.525791 0.686606
vt 0.526275 0.686400
vt 0.548039 0.726480
vt 0.547775 0.726234
vt 0.547689 0.725991
vt 0.547866 0.726714
vt 0.547577 0.726571
vt 0.547301 0.726493
vt 0.546888 0.726277
vt 0.547450 0.726492
vt 0.244352 0.798681
vt 0.245212 0.799646
vt 0.243397 0.801280
vt 0.547416 0.725668
vt 0.547547 0.725985
vt 0.547748 0.726253
vt 0.531455 0.686883
vt 0.531347 0.686642
vt 0.531318 0.686360
vt 0.531524 0.687238
vt 0.531393 0.686921
vt 0.137272 0.682229
vt 0.139103 0.680613
vt 0.139963 0.681578
vt 0.530731 0.687207
vt 0.530818 0.686849
vt 0.530954 0.686593
vt 0.530942 0.686699
vt 0.531021 0.686347
vt 0.531323 0.686632
vt 0.513933 0.721628
vt 0.513577 0.721477
vt 0.513358 0.721222
vt 0.514214 0.721911
vt 0.513959 0.721844
vt 0.751472 0.955252
vt 0.749132 0.953669
vt 0.749360 0.952764
vt 0.513205 0.722882
vt 0.513024 0.722495
vt 0.513120 0.721942
vt 0.513400 0.721636
vt 0.512930 0.721640
vt 0.513355 0.721353
vt 0.498128 0.756916
vt 0.498171 0.756444
vt 0.498282 0.756032
vt 0.497706 0.756740
vt 0.497638 0.756139
vt 0.497426 0.755683
vt 0.497294 0.754994
vt 0.497547 0.755606
vt 0.003911 0.953388
vt 0.001556 0.953205
vt 0.001556 0.951981
vt 0.498309 0.755362
vt 0.498175 0.756262
vt 0.497687 0.756136
vt 0.549069 0.735486
vt 0.549105 0.735171
vt 0.549207 0.734761
vt 0.548902 0.736110
vt 0.548946 0.735706
vt 0.856881 0.114236
vt 0.854468 0.115542
vt 0.854109 0.114118
vt 0.547690 0.735964
vt 0.548148 0.735442
vt 0.548514 0.735214
vt 0.548345 0.735751
vt 0.548814 0.734758
vt 0.549128 0.735093
vt 0.509777 0.714943
vt 0.510255 0.715255
vt 0.510338 0.715601
vt 0.509619 0.714544
vt 0.510009 0.714753
vt 0.587279 0.181815
vt 0.587146 0.179090
vt 0.588030 0.178639
vt 0.511041 0.714507
vt 0.511049 0.714900
vt 0.510914 0.715253
vt 0.510742 0.715348
vt 0.510943 0.715585
vt 0.510508 0.715438
vt 0.476197 0.703206
vt 0.475829 0.703010
vt 0.475325 0.702650
vt 0.476917 0.703756
vt 0.476464 0.703512
vt 0.001556 0.851534
vt 0.002949 0.849367
vt 0.003911 0.850128
vt 0.476484 0.704793
vt 0.475947 0.704142
vt 0.475795 0.703680
vt 0.476478 0.704027
vt 0.475236 0.703126
vt 0.475692 0.702912
vt 0.507728 0.721170
vt 0.507951 0.720624
vt 0.508277 0.720462
vt 0.507355 0.721435
vt 0.507463 0.721030
vt 0.067013 0.900082
vt 0.067765 0.902839
vt 0.067013 0.903434
vt 0.506661 0.719759
vt 0.507102 0.719672
vt 0.507639 0.719876
vt 0.507948 0.720208
vt 0.507982 0.719756
vt 0.508126 0.720292
vt 0.509211 0.770545
vt 0.508798 0.770508
vt 0.508193 0.770374
vt 0.510088 0.770771
vt 0.509578 0.770723
vt 0.911638 0.127303
vt 0.910803 0.124865
vt 0.911998 0.124584
vt 0.510089 0.771861
vt 0.509342 0.771478
vt 0.509026 0.771123
vt 0.509792 0.771182
vt 0.508296 0.770834
vt 0.508633 0.770471
vt 0.555546 0.810721
vt 0.555604 0.811130
vt 0.555562 0.811518
vt 0.555633 0.810302
vt 0.555701 0.810796
vt 0.792362 0.352896
vt 0.791986 0.350671
vt 0.793095 0.350391
vt 0.556302 0.810534
vt 0.556175 0.810917
vt 0.556007 0.811181
vt 0.555935 0.810953
vt 0.555896 0.811620
vt 0.555616 0.811273
vt 0.505917 0.764688
vt 0.506312 0.764628
vt 0.506731 0.764668
vt 0.505799 0.764352
vt 0.506243 0.764220
vt 0.506505 0.764037
vt 0.506892 0.763891
vt 0.506583 0.764102
vt 0.911932 0.001453
vt 0.913681 0.002867
vt 0.913255 0.003703
vt 0.507156 0.764561
vt 0.506340 0.764545
vt 0.506239 0.764257
vt 0.545791 0.768446
vt 0.545633 0.768150
vt 0.545618 0.767769
vt 0.545241 0.768698
vt 0.545027 0.768412
vt 0.544466 0.768310
vt 0.544164 0.768003
vt 0.544604 0.768044
vt 0.826346 0.003941
vt 0.827466 0.001453
vt 0.828458 0.001453
vt 0.545456 0.767409
vt 0.545510 0.768307
vt 0.545331 0.768482
vt 0.549716 0.768282
vt 0.549659 0.768588
vt 0.549493 0.768755
vt 0.549928 0.768024
vt 0.549906 0.768254
vt 0.440892 0.669552
vt 0.442907 0.670889
vt 0.442813 0.671707
vt 0.550479 0.768550
vt 0.550229 0.768772
vt 0.549923 0.768841
vt 0.549747 0.768741
vt 0.549763 0.769014
vt 0.549602 0.768790
vt 0.584446 0.763972
vt 0.584196 0.763845
vt 0.584011 0.763658
vt 0.584353 0.764255
vt 0.584102 0.764230
vt 0.583817 0.764267
vt 0.583456 0.764222
vt 0.584000 0.764205
vt 0.322267 0.672151
vt 0.321407 0.671186
vt 0.323222 0.669552
vt 0.583708 0.763468
vt 0.583955 0.763703
vt 0.584197 0.763871
vt 0.553551 0.734529
vt 0.553357 0.734361
vt 0.553222 0.734026
vt 0.553754 0.734900
vt 0.553507 0.734664
vt 0.429347 0.788603
vt 0.427516 0.790219
vt 0.426656 0.789254
vt 0.553004 0.735179
vt 0.552949 0.734714
vt 0.552975 0.734427
vt 0.553003 0.734575
vt 0.552943 0.734105
vt 0.553330 0.734380
vt 0.549945 0.773213
vt 0.550235 0.773410
vt 0.550359 0.773955
vt 0.550169 0.772664
vt 0.550466 0.772807
vt 0.550840 0.772806
vt 0.551200 0.772951
vt 0.550317 0.772934
vt 0.874039 0.329995
vt 0.875001 0.329752
vt 0.876695 0.331891
vt 0.550672 0.774239
vt 0.550614 0.773810
vt 0.550153 0.773116
vt 0.559959 0.814192
vt 0.560295 0.813986
vt 0.560688 0.813863
vt 0.559727 0.813936
vt 0.560080 0.813646
vt 0.560249 0.813383
vt 0.560544 0.813104
vt 0.560322 0.813610
vt 0.937070 0.452370
vt 0.938214 0.452370
vt 0.938393 0.454620
vt 0.561035 0.813602
vt 0.560559 0.813753
vt 0.560159 0.814037
vt 0.587988 0.771651
vt 0.587903 0.771355
vt 0.587841 0.770950
vt 0.588072 0.772273
vt 0.587961 0.771894
vt 0.882019 0.565153
vt 0.879606 0.566459
vt 0.879247 0.565034
vt 0.586922 0.772603
vt 0.587140 0.771962
vt 0.587385 0.771619
vt 0.587436 0.772164
vt 0.587484 0.771096
vt 0.587894 0.771276
vt 0.565234 0.818231
vt 0.564849 0.818355
vt 0.564259 0.818462
vt 0.566100 0.818103
vt 0.565623 0.818254
vt 0.652401 0.981502
vt 0.649837 0.981756
vt 0.649837 0.980529
vt 0.566520 0.819106
vt 0.565708 0.819039
vt 0.565286 0.818833
vt 0.565986 0.818594
vt 0.564526 0.818846
vt 0.564688 0.818384
vt 0.601169 0.801390
vt 0.601250 0.801176
vt 0.601498 0.801001
vt 0.600829 0.801255
vt 0.600917 0.801043
vt 0.600852 0.800743
vt 0.600947 0.800431
vt 0.601015 0.800649
vt 0.003179 0.845272
vt 0.001163 0.843935
vt 0.001258 0.843117
vt 0.601639 0.800709
vt 0.601056 0.801151
vt 0.600942 0.801247
vt 0.630398 0.784010
vt 0.630046 0.784026
vt 0.629817 0.783921
vt 0.630443 0.784290
vt 0.630145 0.784393
vt 0.629901 0.784532
vt 0.629467 0.784672
vt 0.629771 0.784497
vt 0.121803 0.842673
vt 0.122135 0.845272
vt 0.120848 0.845272
vt 0.629405 0.783891
vt 0.629726 0.784150
vt 0.630214 0.784367
vt 0.591461 0.768600
vt 0.591219 0.768512
vt 0.591003 0.768340
vt 0.591755 0.768794
vt 0.591444 0.768669
vt 0.014723 0.726221
vt 0.016554 0.724604
vt 0.017414 0.725570
vt 0.591190 0.769323
vt 0.591001 0.769019
vt 0.590916 0.768751
vt 0.590981 0.768832
vt 0.590791 0.768537
vt 0.591196 0.768521
vt 0.603595 0.804419
vt 0.603251 0.804563
vt 0.602928 0.804540
vt 0.603979 0.804418
vt 0.603760 0.804549
vt 0.300989 0.858328
vt 0.300026 0.860984
vt 0.299093 0.860984
vt 0.603956 0.805767
vt 0.603569 0.805629
vt 0.603257 0.805190
vt 0.603238 0.804794
vt 0.602922 0.805116
vt 0.603015 0.804632
vt 0.617178 0.839266
vt 0.616884 0.838919
vt 0.616677 0.838562
vt 0.616770 0.839442
vt 0.616313 0.839085
vt 0.615853 0.838924
vt 0.615290 0.838552
vt 0.615884 0.838789
vt 0.730798 0.916437
vt 0.732117 0.918397
vt 0.731157 0.919156
vt 0.616236 0.838094
vt 0.616762 0.838793
vt 0.616344 0.839050
vt 0.636982 0.789491
vt 0.636792 0.789251
vt 0.636581 0.788902
vt 0.637295 0.790030
vt 0.637049 0.789724
vt 0.870893 0.206676
vt 0.873553 0.205999
vt 0.873553 0.207468
vt 0.636370 0.790759
vt 0.636326 0.790090
vt 0.636418 0.789685
vt 0.636671 0.790166
vt 0.636311 0.789168
vt 0.636754 0.789182
vt 0.598290 0.807275
vt 0.598141 0.807595
vt 0.597635 0.807831
vt 0.598977 0.807546
vt 0.598869 0.807883
vt 0.599094 0.808409
vt 0.599024 0.808847
vt 0.598526 0.807583
vt 0.649837 0.900048
vt 0.649837 0.899089
vt 0.652465 0.897967
vt 0.597396 0.808198
vt 0.597769 0.808080
vt 0.598449 0.807415
vt 0.627574 0.838863
vt 0.627802 0.838552
vt 0.628114 0.838293
vt 0.627264 0.838715
vt 0.627476 0.838321
vt 0.627530 0.838018
vt 0.627692 0.837654
vt 0.627681 0.838202
vt 0.789953 0.302589
vt 0.788844 0.302309
vt 0.789220 0.300084
vt 0.628330 0.837929
vt 0.627953 0.838243
vt 0.627697 0.838648
vt 0.680811 0.784572
vt 0.680490 0.784722
vt 0.680237 0.784711
vt 0.680960 0.784813
vt 0.680722 0.785023
vt 0.680550 0.785245
vt 0.680200 0.785541
vt 0.680415 0.785262
vt 0.782970 0.220143
vt 0.785569 0.219811
vt 0.785569 0.221098
vt 0.679843 0.784842
vt 0.680241 0.784958
vt 0.680777 0.784973
vt 0.638774 0.785181
vt 0.638516 0.785191
vt 0.638249 0.785114
vt 0.639121 0.785248
vt 0.638785 0.785251
vt 0.666518 0.327223
vt 0.664901 0.325392
vt 0.665866 0.324532
vt 0.638801 0.785954
vt 0.638508 0.785745
vt 0.638327 0.785529
vt 0.638418 0.785578
vt 0.638128 0.785378
vt 0.638498 0.785209
vt 0.657259 0.814173
vt 0.656950 0.814080
vt 0.656680 0.813830
vt 0.657057 0.814721
vt 0.656717 0.814672
vt 0.656265 0.814986
vt 0.655850 0.814984
vt 0.656177 0.814711
vt 0.873553 0.321089
vt 0.871859 0.323227
vt 0.870897 0.322985
vt 0.656324 0.813696
vt 0.656973 0.814271
vt 0.656971 0.814512
vt 0.632690 0.842093
vt 0.633237 0.841916
vt 0.633725 0.841925
vt 0.632362 0.841787
vt 0.632751 0.841563
vt 0.633064 0.841301
vt 0.633630 0.841014
vt 0.632907 0.841488
vt 0.948967 0.430364
vt 0.948967 0.431588
vt 0.946612 0.431770
vt 0.634378 0.841770
vt 0.633737 0.841787
vt 0.633218 0.841873
vt 0.659937 0.818357
vt 0.659923 0.818711
vt 0.659538 0.819125
vt 0.660677 0.818341
vt 0.660708 0.818693
vt 0.661109 0.819088
vt 0.661208 0.819516
vt 0.660283 0.818549
vt 0.883511 0.381817
vt 0.882758 0.381221
vt 0.883511 0.378464
vt 0.659454 0.819561
vt 0.659761 0.819305
vt 0.660142 0.818424
vt 0.694363 0.837263
vt 0.693979 0.836751
vt 0.693920 0.836448
vt 0.694100 0.837466
vt 0.693731 0.837063
vt 0.693406 0.836817
vt 0.693002 0.836325
vt 0.693390 0.836620
vt 0.343125 0.612299
vt 0.345048 0.613481
vt 0.344528 0.614500
vt 0.693642 0.836005
vt 0.693568 0.836481
vt 0.693851 0.837163
vt 0.663814 0.813678
vt 0.663546 0.813945
vt 0.663234 0.814049
vt 0.664174 0.813529
vt 0.664020 0.813736
vt 0.306603 0.688861
vt 0.304129 0.690226
vt 0.303427 0.689612
vt 0.664679 0.814804
vt 0.664261 0.814824
vt 0.663797 0.814532
vt 0.663624 0.814165
vt 0.663453 0.814593
vt 0.663351 0.814101
vt 0.699413 0.836071
vt 0.699481 0.836377
vt 0.699437 0.836831
vt 0.699423 0.835665
vt 0.699500 0.836023
vt 0.473795 0.003327
vt 0.474260 0.001127
vt 0.475198 0.001127
vt 0.700126 0.835669
vt 0.700066 0.836098
vt 0.699875 0.836464
vt 0.699810 0.836406
vt 0.699784 0.836847
vt 0.699513 0.836393
vt 0.688597 0.786880
vt 0.688898 0.787319
vt 0.688970 0.787735
vt 0.688746 0.786524
vt 0.689078 0.786766
vt 0.689349 0.786914
vt 0.689851 0.787294
vt 0.689267 0.786899
vt 0.599277 0.001127
vt 0.600754 0.001127
vt 0.600431 0.003650
vt 0.689271 0.788343
vt 0.689151 0.787780
vt 0.688940 0.787308
vt 0.728200 0.765331
vt 0.727961 0.765594
vt 0.727721 0.765683
vt 0.728433 0.765497
vt 0.728295 0.765784
vt 0.728221 0.766056
vt 0.728013 0.766467
vt 0.728103 0.766125
vt 0.608030 0.161487
vt 0.606549 0.163649
vt 0.605588 0.162792
vt 0.727406 0.765956
vt 0.727822 0.765910
vt 0.728325 0.765716
vt 0.689348 0.782212
vt 0.689113 0.782321
vt 0.688834 0.782354
vt 0.689698 0.782139
vt 0.689387 0.782272
vt 0.605588 0.003306
vt 0.608030 0.003318
vt 0.608030 0.004611
vt 0.689677 0.782918
vt 0.689322 0.782838
vt 0.689069 0.782708
vt 0.689173 0.782719
vt 0.688824 0.782646
vt 0.689103 0.782345
vt 0.717890 0.801951
vt 0.717564 0.801985
vt 0.717215 0.801858
vt 0.717915 0.802544
vt 0.717577 0.802631
vt 0.717278 0.803104
vt 0.716888 0.803265
vt 0.717088 0.802880
vt 0.514896 0.078439
vt 0.512171 0.078572
vt 0.511720 0.077688
vt 0.716829 0.801872
vt 0.717660 0.802153
vt 0.717753 0.802381
vt 0.706268 0.836142
vt 0.706082 0.836504
vt 0.705737 0.837003
vt 0.706796 0.835430
vt 0.706563 0.835877
vt 0.504913 0.964866
vt 0.505748 0.967303
vt 0.504554 0.967585
vt 0.707816 0.835841
vt 0.707187 0.836375
vt 0.706738 0.836530
vt 0.707067 0.835858
vt 0.706204 0.837084
vt 0.705988 0.836640
vt 0.722025 0.804789
vt 0.722146 0.805124
vt 0.721954 0.805651
vt 0.722710 0.804490
vt 0.722874 0.804808
vt 0.723411 0.805020
vt 0.723675 0.805381
vt 0.723278 0.805281
vt 0.426222 0.986055
vt 0.423593 0.984933
vt 0.423593 0.983974
vt 0.722046 0.806083
vt 0.722467 0.804816
vt 0.722546 0.804641
vt 0.760106 0.808677
vt 0.760502 0.808777
vt 0.760998 0.809003
vt 0.759545 0.808383
vt 0.760018 0.808502
vt 0.767224 0.488014
vt 0.766848 0.485789
vt 0.767957 0.485509
vt 0.760012 0.807835
vt 0.760440 0.808135
vt 0.760611 0.808392
vt 0.760130 0.808305
vt 0.761162 0.808712
vt 0.760652 0.808822
vt 0.723794 0.798934
vt 0.723650 0.799285
vt 0.723402 0.799503
vt 0.724069 0.798655
vt 0.724007 0.798907
vt 0.848901 0.465113
vt 0.851557 0.466076
vt 0.851557 0.467009
vt 0.725030 0.799635
vt 0.724652 0.799816
vt 0.724110 0.799728
vt 0.723808 0.799458
vt 0.723815 0.799919
vt 0.723530 0.799505
vt 0.771662 0.803045
vt 0.771631 0.803451
vt 0.771507 0.804043
vt 0.771871 0.802188
vt 0.771830 0.802689
vt 0.299094 0.893093
vt 0.301658 0.892839
vt 0.301658 0.894066
vt 0.772960 0.802175
vt 0.772590 0.802909
vt 0.772240 0.803224
vt 0.772283 0.802478
vt 0.771964 0.803938
vt 0.771597 0.803612
vt 0.737004 0.764189
vt 0.736697 0.764156
vt 0.736296 0.764060
vt 0.737614 0.764346
vt 0.737220 0.764306
vt 0.417466 0.905237
vt 0.418772 0.907650
vt 0.417347 0.908009
vt 0.737487 0.765535
vt 0.736973 0.765091
vt 0.736746 0.764735
vt 0.737273 0.764895
vt 0.736298 0.764446
vt 0.736620 0.764135
vt 0.810190 0.757135
vt 0.810589 0.757075
vt 0.811128 0.757093
vt 0.809564 0.757080
vt 0.810041 0.757010
vt 0.836294 0.589737
vt 0.836472 0.587488
vt 0.837616 0.587488
vt 0.809781 0.756404
vt 0.810286 0.756514
vt 0.810541 0.756683
vt 0.810067 0.756787
vt 0.811167 0.756765
vt 0.810743 0.757060
vt 0.765973 0.806191
vt 0.765909 0.805802
vt 0.765942 0.805391
vt 0.765647 0.806309
vt 0.765512 0.805873
vt 0.765331 0.805618
vt 0.765183 0.805239
vt 0.765570 0.805636
vt 0.304683 0.850185
vt 0.304683 0.849041
vt 0.306933 0.848863
vt 0.765831 0.804973
vt 0.765792 0.805471
vt 0.765905 0.805947
vt 0.768986 0.768383
vt 0.769078 0.767833
vt 0.769355 0.767622
vt 0.768691 0.768681
vt 0.768725 0.768249
vt 0.307171 0.935771
vt 0.304683 0.934651
vt 0.304683 0.933659
vt 0.768096 0.767420
vt 0.768445 0.767259
vt 0.768816 0.767242
vt 0.768970 0.767360
vt 0.769102 0.767085
vt 0.769143 0.767534
vt 0.769617 0.763199
vt 0.769449 0.763043
vt 0.769380 0.762746
vt 0.769363 0.763464
vt 0.769199 0.763302
vt 0.768896 0.763249
vt 0.768643 0.763043
vt 0.769369 0.763196
vt 0.440750 0.848166
vt 0.439932 0.848260
vt 0.438595 0.846245
vt 0.769163 0.762504
vt 0.769194 0.762727
vt 0.769512 0.763237
vt 0.558297 0.832010
vt 0.559262 0.832870
vt 0.557646 0.834701
vt 0.764062 0.730343
vt 0.764246 0.729971
vt 0.764431 0.729799
vt 0.764295 0.730102
vt 0.764549 0.729466
vt 0.764826 0.729529
vt 0.764808 0.729846
vt 0.764845 0.730124
vt 0.764811 0.730581
vt 0.764787 0.729991
vt 0.764458 0.729816
vt 0.438594 0.728576
vt 0.438594 0.727289
vt 0.441194 0.727621
vt 0.736044 0.760332
vt 0.735690 0.760393
vt 0.735409 0.760370
vt 0.735687 0.760303
vt 0.735162 0.760406
vt 0.735059 0.760134
vt 0.735301 0.759998
vt 0.735474 0.759807
vt 0.735766 0.759607
vt 0.735507 0.759973
vt 0.735348 0.760377
vt 0.773351 0.762072
vt 0.773354 0.762448
vt 0.773211 0.762740
vt 0.773495 0.761713
vt 0.773534 0.761967
vt 0.921090 0.587488
vt 0.923430 0.589070
vt 0.923202 0.589976
vt 0.774746 0.762241
vt 0.774470 0.762550
vt 0.773942 0.762677
vt 0.773564 0.762545
vt 0.773747 0.762962
vt 0.773329 0.762694
vt 0.814639 0.752653
vt 0.814434 0.752324
vt 0.814308 0.751936
vt 0.814386 0.752886
vt 0.814097 0.752541
vt 0.813834 0.752377
vt 0.813555 0.752088
vt 0.814061 0.752304
vt 0.563921 0.831332
vt 0.563921 0.830188
vt 0.566170 0.830009
vt 0.814049 0.751598
vt 0.814201 0.752067
vt 0.814484 0.752457
vt 0.772135 0.725391
vt 0.771841 0.725478
vt 0.771437 0.725544
vt 0.772754 0.725301
vt 0.772377 0.725415
vt 0.676704 0.886383
vt 0.678010 0.888796
vt 0.676585 0.889155
vt 0.773089 0.726435
vt 0.772449 0.726226
vt 0.772106 0.725988
vt 0.772649 0.725933
vt 0.771585 0.725895
vt 0.771762 0.725488
vt 0.818632 0.747603
vt 0.818758 0.747986
vt 0.818869 0.748572
vt 0.818499 0.746741
vt 0.818652 0.747215
vt 0.083848 0.893093
vt 0.086413 0.892839
vt 0.086413 0.894066
vt 0.819488 0.746319
vt 0.819429 0.747128
vt 0.819228 0.747548
vt 0.818986 0.746852
vt 0.819247 0.748304
vt 0.818788 0.748146
vt 0.807521 0.714808
vt 0.807840 0.714954
vt 0.808077 0.715455
vt 0.807784 0.714123
vt 0.808119 0.714228
vt 0.808637 0.714002
vt 0.809073 0.714067
vt 0.808729 0.714273
vt 0.086413 0.974547
vt 0.084718 0.976848
vt 0.083784 0.976628
vt 0.808443 0.715689
vt 0.807846 0.714516
vt 0.807777 0.714340
vt 0.836380 0.691156
vt 0.836722 0.690950
vt 0.837222 0.690762
vt 0.835786 0.691344
vt 0.836195 0.691099
vt 0.539793 0.839436
vt 0.542043 0.839614
vt 0.542043 0.840758
vt 0.835728 0.690647
vt 0.836232 0.690556
vt 0.836528 0.690612
vt 0.836133 0.690887
vt 0.837132 0.690450
vt 0.836856 0.690878
vt 0.801660 0.712003
vt 0.801446 0.711925
vt 0.801269 0.711680
vt 0.801529 0.712342
vt 0.801318 0.712258
vt 0.801022 0.712324
vt 0.800714 0.712234
vt 0.801432 0.712097
vt 0.121951 0.704117
vt 0.122774 0.704117
vt 0.123872 0.706272
vt 0.800978 0.711541
vt 0.801091 0.711735
vt 0.801578 0.712079
vt 0.003326 0.706716
vt 0.002466 0.705751
vt 0.004281 0.704117
vt 0.783939 0.683972
vt 0.783995 0.683629
vt 0.784093 0.683394
vt 0.784057 0.683662
vt 0.784112 0.683123
vt 0.784400 0.683097
vt 0.784473 0.683329
vt 0.784613 0.683568
vt 0.784709 0.683905
vt 0.784489 0.683429
vt 0.784116 0.683382
vt 0.110406 0.823168
vt 0.110259 0.824447
vt 0.107715 0.823819
vt 0.770130 0.722154
vt 0.769732 0.722384
vt 0.769465 0.722471
vt 0.769795 0.722263
vt 0.769187 0.722624
vt 0.769013 0.722407
vt 0.769263 0.722157
vt 0.769340 0.721919
vt 0.769597 0.721595
vt 0.769571 0.722001
vt 0.769399 0.722506
vt 0.804641 0.709568
vt 0.804787 0.709908
vt 0.804768 0.710228
vt 0.804636 0.709187
vt 0.804768 0.709403
vt 0.542043 0.924232
vt 0.540460 0.926572
vt 0.539555 0.926344
vt 0.805978 0.709194
vt 0.805844 0.709579
vt 0.805410 0.709893
vt 0.805014 0.709917
vt 0.805341 0.710227
vt 0.804857 0.710141
vt 0.840532 0.679280
vt 0.840791 0.679581
vt 0.841113 0.680074
vt 0.840086 0.678545
vt 0.840404 0.678919
vt 0.919694 0.905662
vt 0.922258 0.905408
vt 0.922258 0.906635
vt 0.840833 0.677782
vt 0.841082 0.678543
vt 0.841057 0.679003
vt 0.840574 0.678461
vt 0.841359 0.679686
vt 0.840879 0.679715
vt 0.789647 0.676678
vt 0.789411 0.676870
vt 0.789067 0.677083
vt 0.790179 0.676361
vt 0.789878 0.676609
vt 0.845755 0.112408
vt 0.848414 0.111731
vt 0.848414 0.113200
vt 0.790914 0.677269
vt 0.790250 0.677321
vt 0.789846 0.677235
vt 0.790322 0.676978
vt 0.789334 0.677348
vt 0.789343 0.676908
vt 0.835976 0.619959
vt 0.835485 0.620334
vt 0.835191 0.620393
vt 0.836177 0.620214
vt 0.835791 0.620574
vt 0.835555 0.620892
vt 0.835083 0.621287
vt 0.835634 0.620644
vt 0.691301 0.129450
vt 0.691301 0.130388
vt 0.689100 0.130853
vt 0.834763 0.620665
vt 0.835108 0.620591
vt 0.835491 0.620385
vt 0.838793 0.685389
vt 0.838481 0.685167
vt 0.838220 0.684860
vt 0.838649 0.685698
vt 0.838255 0.685493
vt 0.837954 0.685443
vt 0.837590 0.685286
vt 0.838135 0.685291
vt 0.764815 0.208320
vt 0.763705 0.208041
vt 0.764082 0.205816
vt 0.837856 0.684650
vt 0.838173 0.685021
vt 0.838578 0.685269
vt 0.814747 0.657232
vt 0.814430 0.656789
vt 0.814475 0.656451
vt 0.814750 0.657644
vt 0.814476 0.657323
vt 0.848414 0.226820
vt 0.846721 0.228959
vt 0.845759 0.228717
vt 0.813466 0.657191
vt 0.813595 0.656836
vt 0.813840 0.656565
vt 0.814029 0.656539
vt 0.813928 0.656257
vt 0.814268 0.656538
vt 0.811582 0.653197
vt 0.811357 0.653206
vt 0.811103 0.653047
vt 0.811590 0.653559
vt 0.811364 0.653561
vt 0.811117 0.653735
vt 0.810798 0.653769
vt 0.811409 0.653368
vt 0.091078 0.524667
vt 0.091692 0.525215
vt 0.091078 0.527554
vt 0.810785 0.653029
vt 0.810961 0.653164
vt 0.811536 0.653297
vt 0.000799 0.447672
vt 0.000799 0.446379
vt 0.003241 0.446367
vt 0.784882 0.634156
vt 0.784751 0.633768
vt 0.784759 0.633518
vt 0.784877 0.633825
vt 0.784609 0.633202
vt 0.784845 0.633053
vt 0.785053 0.633287
vt 0.785273 0.633455
vt 0.785568 0.633799
vt 0.785140 0.633403
vt 0.784790 0.633512
vt 0.003241 0.605853
vt 0.002281 0.606710
vt 0.000799 0.604548
vt 0.786303 0.674661
vt 0.786099 0.674952
vt 0.785888 0.675132
vt 0.786035 0.674890
vt 0.785742 0.675330
vt 0.785481 0.675212
vt 0.785555 0.674948
vt 0.785543 0.674693
vt 0.785606 0.674350
vt 0.785681 0.674786
vt 0.785851 0.675179
vt 0.814286 0.650160
vt 0.814225 0.649826
vt 0.814504 0.649372
vt 0.813760 0.650376
vt 0.813657 0.650073
vt 0.813394 0.649814
vt 0.813245 0.649464
vt 0.813449 0.649613
vt 0.614739 0.092928
vt 0.613374 0.090455
vt 0.613988 0.089752
vt 0.814481 0.648966
vt 0.813871 0.649996
vt 0.813810 0.650262
vt 0.834764 0.615065
vt 0.835060 0.614997
vt 0.835500 0.615038
vt 0.834370 0.615057
vt 0.834717 0.614980
vt 0.323682 0.761672
vt 0.325480 0.760322
vt 0.326187 0.760940
vt 0.834374 0.614374
vt 0.834789 0.614430
vt 0.835145 0.614613
vt 0.835089 0.614677
vt 0.835516 0.614701
vt 0.835076 0.614966
vt 0.787011 0.625828
vt 0.787438 0.625532
vt 0.787842 0.625461
vt 0.786665 0.625685
vt 0.786901 0.625361
vt 0.787045 0.625097
vt 0.787414 0.624606
vt 0.787231 0.624946
vt 0.419595 0.842613
vt 0.420271 0.845272
vt 0.418802 0.845272
vt 0.788432 0.625164
vt 0.787778 0.625118
vt 0.786853 0.625421
vt 0.834635 0.608311
vt 0.834985 0.608489
vt 0.835464 0.608817
vt 0.833953 0.607808
vt 0.834385 0.608030
vt 0.958394 0.603189
vt 0.957001 0.605357
vt 0.956039 0.604595
vt 0.834352 0.606828
vt 0.834865 0.607429
vt 0.835014 0.607860
vt 0.834370 0.607548
vt 0.835544 0.608370
vt 0.835116 0.608578
vt 0.804598 0.591929
vt 0.804392 0.592445
vt 0.804086 0.592604
vt 0.804948 0.591675
vt 0.804849 0.592056
vt 0.892937 0.554642
vt 0.892185 0.551885
vt 0.892937 0.551289
vt 0.805622 0.593237
vt 0.805205 0.593326
vt 0.804695 0.593143
vt 0.804399 0.592836
vt 0.804372 0.593261
vt 0.804230 0.592760
vt 0.808235 0.556951
vt 0.808332 0.556573
vt 0.808550 0.556105
vt 0.807951 0.557482
vt 0.808068 0.557031
vt 0.842578 0.710715
vt 0.842757 0.708465
vt 0.843901 0.708465
vt 0.807421 0.557031
vt 0.807711 0.556627
vt 0.807960 0.556465
vt 0.807879 0.556921
vt 0.808269 0.555944
vt 0.808376 0.556431
vt 0.798115 0.596015
vt 0.798277 0.595761
vt 0.798483 0.595675
vt 0.797835 0.596166
vt 0.797937 0.595966
vt 0.672694 0.333118
vt 0.674031 0.331102
vt 0.674849 0.331197
vt 0.797547 0.595487
vt 0.797846 0.595384
vt 0.798138 0.595435
vt 0.798255 0.595586
vt 0.798341 0.595343
vt 0.798400 0.595600
vt 0.675293 0.451742
vt 0.674328 0.452602
vt 0.672694 0.450787
vt 0.766765 0.587888
vt 0.766500 0.587579
vt 0.766414 0.587346
vt 0.766636 0.587584
vt 0.766159 0.587111
vt 0.766319 0.586884
vt 0.766598 0.587020
vt 0.766862 0.587093
vt 0.767260 0.587297
vt 0.766721 0.587095
vt 0.766441 0.587327
vt 0.791745 0.344662
vt 0.793024 0.344809
vt 0.792397 0.347353
vt 0.783157 0.624771
vt 0.783078 0.625118
vt 0.782952 0.625365
vt 0.782996 0.625084
vt 0.782892 0.625605
vt 0.782609 0.625594
vt 0.782578 0.625321
vt 0.782472 0.625091
vt 0.782402 0.624749
vt 0.782633 0.625122
vt 0.782936 0.625423
vt 0.799692 0.591536
vt 0.799512 0.591251
vt 0.799599 0.590734
vt 0.799289 0.591927
vt 0.799082 0.591686
vt 0.798742 0.591545
vt 0.798476 0.591278
vt 0.798720 0.591340
vt 0.927375 0.708465
vt 0.929715 0.710048
vt 0.929487 0.710953
vt 0.799427 0.590369
vt 0.799253 0.591536
vt 0.799294 0.591803
vt 0.805906 0.551294
vt 0.805536 0.551347
vt 0.805144 0.551306
vt 0.806013 0.551612
vt 0.805597 0.551733
vt 0.805350 0.551904
vt 0.804987 0.552039
vt 0.805377 0.551670
vt 0.462363 0.665533
vt 0.462883 0.666552
vt 0.460960 0.667734
vt 0.804745 0.551404
vt 0.805220 0.551452
vt 0.805674 0.551354
vt 0.765156 0.578578
vt 0.765119 0.578875
vt 0.765018 0.579262
vt 0.765320 0.577988
vt 0.765274 0.578370
vt 0.336881 0.667734
vt 0.334621 0.666177
vt 0.335727 0.665210
vt 0.766455 0.578136
vt 0.766019 0.578626
vt 0.765674 0.578839
vt 0.765839 0.578331
vt 0.765387 0.579268
vt 0.765096 0.578949
vt 0.789254 0.356832
vt 0.790219 0.355972
vt 0.791853 0.357787
vt 0.732534 0.551477
vt 0.732171 0.551289
vt 0.732006 0.551105
vt 0.732302 0.551244
vt 0.731680 0.550982
vt 0.731747 0.550714
vt 0.732058 0.550739
vt 0.732332 0.550710
vt 0.732780 0.550755
vt 0.732201 0.550763
vt 0.732024 0.551079
vt 0.672802 0.463912
vt 0.671524 0.463765
vt 0.672151 0.461221
vt 0.761393 0.579435
vt 0.761446 0.579780
vt 0.761419 0.580053
vt 0.761358 0.579780
vt 0.761449 0.580294
vt 0.761181 0.580387
vt 0.761052 0.580149
vt 0.760869 0.579975
vt 0.760679 0.579687
vt 0.761032 0.579948
vt 0.761424 0.580112
vt 0.769808 0.547593
vt 0.769284 0.547493
vt 0.769085 0.547223
vt 0.770091 0.547884
vt 0.769679 0.547842
vt 0.421262 0.590421
vt 0.423987 0.590288
vt 0.424438 0.591172
vt 0.768873 0.548436
vt 0.768723 0.548096
vt 0.768713 0.547736
vt 0.768831 0.547588
vt 0.768567 0.547457
vt 0.768999 0.547425
vt 0.803859 0.545824
vt 0.804254 0.545863
vt 0.804673 0.545981
vt 0.803277 0.545626
vt 0.803772 0.545677
vt 0.909674 0.018831
vt 0.911067 0.016664
vt 0.912028 0.017425
vt 0.803301 0.544599
vt 0.803849 0.544946
vt 0.804173 0.545289
vt 0.803768 0.545271
vt 0.804665 0.545548
vt 0.804369 0.545896
vt 0.763782 0.543212
vt 0.764148 0.543219
vt 0.764430 0.543366
vt 0.763436 0.543062
vt 0.763685 0.543030
vt 0.592743 0.421296
vt 0.591378 0.418822
vt 0.591992 0.418120
vt 0.763987 0.541857
vt 0.764281 0.542134
vt 0.764389 0.542652
vt 0.764250 0.543016
vt 0.764662 0.542850
vt 0.764388 0.543250
vt 0.765357 0.507459
vt 0.765499 0.508027
vt 0.765545 0.508420
vt 0.765800 0.507540
vt 0.766093 0.508221
vt 0.766441 0.508511
vt 0.766825 0.509207
vt 0.766166 0.508941
vt 0.912028 0.120685
vt 0.911067 0.121446
vt 0.909674 0.119278
vt 0.765780 0.509243
vt 0.765722 0.508757
vt 0.765460 0.507872
vt 0.727985 0.544083
vt 0.728064 0.544372
vt 0.728100 0.544695
vt 0.727941 0.543588
vt 0.728047 0.543966
vt 0.179783 0.001122
vt 0.182043 0.002678
vt 0.180937 0.003645
vt 0.729031 0.543301
vt 0.728805 0.543841
vt 0.728575 0.544181
vt 0.728566 0.543814
vt 0.728451 0.544590
vt 0.728067 0.544431
vt 0.769646 0.542746
vt 0.769902 0.542516
vt 0.770452 0.542502
vt 0.769135 0.542247
vt 0.769359 0.541986
vt 0.769364 0.541442
vt 0.769594 0.541083
vt 0.769639 0.541463
vt 0.975130 0.067378
vt 0.975882 0.070136
vt 0.975130 0.070731
vt 0.770811 0.542265
vt 0.769503 0.542335
vt 0.769323 0.542333
vt 0.754946 0.503038
vt 0.754473 0.503276
vt 0.754095 0.503386
vt 0.755111 0.503312
vt 0.754587 0.503642
vt 0.754430 0.503895
vt 0.754025 0.504201
vt 0.754214 0.503905
vt 0.054300 0.003322
vt 0.054765 0.001122
vt 0.055703 0.001122
vt 0.753560 0.503692
vt 0.754351 0.503399
vt 0.754541 0.503620
vt 0.751674 0.498451
vt 0.752062 0.498335
vt 0.752503 0.498284
vt 0.751047 0.498490
vt 0.751533 0.498347
vt 0.925391 0.889243
vt 0.926784 0.887075
vt 0.927746 0.887837
vt 0.750675 0.497523
vt 0.751327 0.497635
vt 0.751763 0.497830
vt 0.751372 0.497969
vt 0.752328 0.497882
vt 0.752183 0.498320
vt 0.715367 0.514479
vt 0.715286 0.514685
vt 0.715040 0.514851
vt 0.715699 0.514615
vt 0.715611 0.514819
vt 0.715670 0.515110
vt 0.715574 0.515411
vt 0.715455 0.514703
vt 0.250643 0.766467
vt 0.249825 0.766561
vt 0.248487 0.764546
vt 0.714898 0.515131
vt 0.715091 0.515025
vt 0.715440 0.514560
vt 0.368190 0.750303
vt 0.369155 0.751163
vt 0.367538 0.752994
vt 0.687378 0.530992
vt 0.686972 0.530958
vt 0.686749 0.530851
vt 0.687075 0.530867
vt 0.686401 0.530862
vt 0.686360 0.530591
vt 0.686657 0.530495
vt 0.686898 0.530364
vt 0.687329 0.530235
vt 0.686798 0.530463
vt 0.686756 0.530821
vt 0.248487 0.646867
vt 0.248487 0.645580
vt 0.251087 0.645912
vt 0.724674 0.545702
vt 0.724854 0.546000
vt 0.724933 0.546262
vt 0.724773 0.546034
vt 0.725053 0.546472
vt 0.724842 0.546659
vt 0.724632 0.546489
vt 0.724397 0.546399
vt 0.724111 0.546207
vt 0.724537 0.546312
vt 0.724961 0.546314
vt 0.718276 0.508780
vt 0.718426 0.508465
vt 0.718938 0.508240
vt 0.717602 0.508511
vt 0.717711 0.508180
vt 0.717506 0.507670
vt 0.717582 0.507246
vt 0.717771 0.507582
vt 0.990842 0.937796
vt 0.991594 0.940553
vt 0.990842 0.941149
vt 0.719183 0.507878
vt 0.717980 0.508450
vt 0.717811 0.508518
vt 0.695610 0.479388
vt 0.695415 0.479042
vt 0.695243 0.478539
vt 0.695780 0.479984
vt 0.695548 0.479571
vt 0.870868 0.195382
vt 0.871047 0.193132
vt 0.872191 0.193132
vt 0.695087 0.480020
vt 0.695010 0.479516
vt 0.695075 0.479224
vt 0.695336 0.479626
vt 0.694931 0.478619
vt 0.695348 0.478906
vt 0.713005 0.511491
vt 0.713346 0.511357
vt 0.713663 0.511385
vt 0.712626 0.511485
vt 0.712844 0.511361
vt 0.955655 0.193132
vt 0.957995 0.194715
vt 0.957767 0.195620
vt 0.712669 0.510153
vt 0.713048 0.510297
vt 0.713349 0.510738
vt 0.713361 0.511132
vt 0.713678 0.510816
vt 0.713579 0.511294
vt 0.498492 0.764770
vt 0.498402 0.765518
vt 0.497560 0.763994
vt 0.499462 0.765211
vt 0.499112 0.765826
vt 0.499507 0.765570
vt 0.500022 0.765775
vt 0.499449 0.766424
vt 0.500068 0.766579
vt 0.500206 0.767432
vt 0.499496 0.767164
vt 0.500269 0.767921
vt 0.500245 0.767931
vt 0.499273 0.767039
vt 0.500405 0.767863
vt 0.499468 0.767016
vt 0.497932 0.766206
vt 0.498487 0.767499
vt 0.497393 0.764982
vt 0.467547 0.695016
vt 0.467604 0.695560
vt 0.467547 0.696073
vt 0.468183 0.693877
vt 0.468327 0.694814
vt 0.468632 0.693749
vt 0.469347 0.694531
vt 0.468812 0.694953
vt 0.469248 0.694878
vt 0.469673 0.695265
vt 0.468923 0.695609
vt 0.469384 0.696018
vt 0.469150 0.696841
vt 0.468531 0.696086
vt 0.468726 0.696634
vt 0.553233 0.817162
vt 0.553433 0.817860
vt 0.552111 0.816856
vt 0.554262 0.817177
vt 0.554182 0.817856
vt 0.554444 0.817477
vt 0.555010 0.817440
vt 0.554725 0.818251
vt 0.555341 0.818155
vt 0.555845 0.818864
vt 0.555075 0.818899
vt 0.556059 0.819296
vt 0.556039 0.819315
vt 0.554821 0.818872
vt 0.556172 0.819187
vt 0.555002 0.818772
vt 0.553267 0.818631
vt 0.554275 0.819578
vt 0.552302 0.817739
vt 0.622621 0.844066
vt 0.623060 0.844618
vt 0.621560 0.844320
vt 0.623535 0.843652
vt 0.623719 0.844299
vt 0.623813 0.843855
vt 0.624305 0.843632
vt 0.624359 0.844465
vt 0.624885 0.844148
vt 0.625601 0.844611
vt 0.624920 0.844925
vt 0.625985 0.844935
vt 0.625975 0.844961
vt 0.624677 0.844993
vt 0.626039 0.844792
vt 0.624797 0.844834
vt 0.623178 0.845338
vt 0.624447 0.845817
vt 0.621966 0.844891
vt 0.697167 0.843694
vt 0.698173 0.843952
vt 0.697328 0.844148
vt 0.697875 0.842953
vt 0.698298 0.843471
vt 0.698217 0.843045
vt 0.698591 0.842635
vt 0.698941 0.843358
vt 0.699335 0.842900
vt 0.700144 0.843117
vt 0.699414 0.843733
vt 0.699947 0.843535
vt 0.699420 0.844711
vt 0.698918 0.844657
vt 0.698390 0.844722
vt 0.766162 0.813522
vt 0.767239 0.813370
vt 0.766456 0.813873
vt 0.766588 0.812572
vt 0.767176 0.812881
vt 0.766935 0.812519
vt 0.767119 0.811988
vt 0.767721 0.812522
vt 0.767906 0.811949
vt 0.768735 0.811834
vt 0.768303 0.812683
vt 0.768713 0.812296
vt 0.768686 0.813560
vt 0.768200 0.813716
vt 0.767735 0.813985
vt 0.817589 0.759247
vt 0.818505 0.758699
vt 0.817997 0.759455
vt 0.817602 0.758219
vt 0.818258 0.758277
vt 0.817901 0.758039
vt 0.817876 0.757494
vt 0.818625 0.757746
vt 0.818576 0.757151
vt 0.819289 0.756730
vt 0.819217 0.757669
vt 0.819444 0.757160
vt 0.819897 0.758319
vt 0.819514 0.758649
vt 0.819192 0.759075
vt 0.843960 0.690272
vt 0.844588 0.689427
vt 0.844411 0.690308
vt 0.843574 0.689333
vt 0.844199 0.689137
vt 0.843782 0.689056
vt 0.843565 0.688571
vt 0.844340 0.688515
vt 0.844069 0.687990
vt 0.844563 0.687341
vt 0.844849 0.688222
vt 0.844866 0.687671
vt 0.845713 0.688555
vt 0.845489 0.689001
vt 0.845357 0.689511
vt 0.842140 0.617253
vt 0.842397 0.616239
vt 0.842567 0.617116
vt 0.841443 0.616527
vt 0.841935 0.616115
vt 0.841521 0.616196
vt 0.841121 0.615835
vt 0.841818 0.615492
vt 0.841372 0.615112
vt 0.841511 0.614281
vt 0.842137 0.615002
vt 0.841948 0.614495
vt 0.843099 0.615015
vt 0.843062 0.615507
vt 0.843132 0.616023
vt 0.812880 0.551197
vt 0.812955 0.550516
vt 0.813785 0.551749
vt 0.811974 0.550835
vt 0.812287 0.550271
vt 0.811913 0.550511
vt 0.811423 0.550322
vt 0.811958 0.549717
vt 0.811378 0.549568
vt 0.811214 0.548755
vt 0.811894 0.549015
vt 0.811182 0.548274
vt 0.811207 0.548263
vt 0.812105 0.549137
vt 0.811045 0.548332
vt 0.811912 0.549161
vt 0.812920 0.550076
vt 0.813082 0.550025
vt 0.813894 0.551077
vt 0.813368 0.549940
vt 0.762257 0.500014
vt 0.761763 0.499155
vt 0.762463 0.499592
vt 0.761273 0.500022
vt 0.761346 0.499387
vt 0.761103 0.499729
vt 0.760569 0.499749
vt 0.760834 0.499022
vt 0.760246 0.499055
vt 0.759769 0.498356
vt 0.760723 0.498449
vt 0.760232 0.498206
vt 0.761446 0.497800
vt 0.761749 0.498179
vt 0.762150 0.498502
vt 0.694911 0.471768
vt 0.694121 0.471159
vt 0.694940 0.471293
vt 0.694001 0.472172
vt 0.693824 0.471543
vt 0.693732 0.471954
vt 0.693249 0.472142
vt 0.693212 0.471376
vt 0.692683 0.471629
vt 0.691983 0.471165
vt 0.692894 0.470892
vt 0.692349 0.470853
vt 0.693300 0.470019
vt 0.693732 0.470255
vt 0.694233 0.470402
vt 0.622072 0.471028
vt 0.621467 0.470674
vt 0.622974 0.470429
vt 0.621371 0.471736
vt 0.620968 0.471200
vt 0.621041 0.471642
vt 0.620664 0.471998
vt 0.620316 0.471260
vt 0.619945 0.471739
vt 0.619176 0.471496
vt 0.619667 0.470999
vt 0.618683 0.471366
vt 0.618681 0.471342
vt 0.619860 0.470859
vt 0.618695 0.471502
vt 0.619818 0.471031
vt 0.621075 0.470467
vt 0.621079 0.470312
vt 0.622354 0.470032
vt 0.621089 0.470039
vt 0.553781 0.497508
vt 0.553065 0.497403
vt 0.554536 0.496631
vt 0.553341 0.498430
vt 0.552757 0.498078
vt 0.552994 0.498464
vt 0.552777 0.498944
vt 0.552169 0.498382
vt 0.552006 0.498971
vt 0.551193 0.499037
vt 0.551462 0.498384
vt 0.550682 0.499105
vt 0.550671 0.499083
vt 0.551589 0.498178
vt 0.550746 0.499227
vt 0.551616 0.498355
vt 0.552424 0.496948
vt 0.551181 0.497440
vt 0.553603 0.496470
vt 0.500001 0.548467
vt 0.499290 0.548644
vt 0.500372 0.547356
vt 0.499952 0.549499
vt 0.499266 0.549394
vt 0.499636 0.549663
vt 0.499622 0.550198
vt 0.498833 0.549905
vt 0.498910 0.550518
vt 0.498175 0.550887
vt 0.498172 0.550176
vt 0.497718 0.551157
vt 0.497699 0.551141
vt 0.498211 0.549934
vt 0.497826 0.551244
vt 0.498306 0.550087
vt 0.498515 0.548464
vt 0.497540 0.549402
vt 0.499434 0.547565
vt 0.469230 0.617271
vt 0.468528 0.618129
vt 0.468770 0.617212
vt 0.469591 0.618264
vt 0.468926 0.618444
vt 0.469355 0.618542
vt 0.469568 0.619055
vt 0.468755 0.619084
vt 0.469019 0.619637
vt 0.468480 0.620291
vt 0.468211 0.619365
vt 0.468175 0.619942
vt 0.467318 0.618971
vt 0.467573 0.618530
vt 0.467736 0.618016
vt 0.548553 0.727153
vt 0.548818 0.727328
vt 0.548437 0.727214
vt 0.548758 0.726933
vt 0.549061 0.727140
vt 0.549029 0.726964
vt 0.549343 0.727156
vt 0.549391 0.727425
vt 0.549612 0.727314
vt 0.549746 0.727796
vt 0.549571 0.727760
vt 0.549275 0.727393
vt 0.548361 0.727597
vt 0.549074 0.727558
vt 0.530897 0.685924
vt 0.531072 0.685582
vt 0.531063 0.685794
vt 0.530856 0.685860
vt 0.531139 0.685319
vt 0.530834 0.685828
vt 0.531262 0.685011
vt 0.531379 0.684689
vt 0.531225 0.685100
vt 0.531665 0.685536
vt 0.531408 0.685233
vt 0.531473 0.685693
vt 0.531379 0.685527
vt 0.531367 0.685785
vt 0.584876 0.764410
vt 0.585073 0.764476
vt 0.584696 0.764518
vt 0.584992 0.764128
vt 0.585233 0.764208
vt 0.585113 0.764060
vt 0.585350 0.764119
vt 0.585533 0.764348
vt 0.585550 0.764161
vt 0.585897 0.764551
vt 0.585808 0.764584
vt 0.585469 0.764361
vt 0.584608 0.764896
vt 0.585298 0.764589
vt 0.552679 0.733390
vt 0.552708 0.732992
vt 0.552778 0.733303
vt 0.552619 0.733270
vt 0.552671 0.732642
vt 0.552588 0.733210
vt 0.552666 0.732264
vt 0.552651 0.731872
vt 0.552666 0.732372
vt 0.553220 0.732585
vt 0.552879 0.732443
vt 0.553119 0.732924
vt 0.552968 0.732831
vt 0.553054 0.733190
vt 0.631222 0.784110
vt 0.631526 0.784046
vt 0.631185 0.784233
vt 0.631208 0.783819
vt 0.631561 0.783749
vt 0.631417 0.783652
vt 0.631767 0.783564
vt 0.631987 0.783714
vt 0.632062 0.783485
vt 0.632489 0.783719
vt 0.631842 0.784029
vt 0.632038 0.783526
vt 0.631333 0.784565
vt 0.590413 0.768336
vt 0.590295 0.767982
vt 0.590436 0.768132
vt 0.590341 0.768321
vt 0.590158 0.767756
vt 0.590304 0.768315
vt 0.590028 0.767461
vt 0.589884 0.767161
vt 0.590065 0.767548
vt 0.590638 0.767494
vt 0.590272 0.767495
vt 0.590647 0.767778
vt 0.590467 0.767731
vt 0.590638 0.767914
vt 0.681614 0.784349
vt 0.681872 0.784172
vt 0.681627 0.784476
vt 0.681490 0.784084
vt 0.681791 0.783884
vt 0.681620 0.783849
vt 0.681911 0.783633
vt 0.682173 0.783688
vt 0.682154 0.783447
vt 0.682641 0.783501
vt 0.682176 0.784023
vt 0.682094 0.783536
vt 0.681950 0.784681
vt 0.637699 0.785335
vt 0.637454 0.785053
vt 0.637643 0.785138
vt 0.637626 0.785349
vt 0.637240 0.784896
vt 0.637589 0.785357
vt 0.637006 0.784672
vt 0.636757 0.784450
vt 0.637074 0.784739
vt 0.637632 0.784499
vt 0.637262 0.784621
vt 0.637703 0.784730
vt 0.637517 0.784755
vt 0.637746 0.784860
vt 0.728858 0.764813
vt 0.729028 0.764549
vt 0.728920 0.764925
vt 0.728639 0.764615
vt 0.728840 0.764313
vt 0.728667 0.764347
vt 0.728852 0.764034
vt 0.729118 0.763984
vt 0.729005 0.763767
vt 0.729479 0.763629
vt 0.729252 0.764293
vt 0.728987 0.763872
vt 0.729299 0.764992
vt 0.688408 0.782773
vt 0.688069 0.782606
vt 0.688278 0.782612
vt 0.688345 0.782814
vt 0.687807 0.782543
vt 0.688313 0.782836
vt 0.687502 0.782427
vt 0.687184 0.782317
vt 0.687591 0.782462
vt 0.688015 0.782023
vt 0.687720 0.782280
vt 0.688173 0.782210
vt 0.688011 0.782305
vt 0.688265 0.782313
vt 0.764954 0.728738
vt 0.765009 0.728430
vt 0.765054 0.728818
vt 0.764678 0.728640
vt 0.764747 0.728285
vt 0.764602 0.728383
vt 0.764652 0.728024
vt 0.764876 0.727876
vt 0.764691 0.727720
vt 0.765071 0.727412
vt 0.765114 0.728130
vt 0.764721 0.727758
vt 0.765418 0.728806
vt 0.734831 0.760680
vt 0.734458 0.760656
vt 0.734651 0.760582
vt 0.734790 0.760742
vt 0.734196 0.760698
vt 0.734770 0.760774
vt 0.733873 0.760707
vt 0.733540 0.760727
vt 0.733967 0.760706
vt 0.734134 0.760153
vt 0.733997 0.760494
vt 0.734402 0.760252
vt 0.734290 0.760402
vt 0.734525 0.760312
vt 0.784341 0.682574
vt 0.784325 0.682373
vt 0.784505 0.682693
vt 0.784044 0.682579
vt 0.784025 0.682335
vt 0.783937 0.682499
vt 0.783900 0.682266
vt 0.784037 0.682015
vt 0.783863 0.682072
vt 0.784082 0.681614
vt 0.784336 0.682111
vt 0.783858 0.682002
vt 0.784856 0.682559
vt 0.768640 0.723139
vt 0.768272 0.723267
vt 0.768527 0.723084
vt 0.768554 0.723239
vt 0.767971 0.723436
vt 0.768511 0.723291
vt 0.767633 0.723586
vt 0.767729 0.723317
vt 0.767865 0.723468
vt 0.767756 0.722939
vt 0.768056 0.722928
vt 0.768030 0.723097
vt 0.768322 0.722881
vt 0.784381 0.632410
vt 0.784204 0.632156
vt 0.784505 0.632396
vt 0.784122 0.632535
vt 0.783922 0.632238
vt 0.783889 0.632407
vt 0.783673 0.632121
vt 0.783726 0.631862
vt 0.783488 0.631882
vt 0.783537 0.631401
vt 0.784067 0.631873
vt 0.783537 0.631889
vt 0.784748 0.632131
vt 0.785702 0.675753
vt 0.785426 0.675998
vt 0.785509 0.675811
vt 0.785716 0.675826
vt 0.785273 0.676210
vt 0.785724 0.675862
vt 0.785055 0.676443
vt 0.784993 0.676207
vt 0.785207 0.676250
vt 0.784850 0.675874
vt 0.785106 0.675754
vt 0.785133 0.675937
vt 0.785234 0.675710
vt 0.765654 0.586468
vt 0.765397 0.586301
vt 0.765763 0.586408
vt 0.765463 0.586681
vt 0.765169 0.586485
vt 0.765201 0.586653
vt 0.764897 0.586472
vt 0.764849 0.586212
vt 0.764637 0.586322
vt 0.764504 0.585859
vt 0.765149 0.586083
vt 0.764742 0.586339
vt 0.765826 0.586040
vt 0.783014 0.626015
vt 0.782852 0.626346
vt 0.782858 0.626140
vt 0.783053 0.626078
vt 0.782791 0.626601
vt 0.783075 0.626109
vt 0.782677 0.626899
vt 0.782535 0.626687
vt 0.782739 0.626701
vt 0.782287 0.626399
vt 0.782468 0.626243
vt 0.782560 0.626401
vt 0.782568 0.626152
vt 0.730969 0.550569
vt 0.730667 0.550508
vt 0.731047 0.550474
vt 0.730869 0.550835
vt 0.730520 0.550760
vt 0.730612 0.550903
vt 0.730260 0.550845
vt 0.730120 0.550624
vt 0.729961 0.550799
vt 0.729666 0.550423
vt 0.730372 0.550398
vt 0.730005 0.550773
vt 0.731037 0.550118
vt 0.761709 0.580622
vt 0.761679 0.580984
vt 0.761610 0.580795
vt 0.761768 0.580664
vt 0.761715 0.581240
vt 0.761799 0.580684
vt 0.761717 0.581555
vt 0.761510 0.581428
vt 0.761696 0.581314
vt 0.761178 0.581286
vt 0.761282 0.581029
vt 0.761427 0.581141
vt 0.761344 0.580911
vt 0.685586 0.530755
vt 0.685283 0.530814
vt 0.685621 0.530638
vt 0.685595 0.531038
vt 0.685244 0.531101
vt 0.685384 0.531198
vt 0.685036 0.531279
vt 0.684823 0.531129
vt 0.684742 0.531351
vt 0.684327 0.531117
vt 0.684474 0.531025
vt 0.684925 0.531073
vt 0.685474 0.530315
vt 0.684969 0.530826
vt 0.725418 0.546675
vt 0.725529 0.547020
vt 0.725393 0.546871
vt 0.725488 0.546691
vt 0.725659 0.547241
vt 0.725525 0.546698
vt 0.725782 0.547529
vt 0.725543 0.547492
vt 0.725671 0.547316
vt 0.725182 0.547488
vt 0.725180 0.547211
vt 0.725356 0.547260
vt 0.725192 0.547079
vt 0.635691 0.529289
vt 0.635432 0.529458
vt 0.635681 0.529165
vt 0.635808 0.529551
vt 0.635506 0.529742
vt 0.635673 0.529780
vt 0.635381 0.529986
vt 0.635125 0.529927
vt 0.635136 0.530165
vt 0.634659 0.530101
vt 0.634759 0.529960
vt 0.635198 0.529836
vt 0.635424 0.528916
vt 0.635146 0.529586
vt 0.678940 0.529226
vt 0.679175 0.529508
vt 0.678991 0.529420
vt 0.679012 0.529214
vt 0.679382 0.529666
vt 0.679049 0.529207
vt 0.679607 0.529891
vt 0.679369 0.529946
vt 0.679420 0.529733
vt 0.679033 0.530078
vt 0.678923 0.529819
vt 0.679105 0.529798
vt 0.678883 0.529691
vt 0.588684 0.546790
vt 0.588506 0.547045
vt 0.588627 0.546678
vt 0.588890 0.546990
vt 0.588681 0.547282
vt 0.588851 0.547255
vt 0.588656 0.547558
vt 0.588395 0.547599
vt 0.588495 0.547817
vt 0.588026 0.547938
vt 0.588067 0.547768
vt 0.588430 0.547486
vt 0.588293 0.546543
vt 0.588286 0.547274
vt 0.628945 0.530367
vt 0.629270 0.530542
vt 0.629066 0.530529
vt 0.629008 0.530329
vt 0.629522 0.530611
vt 0.629039 0.530308
vt 0.629816 0.530735
vt 0.629615 0.530877
vt 0.629583 0.530659
vt 0.629351 0.531127
vt 0.629152 0.530928
vt 0.629315 0.530839
vt 0.629067 0.530823
vt 0.551666 0.581014
vt 0.551598 0.581319
vt 0.551570 0.580931
vt 0.551936 0.581122
vt 0.551853 0.581474
vt 0.552000 0.581383
vt 0.551935 0.581739
vt 0.551708 0.581877
vt 0.551885 0.582041
vt 0.551496 0.582333
vt 0.551468 0.582160
vt 0.551697 0.581759
vt 0.551207 0.580931
vt 0.551482 0.581615
vt 0.582806 0.550361
vt 0.583175 0.550400
vt 0.582981 0.550465
vt 0.582849 0.550301
vt 0.583436 0.550368
vt 0.582870 0.550270
vt 0.583757 0.550372
vt 0.583625 0.550580
vt 0.583512 0.550390
vt 0.583474 0.550915
vt 0.583214 0.550805
vt 0.583331 0.550660
vt 0.583095 0.550739
vt 0.530695 0.627188
vt 0.530752 0.627497
vt 0.530572 0.627147
vt 0.530991 0.627183
vt 0.531051 0.627541
vt 0.531153 0.627398
vt 0.531232 0.627754
vt 0.531074 0.627972
vt 0.531303 0.628054
vt 0.531053 0.628478
vt 0.530959 0.628329
vt 0.531017 0.627867
vt 0.530249 0.627357
vt 0.530764 0.627837
vt 0.547857 0.586442
vt 0.548218 0.586333
vt 0.548063 0.586471
vt 0.547874 0.586369
vt 0.548451 0.586201
vt 0.547881 0.586331
vt 0.548753 0.586078
vt 0.549060 0.585942
vt 0.548664 0.586113
vt 0.548655 0.586725
vt 0.548695 0.586335
vt 0.548414 0.586694
vt 0.548467 0.586514
vt 0.548277 0.586681
vt 0.529408 0.679000
vt 0.529582 0.679266
vt 0.529277 0.679011
vt 0.529681 0.678878
vt 0.529879 0.679187
vt 0.529919 0.679013
vt 0.530133 0.679313
vt 0.530071 0.679580
vt 0.530318 0.679564
vt 0.530252 0.680060
vt 0.530105 0.679959
vt 0.529977 0.679505
vt 0.529058 0.679334
vt 0.529728 0.679578
vt 0.529350 0.634106
vt 0.529645 0.633859
vt 0.529553 0.634051
vt 0.529338 0.634030
vt 0.529810 0.633643
vt 0.529330 0.633992
vt 0.530044 0.633407
vt 0.530277 0.633156
vt 0.529975 0.633475
vt 0.530208 0.634048
vt 0.530091 0.633669
vt 0.529970 0.634119
vt 0.529948 0.633929
vt 0.529836 0.634162
vt 0.550359 0.729400
vt 0.550863 0.729785
vt 0.550604 0.730234
vt 0.550713 0.728946
vt 0.551158 0.729258
vt 0.551155 0.728987
vt 0.552032 0.728971
vt 0.551648 0.729593
vt 0.552426 0.729360
vt 0.552069 0.730142
vt 0.551631 0.730210
vt 0.551706 0.730791
vt 0.551306 0.730541
vt 0.551136 0.730267
vt 0.550618 0.730638
vt 0.530187 0.681778
vt 0.530508 0.682341
vt 0.530080 0.682637
vt 0.530690 0.681499
vt 0.531001 0.681823
vt 0.531079 0.681346
vt 0.531374 0.681352
vt 0.531305 0.682020
vt 0.531596 0.681357
vt 0.531572 0.682022
vt 0.531507 0.682774
vt 0.531244 0.682723
vt 0.532433 0.683237
vt 0.532015 0.682659
vt 0.531824 0.683198
vt 0.531214 0.683051
vt 0.530900 0.683527
vt 0.530625 0.683190
vt 0.530567 0.682861
vt 0.529948 0.683011
vt 0.586850 0.765732
vt 0.587467 0.765886
vt 0.587381 0.766390
vt 0.587161 0.765205
vt 0.587518 0.765190
vt 0.587213 0.764796
vt 0.587340 0.764571
vt 0.587784 0.765092
vt 0.587436 0.764401
vt 0.587896 0.764885
vt 0.588402 0.765460
vt 0.588257 0.765630
vt 0.589395 0.765163
vt 0.588711 0.765052
vt 0.589084 0.765730
vt 0.588482 0.765922
vt 0.588594 0.766458
vt 0.588144 0.766381
vt 0.587875 0.766195
vt 0.587557 0.766732
vt 0.633700 0.784474
vt 0.634319 0.784384
vt 0.634431 0.784877
vt 0.633777 0.783880
vt 0.634101 0.783733
vt 0.633676 0.783495
vt 0.633711 0.783247
vt 0.634310 0.783546
vt 0.633738 0.783059
vt 0.634338 0.783319
vt 0.635014 0.783643
vt 0.634942 0.783848
vt 0.635820 0.783005
vt 0.635144 0.783165
vt 0.635570 0.783504
vt 0.635214 0.784001
vt 0.635530 0.784459
vt 0.635126 0.784592
vt 0.634810 0.784518
vt 0.634724 0.785128
vt 0.684332 0.783526
vt 0.684879 0.783203
vt 0.685176 0.783616
vt 0.684046 0.783042
vt 0.684361 0.782731
vt 0.683894 0.782664
vt 0.683898 0.782376
vt 0.684552 0.782429
vt 0.683901 0.782158
vt 0.684552 0.782168
vt 0.685287 0.782216
vt 0.685240 0.782474
vt 0.685731 0.781302
vt 0.685167 0.781721
vt 0.685707 0.781901
vt 0.685567 0.782502
vt 0.686040 0.782803
vt 0.685712 0.783081
vt 0.685389 0.783140
vt 0.685546 0.783745
vt 0.731055 0.762998
vt 0.731436 0.762484
vt 0.731872 0.762750
vt 0.730603 0.762659
vt 0.730772 0.762249
vt 0.730311 0.762369
vt 0.730200 0.762100
vt 0.730830 0.761895
vt 0.730117 0.761897
vt 0.730726 0.761654
vt 0.731135 0.761024
vt 0.730677 0.761503
vt 0.731496 0.760432
vt 0.731907 0.760929
vt 0.731856 0.761561
vt 0.732397 0.761660
vt 0.732158 0.762050
vt 0.731882 0.762228
vt 0.732261 0.762725
vt 0.766231 0.726570
vt 0.766381 0.725958
vt 0.766881 0.726034
vt 0.765708 0.726277
vt 0.765694 0.725920
vt 0.765313 0.726224
vt 0.765095 0.726098
vt 0.765600 0.725655
vt 0.764931 0.726002
vt 0.765400 0.725543
vt 0.765553 0.724738
vt 0.765313 0.725349
vt 0.765660 0.724060
vt 0.766049 0.724467
vt 0.766367 0.724985
vt 0.766910 0.724862
vt 0.766879 0.725287
vt 0.766693 0.725554
vt 0.767229 0.725863
vt 0.784688 0.679996
vt 0.784593 0.679384
vt 0.785077 0.679266
vt 0.784140 0.680067
vt 0.783970 0.679676
vt 0.783730 0.680080
vt 0.783463 0.679980
vt 0.783762 0.679400
vt 0.783261 0.679904
vt 0.783519 0.679314
vt 0.783386 0.678579
vt 0.783406 0.679233
vt 0.783228 0.677912
vt 0.783844 0.677973
vt 0.784246 0.678452
vt 0.784689 0.678143
vt 0.784798 0.678583
vt 0.784727 0.678897
vt 0.785334 0.678975
vt 0.783754 0.630000
vt 0.783444 0.629481
vt 0.783836 0.629177
vt 0.783188 0.630162
vt 0.782946 0.629782
vt 0.782867 0.630048
vt 0.782081 0.629792
vt 0.782675 0.629371
vt 0.781867 0.629301
vt 0.782474 0.628843
vt 0.782906 0.628850
vt 0.783040 0.628340
vt 0.783313 0.628658
vt 0.783366 0.628960
vt 0.783955 0.628817
vt 0.763895 0.584324
vt 0.763403 0.583954
vt 0.763670 0.583535
vt 0.763564 0.584760
vt 0.763166 0.584595
vt 0.763281 0.585046
vt 0.763020 0.585154
vt 0.762822 0.584539
vt 0.762823 0.585236
vt 0.762588 0.584640
vt 0.761974 0.584229
vt 0.762436 0.584686
vt 0.761401 0.583866
vt 0.761897 0.583470
vt 0.762511 0.583534
vt 0.762617 0.583012
vt 0.762997 0.583247
vt 0.763156 0.583521
vt 0.763640 0.583163
vt 0.728850 0.549266
vt 0.728273 0.549105
vt 0.728350 0.548616
vt 0.728559 0.549772
vt 0.728121 0.549664
vt 0.728247 0.549907
vt 0.727528 0.550249
vt 0.727641 0.549553
vt 0.727035 0.550048
vt 0.727077 0.549220
vt 0.727439 0.549009
vt 0.727167 0.548527
vt 0.727606 0.548610
vt 0.727855 0.548787
vt 0.728183 0.548280
vt 0.683127 0.530365
vt 0.682531 0.530437
vt 0.682410 0.529960
vt 0.683055 0.530940
vt 0.682609 0.531008
vt 0.682818 0.531184
vt 0.682283 0.531777
vt 0.682123 0.531089
vt 0.681746 0.531774
vt 0.681465 0.530989
vt 0.681726 0.530653
vt 0.681287 0.530304
vt 0.681728 0.530205
vt 0.682025 0.530284
vt 0.682131 0.529688
vt 0.633265 0.529846
vt 0.632737 0.530140
vt 0.632443 0.529741
vt 0.633411 0.530413
vt 0.633024 0.530644
vt 0.633287 0.530730
vt 0.633014 0.531484
vt 0.632605 0.530902
vt 0.632513 0.531685
vt 0.631957 0.531058
vt 0.632072 0.530646
vt 0.631532 0.530486
vt 0.631902 0.530225
vt 0.632210 0.530190
vt 0.632083 0.529596
vt 0.586627 0.548230
vt 0.586245 0.548705
vt 0.585819 0.548447
vt 0.586979 0.548702
vt 0.586705 0.549065
vt 0.586982 0.549046
vt 0.587011 0.549851
vt 0.586411 0.549464
vt 0.586622 0.550229
vt 0.585869 0.549857
vt 0.585816 0.549429
vt 0.585253 0.549485
vt 0.585497 0.549101
vt 0.585770 0.548950
vt 0.585425 0.548443
vt 0.550306 0.583135
vt 0.550133 0.583725
vt 0.549636 0.583648
vt 0.550816 0.583443
vt 0.550700 0.583884
vt 0.550950 0.583761
vt 0.551263 0.584488
vt 0.550580 0.584369
vt 0.551054 0.584995
vt 0.550335 0.584883
vt 0.550028 0.584557
vt 0.549555 0.584812
vt 0.549591 0.584385
vt 0.549785 0.584137
vt 0.549266 0.583797
vt 0.530333 0.630019
vt 0.530402 0.630641
vt 0.529905 0.630764
vt 0.530898 0.629957
vt 0.530980 0.630489
vt 0.531170 0.630303
vt 0.531783 0.630922
vt 0.531077 0.631070
vt 0.531787 0.631477
vt 0.531051 0.631652
vt 0.530636 0.631468
vt 0.530294 0.631896
vt 0.530168 0.631478
vt 0.530244 0.631168
vt 0.529621 0.631053
vt 0.597866 0.511454
vt 0.597935 0.511206
vt 0.598091 0.511205
vt 0.597925 0.511355
vt 0.597676 0.511114
vt 0.597261 0.510961
vt 0.597455 0.510874
vt 0.597740 0.510777
vt 0.597946 0.510406
vt 0.598034 0.510779
vt 0.598039 0.510941
vt 0.598234 0.511083
vt 0.657300 0.500175
vt 0.657455 0.499973
vt 0.657600 0.500031
vt 0.657389 0.500104
vt 0.657252 0.499792
vt 0.656929 0.499497
vt 0.657135 0.499489
vt 0.657436 0.499505
vt 0.657766 0.499238
vt 0.657707 0.499616
vt 0.657651 0.499768
vt 0.657778 0.499971
vt 0.717156 0.511428
vt 0.716746 0.511551
vt 0.716471 0.511422
vt 0.716953 0.511760
vt 0.716844 0.511876
vt 0.716885 0.512109
vt 0.716700 0.512096
vt 0.716588 0.511989
vt 0.716369 0.512117
vt 0.716477 0.512089
vt 0.716468 0.511747
vt 0.716282 0.511352
vt 0.767625 0.544741
vt 0.767206 0.544700
vt 0.767007 0.544479
vt 0.767320 0.544967
vt 0.767175 0.545034
vt 0.767123 0.545267
vt 0.766957 0.545185
vt 0.766894 0.545043
vt 0.766642 0.545078
vt 0.766755 0.545088
vt 0.766878 0.544773
vt 0.766856 0.544341
vt 0.801187 0.593730
vt 0.801051 0.594136
vt 0.800824 0.594380
vt 0.801273 0.593905
vt 0.801384 0.594187
vt 0.801765 0.594380
vt 0.801394 0.594480
vt 0.801233 0.594490
vt 0.801100 0.594687
vt 0.800974 0.594549
vt 0.800968 0.594394
vt 0.800720 0.594333
vt 0.814189 0.653162
vt 0.814396 0.653311
vt 0.814342 0.653458
vt 0.814265 0.653248
vt 0.814572 0.653103
vt 0.814856 0.652772
vt 0.814869 0.652972
vt 0.814864 0.653277
vt 0.815144 0.653602
vt 0.814761 0.653554
vt 0.814608 0.653502
vt 0.814407 0.653636
vt 0.804107 0.712969
vt 0.804242 0.713186
vt 0.804136 0.713299
vt 0.804143 0.713080
vt 0.804486 0.713061
vt 0.804878 0.712862
vt 0.804815 0.713051
vt 0.804692 0.713334
vt 0.804829 0.713748
vt 0.804489 0.713554
vt 0.804366 0.713446
vt 0.804127 0.713493
vt 0.771521 0.765055
vt 0.771563 0.765312
vt 0.771419 0.765378
vt 0.771512 0.765173
vt 0.771839 0.765289
vt 0.772282 0.765254
vt 0.772150 0.765407
vt 0.771926 0.765625
vt 0.771892 0.766064
vt 0.771650 0.765750
vt 0.771578 0.765601
vt 0.771338 0.765552
vt 0.720917 0.801008
vt 0.720855 0.801264
vt 0.720695 0.801270
vt 0.720863 0.801113
vt 0.721123 0.801348
vt 0.721549 0.801489
vt 0.721362 0.801581
vt 0.721070 0.801694
vt 0.720869 0.802087
vt 0.720767 0.801702
vt 0.720758 0.801537
vt 0.720555 0.801400
vt 0.660772 0.815155
vt 0.660433 0.814859
vt 0.660285 0.814541
vt 0.660557 0.815167
vt 0.660251 0.815156
vt 0.659919 0.815434
vt 0.659973 0.815046
vt 0.660028 0.814892
vt 0.659895 0.814688
vt 0.660072 0.814624
vt 0.660221 0.814679
vt 0.660376 0.814468
vt 0.600171 0.803847
vt 0.599950 0.803982
vt 0.599836 0.803874
vt 0.600060 0.803885
vt 0.600074 0.804229
vt 0.600271 0.804623
vt 0.600084 0.804559
vt 0.599797 0.804434
vt 0.599378 0.804569
vt 0.599579 0.804227
vt 0.599689 0.804104
vt 0.599644 0.803865
vt 0.547636 0.771721
vt 0.547605 0.771277
vt 0.547725 0.770951
vt 0.547488 0.771591
vt 0.547266 0.771361
vt 0.546819 0.771321
vt 0.547137 0.771080
vt 0.547290 0.771007
vt 0.547343 0.770761
vt 0.547524 0.770849
vt 0.547587 0.770996
vt 0.547847 0.770954
vt 0.511461 0.718306
vt 0.511318 0.718509
vt 0.511151 0.718516
vt 0.511591 0.718450
vt 0.511595 0.718612
vt 0.511854 0.718678
vt 0.511749 0.718619
vt 0.511505 0.718883
vt 0.511357 0.719318
vt 0.511265 0.719126
vt 0.511153 0.718826
vt 0.510755 0.718614
vt 0.498803 0.656309
vt 0.498592 0.656441
vt 0.498435 0.656382
vt 0.498866 0.656493
vt 0.498806 0.656644
vt 0.499019 0.656805
vt 0.498944 0.656711
vt 0.498617 0.656857
vt 0.498310 0.657196
vt 0.498301 0.656983
vt 0.498317 0.656666
vt 0.498036 0.656319
vt 0.511639 0.594707
vt 0.511397 0.594745
vt 0.511277 0.594631
vt 0.511627 0.594897
vt 0.511514 0.595011
vt 0.511645 0.595240
vt 0.511618 0.595124
vt 0.511260 0.595132
vt 0.510844 0.595324
vt 0.510923 0.595116
vt 0.511061 0.594841
vt 0.510941 0.594422
vt 0.546814 0.544087
vt 0.546578 0.544029
vt 0.546512 0.543879
vt 0.546728 0.544256
vt 0.546583 0.544316
vt 0.546614 0.544573
vt 0.546632 0.544458
vt 0.546307 0.544329
vt 0.545859 0.544345
vt 0.546007 0.544190
vt 0.546236 0.543990
vt 0.546286 0.543563
vt 0.657135 0.502032
vt 0.657305 0.501750
vt 0.657262 0.501970
vt 0.657145 0.501984
vt 0.657342 0.501684
vt 0.657111 0.502151
vt 0.657385 0.501759
vt 0.657588 0.501389
vt 0.657482 0.501428
vt 0.657861 0.501574
vt 0.657592 0.501352
vt 0.657750 0.502034
vt 0.657584 0.501751
vt 0.657624 0.501972
vt 0.634007 0.526804
vt 0.633782 0.527107
vt 0.633872 0.526844
vt 0.634004 0.526912
vt 0.633625 0.527413
vt 0.634004 0.526966
vt 0.633410 0.527749
vt 0.633250 0.528048
vt 0.633512 0.527610
vt 0.633030 0.526599
vt 0.633311 0.527260
vt 0.633379 0.526689
vt 0.633464 0.526951
vt 0.633566 0.526634
vt 0.624131 0.476162
vt 0.623772 0.475696
vt 0.624330 0.476146
vt 0.623791 0.476290
vt 0.623365 0.475750
vt 0.623319 0.475956
vt 0.622876 0.475434
vt 0.622932 0.475142
vt 0.622490 0.474991
vt 0.622502 0.474470
vt 0.622831 0.474680
vt 0.623163 0.475307
vt 0.624315 0.475435
vt 0.623434 0.475169
vt 0.655222 0.500344
vt 0.655421 0.500254
vt 0.655176 0.500481
vt 0.654984 0.499812
vt 0.655259 0.499846
vt 0.654859 0.499617
vt 0.654935 0.499629
vt 0.655359 0.499904
vt 0.654722 0.499595
vt 0.655309 0.500004
vt 0.655812 0.500194
vt 0.655885 0.499907
vt 0.655653 0.500513
vt 0.658038 0.496969
vt 0.657721 0.497330
vt 0.657809 0.497084
vt 0.658024 0.497004
vt 0.657664 0.497377
vt 0.658127 0.496745
vt 0.657610 0.497238
vt 0.657150 0.497767
vt 0.657669 0.497974
vt 0.656623 0.497469
vt 0.656844 0.496972
vt 0.657166 0.497332
vt 0.657075 0.497087
vt 0.680792 0.526829
vt 0.680962 0.527198
vt 0.680725 0.526877
vt 0.681084 0.526603
vt 0.681269 0.527033
vt 0.681368 0.526793
vt 0.681588 0.527223
vt 0.681424 0.527622
vt 0.681788 0.527588
vt 0.681543 0.528371
vt 0.681098 0.527588
vt 0.681602 0.527589
vt 0.680481 0.527209
vt 0.690057 0.476184
vt 0.690584 0.475753
vt 0.690405 0.476074
vt 0.690036 0.476064
vt 0.690823 0.475431
vt 0.690020 0.475996
vt 0.691102 0.475127
vt 0.691291 0.475323
vt 0.690938 0.475534
vt 0.691415 0.475591
vt 0.691003 0.476039
vt 0.691003 0.475792
vt 0.690759 0.476185
vt 0.659896 0.499804
vt 0.659622 0.499838
vt 0.660019 0.499608
vt 0.659655 0.500338
vt 0.659459 0.500248
vt 0.659701 0.500475
vt 0.659681 0.500466
vt 0.659423 0.500206
vt 0.659882 0.500558
vt 0.659545 0.500196
vt 0.659209 0.499919
vt 0.659199 0.500017
vt 0.659616 0.499304
vt 0.659186 0.499765
vt 0.629754 0.527432
vt 0.630053 0.527712
vt 0.629711 0.527502
vt 0.629941 0.527113
vt 0.630275 0.527444
vt 0.630276 0.527185
vt 0.630643 0.527502
vt 0.630642 0.527934
vt 0.630968 0.527768
vt 0.631036 0.528586
vt 0.630327 0.528024
vt 0.630794 0.527834
vt 0.629610 0.527904
vt 0.619225 0.476934
vt 0.619551 0.476338
vt 0.619506 0.476701
vt 0.619160 0.476832
vt 0.619653 0.475950
vt 0.619120 0.476775
vt 0.619796 0.475564
vt 0.620046 0.475676
vt 0.619798 0.475999
vt 0.620262 0.475880
vt 0.620049 0.476447
vt 0.619956 0.476218
vt 0.619877 0.476673
vt 0.600137 0.510132
vt 0.599896 0.510266
vt 0.600177 0.509904
vt 0.600116 0.510718
vt 0.599899 0.510708
vt 0.600210 0.510828
vt 0.600188 0.510827
vt 0.599850 0.510682
vt 0.600409 0.510837
vt 0.599959 0.510626
vt 0.599543 0.510496
vt 0.599571 0.510590
vt 0.599689 0.509774
vt 0.599463 0.510363
vt 0.598413 0.513247
vt 0.598464 0.512920
vt 0.598508 0.513141
vt 0.598404 0.513199
vt 0.598474 0.512844
vt 0.598435 0.513367
vt 0.598543 0.512898
vt 0.598582 0.512440
vt 0.598285 0.512419
vt 0.598916 0.512546
vt 0.598987 0.513017
vt 0.598725 0.512816
vt 0.598845 0.513007
vt 0.586169 0.545118
vt 0.586073 0.545486
vt 0.586058 0.545206
vt 0.586207 0.545220
vt 0.586042 0.545830
vt 0.586227 0.545270
vt 0.585968 0.546225
vt 0.585932 0.546564
vt 0.586011 0.546056
vt 0.585173 0.545292
vt 0.585689 0.545805
vt 0.585536 0.545247
vt 0.585716 0.545460
vt 0.585691 0.545126
vt 0.557624 0.501536
vt 0.557108 0.501234
vt 0.557803 0.501445
vt 0.557353 0.501783
vt 0.556747 0.501439
vt 0.556782 0.501649
vt 0.556167 0.501327
vt 0.556109 0.501033
vt 0.555636 0.501058
vt 0.555449 0.500566
vt 0.555838 0.500639
vt 0.556389 0.501101
vt 0.557516 0.500783
vt 0.556589 0.500869
vt 0.595987 0.512400
vt 0.596139 0.512241
vt 0.595996 0.512545
vt 0.595561 0.511993
vt 0.595831 0.511921
vt 0.595370 0.511858
vt 0.595446 0.511840
vt 0.595948 0.511937
vt 0.595233 0.511889
vt 0.595939 0.512050
vt 0.596482 0.512035
vt 0.596442 0.511740
vt 0.596454 0.512393
vt 0.597347 0.508185
vt 0.597187 0.508641
vt 0.597177 0.508378
vt 0.597347 0.508223
vt 0.597152 0.508707
vt 0.597345 0.507942
vt 0.597049 0.508597
vt 0.596875 0.509184
vt 0.597034 0.509102
vt 0.596211 0.509184
vt 0.596817 0.509264
vt 0.596234 0.508638
vt 0.596670 0.508852
vt 0.596493 0.508658
vt 0.582430 0.547315
vt 0.582815 0.547463
vt 0.582416 0.547397
vt 0.582482 0.546945
vt 0.582920 0.547126
vt 0.582822 0.546883
vt 0.583286 0.547039
vt 0.583449 0.547444
vt 0.583690 0.547163
vt 0.584065 0.547902
vt 0.583189 0.547649
vt 0.583553 0.547293
vt 0.582476 0.547810
vt 0.553326 0.504120
vt 0.553402 0.503438
vt 0.553499 0.503796
vt 0.553225 0.504049
vt 0.553347 0.503035
vt 0.553166 0.504010
vt 0.553334 0.502619
vt 0.553609 0.502628
vt 0.553503 0.503029
vt 0.553888 0.502734
vt 0.553907 0.503350
vt 0.553733 0.503171
vt 0.553833 0.503627
vt 0.548558 0.543095
vt 0.548223 0.543102
vt 0.548429 0.543028
vt 0.548538 0.543103
vt 0.548167 0.543096
vt 0.548748 0.543028
vt 0.548248 0.543003
vt 0.547810 0.543040
vt 0.547872 0.543117
vt 0.547670 0.542307
vt 0.547685 0.542945
vt 0.548175 0.542244
vt 0.548051 0.542690
vt 0.548225 0.542472
vt 0.548124 0.545649
vt 0.547939 0.545517
vt 0.548260 0.545605
vt 0.547862 0.545903
vt 0.547736 0.545714
vt 0.547814 0.546038
vt 0.547787 0.545996
vt 0.547716 0.545639
vt 0.547882 0.546142
vt 0.547801 0.545664
vt 0.547661 0.545221
vt 0.547377 0.545315
vt 0.548012 0.545192
vt 0.548680 0.580413
vt 0.548733 0.580793
vt 0.548611 0.580538
vt 0.548755 0.580494
vt 0.548836 0.581125
vt 0.548793 0.580533
vt 0.548919 0.581522
vt 0.549017 0.581851
vt 0.548895 0.581348
vt 0.547815 0.580957
vt 0.548497 0.581237
vt 0.548139 0.580776
vt 0.548389 0.580906
vt 0.548237 0.580604
vt 0.505171 0.550757
vt 0.504570 0.550674
vt 0.505302 0.550603
vt 0.505014 0.551091
vt 0.504312 0.551002
vt 0.504426 0.551184
vt 0.503724 0.551120
vt 0.503558 0.550868
vt 0.503122 0.551072
vt 0.502758 0.550686
vt 0.503152 0.550606
vt 0.503846 0.550824
vt 0.504772 0.550095
vt 0.503942 0.550531
vt 0.544441 0.545906
vt 0.544897 0.545788
vt 0.544673 0.545959
vt 0.544505 0.545861
vt 0.545012 0.545758
vt 0.544326 0.545988
vt 0.545047 0.545867
vt 0.545548 0.545644
vt 0.545397 0.545385
vt 0.545661 0.545989
vt 0.545292 0.546306
vt 0.545308 0.545968
vt 0.545228 0.546175
vt 0.544256 0.542487
vt 0.544495 0.542601
vt 0.544005 0.542568
vt 0.544788 0.541963
vt 0.544898 0.542204
vt 0.544873 0.541716
vt 0.544887 0.541752
vt 0.544891 0.542279
vt 0.544778 0.541490
vt 0.544753 0.542217
vt 0.544815 0.542832
vt 0.544933 0.542695
vt 0.544194 0.543087
vt 0.544792 0.542929
vt 0.546045 0.583908
vt 0.546461 0.583897
vt 0.546064 0.583990
vt 0.545950 0.583543
vt 0.546428 0.583542
vt 0.546242 0.583353
vt 0.546734 0.583318
vt 0.547043 0.583633
vt 0.547158 0.583277
vt 0.547796 0.583822
vt 0.547542 0.583898
vt 0.546871 0.583670
vt 0.546279 0.584351
vt 0.546882 0.583925
vt 0.502155 0.554830
vt 0.501960 0.554162
vt 0.502190 0.554460
vt 0.502033 0.554801
vt 0.501752 0.553806
vt 0.501963 0.554788
vt 0.501577 0.553422
vt 0.501837 0.553324
vt 0.501896 0.553742
vt 0.502136 0.553314
vt 0.502395 0.553884
vt 0.502164 0.553784
vt 0.502436 0.554173
vt 0.512879 0.593107
vt 0.512569 0.593243
vt 0.512733 0.593095
vt 0.512863 0.593122
vt 0.512515 0.593260
vt 0.513030 0.592971
vt 0.512555 0.593141
vt 0.512161 0.593346
vt 0.512249 0.593394
vt 0.511744 0.592715
vt 0.512006 0.593305
vt 0.512191 0.592460
vt 0.512249 0.592925
vt 0.512327 0.592655
vt 0.513483 0.595653
vt 0.513257 0.595603
vt 0.513593 0.595558
vt 0.513337 0.595993
vt 0.513145 0.595865
vt 0.513345 0.596136
vt 0.513303 0.596108
vt 0.513097 0.595803
vt 0.513449 0.596207
vt 0.513186 0.595793
vt 0.512879 0.595435
vt 0.512653 0.595633
vt 0.513196 0.595271
vt 0.508613 0.594205
vt 0.508883 0.594218
vt 0.508408 0.594379
vt 0.508909 0.593505
vt 0.509108 0.593688
vt 0.508893 0.593242
vt 0.508921 0.593269
vt 0.509130 0.593762
vt 0.508716 0.593067
vt 0.508976 0.593756
vt 0.509274 0.594308
vt 0.509331 0.594134
vt 0.508787 0.594796
vt 0.509289 0.594411
vt 0.527729 0.628101
vt 0.527928 0.628438
vt 0.527713 0.628246
vt 0.527831 0.628147
vt 0.528157 0.628709
vt 0.527882 0.628169
vt 0.528391 0.629049
vt 0.528613 0.629320
vt 0.528299 0.628895
vt 0.527127 0.628954
vt 0.527881 0.628948
vt 0.527362 0.628656
vt 0.527649 0.628679
vt 0.527386 0.628455
vt 0.475019 0.617387
vt 0.474419 0.617546
vt 0.475081 0.617192
vt 0.475003 0.617763
vt 0.474305 0.617957
vt 0.474484 0.618083
vt 0.473795 0.618300
vt 0.473540 0.618129
vt 0.473207 0.618493
vt 0.472713 0.618273
vt 0.473768 0.617660
vt 0.473876 0.618315
vt 0.474376 0.616923
vt 0.510126 0.597348
vt 0.510509 0.597057
vt 0.510366 0.597307
vt 0.510169 0.597280
vt 0.510605 0.596984
vt 0.510050 0.597471
vt 0.510682 0.597072
vt 0.511066 0.596666
vt 0.510822 0.596482
vt 0.511307 0.596945
vt 0.511086 0.597389
vt 0.510967 0.597064
vt 0.510974 0.597291
vt 0.500896 0.656461
vt 0.500666 0.656503
vt 0.500961 0.656328
vt 0.500894 0.656836
vt 0.500664 0.656793
vt 0.500958 0.656966
vt 0.500908 0.656956
vt 0.500595 0.656754
vt 0.501083 0.656991
vt 0.500674 0.656710
vt 0.500247 0.656497
vt 0.500113 0.656772
vt 0.500478 0.656217
vt 0.526672 0.632436
vt 0.527055 0.632260
vt 0.526721 0.632506
vt 0.526435 0.632129
vt 0.526881 0.631938
vt 0.526630 0.631834
vt 0.527075 0.631606
vt 0.527492 0.631780
vt 0.527453 0.631398
vt 0.528271 0.631660
vt 0.528066 0.631832
vt 0.527347 0.631884
vt 0.527062 0.632763
vt 0.527458 0.632120
vt 0.473830 0.622427
vt 0.473378 0.621874
vt 0.473716 0.622064
vt 0.473703 0.622448
vt 0.473038 0.621620
vt 0.473631 0.622464
vt 0.472718 0.621327
vt 0.472921 0.621131
vt 0.473153 0.621503
vt 0.473194 0.621001
vt 0.473673 0.621438
vt 0.473417 0.621436
vt 0.473830 0.621695
vt 0.499329 0.654309
vt 0.499093 0.654560
vt 0.499188 0.654355
vt 0.499319 0.654329
vt 0.499049 0.654597
vt 0.499417 0.654120
vt 0.499040 0.654469
vt 0.498752 0.654819
vt 0.498853 0.654830
vt 0.498103 0.654388
vt 0.498588 0.654842
vt 0.498424 0.653971
vt 0.498665 0.654387
vt 0.498630 0.654101
vt 0.495780 0.657048
vt 0.496038 0.656954
vt 0.495659 0.657293
vt 0.495785 0.656277
vt 0.496041 0.656370
vt 0.495665 0.656038
vt 0.495701 0.656053
vt 0.496090 0.656429
vt 0.495432 0.655945
vt 0.495945 0.656483
vt 0.496436 0.656875
vt 0.496424 0.656696
vt 0.496189 0.657521
vt 0.496498 0.656970
vt 0.473982 0.691616
vt 0.473493 0.691996
vt 0.473963 0.691410
vt 0.474117 0.691971
vt 0.473552 0.692421
vt 0.474245 0.692068
vt 0.473768 0.692468
vt 0.473221 0.692935
vt 0.472916 0.692877
vt 0.472758 0.693342
vt 0.472212 0.693331
vt 0.472942 0.692353
vt 0.473291 0.692922
vt 0.473216 0.691430
vt 0.526997 0.681016
vt 0.527316 0.681250
vt 0.527039 0.681157
vt 0.527111 0.681019
vt 0.527637 0.681413
vt 0.527167 0.681019
vt 0.527990 0.681636
vt 0.528304 0.681801
vt 0.527843 0.681530
vt 0.526786 0.682040
vt 0.527478 0.681742
vt 0.526880 0.681673
vt 0.527154 0.681583
vt 0.526602 0.681564
vt 0.526821 0.681478
vt 0.498444 0.659358
vt 0.498682 0.658939
vt 0.498648 0.659226
vt 0.498456 0.659278
vt 0.498742 0.658834
vt 0.498421 0.659502
vt 0.498847 0.658886
vt 0.499044 0.658359
vt 0.498744 0.658284
vt 0.499379 0.658523
vt 0.499348 0.659022
vt 0.499109 0.658767
vt 0.499204 0.658975
vt 0.513450 0.717623
vt 0.513254 0.717752
vt 0.513458 0.717476
vt 0.513595 0.717968
vt 0.513366 0.718019
vt 0.513705 0.718063
vt 0.513655 0.718074
vt 0.513288 0.718011
vt 0.513830 0.718037
vt 0.513343 0.717939
vt 0.512866 0.717911
vt 0.512851 0.718217
vt 0.512968 0.717564
vt 0.547134 0.729957
vt 0.547520 0.730047
vt 0.547229 0.730070
vt 0.547239 0.729914
vt 0.547878 0.730070
vt 0.547291 0.729892
vt 0.548290 0.730137
vt 0.548644 0.730165
vt 0.548114 0.730096
vt 0.547342 0.730985
vt 0.547861 0.730436
vt 0.547285 0.730610
vt 0.547502 0.730418
vt 0.547155 0.730452
vt 0.502577 0.760689
vt 0.502277 0.761232
vt 0.502478 0.760506
vt 0.502841 0.760964
vt 0.502498 0.761601
vt 0.502716 0.761559
vt 0.502397 0.762206
vt 0.502093 0.762273
vt 0.502131 0.762764
vt 0.501625 0.762970
vt 0.501910 0.761780
vt 0.502457 0.762166
vt 0.501798 0.760820
vt 0.512336 0.721258
vt 0.512389 0.720777
vt 0.512471 0.721056
vt 0.512316 0.721179
vt 0.512403 0.720656
vt 0.512372 0.721399
vt 0.512521 0.720662
vt 0.512572 0.720100
vt 0.512433 0.720278
vt 0.512865 0.720118
vt 0.512492 0.720099
vt 0.513034 0.720591
vt 0.512714 0.720450
vt 0.512883 0.720604
vt 0.474968 0.696720
vt 0.474330 0.696386
vt 0.474720 0.696430
vt 0.474857 0.696790
vt 0.473914 0.696284
vt 0.474796 0.696832
vt 0.473501 0.696137
vt 0.473611 0.695877
vt 0.473979 0.696130
vt 0.473808 0.695652
vt 0.474430 0.695868
vt 0.474193 0.695966
vt 0.474680 0.696044
vt 0.527782 0.685430
vt 0.528065 0.685119
vt 0.527854 0.685475
vt 0.527441 0.685238
vt 0.527777 0.684889
vt 0.527503 0.684890
vt 0.527823 0.684507
vt 0.528278 0.684505
vt 0.528090 0.684168
vt 0.528950 0.684092
vt 0.528829 0.684331
vt 0.528186 0.684658
vt 0.528267 0.685581
vt 0.528381 0.684833
vt 0.511164 0.716254
vt 0.511045 0.716578
vt 0.511052 0.716351
vt 0.511163 0.716276
vt 0.511019 0.716629
vt 0.511171 0.716045
vt 0.510961 0.716514
vt 0.510832 0.716949
vt 0.510929 0.716920
vt 0.510059 0.716804
vt 0.510687 0.717035
vt 0.510193 0.716293
vt 0.510580 0.716584
vt 0.510436 0.716333
vt 0.508966 0.720179
vt 0.509166 0.719990
vt 0.508952 0.720452
vt 0.508664 0.719463
vt 0.508938 0.719449
vt 0.508459 0.719290
vt 0.508498 0.719289
vt 0.509007 0.719484
vt 0.508207 0.719295
vt 0.508894 0.719591
vt 0.509503 0.719761
vt 0.509420 0.719600
vt 0.509530 0.720454
vt 0.509597 0.719823
vt 0.545805 0.773419
vt 0.545914 0.773172
vt 0.545896 0.773668
vt 0.545254 0.772892
vt 0.545496 0.772774
vt 0.544997 0.772813
vt 0.545032 0.772797
vt 0.545573 0.772780
vt 0.544771 0.772915
vt 0.545514 0.772921
vt 0.546135 0.772841
vt 0.545995 0.772726
vt 0.546417 0.773442
vt 0.546238 0.772855
vt 0.549552 0.733753
vt 0.549693 0.733352
vt 0.549637 0.733767
vt 0.549164 0.733709
vt 0.549338 0.733252
vt 0.549088 0.733360
vt 0.549234 0.732878
vt 0.549651 0.732697
vt 0.549349 0.732458
vt 0.550109 0.732048
vt 0.550090 0.732318
vt 0.549625 0.732876
vt 0.550062 0.733700
vt 0.549873 0.732961
vt 0.505418 0.765059
vt 0.504703 0.764999
vt 0.505075 0.764888
vt 0.505346 0.765166
vt 0.504284 0.765067
vt 0.505308 0.765229
vt 0.503849 0.765092
vt 0.503850 0.764806
vt 0.504275 0.764903
vt 0.503949 0.764516
vt 0.504594 0.764478
vt 0.504413 0.764663
vt 0.504888 0.764545
vt 0.546259 0.768974
vt 0.546276 0.769322
vt 0.546194 0.769110
vt 0.546267 0.768995
vt 0.546272 0.769380
vt 0.546183 0.768779
vt 0.546173 0.769297
vt 0.546128 0.769886
vt 0.546749 0.769772
vt 0.545463 0.769919
vt 0.545383 0.769394
vt 0.545852 0.769511
vt 0.545620 0.769336
vt 0.548909 0.769364
vt 0.548781 0.769559
vt 0.548860 0.769226
vt 0.549178 0.769622
vt 0.548988 0.769759
vt 0.549317 0.769667
vt 0.549275 0.769696
vt 0.548912 0.769782
vt 0.549421 0.769593
vt 0.548935 0.769694
vt 0.548486 0.769854
vt 0.548591 0.770146
vt 0.548445 0.769491
vt 0.584017 0.767499
vt 0.584421 0.767428
vt 0.584035 0.767582
vt 0.584185 0.767406
vt 0.584851 0.767295
vt 0.584268 0.767359
vt 0.585302 0.767187
vt 0.585704 0.767065
vt 0.585121 0.767220
vt 0.584704 0.768315
vt 0.584965 0.767628
vt 0.584439 0.768020
vt 0.584535 0.767770
vt 0.584095 0.767959
vt 0.555402 0.812347
vt 0.555310 0.812714
vt 0.555220 0.812017
vt 0.555746 0.812517
vt 0.555652 0.812984
vt 0.555825 0.812799
vt 0.555759 0.813254
vt 0.555516 0.813513
vt 0.555714 0.813642
vt 0.555341 0.814103
vt 0.555168 0.813189
vt 0.555804 0.813328
vt 0.554706 0.812375
vt 0.549257 0.773101
vt 0.549123 0.772647
vt 0.549304 0.772866
vt 0.549209 0.773037
vt 0.549089 0.772532
vt 0.549345 0.773215
vt 0.549199 0.772491
vt 0.549030 0.771959
vt 0.548972 0.772178
vt 0.549303 0.771868
vt 0.548957 0.771995
vt 0.549631 0.772227
vt 0.549289 0.772224
vt 0.549501 0.772296
vt 0.587771 0.769916
vt 0.587747 0.769503
vt 0.587852 0.769895
vt 0.587405 0.770023
vt 0.587389 0.769548
vt 0.587203 0.769741
vt 0.587153 0.769253
vt 0.587463 0.768933
vt 0.587098 0.768833
vt 0.587631 0.768178
vt 0.587716 0.768426
vt 0.587506 0.769103
vt 0.588208 0.769675
vt 0.587762 0.769085
vt 0.559640 0.814721
vt 0.558971 0.814939
vt 0.559268 0.814696
vt 0.559613 0.814846
vt 0.558616 0.815162
vt 0.559601 0.814918
vt 0.558231 0.815351
vt 0.557541 0.815630
vt 0.558117 0.815353
vt 0.558102 0.814803
vt 0.558124 0.815096
vt 0.558677 0.814515
vt 0.558583 0.814749
vt 0.558970 0.814461
vt 0.597562 0.803237
vt 0.597836 0.803307
vt 0.597369 0.803380
vt 0.597995 0.802817
vt 0.598149 0.802977
vt 0.598003 0.802672
vt 0.598018 0.802688
vt 0.598167 0.803030
vt 0.597862 0.802524
vt 0.598047 0.802993
vt 0.598225 0.803540
vt 0.598744 0.803201
vt 0.597635 0.803823
vt 0.601009 0.802141
vt 0.600747 0.802347
vt 0.600867 0.802154
vt 0.600983 0.802183
vt 0.600687 0.802396
vt 0.601076 0.802037
vt 0.600675 0.802309
vt 0.600329 0.802620
vt 0.600532 0.802841
vt 0.600156 0.802311
vt 0.600430 0.801913
vt 0.600484 0.802243
vt 0.600527 0.802019
vt 0.631875 0.787096
vt 0.632198 0.786890
vt 0.632016 0.787108
vt 0.631918 0.786994
vt 0.632459 0.786657
vt 0.631938 0.786942
vt 0.632785 0.786417
vt 0.632699 0.786914
vt 0.632531 0.786582
vt 0.632721 0.787638
vt 0.632424 0.787430
vt 0.632440 0.787152
vt 0.632227 0.787416
vt 0.622559 0.838487
vt 0.622727 0.839057
vt 0.622368 0.838431
vt 0.622926 0.838489
vt 0.623130 0.839152
vt 0.623249 0.838974
vt 0.623475 0.839627
vt 0.623314 0.839882
vt 0.623676 0.840184
vt 0.623473 0.840672
vt 0.622853 0.839675
vt 0.623487 0.839567
vt 0.622122 0.839104
vt 0.602186 0.804446
vt 0.601966 0.804458
vt 0.602279 0.804333
vt 0.602214 0.805034
vt 0.601968 0.804902
vt 0.602260 0.805263
vt 0.602193 0.805224
vt 0.601895 0.804811
vt 0.602381 0.805333
vt 0.601979 0.804736
vt 0.601630 0.804322
vt 0.601658 0.804536
vt 0.601843 0.804128
vt 0.601576 0.804373
vt 0.598290 0.806627
vt 0.598725 0.806401
vt 0.598550 0.806601
vt 0.598316 0.806599
vt 0.598797 0.806376
vt 0.598123 0.806806
vt 0.598794 0.806528
vt 0.599325 0.806218
vt 0.599157 0.806167
vt 0.599815 0.806662
vt 0.599428 0.806192
vt 0.599426 0.807069
vt 0.599254 0.806607
vt 0.599248 0.806874
vt 0.660005 0.812644
vt 0.660050 0.812868
vt 0.659874 0.812583
vt 0.660372 0.812639
vt 0.660334 0.812864
vt 0.660499 0.812573
vt 0.660490 0.812622
vt 0.660298 0.812932
vt 0.660521 0.812451
vt 0.660253 0.812856
vt 0.660052 0.813277
vt 0.660323 0.813402
vt 0.659775 0.813057
vt 0.636126 0.787980
vt 0.635948 0.787610
vt 0.636193 0.787930
vt 0.635833 0.788214
vt 0.635639 0.787784
vt 0.635542 0.788029
vt 0.635312 0.787600
vt 0.635473 0.787193
vt 0.635104 0.787235
vt 0.635340 0.786437
vt 0.635512 0.786634
vt 0.635576 0.787332
vt 0.636437 0.787594
vt 0.635804 0.787220
vt 0.627488 0.839457
vt 0.626960 0.839904
vt 0.627137 0.839575
vt 0.627511 0.839579
vt 0.626721 0.840237
vt 0.627528 0.839648
vt 0.626443 0.840551
vt 0.625919 0.841061
vt 0.626339 0.840596
vt 0.626118 0.840091
vt 0.626248 0.840356
vt 0.626530 0.839624
vt 0.626533 0.839873
vt 0.626776 0.839469
vt 0.657938 0.814213
vt 0.658188 0.814438
vt 0.657986 0.814350
vt 0.657958 0.814222
vt 0.658224 0.814480
vt 0.657753 0.814131
vt 0.658100 0.814492
vt 0.658472 0.814923
vt 0.658816 0.814421
vt 0.658041 0.815400
vt 0.657629 0.815097
vt 0.658028 0.814856
vt 0.657751 0.814896
vt 0.660666 0.817619
vt 0.660568 0.817370
vt 0.660906 0.817733
vt 0.659914 0.817633
vt 0.660000 0.817381
vt 0.659683 0.817754
vt 0.659697 0.817718
vt 0.660057 0.817331
vt 0.659597 0.817984
vt 0.660114 0.817472
vt 0.660491 0.816981
vt 0.660312 0.817000
vt 0.661125 0.817222
vt 0.660577 0.816925
vt 0.683639 0.786662
vt 0.683864 0.786346
vt 0.683777 0.786618
vt 0.683640 0.786551
vt 0.684017 0.786029
vt 0.683639 0.786495
vt 0.684231 0.785680
vt 0.684343 0.786180
vt 0.684056 0.785929
vt 0.684647 0.786854
vt 0.684286 0.786767
vt 0.684193 0.786500
vt 0.684095 0.786827
vt 0.694936 0.838452
vt 0.695316 0.838925
vt 0.694734 0.838473
vt 0.695282 0.838314
vt 0.695732 0.838861
vt 0.695775 0.838648
vt 0.696242 0.839177
vt 0.696191 0.839478
vt 0.696649 0.839625
vt 0.696648 0.840160
vt 0.695676 0.839461
vt 0.696228 0.839108
vt 0.694767 0.839207
vt 0.662888 0.814988
vt 0.662473 0.814762
vt 0.662756 0.814790
vt 0.662810 0.814977
vt 0.662369 0.814704
vt 0.663029 0.815008
vt 0.662418 0.814600
vt 0.661929 0.814345
vt 0.662038 0.814537
vt 0.662054 0.814086
vt 0.661898 0.814417
vt 0.662543 0.814108
vt 0.662297 0.814346
vt 0.662499 0.814250
vt 0.720291 0.799200
vt 0.720251 0.799534
vt 0.720199 0.799310
vt 0.720302 0.799249
vt 0.720244 0.799611
vt 0.720264 0.799078
vt 0.720173 0.799558
vt 0.720139 0.799989
vt 0.720221 0.799909
vt 0.719806 0.799931
vt 0.720150 0.800027
vt 0.719714 0.799452
vt 0.719990 0.799648
vt 0.719860 0.799458
vt 0.687962 0.785843
vt 0.687652 0.785569
vt 0.688006 0.785771
vt 0.687779 0.786179
vt 0.687431 0.785854
vt 0.687436 0.786122
vt 0.687054 0.785813
vt 0.687045 0.785368
vt 0.686717 0.785556
vt 0.686628 0.784715
vt 0.686864 0.784830
vt 0.687196 0.785457
vt 0.688102 0.785363
vt 0.687365 0.785262
vt 0.699935 0.837443
vt 0.699616 0.838072
vt 0.699653 0.837691
vt 0.700005 0.837549
vt 0.699523 0.838479
vt 0.700047 0.837608
vt 0.699386 0.838885
vt 0.699095 0.839571
vt 0.699306 0.838968
vt 0.698903 0.838588
vt 0.699128 0.838780
vt 0.699106 0.837980
vt 0.699206 0.838212
vt 0.699275 0.837735
vt 0.718632 0.802436
vt 0.718876 0.802290
vt 0.718597 0.802674
vt 0.718640 0.801832
vt 0.718863 0.801836
vt 0.718542 0.801723
vt 0.718564 0.801724
vt 0.718913 0.801860
vt 0.718337 0.801720
vt 0.718802 0.801919
vt 0.719317 0.802179
vt 0.719444 0.801571
vt 0.719101 0.802797
vt 0.721561 0.804328
vt 0.721711 0.803857
vt 0.721728 0.804124
vt 0.721560 0.804289
vt 0.721744 0.803788
vt 0.721570 0.804574
vt 0.721851 0.803898
vt 0.722068 0.803206
vt 0.721495 0.803231
vt 0.722685 0.803263
vt 0.722691 0.803830
vt 0.722237 0.803626
vt 0.722424 0.803820
vt 0.731635 0.766169
vt 0.731720 0.765789
vt 0.731745 0.766075
vt 0.731593 0.766066
vt 0.731739 0.765436
vt 0.731570 0.766016
vt 0.731800 0.765030
vt 0.732097 0.765447
vt 0.731736 0.765329
vt 0.732639 0.765950
vt 0.732273 0.766012
vt 0.732083 0.765802
vt 0.732121 0.766142
vt 0.762147 0.809583
vt 0.762679 0.809869
vt 0.761966 0.809681
vt 0.762413 0.809320
vt 0.763039 0.809647
vt 0.762995 0.809433
vt 0.763629 0.809737
vt 0.763699 0.810035
vt 0.764176 0.809990
vt 0.764384 0.810485
vt 0.763216 0.810221
vt 0.763595 0.809683
vt 0.762275 0.810341
vt 0.722799 0.799975
vt 0.722650 0.800143
vt 0.722785 0.799827
vt 0.723246 0.800374
vt 0.722973 0.800458
vt 0.723445 0.800504
vt 0.723368 0.800525
vt 0.722855 0.800446
vt 0.723583 0.800467
vt 0.722860 0.800331
vt 0.722309 0.800287
vt 0.722484 0.800421
vt 0.722323 0.799997
vt 0.722308 0.800364
vt 0.773393 0.767855
vt 0.773348 0.767364
vt 0.773468 0.767602
vt 0.773377 0.767820
vt 0.773353 0.767288
vt 0.773497 0.768077
vt 0.773493 0.767347
vt 0.773422 0.766630
vt 0.772910 0.766871
vt 0.774006 0.766446
vt 0.774234 0.766962
vt 0.773740 0.766949
vt 0.773986 0.767055
vt 0.735308 0.763734
vt 0.734914 0.763600
vt 0.735318 0.763651
vt 0.735269 0.764114
vt 0.734821 0.763948
vt 0.734930 0.764193
vt 0.734457 0.764055
vt 0.734277 0.763648
vt 0.734046 0.763947
vt 0.733637 0.763206
vt 0.733901 0.763222
vt 0.734451 0.763672
vt 0.735247 0.763237
vt 0.734530 0.763428
vt 0.766343 0.806684
vt 0.766293 0.807386
vt 0.766179 0.807020
vt 0.766448 0.806756
vt 0.766365 0.807798
vt 0.766510 0.806794
vt 0.766396 0.808225
vt 0.766395 0.808969
vt 0.766355 0.808332
vt 0.765837 0.808136
vt 0.766118 0.808227
vt 0.765788 0.807498
vt 0.765970 0.807672
vt 0.765849 0.807206
vt 0.769972 0.767247
vt 0.770140 0.767019
vt 0.770032 0.767479
vt 0.769745 0.766687
vt 0.769951 0.766605
vt 0.769613 0.766625
vt 0.769633 0.766616
vt 0.770007 0.766608
vt 0.769423 0.766700
vt 0.769928 0.766705
vt 0.770502 0.766746
vt 0.770383 0.766138
vt 0.770543 0.767399
vt 0.770255 0.763631
vt 0.770346 0.763953
vt 0.770212 0.763768
vt 0.770284 0.763672
vt 0.770370 0.764027
vt 0.770183 0.763530
vt 0.770284 0.764006
vt 0.770417 0.764415
vt 0.770462 0.764309
vt 0.770089 0.764488
vt 0.770442 0.764445
vt 0.769824 0.764083
vt 0.770151 0.764158
vt 0.769959 0.764033
vt 0.767972 0.729241
vt 0.767904 0.728862
vt 0.768036 0.729113
vt 0.767894 0.729163
vt 0.767786 0.728533
vt 0.767854 0.729125
vt 0.767686 0.728139
vt 0.768117 0.728406
vt 0.767742 0.728436
vt 0.768804 0.728658
vt 0.768494 0.728855
vt 0.768240 0.728735
vt 0.768404 0.729032
vt 0.812400 0.757184
vt 0.812997 0.757242
vt 0.812275 0.757342
vt 0.812543 0.756843
vt 0.813239 0.756903
vt 0.813118 0.756725
vt 0.813814 0.756760
vt 0.813991 0.757005
vt 0.814411 0.756782
vt 0.814789 0.757155
vt 0.813622 0.757358
vt 0.813760 0.756724
vt 0.812811 0.757826
vt 0.772842 0.763400
vt 0.772770 0.763610
vt 0.772772 0.763270
vt 0.773402 0.763594
vt 0.773186 0.763774
vt 0.773633 0.763637
vt 0.773571 0.763685
vt 0.773073 0.763808
vt 0.773745 0.763550
vt 0.773034 0.763701
vt 0.772514 0.763871
vt 0.772726 0.763926
vt 0.772417 0.763602
vt 0.772543 0.763942
vt 0.770408 0.725622
vt 0.769997 0.725650
vt 0.770387 0.725542
vt 0.770517 0.725984
vt 0.770044 0.726004
vt 0.770236 0.726185
vt 0.769751 0.726239
vt 0.769431 0.725937
vt 0.769333 0.726298
vt 0.768677 0.725778
vt 0.769580 0.725639
vt 0.769394 0.726117
vt 0.770163 0.725190
vt 0.815162 0.752958
vt 0.815383 0.753618
vt 0.815141 0.753328
vt 0.815285 0.752983
vt 0.815605 0.753966
vt 0.815356 0.752993
vt 0.815795 0.754343
vt 0.816075 0.755022
vt 0.815798 0.754456
vt 0.815246 0.754475
vt 0.815541 0.754452
vt 0.814962 0.753913
vt 0.815196 0.754003
vt 0.814909 0.753625
vt 0.803522 0.715566
vt 0.803589 0.715293
vt 0.803665 0.715755
vt 0.803101 0.715141
vt 0.803258 0.714987
vt 0.802956 0.715135
vt 0.802971 0.715120
vt 0.803311 0.714969
vt 0.802811 0.715277
vt 0.803276 0.715088
vt 0.803816 0.714904
vt 0.803476 0.714396
vt 0.804101 0.715485
vt 0.806878 0.714815
vt 0.806650 0.714384
vt 0.806850 0.714556
vt 0.806849 0.714789
vt 0.806626 0.714313
vt 0.807056 0.714979
vt 0.806776 0.714314
vt 0.806439 0.713686
vt 0.806063 0.714100
vt 0.806903 0.713298
vt 0.807307 0.713683
vt 0.806850 0.713857
vt 0.807115 0.713861
vt 0.802409 0.712153
vt 0.802615 0.712410
vt 0.802421 0.712293
vt 0.802451 0.712179
vt 0.802664 0.712469
vt 0.802304 0.712088
vt 0.802577 0.712482
vt 0.802856 0.712804
vt 0.802856 0.712690
vt 0.802579 0.712997
vt 0.802888 0.712822
vt 0.802185 0.712729
vt 0.802513 0.712672
vt 0.802290 0.712631
vt 0.787289 0.681768
vt 0.787083 0.681450
vt 0.787299 0.681628
vt 0.787187 0.681726
vt 0.786851 0.681195
vt 0.787137 0.681707
vt 0.786610 0.680874
vt 0.787105 0.680954
vt 0.786774 0.681124
vt 0.787827 0.680923
vt 0.787618 0.681220
vt 0.787341 0.681207
vt 0.787604 0.681415
vt 0.838421 0.690363
vt 0.838989 0.690189
vt 0.838367 0.690553
vt 0.838421 0.689999
vt 0.839081 0.689789
vt 0.838904 0.689673
vt 0.839554 0.689441
vt 0.839808 0.689597
vt 0.840109 0.689235
vt 0.840594 0.689430
vt 0.840279 0.689664
vt 0.839570 0.689756
vt 0.839046 0.690789
vt 0.839606 0.690057
vt 0.804683 0.710967
vt 0.804697 0.711185
vt 0.804570 0.710875
vt 0.805267 0.710931
vt 0.805138 0.711177
vt 0.805494 0.710883
vt 0.805456 0.710950
vt 0.805048 0.711250
vt 0.805564 0.710762
vt 0.804972 0.711168
vt 0.804562 0.711519
vt 0.804776 0.711489
vt 0.804372 0.711311
vt 0.804616 0.711572
vt 0.817423 0.653804
vt 0.817052 0.653497
vt 0.817300 0.653579
vt 0.817387 0.653791
vt 0.817003 0.653441
vt 0.817648 0.653887
vt 0.817141 0.653386
vt 0.816596 0.652938
vt 0.816408 0.653459
vt 0.816875 0.652406
vt 0.817389 0.652607
vt 0.817038 0.652939
vt 0.817281 0.652843
vt 0.788155 0.677546
vt 0.787789 0.677728
vt 0.788105 0.677481
vt 0.788391 0.677835
vt 0.787966 0.678033
vt 0.788210 0.678125
vt 0.787786 0.678359
vt 0.787380 0.678205
vt 0.787426 0.678571
vt 0.786631 0.678346
vt 0.787403 0.677876
vt 0.787416 0.678384
vt 0.787766 0.677244
vt 0.839383 0.685467
vt 0.839833 0.685985
vt 0.839504 0.685813
vt 0.839504 0.685442
vt 0.840166 0.686218
vt 0.839572 0.685425
vt 0.840482 0.686490
vt 0.840994 0.687003
vt 0.840528 0.686592
vt 0.840028 0.686818
vt 0.840291 0.686686
vt 0.839559 0.686415
vt 0.839808 0.686408
vt 0.839403 0.686173
vt 0.814639 0.655761
vt 0.814597 0.655486
vt 0.814841 0.655879
vt 0.814095 0.655534
vt 0.814180 0.655333
vt 0.813959 0.655583
vt 0.813967 0.655563
vt 0.814221 0.655296
vt 0.813880 0.655768
vt 0.814234 0.655419
vt 0.814657 0.655045
vt 0.814156 0.654710
vt 0.815136 0.655466
vt 0.812323 0.653053
vt 0.812611 0.653214
vt 0.812389 0.653178
vt 0.812372 0.653061
vt 0.812678 0.653249
vt 0.812203 0.653033
vt 0.812604 0.653294
vt 0.812981 0.653486
vt 0.812938 0.653382
vt 0.812803 0.653767
vt 0.813018 0.653490
vt 0.812339 0.653670
vt 0.812618 0.653494
vt 0.812398 0.653540
vt 0.786827 0.630656
vt 0.786516 0.630439
vt 0.786783 0.630522
vt 0.786718 0.630656
vt 0.786206 0.630291
vt 0.786664 0.630657
vt 0.785863 0.630086
vt 0.786347 0.629974
vt 0.786109 0.630254
vt 0.786998 0.629675
vt 0.786921 0.630026
vt 0.786662 0.630118
vt 0.786983 0.630211
vt 0.837122 0.619399
vt 0.837575 0.619027
vt 0.837143 0.619597
vt 0.836983 0.619063
vt 0.837508 0.618623
vt 0.837300 0.618583
vt 0.837806 0.618127
vt 0.838100 0.618175
vt 0.838236 0.617730
vt 0.838757 0.617728
vt 0.838559 0.618061
vt 0.837944 0.618410
vt 0.837849 0.619564
vt 0.838089 0.618676
vt 0.813960 0.651091
vt 0.814055 0.651287
vt 0.813821 0.651049
vt 0.814484 0.650839
vt 0.814458 0.651114
vt 0.814674 0.650709
vt 0.814664 0.650785
vt 0.814403 0.651216
vt 0.814692 0.650571
vt 0.814302 0.651168
vt 0.814059 0.651646
vt 0.814244 0.651538
vt 0.813802 0.651526
vt 0.814127 0.651676
vt 0.786003 0.626452
vt 0.785736 0.626756
vt 0.785932 0.626410
vt 0.786329 0.626628
vt 0.786013 0.626969
vt 0.786273 0.626963
vt 0.785972 0.627336
vt 0.785540 0.627347
vt 0.785721 0.627666
vt 0.784905 0.627757
vt 0.785437 0.627036
vt 0.785639 0.627498
vt 0.785533 0.626320
vt 0.836091 0.614552
vt 0.836702 0.614859
vt 0.836333 0.614824
vt 0.836194 0.614483
vt 0.837097 0.614947
vt 0.836250 0.614442
vt 0.837490 0.615079
vt 0.838156 0.615358
vt 0.837571 0.615156
vt 0.837199 0.615550
vt 0.837389 0.615330
vt 0.836613 0.615355
vt 0.836838 0.615256
vt 0.836376 0.615191
vt 0.801419 0.596641
vt 0.801528 0.596329
vt 0.801525 0.596545
vt 0.801420 0.596620
vt 0.801552 0.596280
vt 0.801416 0.596840
vt 0.801610 0.596388
vt 0.801859 0.595886
vt 0.801271 0.595766
vt 0.802459 0.596093
vt 0.802342 0.596583
vt 0.801970 0.596314
vt 0.802112 0.596550
vt 0.803438 0.592881
vt 0.803251 0.593061
vt 0.803449 0.592624
vt 0.803731 0.593548
vt 0.803473 0.593566
vt 0.803927 0.593708
vt 0.803890 0.593709
vt 0.803407 0.593533
vt 0.804165 0.593698
vt 0.803512 0.593431
vt 0.802845 0.593227
vt 0.802868 0.593772
vt 0.802902 0.592638
vt 0.799218 0.595355
vt 0.799403 0.595230
vt 0.799213 0.595498
vt 0.799076 0.595024
vt 0.799293 0.594974
vt 0.798969 0.594934
vt 0.799017 0.594923
vt 0.799368 0.594981
vt 0.798851 0.594960
vt 0.799316 0.595050
vt 0.799733 0.595085
vt 0.799656 0.595005
vt 0.799676 0.595411
vt 0.799770 0.595075
vt 0.766995 0.583784
vt 0.766627 0.583700
vt 0.766905 0.583677
vt 0.766894 0.583825
vt 0.766284 0.583680
vt 0.766845 0.583846
vt 0.765889 0.583618
vt 0.766293 0.583339
vt 0.766182 0.583680
vt 0.766778 0.582827
vt 0.766844 0.583174
vt 0.766640 0.583353
vt 0.766972 0.583319
vt 0.809108 0.555018
vt 0.809383 0.554515
vt 0.809200 0.555194
vt 0.808853 0.554761
vt 0.809168 0.554170
vt 0.808961 0.554210
vt 0.809252 0.553611
vt 0.809542 0.553546
vt 0.809495 0.553093
vt 0.809977 0.552898
vt 0.809922 0.553273
vt 0.809488 0.553816
vt 0.809828 0.554915
vt 0.809720 0.554009
vt 0.800249 0.591899
vt 0.800203 0.592349
vt 0.800124 0.592087
vt 0.800269 0.591972
vt 0.800191 0.592462
vt 0.800215 0.591766
vt 0.800081 0.592455
vt 0.800107 0.592986
vt 0.800398 0.592938
vt 0.799750 0.592970
vt 0.799591 0.592523
vt 0.799897 0.592655
vt 0.799736 0.592510
vt 0.765233 0.546275
vt 0.765549 0.546193
vt 0.765366 0.546319
vt 0.765273 0.546247
vt 0.765622 0.546173
vt 0.765132 0.546342
vt 0.765600 0.546256
vt 0.766002 0.546136
vt 0.765899 0.546090
vt 0.766066 0.546456
vt 0.766030 0.546112
vt 0.765667 0.546705
vt 0.765746 0.546389
vt 0.765621 0.546572
vt 0.764683 0.580215
vt 0.764546 0.580594
vt 0.764603 0.580202
vt 0.765046 0.580260
vt 0.764877 0.580691
vt 0.765113 0.580590
vt 0.764970 0.581046
vt 0.764578 0.581213
vt 0.764857 0.581443
vt 0.764141 0.581825
vt 0.764372 0.580963
vt 0.764727 0.581314
vt 0.764200 0.580266
vt 0.806373 0.550950
vt 0.807043 0.551012
vt 0.806695 0.551113
vt 0.806441 0.550850
vt 0.807435 0.550952
vt 0.806477 0.550791
vt 0.807842 0.550931
vt 0.808552 0.550948
vt 0.807945 0.550973
vt 0.807739 0.551477
vt 0.807839 0.551201
vt 0.807139 0.551505
vt 0.807311 0.551331
vt 0.806867 0.551438
vt 0.768732 0.546621
vt 0.768516 0.546455
vt 0.768955 0.546568
vt 0.768192 0.546831
vt 0.768116 0.546630
vt 0.768129 0.546959
vt 0.768122 0.546939
vt 0.768121 0.546576
vt 0.768199 0.547143
vt 0.768214 0.546653
vt 0.768169 0.546225
vt 0.768094 0.546287
vt 0.768882 0.546074
vt 0.768259 0.546100
vt 0.731521 0.547630
vt 0.731149 0.547687
vt 0.731398 0.547564
vt 0.731442 0.547705
vt 0.730823 0.547794
vt 0.731404 0.547743
vt 0.730435 0.547881
vt 0.730708 0.547468
vt 0.730728 0.547834
vt 0.730973 0.546807
vt 0.731158 0.547112
vt 0.731034 0.547356
vt 0.731330 0.547203
vt 0.760118 0.505056
vt 0.760191 0.504477
vt 0.760268 0.505183
vt 0.759788 0.504909
vt 0.759866 0.504232
vt 0.759689 0.504346
vt 0.759742 0.503669
vt 0.759987 0.503503
vt 0.759781 0.503089
vt 0.760156 0.502730
vt 0.760240 0.503106
vt 0.760035 0.503779
vt 0.760755 0.504674
vt 0.760321 0.503871
vt 0.765062 0.543744
vt 0.765265 0.543820
vt 0.764933 0.543809
vt 0.765267 0.543204
vt 0.765437 0.543419
vt 0.765316 0.542980
vt 0.765361 0.543041
vt 0.765467 0.543530
vt 0.765235 0.542868
vt 0.765361 0.543565
vt 0.765582 0.544051
vt 0.765835 0.543899
vt 0.765245 0.544166
vt 0.769400 0.543332
vt 0.768926 0.543365
vt 0.769159 0.543253
vt 0.769366 0.543347
vt 0.768853 0.543359
vt 0.769619 0.543235
vt 0.768912 0.543224
vt 0.768219 0.543276
vt 0.768439 0.543783
vt 0.768057 0.542699
vt 0.768559 0.542502
vt 0.768534 0.542980
vt 0.768641 0.542744
vt 0.728072 0.545396
vt 0.728056 0.545673
vt 0.727964 0.545310
vt 0.728431 0.545317
vt 0.728406 0.545647
vt 0.728582 0.545438
vt 0.728594 0.545764
vt 0.728296 0.546111
vt 0.728621 0.546040
vt 0.728105 0.546713
vt 0.728014 0.545997
vt 0.728479 0.546191
vt 0.727587 0.545418
vt 0.755869 0.502344
vt 0.756550 0.502136
vt 0.756042 0.502434
vt 0.756055 0.502175
vt 0.757059 0.501878
vt 0.756156 0.502078
vt 0.757533 0.501671
vt 0.757518 0.501956
vt 0.757106 0.502027
vt 0.757533 0.502242
vt 0.756867 0.502543
vt 0.756902 0.502337
vt 0.756306 0.502677
vt 0.718896 0.512753
vt 0.718632 0.512682
vt 0.719083 0.512620
vt 0.718478 0.513153
vt 0.718330 0.512997
vt 0.718469 0.513296
vt 0.718454 0.513281
vt 0.718313 0.512945
vt 0.718605 0.513441
vt 0.718429 0.512980
vt 0.718221 0.512599
vt 0.718176 0.512688
vt 0.718841 0.512187
vt 0.718262 0.512452
vt 0.715529 0.513754
vt 0.715790 0.513558
vt 0.715670 0.513744
vt 0.715556 0.513713
vt 0.715849 0.513512
vt 0.715463 0.513854
vt 0.715861 0.513596
vt 0.716185 0.513333
vt 0.716073 0.513330
vt 0.716366 0.513603
vt 0.716202 0.513300
vt 0.716094 0.513983
vt 0.716046 0.513663
vt 0.716001 0.513879
vt 0.718274 0.509423
vt 0.717841 0.509638
vt 0.718017 0.509443
vt 0.718248 0.509450
vt 0.717770 0.509661
vt 0.718442 0.509248
vt 0.717772 0.509511
vt 0.717145 0.509828
vt 0.717545 0.510216
vt 0.716771 0.509353
vt 0.717164 0.508974
vt 0.717324 0.509430
vt 0.717334 0.509168
vt 0.684952 0.527846
vt 0.684630 0.528040
vt 0.684813 0.527832
vt 0.684908 0.527945
vt 0.684371 0.528262
vt 0.684887 0.527994
vt 0.684047 0.528491
vt 0.683788 0.528706
vt 0.684194 0.528401
vt 0.684129 0.527283
vt 0.684140 0.528001
vt 0.684417 0.527501
vt 0.684397 0.527776
vt 0.684610 0.527522
vt 0.694879 0.477334
vt 0.694723 0.476764
vt 0.695067 0.477392
vt 0.694518 0.477323
vt 0.694329 0.476659
vt 0.694208 0.476832
vt 0.693997 0.476178
vt 0.694158 0.475931
vt 0.693807 0.475619
vt 0.694015 0.475144
vt 0.694238 0.475465
vt 0.694309 0.476173
vt 0.695320 0.476722
vt 0.694609 0.476145
vt 0.714395 0.511491
vt 0.714612 0.511483
vt 0.714301 0.511600
vt 0.714376 0.510910
vt 0.714616 0.511045
vt 0.714334 0.510682
vt 0.714400 0.510722
vt 0.714686 0.511136
vt 0.714216 0.510610
vt 0.714602 0.511210
vt 0.714994 0.511574
vt 0.715169 0.511338
vt 0.714728 0.511809
vt 0.478201 0.564099
vt 0.366619 0.610317
vt 0.496959 0.767596
vt 0.466234 0.695919
vt 0.466423 0.695797
vt 0.497188 0.767539
vt 0.366268 0.610387
vt 0.245493 0.610387
vt 0.552981 0.820203
vt 0.497089 0.767783
vt 0.497223 0.767589
vt 0.553159 0.820071
vt 0.245141 0.610317
vt 0.133560 0.564099
vt 0.623491 0.846803
vt 0.553172 0.820322
vt 0.553209 0.820103
vt 0.623605 0.846628
vt 0.133262 0.563900
vt 0.047861 0.478499
vt 0.699102 0.846109
vt 0.623712 0.846842
vt 0.623664 0.846639
vt 0.699135 0.845879
vt 0.047662 0.478201
vt 0.001443 0.366619
vt 0.768908 0.814909
vt 0.699321 0.846060
vt 0.699193 0.845866
vt 0.768854 0.814695
vt 0.001374 0.366268
vt 0.001374 0.245493
vt 0.820615 0.759468
vt 0.769091 0.814778
vt 0.768903 0.814660
vt 0.820484 0.759294
vt 0.001444 0.245141
vt 0.047662 0.133560
vt 0.846804 0.689333
vt 0.820732 0.759279
vt 0.820515 0.759243
vt 0.846618 0.689223
vt 0.047861 0.133262
vt 0.133262 0.047861
vt 0.844388 0.615315
vt 0.846840 0.689116
vt 0.846628 0.689165
vt 0.844177 0.615284
vt 0.133560 0.047662
vt 0.245142 0.001443
vt 0.814156 0.548727
vt 0.844339 0.615103
vt 0.844164 0.615228
vt 0.813958 0.548768
vt 0.245493 0.001374
vt 0.366268 0.001374
vt 0.762608 0.497148
vt 0.814033 0.548549
vt 0.813925 0.548720
vt 0.762430 0.497268
vt 0.366619 0.001444
vt 0.478201 0.047662
vt 0.694138 0.468968
vt 0.762427 0.497028
vt 0.762382 0.497236
vt 0.694018 0.469148
vt 0.478499 0.047861
vt 0.563900 0.133262
vt 0.620294 0.468726
vt 0.693924 0.468926
vt 0.693961 0.469136
vt 0.620250 0.468938
vt 0.564099 0.133560
vt 0.610317 0.245142
vt 0.551183 0.496017
vt 0.620079 0.468767
vt 0.620193 0.468949
vt 0.551223 0.496231
vt 0.610387 0.245493
vt 0.610387 0.366268
vt 0.496991 0.548069
vt 0.550998 0.496136
vt 0.551173 0.496263
vt 0.497111 0.548255
vt 0.610317 0.366619
vt 0.564099 0.478201
vt 0.466234 0.618095
vt 0.496863 0.548253
vt 0.497077 0.548304
vt 0.466419 0.618221
vt 0.563900 0.478499
vt 0.478499 0.563900
vt 0.466187 0.695694
vt 0.466187 0.618318
vt 0.466407 0.618281
vt 0.466410 0.695737
vt 0.497904 0.556389
vt 0.497700 0.555877
vt 0.473560 0.612692
vt 0.472895 0.612990
vt 0.561848 0.818819
vt 0.561193 0.819088
vt 0.618347 0.840470
vt 0.618578 0.840971
vt 0.842356 0.682119
vt 0.842851 0.682613
vt 0.840387 0.622730
vt 0.840750 0.622334
vt 0.548855 0.503964
vt 0.548865 0.503420
vt 0.505612 0.545967
vt 0.504900 0.545984
vt 0.819241 0.750972
vt 0.819513 0.751627
vt 0.840226 0.694696
vt 0.840717 0.694467
vt 0.754139 0.498207
vt 0.754634 0.498003
vt 0.699174 0.475626
vt 0.698880 0.474987
vt 0.615183 0.475129
vt 0.615396 0.474634
vt 0.559849 0.497328
vt 0.559191 0.497076
vt 0.806182 0.546522
vt 0.806707 0.546520
vt 0.764701 0.505169
vt 0.764673 0.504473
vt 0.505747 0.769744
vt 0.505014 0.769732
vt 0.550581 0.811929
vt 0.550598 0.812478
vt 0.473319 0.701118
vt 0.472645 0.700824
vt 0.498086 0.758667
vt 0.497885 0.759198
vt 0.770923 0.806432
vt 0.770924 0.807149
vt 0.812376 0.761942
vt 0.812925 0.761918
vt 0.704267 0.838984
vt 0.703989 0.839648
vt 0.760210 0.813996
vt 0.760732 0.814186
vt 0.686760 0.473144
vt 0.687137 0.472769
vt 0.627506 0.472989
vt 0.626990 0.472510
vt 0.837362 0.610217
vt 0.837997 0.610479
vt 0.813354 0.556607
vt 0.813540 0.556104
vt 0.470608 0.625790
vt 0.470107 0.625261
vt 0.470655 0.688012
vt 0.470262 0.688419
vt 0.630875 0.842511
vt 0.630499 0.842899
vt 0.691514 0.841766
vt 0.692055 0.842248
vt 0.722594 0.557561
vt 0.680475 0.540409
vt 0.721963 0.558547
vt 0.680263 0.541560
vt 0.754958 0.589638
vt 0.754001 0.590310
vt 0.773093 0.631582
vt 0.771915 0.631846
vt 0.774790 0.677478
vt 0.773655 0.677281
vt 0.757721 0.720326
vt 0.756716 0.719698
vt 0.725517 0.753897
vt 0.724821 0.752926
vt 0.682707 0.772678
vt 0.682436 0.771481
vt 0.636272 0.774480
vt 0.636474 0.773332
vt 0.593249 0.757150
vt 0.593891 0.756135
vt 0.559664 0.723921
vt 0.560655 0.723229
vt 0.541276 0.680334
vt 0.542496 0.680080
vt 0.540688 0.633014
vt 0.541871 0.633257
vt 0.558366 0.589603
vt 0.559332 0.590256
vt 0.591787 0.557404
vt 0.592446 0.558388
vt 0.634593 0.540228
vt 0.634832 0.541382
vt 0.467759 0.696042
vt 0.497923 0.764492
vt 0.499673 0.768250
vt 0.552600 0.817124
vt 0.555625 0.819821
vt 0.622031 0.844268
vt 0.625805 0.845568
vt 0.697454 0.844079
vt 0.699388 0.844502
vt 0.766582 0.813767
vt 0.768569 0.813390
vt 0.818065 0.759313
vt 0.819727 0.758213
vt 0.844419 0.690153
vt 0.845520 0.688521
vt 0.842515 0.616969
vt 0.842908 0.615058
vt 0.813423 0.551462
vt 0.811744 0.547973
vt 0.762333 0.499558
vt 0.761325 0.497955
vt 0.694808 0.471313
vt 0.693256 0.470208
vt 0.622531 0.470641
vt 0.618599 0.470745
vt 0.554053 0.496976
vt 0.550366 0.498557
vt 0.500050 0.547865
vt 0.497205 0.550773
vt 0.468748 0.617384
vt 0.467525 0.619030
vt 0.468230 0.694039
vt 0.549379 0.726986
vt 0.585322 0.763934
vt 0.631619 0.783434
vt 0.681771 0.783539
vt 0.728684 0.764001
vt 0.764476 0.728112
vt 0.783733 0.682310
vt 0.783612 0.632305
vt 0.764865 0.586636
vt 0.730341 0.551017
vt 0.685176 0.531406
vt 0.635562 0.530053
vt 0.588849 0.547551
vt 0.552113 0.581659
vt 0.531377 0.627664
vt 0.530232 0.679170
vt 0.499866 0.766096
vt 0.550269 0.730122
vt 0.529820 0.682402
vt 0.469387 0.695499
vt 0.554979 0.817798
vt 0.587041 0.766411
vt 0.624418 0.843958
vt 0.634131 0.785023
vt 0.698824 0.842906
vt 0.684951 0.783876
vt 0.767438 0.812149
vt 0.731762 0.763078
vt 0.818225 0.757514
vt 0.766906 0.726374
vt 0.843886 0.688455
vt 0.785230 0.679563
vt 0.841379 0.615608
vt 0.784087 0.629396
vt 0.811565 0.550024
vt 0.763975 0.583648
vt 0.760596 0.499406
vt 0.728679 0.548603
vt 0.693141 0.471824
vt 0.682711 0.529813
vt 0.620444 0.471748
vt 0.632669 0.529493
vt 0.552475 0.498790
vt 0.585935 0.548126
vt 0.499277 0.550167
vt 0.549619 0.583304
vt 0.469223 0.619162
vt 0.529751 0.630448
vt 0.631673 0.530141
vt 0.598145 0.511342
vt 0.597348 0.510643
vt 0.553353 0.498107
vt 0.597620 0.511332
vt 0.586945 0.548415
vt 0.619274 0.471552
vt 0.598226 0.510575
vt 0.681547 0.530039
vt 0.657598 0.500176
vt 0.657126 0.499236
vt 0.621505 0.471449
vt 0.657119 0.499971
vt 0.633488 0.530136
vt 0.692084 0.471235
vt 0.657962 0.499498
vt 0.694231 0.471949
vt 0.716562 0.511184
vt 0.716644 0.512228
vt 0.727505 0.548384
vt 0.716279 0.511862
vt 0.683225 0.530715
vt 0.759839 0.498461
vt 0.717238 0.511744
vt 0.761565 0.499916
vt 0.767177 0.544295
vt 0.766854 0.545286
vt 0.762984 0.583005
vt 0.767582 0.545061
vt 0.811234 0.548875
vt 0.728804 0.549628
vt 0.766658 0.544807
vt 0.763759 0.584667
vt 0.800833 0.594087
vt 0.801608 0.594665
vt 0.841490 0.614405
vt 0.801503 0.593803
vt 0.812275 0.550856
vt 0.783395 0.628425
vt 0.800841 0.594606
vt 0.784961 0.678396
vt 0.814196 0.653461
vt 0.815123 0.652961
vt 0.841729 0.616654
vt 0.814388 0.652975
vt 0.783468 0.630231
vt 0.844477 0.687420
vt 0.814889 0.653808
vt 0.767105 0.725177
vt 0.803998 0.713249
vt 0.805055 0.713140
vt 0.843802 0.689558
vt 0.804364 0.712873
vt 0.784347 0.680144
vt 0.819178 0.756773
vt 0.804511 0.713841
vt 0.732411 0.762037
vt 0.771312 0.765275
vt 0.772340 0.765583
vt 0.817722 0.758517
vt 0.768615 0.811831
vt 0.771560 0.766027
vt 0.771799 0.765065
vt 0.765860 0.726530
vt 0.685953 0.783168
vt 0.720637 0.801133
vt 0.721473 0.801817
vt 0.766581 0.812896
vt 0.721172 0.801124
vt 0.730700 0.762861
vt 0.700035 0.843067
vt 0.720575 0.801924
vt 0.684060 0.783264
vt 0.660565 0.814672
vt 0.659716 0.815172
vt 0.625498 0.844540
vt 0.635312 0.784760
vt 0.660073 0.814476
vt 0.660574 0.815426
vt 0.697747 0.843254
vt 0.588251 0.766612
vt 0.599890 0.803736
vt 0.599989 0.804800
vt 0.623306 0.843870
vt 0.633600 0.784116
vt 0.600266 0.804107
vt 0.599287 0.804248
vt 0.555768 0.818757
vt 0.586897 0.765356
vt 0.547832 0.771237
vt 0.546856 0.770983
vt 0.500200 0.767305
vt 0.547303 0.771776
vt 0.553963 0.817297
vt 0.551319 0.730802
vt 0.547627 0.770738
vt 0.469202 0.696730
vt 0.510926 0.718318
vt 0.511733 0.718936
vt 0.550504 0.729042
vt 0.511023 0.719236
vt 0.499127 0.765206
vt 0.530530 0.683434
vt 0.511732 0.718393
vt 0.468573 0.620214
vt 0.498308 0.656114
vt 0.498806 0.656995
vt 0.530462 0.681506
vt 0.529990 0.631666
vt 0.499018 0.656495
vt 0.498036 0.656991
vt 0.469043 0.694395
vt 0.498287 0.550859
vt 0.511267 0.594344
vt 0.511378 0.595330
vt 0.530687 0.629876
vt 0.469354 0.618022
vt 0.510676 0.595029
vt 0.511763 0.594958
vt 0.549364 0.584488
vt 0.551307 0.499052
vt 0.546613 0.543615
vt 0.546338 0.544553
vt 0.550674 0.583187
vt 0.546830 0.544363
vt 0.585252 0.549110
vt 0.499833 0.549192
vt 0.545817 0.544015
vt 0.681482 0.530897
vt 0.633084 0.531575
vt 0.679195 0.528953
vt 0.657029 0.501572
vt 0.622814 0.475429
vt 0.655254 0.499306
vt 0.634322 0.527045
vt 0.658253 0.497475
vt 0.681751 0.526767
vt 0.659232 0.500510
vt 0.689935 0.475589
vt 0.630623 0.527019
vt 0.599788 0.511037
vt 0.618887 0.476432
vt 0.631937 0.530965
vt 0.587111 0.549910
vt 0.629079 0.530017
vt 0.598140 0.512859
vt 0.556106 0.501344
vt 0.595620 0.511416
vt 0.586554 0.545222
vt 0.597735 0.508579
vt 0.583082 0.546595
vt 0.552817 0.503776
vt 0.548245 0.543452
vt 0.585814 0.549778
vt 0.551384 0.584509
vt 0.547411 0.545780
vt 0.582794 0.549983
vt 0.503671 0.551158
vt 0.549080 0.580363
vt 0.544503 0.545398
vt 0.545387 0.541937
vt 0.546370 0.582981
vt 0.501544 0.554702
vt 0.512724 0.593561
vt 0.550196 0.584866
vt 0.531901 0.630893
vt 0.512866 0.596055
vt 0.547635 0.586129
vt 0.509462 0.593249
vt 0.473759 0.618356
vt 0.528085 0.627897
vt 0.509983 0.596846
vt 0.530914 0.631690
vt 0.532010 0.681210
vt 0.500480 0.657080
vt 0.529021 0.633900
vt 0.526595 0.631432
vt 0.473199 0.622547
vt 0.499363 0.654798
vt 0.496186 0.655809
vt 0.473215 0.693000
vt 0.527250 0.680687
vt 0.498116 0.658948
vt 0.531535 0.683429
vt 0.552088 0.728865
vt 0.513309 0.718356
vt 0.530513 0.685866
vt 0.502417 0.762269
vt 0.547234 0.729554
vt 0.511871 0.721009
vt 0.527309 0.684534
vt 0.474423 0.697078
vt 0.511386 0.716693
vt 0.508848 0.718871
vt 0.545182 0.772282
vt 0.548775 0.733103
vt 0.505071 0.765599
vt 0.546638 0.769293
vt 0.551987 0.730200
vt 0.587686 0.764047
vt 0.549058 0.770092
vt 0.552294 0.733323
vt 0.555816 0.813429
vt 0.584063 0.767080
vt 0.548740 0.773043
vt 0.586821 0.769632
vt 0.598462 0.802815
vt 0.559519 0.815346
vt 0.588959 0.765953
vt 0.633826 0.782654
vt 0.590072 0.768503
vt 0.600940 0.802618
vt 0.623532 0.839651
vt 0.601776 0.805412
vt 0.631670 0.786750
vt 0.598259 0.806072
vt 0.635675 0.783849
vt 0.683745 0.781755
vt 0.660620 0.813037
vt 0.637506 0.785661
vt 0.635154 0.788067
vt 0.627620 0.840062
vt 0.658413 0.814170
vt 0.659457 0.817240
vt 0.696307 0.839183
vt 0.683312 0.786421
vt 0.662492 0.815317
vt 0.685936 0.782181
vt 0.729830 0.761605
vt 0.688353 0.783150
vt 0.720584 0.799585
vt 0.687088 0.786315
vt 0.718970 0.801498
vt 0.700295 0.837965
vt 0.721146 0.803952
vt 0.763689 0.809714
vt 0.723204 0.800963
vt 0.731238 0.766075
vt 0.772867 0.767671
vt 0.734683 0.764504
vt 0.769918 0.766252
vt 0.766876 0.807029
vt 0.732066 0.761130
vt 0.764574 0.725762
vt 0.734857 0.761060
vt 0.770671 0.763876
vt 0.813860 0.756717
vt 0.773590 0.764146
vt 0.767574 0.729305
vt 0.770127 0.726562
vt 0.803093 0.714677
vt 0.815778 0.753065
vt 0.806327 0.714846
vt 0.766402 0.724510
vt 0.782882 0.679887
vt 0.768780 0.723473
vt 0.802884 0.712219
vt 0.839582 0.689384
vt 0.805649 0.711362
vt 0.786950 0.681976
vt 0.816931 0.654039
vt 0.788251 0.678511
vt 0.813910 0.655112
vt 0.839982 0.685329
vt 0.784092 0.678004
vt 0.781994 0.629867
vt 0.785982 0.676002
vt 0.812781 0.652933
vt 0.837807 0.618066
vt 0.814995 0.651094
vt 0.786593 0.630976
vt 0.786458 0.627301
vt 0.836595 0.614200
vt 0.801199 0.596227
vt 0.803567 0.594110
vt 0.782578 0.628760
vt 0.762532 0.585509
vt 0.799342 0.594651
vt 0.783379 0.626073
vt 0.809225 0.553558
vt 0.766895 0.584166
vt 0.800687 0.592137
vt 0.762092 0.583320
vt 0.727515 0.550365
vt 0.762079 0.580606
vt 0.765476 0.545875
vt 0.765401 0.580839
vt 0.767774 0.546657
vt 0.806698 0.550446
vt 0.759701 0.503624
vt 0.765811 0.543037
vt 0.731570 0.548022
vt 0.769197 0.543837
vt 0.728938 0.545484
vt 0.718021 0.513149
vt 0.756157 0.501692
vt 0.727125 0.549141
vt 0.682313 0.531886
vt 0.725753 0.546520
vt 0.715600 0.513294
vt 0.718282 0.509975
vt 0.693942 0.476146
vt 0.714814 0.510542
vt 0.685150 0.528187
s 1
usemtl base.001
f 930/1/930 818/2/818 2708/3/2708 2694/4/2694 2719/5/2719 2736/6/2736 2732/7/2732
f 1194/8/1194 1242/9/1242 4702/10/4702 4694/11/4694
f 218/12/218 518/13/518 4726/14/4726 4718/15/4718
f 1420/16/1420 1395/17/1395 4905/18/4905 2862/19/2862
f 244/20/244 1543/21/1543 5062/22/5062 5054/23/5054
f 254/24/254 1655/25/1655 5201/26/5201 5190/27/5190
f 266/28/266 471/29/471 5273/30/5273 5262/31/5262
f 278/32/278 1843/33/1843 5457/34/5457 5446/35/5446
f 2056/36/2056 303/37/303 5719/38/5719 5723/39/5723
f 302/40/302 2066/41/2066 5726/42/5726 5718/43/5718
f 2250/44/2250 2202/45/2202 5922/46/5922 5926/47/5926
f 686/48/686 2327/49/2327 6017/50/6017 6006/51/6006
f 640/52/640 327/53/327 3970/54/3970 3974/55/3974
f 160/56/160 759/57/759 4134/58/4134 4102/59/4102
f 170/60/170 871/61/871 4273/62/4273 4238/63/4238
f 1184/64/1184 195/65/195 4614/66/4614 4630/67/4630
f 208/68/208 1095/69/1095 4518/70/4518 4510/71/4510
f 652/72/652 387/73/387 4070/74/4070 4054/75/4054
f 724/76/724 735/77/735 3166/78/3166 4086/79/4086
f 796/80/796 711/81/711 4154/82/4154 4158/83/4158
f 400/84/400 579/85/579 3134/86/3134 3902/87/3902
f 148/88/148 591/89/591 3950/90/3950 3918/91/3918
f 674/92/674 135/93/135 3990/94/3990 4023/95/4023
f 2290/96/2290 2304/97/2304 3102/98/3102 5990/99/5990
f 698/100/698 2354/101/2354 6062/102/6062 6030/103/6030
f 2262/104/2262 410/105/410 5974/106/5974 5958/107/5958
f 422/108/422 2168/109/2168 3070/110/3070 5806/111/5806
f 2142/112/2142 2190/113/2190 5854/114/5854 5838/115/5838
f 122/116/122 2214/117/2214 5902/118/5902 5870/119/5870
f 2119/120/2119 2094/121/2094 5742/122/5742 3054/123/3054
f 110/124/110 2131/125/2131 5793/126/5793 5758/127/5758
f 436/128/436 2043/129/2043 5670/130/5670 5702/131/5702
f 1995/132/1995 2008/133/2008 3025/134/3025 3007/135/3007
f 100/136/100 2019/137/2019 5654/138/5654 5622/139/5622
f 2018/140/2018 1943/141/1943 5638/142/5638 5655/143/5655
f 1870/144/1870 1884/145/1884 2974/146/2974 5470/147/5470
f 1942/148/1942 98/149/98 5625/150/5625 5639/151/5639
f 1806/152/1806 458/153/458 5430/154/5430 5414/155/5414
f 1758/156/1758 1772/157/1772 2942/158/2942 5334/159/5334
f 1744/160/1744 1706/161/1706 5286/162/5286 5319/163/5319
f 74/164/74 1794/165/1794 5382/166/5382 5350/167/5350
f 484/168/484 1607/169/1607 2910/170/2910 5126/171/5126
f 62/172/62 1682/173/1682 5246/174/5246 5214/175/5214
f 1584/176/1584 1631/177/1631 5174/178/5174 5158/179/5158
f 508/180/508 1370/181/1370 4854/182/4854 4887/183/4887
f 1478/184/1478 1519/185/1519 5041/186/5041 5022/187/5022
f 52/188/52 1570/189/1570 5113/190/5113 5078/191/5078
f 1394/192/1394 1407/193/1407 2846/194/2846 4902/195/4902
f 1554/196/1554 50/197/50 5081/198/5081 5095/199/5095
f 1358/200/1358 506/201/506 4886/202/4886 4870/203/4870
f 1336/204/1336 1310/205/1310 4790/206/4790 2830/207/2830
f 26/208/26 1347/209/1347 4841/210/4841 4806/211/4806
f 1294/212/1294 1206/213/1206 4742/214/4742 4774/215/4774
f 1172/216/1172 531/217/531 4582/218/4582 2798/219/2798
f 16/220/16 1182/221/1182 4633/222/4633 4598/223/4598
f 1136/224/1136 1218/225/1218 4681/226/4681 4646/227/4646
f 1048/228/1048 543/229/543 4446/230/4446 3278/231/3278
f 1024/232/1024 1070/233/1070 4497/234/4497 4478/235/4478
f 4/236/4 1122/237/1122 4569/238/4569 4550/239/4550
f 958/240/958 970/241/970 3249/242/3249 3231/243/3231
f 386/244/386 627/245/627 4038/246/4038 4071/247/4071
f 554/248/554 894/249/894 4310/250/4310 4342/251/4342
f 860/252/860 835/253/835 4222/254/4222 3214/255/3214
f 568/256/568 783/257/783 4174/258/4174 4206/259/4206
f 908/260/908 822/261/822 4290/262/4290 4295/263/4295
f 1978/264/1978 1866/265/1866 2570/266/2570 2590/267/2590
f 808/268/808 566/269/566 4209/270/4209 4190/271/4190
f 1006/278/1006 930/1/930 2732/279/2732 2718/280/2718 2743/281/2743 2760/282/2760 2756/283/2756
f 1406/284/1406 1418/285/1418 2865/286/2865 2847/287/2847
f 1883/291/1883 1896/292/1896 2993/293/2993 2975/294/2975
f 896/298/896 919/299/919 4329/300/4329 4311/301/4311
f 710/302/710 770/303/770 4151/304/4151 4155/305/4155
f 834/306/834 847/307/847 3198/308/3198 4223/309/4223
f 2366/310/2366 2350/311/2350 2654/312/2654 2674/313/2674
f 520/317/520 1254/318/1254 4722/319/4722 4727/320/4727
f 1466/327/1466 1382/328/1382 4970/329/4970 4974/330/4974
f 1908/331/1908 1854/332/1854 5502/333/5502 5519/334/5519
f 290/335/290 447/336/447 5545/337/5545 5534/338/5534
f 374/339/374 982/340/982 4382/341/4382 4374/342/4374
f 2315/346/2315 2291/347/2291 5993/348/5993 3118/349/3118
f 182/350/182 1011/351/1011 4433/352/4433 4398/353/4398
f 2340/354/2340 699/355/699 6033/356/6033 6047/357/6047
f 1282/361/1282 1295/362/1295 4777/363/4777 4758/364/4758
f 38/368/38 1430/369/1430 4950/370/4950 4918/371/4918
f 470/375/470 1694/376/1694 5266/377/5266 5270/378/5270
f 846/382/846 858/383/858 3217/384/3217 3199/385/3199
f 1842/386/1842 1830/387/1830 5450/388/5450 5454/389/5454
f 2303/390/2303 2316/391/2316 3121/392/3121 3103/393/3103
f 1322/400/1322 1334/401/1334 2833/402/2833 2815/403/2815
f 86/407/86 1906/408/1906 5518/409/5518 5486/410/5486
f 1730/411/1730 1742/412/1742 5318/413/5318 5302/414/5302
f 578/415/578 602/416/602 3153/417/3153 3135/418/3135
f 2179/422/2179 423/423/423 5809/424/5809 3086/425/3086
f 818/2/818 2366/432/2366 2674/313/2674 2695/433/2695 2712/434/2712 2708/435/2708
f 1244/436/1244 1230/437/1230 4698/438/4698 4703/439/4703
f 2350/440/2350 2274/441/2274 2644/442/2644 2630/443/2630 2654/312/2654
f 1490/444/1490 1306/445/1306 2452/446/2452 2438/447/2438 2483/448/2483 2500/449/2500 2496/450/2496
f 1771/454/1771 1784/455/1784 2961/456/2961 2943/457/2943
f 748/461/748 722/462/722 4089/463/4089 3182/464/3182
f 2226/465/2226 2251/466/2251 5929/467/5929 5918/468/5918
f 782/469/782 806/470/806 4193/471/4193 4175/472/4175
f 2240/473/2240 2263/474/2263 5961/475/5961 5943/476/5943
f 1432/480/1432 230/481/230 4934/482/4934 4951/483/4951
f 530/487/530 1159/488/1159 2782/489/2782 4583/490/4583
f 1866/265/1866 1754/494/1754 2550/495/2550 2570/266/2570
f 1796/496/1796 1718/497/1718 5366/498/5366 5383/499/5383
f 364/500/364 171/501/171 4241/502/4241 4255/503/4255
f 134/507/134 662/508/662 4009/509/4009 3991/510/3991
f 870/511/870 362/512/362 4254/513/4254 4270/514/4270
f 326/515/326 614/516/614 3967/517/3967 3971/518/3971
f 1208/522/1208 1283/523/1283 4761/524/4761 4743/525/4743
f 1306/445/1306 1267/529/1267 2458/530/2458 2439/531/2439 2456/532/2456 2452/533/2452
f 1620/537/1620 482/538/482 5129/539/5129 2926/540/2926
f 1832/541/1832 279/542/279 5447/543/5447 5451/544/5451
f 734/545/734 746/546/746 3185/547/3185 3167/548/3167
f 2192/552/2192 2154/553/2154 5822/554/5822 5855/555/5855
f 2167/559/2167 2180/560/2180 3089/561/3089 3071/562/3071
f 1158/563/1158 1170/564/1170 2801/565/2801 2783/566/2783
f 1220/570/1220 1147/571/1147 4662/572/4662 4678/573/4678
f 1720/577/1720 75/578/75 5353/579/5353 5367/580/5367
f 1754/494/1754 1678/581/1678 2530/582/2530 2550/495/2550
f 604/583/604 398/584/398 3905/585/3905 3150/586/3150
f 2032/590/2032 434/591/434 5705/592/5705 5686/593/5686
f 664/600/664 675/601/675 4022/602/4022 4006/603/4006
f 1082/604/1082 206/605/206 4511/606/4511 4515/607/4515
f 1094/608/1094 1083/609/1083 4514/610/4514 4519/611/4519
f 1272/612/1272 27/613/27 4809/614/4809 4823/615/4823
f 1010/616/1010 994/617/994 4414/618/4414 4430/619/4430
f 1684/623/1684 1666/624/1666 5230/625/5230 5247/626/5247
f 882/627/882 906/628/906 4294/629/4294 4286/630/4286
f 1696/631/1696 267/632/267 5263/633/5263 5267/634/5267
f 772/635/772 794/636/794 4161/637/4161 4150/638/4150
f 2280/639/2280 687/640/687 6007/641/6007 6011/642/6011
f 2274/441/2274 2090/646/2090 2610/647/2610 2631/648/2631 2648/649/2648 2644/650/2644
f 616/651/616 638/652/638 3977/653/3977 3966/654/3966
f 338/655/338 146/656/146 3921/657/3921 3935/658/3935
f 316/659/316 123/660/123 5873/661/5873 5887/662/5887
f 2356/663/2356 2338/664/2338 6046/665/6046 6063/666/6063
f 542/670/542 1059/671/1059 3262/672/3262 4447/673/4447
f 2204/677/2204 2227/678/2227 5919/679/5919 5923/680/5923
f 2156/684/2156 2143/685/2143 5841/686/5841 5823/687/5823
f 1630/688/1630 1595/689/1595 5142/690/5142 5175/691/5175
f 2042/692/2042 2030/693/2030 5689/694/5689 5671/695/5671
f 1606/696/1606 1618/697/1618 2929/698/2929 2911/699/2911
f 1968/700/1968 1930/701/1930 5558/702/5558 5591/703/5591
f 590/704/590 339/705/339 3934/706/3934 3951/707/3951
f 2107/711/2107 2120/712/2120 3057/713/3057 3039/714/3039
f 1820/715/1820 1807/716/1807 5417/717/5417 5399/718/5399
f 626/719/626 650/720/650 4057/721/4057 4039/722/4039
f 1654/726/1654 1642/727/1642 5194/728/5194 5198/729/5198
f 1267/529/1267 1118/733/1118 2766/734/2766 2458/530/2458
f 1542/735/1542 1531/736/1531 5058/737/5058 5063/738/5063
f 194/739/194 14/740/14 4601/741/4601 4615/742/4615
f 1442/743/1442 1467/744/1467 4977/745/4977 4966/746/4966
f 1508/750/1508 494/751/494 4990/752/4990 2894/753/2894
f 1372/754/1372 1359/755/1359 4873/756/4873 4855/757/4855
f 1232/761/1232 1195/762/1195 4695/763/4695 4699/764/4699
f 350/765/350 158/766/158 4105/767/4105 4119/768/4119
f 2216/769/2216 314/770/314 5886/771/5886 5903/772/5903
f 1146/773/1146 1134/774/1134 4649/775/4649 4663/776/4663
f 758/777/758 351/778/351 4118/779/4118 4135/780/4135
f 2130/781/2130 2078/782/2078 5774/783/5774 5790/784/5790
f 1034/785/1034 1022/786/1022 4481/787/4481 4463/788/4463
f 1256/792/1256 219/793/219 4719/794/4719 4723/795/4723
f 984/799/984 934/800/934 4378/801/4378 4383/802/4383
f 1124/803/1124 1107/804/1107 4534/805/4534 4566/806/4566
f 824/807/824 883/808/883 4287/809/4287 4291/810/4291
f 1678/581/1678 1566/814/1566 2520/815/2520 2506/816/2506 2530/582/2530
f 1668/833/1668 63/834/63 5217/835/5217 5231/836/5231
f 3608/837/3608 2374/838/2374 2370/839/2370 3628/840/3628
f 412/841/412 2238/842/2238 5942/843/5942 5975/844/5975
f 446/848/446 1918/849/1918 5538/850/5538 5542/851/5542
f 2326/852/2326 2278/853/2278 6010/854/6010 6014/855/6014
f 2096/862/2096 2108/863/2108 3038/864/3038 5743/865/5743
f 1058/866/1058 1046/867/1046 3281/868/3281 3263/869/3263
f 2068/870/2068 2054/871/2054 5722/872/5722 5727/873/5727
f 1982/874/1982 1996/875/1996 3006/876/3006 5606/877/5606
f 1072/878/1072 1035/879/1035 4462/880/4462 4494/881/4494
f 1895/882/1895 1871/883/1871 5473/884/5473 2990/885/2990
f 1644/889/1644 255/890/255 5191/891/5191 5195/892/5195
f 1783/893/1783 1759/894/1759 5337/895/5337 2958/896/2958
f 1572/897/1572 1555/898/1555 5094/899/5094 5110/900/5110
f 1708/901/1708 1731/902/1731 5305/903/5305 5287/904/5287
f 2080/908/2080 111/909/111 5761/910/5761 5775/911/5775
f 1594/912/1594 1582/913/1582 5161/914/5161 5143/915/5143
f 1954/916/1954 1966/917/1966 5590/918/5590 5574/919/5574
f 1494/920/1494 1506/921/1506 2897/922/2897 2879/923/2879
f 918/924/918 555/925/555 4345/926/4345 4326/927/4326
f 1312/931/1312 1323/932/1323 2814/933/2814 4791/934/4791
f 1346/938/1346 1270/939/1270 4822/940/4822 4838/941/4838
f 2375/942/2375 2379/943/2379 1/944/1
f 2403/945/2403 2407/946/2407 1/944/1
f 2431/947/2431 2427/948/2427 1/944/1
f 2411/949/2411 2415/950/2415 1/944/1
f 2423/951/2423 2431/952/2431 1/944/1
f 2379/953/2379 2383/954/2383 1/944/1
f 2407/946/2407 2411/955/2411 1/944/1
f 2383/956/2383 2386/957/2386 1/944/1
f 2371/958/2371 2375/942/2375 1/944/1
f 2415/959/2415 2419/960/2419 1/944/1
f 2395/961/2395 2399/962/2399 1/944/1
f 3628/963/3628 2370/839/2370 2426/964/2426 3326/965/3326 3316/966/3316
f 2399/967/2399 2403/945/2403 1/944/1
f 2419/968/2419 2423/951/2423 1/944/1
f 2386/969/2386 2391/970/2391 1/944/1
f 2391/970/2391 2395/971/2395 1/944/1
f 3909/972/3909 3903/973/3903 3137/974/3137 3148/975/3148 3144/976/3144 3567/977/3567 3662/978/3662
f 3176/979/3176 3168/980/3168 3184/981/3184 3193/982/3193 3189/983/3189 3569/984/3569 3587/985/3587
f 3157/986/3157 3151/987/3151 3904/988/3904 3913/989/3913 3909/990/3909 3662/991/3662 3549/992/3549
f 3967/993/3967 3976/994/3976 3985/995/3985 3981/996/3981 3664/997/3664 2690/998/2690
f 3944/999/3944 3936/1000/3936 3920/1001/3920 3929/1002/3929 3925/1003/3925 3566/1004/3566 2691/1005/2691
f 4109/1006/4109 4103/1007/4103 4137/1008/4137 4148/1009/4148 4144/1010/4144 3647/1011/3647 3586/1012/3586
f 4013/1013/4013 4007/1014/4007 4025/1015/4025 4036/1016/4036 4032/1017/4032 3665/1018/3665 2672/1019/2672
f 4061/1020/4061 4055/1021/4055 4073/1022/4073 4084/1023/4084 4080/1024/4080 3649/1025/3649 2692/1026/2692
f 6072/1027/6072 6064/1028/6064 6049/1029/6049 6060/1030/6060 6056/1031/6056 2671/1032/2671 3681/1033/3681
f 3981/1034/3981 3975/1035/3975 3971/1036/3971 2673/1037/2673 3664/1038/3664
f 6037/1039/6037 6031/1040/6031 6065/1041/6065 6076/1042/6076 6072/1043/6072 3681/1044/3681 3546/1045/3546
f 6007/1046/6007 6016/1047/6016 6025/1048/6025 6021/1049/6021 3678/1050/3678 2670/1051/2670
f 4165/1052/4165 4159/1053/4159 4155/1054/4155 2693/1055/2693 3648/1056/3648
f 3925/1057/3925 3919/1058/3919 3953/1059/3953 3964/1060/3964 3960/1061/3960 3663/1062/3663 3566/1063/3566
f 4291/1064/4291 4287/1065/4287 2738/1066/2738 2717/1067/2717
f 4093/1068/4093 4087/1069/4087 3169/1070/3169 3180/1071/3180 3176/1072/3176 3587/985/3587 3646/1073/3646
f 3208/1074/3208 3200/1075/3200 3216/1076/3216 3225/1077/3225 3221/1078/3221 3589/1079/3589 3607/1080/3607
f 3189/1081/3189 3183/1082/3183 4088/1083/4088 4097/1084/4097 4093/1085/4093 3646/1086/3646 3569/984/3569
f 4151/1087/4151 4160/1088/4160 4169/1089/4169 4165/1090/4165 3648/1056/3648 2714/1091/2714
f 4304/1092/4304 4296/1093/4296 4291/1094/4291 2717/1095/2717 3889/1096/3889
f 4213/1097/4213 4207/1098/4207 4177/1099/4177 4188/1100/4188 4184/1101/4184 3590/1102/3590 3886/1103/3886
f 4048/1104/4048 4040/1105/4040 4056/1106/4056 4065/1107/4065 4061/1108/4061 2692/1026/2692 3570/1109/3570
f 4197/1110/4197 4191/1111/4191 4208/1112/4208 4217/1113/4217 4213/1114/4213 3886/1115/3886 2716/1116/2716
f 3960/1117/3960 3952/1118/3952 3937/1119/3937 3948/1120/3948 3944/1121/3944 2691/1005/2691 3663/1122/3663
f 4144/1123/4144 4136/1124/4136 4121/1125/4121 4132/1126/4132 4128/1127/4128 2715/1128/2715 3647/1011/3647
f 4379/1129/4379 4375/1130/4375 2762/1131/2762 2741/1132/2741
f 4349/1133/4349 4343/1134/4343 4313/1135/4313 4324/1136/4324 4320/1137/4320 3610/1138/3610 3870/1139/3870
f 4232/1140/4232 4224/1141/4224 3201/1142/3201 3212/1143/3212 3208/1144/3208 3607/1080/3607 3887/1145/3887
f 3221/1146/3221 3215/1147/3215 4225/1148/4225 4236/1149/4236 4232/1150/4232 3887/1151/3887 3589/1152/3589
f 3240/1153/3240 3232/1154/3232 3248/1155/3248 3257/1156/3257 3253/1157/3253 3609/1158/3609 3627/1159/3627
f 4287/1160/4287 4297/1161/4297 4308/1162/4308 4304/1163/4304 3889/1096/3889 2738/1164/2738
f 4501/1165/4501 4495/1166/4495 4465/1167/4465 4476/1168/4476 4472/1169/4472 3630/1170/3630 3854/1171/3854
f 4264/1172/4264 4256/1173/4256 4240/1174/4240 4249/1175/4249 4245/1176/4245 3606/1177/3606 2739/1178/2739
f 4184/1179/4184 4176/1180/4176 4192/1181/4192 4201/1182/4201 4197/1183/4197 2716/1184/2716 3590/1102/3590
f 4128/1185/4128 4120/1186/4120 4104/1187/4104 4113/1188/4113 4109/1189/4109 3586/1190/3586 2715/1191/2715
f 4333/1192/4333 4327/1193/4327 4344/1194/4344 4353/1195/4353 4349/1196/4349 3870/1139/3870 2740/1197/2740
f 4392/1198/4392 4384/1199/4384 4379/1200/4379 2741/1201/2741 3873/1202/3873
f 4472/1203/4472 4464/1204/4464 4480/1205/4480 4489/1206/4489 4485/1207/4485 2764/1208/2764 3630/1170/3630
f 4245/1209/4245 4239/1210/4239 4272/1211/4272 4281/1212/4281 4277/1213/4277 3888/1214/3888 3606/1177/3606
f 4368/1215/4368 4360/1216/4360 3233/1217/3233 3244/1218/3244 3240/1219/3240 3627/1159/3627 3871/1220/3871
f 3253/1221/3253 3247/1222/3247 4361/1223/4361 4372/1224/4372 4368/1225/4368 3871/1220/3871 3609/1226/3609
f 3272/1227/3272 3264/1228/3264 3280/1229/3280 3289/1230/3289 3285/1231/3285 3629/1232/3629 3315/1233/3315
f 4320/1234/4320 4312/1235/4312 4328/1236/4328 4337/1237/4337 4333/1238/4333 2740/1239/2740 3610/1138/3610
f 4277/1240/4277 4271/1241/4271 4257/1242/4257 4268/1243/4268 4264/1244/4264 2739/1178/2739 3888/1214/3888
f 4424/1245/4424 4416/1246/4416 4400/1247/4400 4409/1248/4409 4405/1249/4405 3626/1250/3626 2763/1251/2763
f 4485/1252/4485 4479/1253/4479 4496/1254/4496 4505/1255/4505 4501/1256/4501 3854/1257/3854 2764/1208/2764
f 4375/1258/4375 4385/1259/4385 4396/1260/4396 4392/1261/4392 3873/1202/3873 2762/1262/2762
f 4456/1263/4456 4448/1264/4448 3265/1265/3265 3276/1266/3276 3272/1267/3272 3315/1233/3315 3855/1268/3855
f 3285/1269/3285 3279/1270/3279 4449/1271/4449 4460/1272/4460 4456/1273/4456 3855/1274/3855 3629/1275/3629
f 4781/1276/4781 4775/1277/4775 4745/1278/4745 4756/1279/4756 4752/1280/4752 3298/1281/3298 3824/1282/3824
f 4528/1283/4528 4520/1284/4520 4515/1285/4515 2765/1286/2765 3857/1287/3857
f 2792/1288/2792 2784/1289/2784 2800/1290/2800 2809/1291/2809 2805/1292/2805 3318/1293/3318 3295/1294/3295
f 4405/1295/4405 4399/1296/4399 4432/1297/4432 4441/1298/4441 4437/1299/4437 3872/1300/3872 3626/1301/3626
f 4672/1302/4672 4664/1303/4664 4648/1304/4648 4657/1305/4657 4653/1306/4653 2461/1307/2461 3319/1308/3319
f 4437/1309/4437 4431/1310/4431 4417/1311/4417 4428/1312/4428 4424/1313/4424 2763/1251/2763 3872/1300/3872
f 4544/1314/4544 4536/1315/4536 4552/1316/4552 4561/1317/4561 4557/1318/4557 3314/1319/3314 2460/1320/2460
f 4653/1321/4653 4647/1322/4647 4680/1323/4680 4689/1324/4689 4685/1325/4685 3838/1326/3838 2461/1327/2461
f 4896/1328/4896 4888/1329/4888 4857/1330/4857 4868/1331/4868 4864/1332/4864 3343/1333/3343 3809/1334/3809
f 4511/1335/4511 4521/1336/4521 4532/1337/4532 4528/1338/4528 3857/1287/3857 2459/1339/2459
f 4592/1340/4592 4584/1341/4584 2785/1342/2785 2796/1343/2796 2792/1344/2792 3295/1294/3295 3839/1345/3839
f 2805/1346/2805 2799/1347/2799 4585/1348/4585 4596/1349/4596 4592/1350/4592 3839/1351/3839 3318/1293/3318
f 2824/1352/2824 2816/1353/2816 2832/1354/2832 2841/1355/2841 2837/1356/2837 3297/1357/3297 3339/1358/3339
f 4695/1359/4695 4705/1360/4705 4716/1361/4716 4712/1362/4712 3841/1363/3841 2434/1364/2434
f 4685/1365/4685 4679/1366/4679 4665/1367/4665 4676/1368/4676 4672/1369/4672 3319/1308/3319 3838/1326/3838
f 4624/1370/4624 4616/1371/4616 4600/1372/4600 4609/1373/4609 4605/1374/4605 3294/1375/3294 2435/1376/2435
f 4712/1377/4712 4704/1378/4704 4699/1379/4699 2462/1380/2462 3841/1363/3841
f 4971/1381/4971 4967/1382/4967 2502/1383/2502 2481/1384/2481
f 4557/1385/4557 4551/1386/4551 4568/1387/4568 4577/1388/4577 4573/1389/4573 3856/1390/3856 3314/1391/3314
f 4752/1392/4752 4744/1393/4744 4760/1394/4760 4769/1395/4769 4765/1396/4765 2436/1397/2436 3298/1398/3298
f 4573/1399/4573 4567/1400/4567 4537/1401/4537 4548/1402/4548 4544/1403/4544 2460/1404/2460 3856/1390/3856
f 4723/1405/4723 4719/1406/4719 2478/1407/2478 2437/1408/2437
f 4765/1409/4765 4759/1410/4759 4776/1411/4776 4785/1412/4785 4781/1413/4781 3824/1282/3824 2436/1414/2436
f 4637/1415/4637 4631/1416/4631 4617/1417/4617 4628/1418/4628 4624/1419/4624 2435/1376/2435 3840/1420/3840
f 4832/1421/4832 4824/1422/4824 4808/1423/4808 4817/1424/4817 4813/1425/4813 3338/1426/3338 2479/1427/2479
f 4736/1428/4736 4728/1429/4728 4723/1430/4723 2437/1431/2437 3823/1432/3823
f 4515/1433/4515 4511/1434/4511 2459/1435/2459 2765/1436/2765
f 4605/1437/4605 4599/1438/4599 4632/1439/4632 4641/1440/4641 4637/1441/4637 3840/1420/3840 3294/1442/3294
f 4800/1443/4800 4792/1444/4792 2817/1445/2817 2828/1446/2828 2824/1447/2824 3339/1358/3339 3825/1448/3825
f 2837/1449/2837 2831/1450/2831 4793/1451/4793 4804/1452/4804 4800/1453/4800 3825/1448/3825 3297/1357/3297
f 2856/1454/2856 2848/1455/2848 2864/1456/2864 2873/1457/2873 2869/1458/2869 3342/1459/3342 3363/1460/3363
f 4877/1461/4877 4871/1462/4871 4889/1463/4889 4900/1464/4900 4896/1465/4896 3809/1334/3809 2480/1466/2480
f 5045/1467/5045 5039/1468/5039 5009/1469/5009 5020/1470/5020 5016/1471/5016 3367/1472/3367 3792/1473/3792
f 4719/1474/4719 4729/1475/4729 4740/1476/4740 4736/1477/4736 3823/1478/3823 2478/1479/2478
f 4981/1480/4981 4975/1481/4975 4971/1482/4971 2481/1483/2481 3808/1484/3808
f 4813/1485/4813 4807/1486/4807 4840/1487/4840 4849/1488/4849 4845/1489/4845 3822/1490/3822 3338/1491/3338
f 5059/1492/5059 5055/1493/5055 2526/1494/2526 2505/1495/2505
f 4909/1496/4909 4903/1497/4903 2849/1498/2849 2860/1499/2860 2856/1500/2856 3363/1501/3363 3806/1502/3806
f 2888/1503/2888 2880/1504/2880 2896/1505/2896 2905/1506/2905 2901/1507/2901 3366/1508/3366 3387/1509/3387
f 2869/1510/2869 2863/1511/2863 4904/1512/4904 4913/1513/4913 4909/1514/4909 3806/1515/3806 3342/1516/3342
f 4967/1517/4967 4976/1518/4976 4985/1519/4985 4981/1520/4981 3808/1521/3808 2502/1522/2502
f 4944/1523/4944 4936/1524/4936 4920/1525/4920 4929/1526/4929 4925/1527/4925 3362/1528/3362 2503/1529/2503
f 5184/1530/5184 5176/1531/5176 5145/1532/5145 5156/1533/5156 5152/1534/5152 3391/1535/3391 3777/1536/3777
f 4864/1537/4864 4856/1538/4856 4872/1539/4872 4881/1540/4881 4877/1541/4877 2480/1466/2480 3343/1542/3343
f 5029/1543/5029 5023/1544/5023 5040/1545/5040 5049/1546/5049 5045/1547/5045 3792/1548/3792 2504/1549/2504
f 4845/1550/4845 4839/1551/4839 4825/1552/4825 4836/1553/4836 4832/1554/4832 2479/1427/2479 3822/1555/3822
f 5000/1556/5000 4992/1557/4992 2881/1558/2881 2892/1559/2892 2888/1560/2888 3387/1561/3387 3793/1562/3793
f 2901/1563/2901 2895/1564/2895 4993/1565/4993 5004/1566/5004 5000/1567/5000 3793/1568/3793 3366/1569/3366
f 2920/1570/2920 2912/1571/2912 2928/1572/2928 2937/1573/2937 2933/1574/2933 3390/1575/3390 3411/1576/3411
f 5072/1577/5072 5064/1578/5064 5059/1579/5059 2505/1580/2505 3791/1581/3791
f 5195/1582/5195 5191/1583/5191 2546/1584/2546 2529/1585/2529
f 4925/1586/4925 4919/1587/4919 4953/1588/4953 4964/1589/4964 4960/1590/4960 3807/1591/3807 3362/1528/3362
f 5016/1592/5016 5008/1593/5008 5024/1594/5024 5033/1595/5033 5029/1596/5029 2504/1549/2504 3367/1472/3367
f 4960/1597/4960 4952/1598/4952 4937/1599/4937 4948/1600/4948 4944/1601/4944 2503/1602/2503 3807/1591/3807
f 5104/1603/5104 5096/1604/5096 5080/1605/5080 5089/1606/5089 5085/1607/5085 3386/1608/3386 2527/1609/2527
f 5165/1610/5165 5159/1611/5159 5177/1612/5177 5188/1613/5188 5184/1614/5184 3777/1615/3777 2528/1616/2528
f 5328/1617/5328 5320/1618/5320 5289/1619/5289 5300/1620/5300 5296/1621/5296 3415/1622/3415 3761/1623/3761
f 5055/1624/5055 5065/1625/5065 5076/1626/5076 5072/1627/5072 3791/1581/3791 2526/1628/2526
f 5133/1629/5133 5127/1630/5127 2913/1631/2913 2924/1632/2924 2920/1633/2920 3411/1634/3411 3774/1635/3774
f 2952/1636/2952 2944/1637/2944 2960/1638/2960 2969/1639/2969 2965/1640/2965 3414/1641/3414 3435/1642/3435
f 2933/1643/2933 2927/1644/2927 5128/1645/5128 5137/1646/5137 5133/1647/5133 3774/1648/3774 3390/1575/3390
f 5205/1649/5205 5199/1650/5199 5195/1651/5195 2529/1652/2529 3776/1653/3776
f 5085/1654/5085 5079/1655/5079 5112/1656/5112 5121/1657/5121 5117/1658/5117 3790/1659/3790 3386/1660/3386
f 5267/1661/5267 5263/1662/5263 2566/1663/2566 2549/1664/2549
f 5152/1665/5152 5144/1666/5144 5160/1667/5160 5169/1668/5169 5165/1669/5165 2528/1616/2528 3391/1535/3391
f 5240/1670/5240 5232/1671/5232 5216/1672/5216 5225/1673/5225 5221/1674/5221 3410/1675/3410 2547/1676/2547
f 5117/1677/5117 5111/1678/5111 5097/1679/5097 5108/1680/5108 5104/1681/5104 2527/1682/2527 3790/1659/3790
f 5451/1683/5451 5447/1684/5447 2586/1685/2586 2569/1686/2569
f 5191/1687/5191 5200/1688/5200 5209/1689/5209 5205/1690/5205 3776/1691/3776 2546/1692/2546
f 5440/1693/5440 5432/1694/5432 5401/1695/5401 5412/1696/5412 5408/1697/5408 3439/1698/3439 3745/1699/3745
f 5309/1700/5309 5303/1701/5303 5321/1702/5321 5332/1703/5332 5328/1704/5328 3761/1623/3761 2548/1705/2548
f 5376/1706/5376 5368/1707/5368 5352/1708/5352 5361/1709/5361 5357/1710/5357 3434/1711/3434 2567/1712/2567
f 5256/1713/5256 5248/1714/5248 5233/1715/5233 5244/1716/5244 5240/1717/5240 2547/1676/2547 3775/1718/3775
f 5277/1719/5277 5271/1720/5271 5267/1721/5267 2549/1722/2549 3760/1723/3760
f 5221/1724/5221 5215/1725/5215 5249/1726/5249 5260/1727/5260 5256/1728/5256 3775/1729/3775 3410/1730/3410
f 5296/1731/5296 5288/1732/5288 5304/1733/5304 5313/1734/5313 5309/1735/5309 2548/1705/2548 3415/1736/3415
f 5341/1737/5341 5335/1738/5335 2945/1739/2945 2956/1740/2956 2952/1741/2952 3435/1642/3435 3758/1742/3758
f 2984/1743/2984 2976/1744/2976 2992/1745/2992 3001/1746/3001 2997/1747/2997 3438/1748/3438 3459/1749/3459
f 2965/1750/2965 2959/1751/2959 5336/1752/5336 5345/1753/5345 5341/1754/5341 3758/1755/3758 3414/1756/3414
f 5421/1757/5421 5415/1758/5415 5433/1759/5433 5444/1760/5444 5440/1761/5440 3745/1699/3745 2568/1762/2568
f 5263/1763/5263 5272/1764/5272 5281/1765/5281 5277/1766/5277 3760/1767/3760 2566/1768/2566
f 5600/1769/5600 5592/1770/5592 5561/1771/5561 5572/1772/5572 5568/1773/5568 3463/1774/3463 3729/1775/3729
f 5461/1776/5461 5455/1777/5455 5451/1778/5451 2569/1779/2569 3744/1780/3744
f 5357/1781/5357 5351/1782/5351 5385/1783/5385 5396/1784/5396 5392/1785/5392 3759/1786/3759 3434/1787/3434
f 5539/1788/5539 5535/1789/5535 2606/1790/2606 2589/1791/2589
f 5408/1792/5408 5400/1793/5400 5416/1794/5416 5425/1795/5425 5421/1796/5421 2568/1762/2568 3439/1698/3439
f 5512/1797/5512 5504/1798/5504 5488/1799/5488 5497/1800/5497 5493/1801/5493 3458/1802/3458 2587/1803/2587
f 5392/1804/5392 5384/1805/5384 5369/1806/5369 5380/1807/5380 5376/1808/5376 2567/1712/2567 3759/1786/3759
f 5477/1809/5477 5471/1810/5471 2977/1811/2977 2988/1812/2988 2984/1813/2984 3459/1749/3459 3742/1814/3742
f 3016/1815/3016 3008/1816/3008 3024/1817/3024 3033/1818/3033 3029/1819/3029 3462/1820/3462 3483/1821/3483
f 2997/1822/2997 2991/1823/2991 5472/1824/5472 5481/1825/5481 5477/1826/5477 3742/1827/3742 3438/1748/3438
f 5723/1828/5723 5719/1829/5719 2626/1830/2626 2609/1831/2609
f 5447/1832/5447 5456/1833/5456 5465/1834/5465 5461/1835/5461 3744/1836/3744 2586/1837/2586
f 5709/1838/5709 5703/1839/5703 5673/1840/5673 5684/1841/5684 5680/1842/5680 3486/1843/3486 3712/1844/3712
f 5581/1845/5581 5575/1846/5575 5593/1847/5593 5604/1848/5604 5600/1849/5600 3729/1850/3729 2588/1851/2588
f 5648/1852/5648 5640/1853/5640 5624/1854/5624 5633/1855/5633 5629/1856/5629 3482/1857/3482 2607/1858/2607
f 5528/1859/5528 5520/1860/5520 5505/1861/5505 5516/1862/5516 5512/1863/5512 2587/1864/2587 3743/1865/3743
f 5549/1866/5549 5543/1867/5543 5539/1868/5539 2589/1869/2589 3728/1870/3728
f 5493/1871/5493 5487/1872/5487 5521/1873/5521 5532/1874/5532 5528/1875/5528 3743/1876/3743 3458/1802/3458
f 5568/1877/5568 5560/1878/5560 5576/1879/5576 5585/1880/5585 5581/1881/5581 2588/1882/2588 3463/1774/3463
f 5613/1883/5613 5607/1884/5607 3009/1885/3009 3020/1886/3020 3016/1887/3016 3483/1821/3483 3726/1888/3726
f 3048/1889/3048 3040/1890/3040 3056/1891/3056 3065/1892/3065 3061/1893/3061 3485/1894/3485 3503/1895/3503
f 3029/1896/3029 3023/1897/3023 5608/1898/5608 5617/1899/5617 5613/1900/5613 3726/1888/3726 3462/1820/3462
f 5693/1901/5693 5687/1902/5687 5704/1903/5704 5713/1904/5713 5709/1905/5709 3712/1844/3712 2608/1906/2608
f 5535/1907/5535 5544/1908/5544 5553/1909/5553 5549/1910/5549 3728/1911/3728 2606/1912/2606
f 5864/1913/5864 5856/1914/5856 5825/1915/5825 5836/1916/5836 5832/1917/5832 3507/1918/3507 3695/1919/3695
f 5736/1920/5736 5728/1921/5728 5723/1922/5723 2609/1923/2609 3711/1924/3711
f 5923/1925/5923 5919/1926/5919 2650/1927/2650 2629/1928/2629
f 5629/1929/5629 5623/1930/5623 5657/1931/5657 5668/1932/5668 5664/1933/5664 3727/1934/3727 3482/1857/3482
f 5680/1935/5680 5672/1936/5672 5688/1937/5688 5697/1938/5697 5693/1939/5693 2608/1940/2608 3486/1941/3486
f 5664/1942/5664 5656/1943/5656 5641/1944/5641 5652/1945/5652 5648/1946/5648 2607/1858/2607 3727/1934/3727
f 5784/1947/5784 5776/1948/5776 5760/1949/5760 5769/1950/5769 5765/1951/5765 3502/1952/3502 2627/1953/2627
f 5752/1954/5752 5744/1955/5744 3041/1956/3041 3052/1957/3052 3048/1958/3048 3503/1895/3503 3713/1959/3713
f 3061/1960/3061 3055/1961/3055 5745/1962/5745 5756/1963/5756 5752/1964/5752 3713/1959/3713 3485/1894/3485
f 3080/1965/3080 3072/1966/3072 3088/1967/3088 3097/1968/3097 3093/1969/3093 3506/1970/3506 3527/1971/3527
f 5845/1972/5845 5839/1973/5839 5857/1974/5857 5868/1975/5868 5864/1976/5864 3695/1919/3695 2628/1977/2628
f 5984/1978/5984 5976/1979/5976 5945/1980/5945 5956/1981/5956 5952/1982/5952 3530/1983/3530 3679/1984/3679
f 5719/1985/5719 5729/1986/5729 5740/1987/5740 5736/1988/5736 3711/1924/3711 2626/1989/2626
f 5813/1990/5813 5807/1991/5807 3073/1992/3073 3084/1993/3084 3080/1994/3080 3527/1971/3527 3696/1995/3696
f 3112/1996/3112 3104/1997/3104 3120/1998/3120 3129/1999/3129 3125/2000/3125 3529/2001/3529 3547/2002/3547
f 3093/2003/3093 3087/2004/3087 5808/2005/5808 5817/2006/5817 5813/2007/5813 3696/1995/3696 3506/2008/3506
f 5933/2009/5933 5927/2010/5927 5923/2011/5923 2629/2012/2629 3694/2013/3694
f 5765/2014/5765 5759/2015/5759 5792/2016/5792 5801/2017/5801 5797/2018/5797 3710/2019/3710 3502/1952/3502
f 6011/2020/6011 6007/2021/6007 2670/2022/2670 2653/2023/2653
f 5919/2024/5919 5928/2025/5928 5937/2026/5937 5933/2027/5933 3694/2028/3694 2650/2029/2650
f 5896/2030/5896 5888/2031/5888 5872/2032/5872 5881/2033/5881 5877/2034/5877 3526/2035/3526 2651/2036/2651
f 4032/2037/4032 4024/2038/4024 3993/2039/3993 4004/2040/4004 4000/2041/4000 3550/2042/3550 3665/2043/3665
f 5832/2044/5832 5824/2045/5824 5840/2046/5840 5849/2047/5849 5845/2048/5845 2628/1977/2628 3507/1918/3507
f 5965/2049/5965 5959/2050/5959 5977/2051/5977 5988/2052/5988 5984/2053/5984 3679/2054/3679 2652/2055/2652
f 5797/2056/5797 5791/2057/5791 5777/2058/5777 5788/2059/5788 5784/2060/5784 2627/1953/2627 3710/2019/3710
f 6021/2061/6021 6015/2062/6015 6011/2063/6011 2653/2064/2653 3678/1050/3678
f 5877/2065/5877 5871/2066/5871 5905/2067/5905 5916/2068/5916 5912/2069/5912 3697/2070/3697 3526/2035/3526
f 3971/2071/3971 3967/2072/3967 2690/2073/2690 2673/2074/2673
f 5997/2075/5997 5991/2076/5991 3105/2077/3105 3116/2078/3116 3112/2079/3112 3547/2002/3547 3680/2080/3680
f 3144/2081/3144 3136/2082/3136 3152/2083/3152 3161/2084/3161 3157/2085/3157 3549/992/3549 3567/2086/3567
f 3125/2087/3125 3119/2088/3119 5992/2089/5992 6001/2090/6001 5997/2091/5997 3680/2080/3680 3529/2092/3529
f 5952/2093/5952 5944/2094/5944 5960/2095/5960 5969/2096/5969 5965/2097/5965 2652/2055/2652 3530/1983/3530
f 6056/2098/6056 6048/2099/6048 6032/2100/6032 6041/2101/6041 6037/2102/6037 3546/1045/3546 2671/1032/2671
f 5912/2103/5912 5904/2104/5904 5889/2105/5889 5900/2106/5900 5896/2107/5896 2651/2108/2651 3697/2109/3697
f 4000/2110/4000 3992/2111/3992 4008/2112/4008 4017/2113/4017 4013/2114/4013 2672/1019/2672 3550/2042/3550
f 4155/2115/4155 4151/2116/4151 2714/2117/2714 2693/2118/2693
f 4080/2119/4080 4072/2120/4072 4041/2121/4041 4052/2122/4052 4048/2123/4048 3570/1109/3570 3649/2124/3649
f 1856/2125/1856 87/2126/87 5489/2127/5489 5503/2128/5503
f 1530/2132/1530 242/2133/242 5055/2134/5055 5059/2135/5059
f 232/2136/232 39/2137/39 4921/2138/4921 4935/2139/4935
f 948/2146/948 959/2147/959 3230/2148/3230 4359/2149/4359
f 1920/2150/1920 291/2151/291 5535/2152/5535 5539/2153/5539
f 460/2154/460 1818/2155/1818 5398/2156/5398 5431/2157/5431
f 1518/2161/1518 1454/2162/1454 5006/2163/5006 5038/2164/5038
f 1384/2165/1384 1443/2166/1443 4967/2167/4967 4971/2168/4971
f 972/2172/972 946/2173/946 4358/2174/4358 3246/2175/3246
f 936/2179/936 375/2180/375 4375/2181/4375 4379/2182/4379
f 1932/2183/1932 1955/2184/1955 5577/2185/5577 5559/2186/5559
f 2090/646/2090 1978/264/1978 2590/267/2590 2610/647/2610
f 496/2190/496 1495/2191/1495 2878/2192/2878 4991/2193/4991
f 996/2197/996 183/2198/183 4401/2199/4401 4415/2200/4415
f 1118/733/1118 1006/278/1006 2756/2201/2756 2742/2202/2742 2766/734/2766
f 2007/2206/2007 1983/2207/1983 5609/2208/5609 3022/2209/3022
f 1566/814/1566 1490/444/1490 2496/2213/2496 2482/2214/2482 2507/2215/2507 2524/2216/2524 2520/2217/2520
f 1456/2218/1456 1479/2219/1479 5025/2220/5025 5007/2221/5007
f 3528/2222/3528 3505/2223/3505 3518/2224/3518 3514/2225/3514 2394/2226/2394 2390/2227/2390
f 3514/2228/3514 3504/2229/3504 3484/2230/3484 2398/2231/2398 2394/2232/2394
f 3461/2233/3461 3474/2234/3474 3470/2235/3470 2402/2236/2402 2398/2231/2398 3484/2237/3484
f 3470/2238/3470 3460/2239/3460 3437/2240/3437 3450/2241/3450 3446/2242/3446 2406/2243/2406 2402/2236/2402
f 3446/2244/3446 3436/2245/3436 3413/2246/3413 3426/2247/3426 3422/2248/3422 2410/2249/2410 2406/2243/2406
f 3422/2250/3422 3412/2251/3412 3389/2252/3389 3402/2253/3402 3398/2254/3398 2414/2255/2414 2410/2256/2410
f 3365/2257/3365 3378/2258/3378 3374/2259/3374 2418/2260/2418 2414/2261/2414 3398/2262/3398 3388/2263/3388
f 3374/2264/3374 3364/2265/3364 3341/2266/3341 3354/2267/3354 3350/2268/3350 2422/2269/2422 2418/2260/2418
f 3350/2270/3350 3340/2271/3340 3296/2272/3296 2430/2273/2430 2422/2274/2422
f 3296/2272/3296 3317/2275/3317 3330/2276/3330 3326/2277/3326 2426/964/2426 2430/2273/2430
f 4699/2278/4699 4695/2279/4695 2434/2280/2434 2462/2281/2462
f 3608/2282/3608 3588/2283/3588 2378/2284/2378 2374/838/2374
f 2427/948/2427 2371/2285/2371 1/944/1
f 3588/2283/3588 3568/2286/3568 2382/2287/2382 2378/2288/2378
f 3568/2286/3568 3548/2289/3548 2387/2290/2387 2382/2291/2382
f 3548/2289/3548 3528/2292/3528 2390/2293/2390 2387/2290/2387
f 2/2294/2 5/2295/5 7/2296/7 6/2297/6
f 5/2295/5 9/2298/9 10/2299/10 7/2296/7
f 8/2303/8 12/2304/12 13/2305/13 10/2306/10
f 4/236/4 11/2307/11 13/2305/13 12/2304/12
f 11/2307/11 6/2297/6 7/2296/7 13/2305/13
f 7/2296/7 10/2299/10 13/2308/13
f 14/740/14 17/2309/17 19/2310/19 18/2311/18
f 17/2309/17 21/2312/21 22/2313/22 19/2310/19
f 20/2317/20 24/2318/24 25/2319/25 22/2320/22
f 16/220/16 23/2321/23 25/2319/25 24/2318/24
f 23/2321/23 18/2311/18 19/2310/19 25/2319/25
f 19/2310/19 22/2313/22 25/2322/25
f 26/208/26 29/2323/29 31/2324/31 30/2325/30
f 29/2323/29 33/2326/33 34/2327/34 31/2324/31
f 27/613/27 32/2328/32 34/2327/34 33/2326/33
f 32/2328/32 36/2329/36 37/2330/37 34/2327/34
f 35/2334/35 30/2325/30 31/2324/31 37/2335/37
f 31/2324/31 34/2336/34 37/2335/37
f 38/368/38 41/2337/41 43/2338/43 42/2339/42
f 41/2337/41 45/2340/45 46/2341/46 43/2338/43
f 39/2137/39 44/2342/44 46/2341/46 45/2340/45
f 44/2342/44 48/2343/48 49/2344/49 46/2341/46
f 47/2348/47 42/2339/42 43/2338/43 49/2349/49
f 43/2350/43 46/2341/46 49/2344/49
f 50/197/50 53/2351/53 55/2352/55 54/2353/54
f 53/2351/53 57/2354/57 58/2355/58 55/2352/55
f 56/2359/56 60/2360/60 61/2361/61 58/2362/58
f 52/188/52 59/2363/59 61/2361/61 60/2360/60
f 59/2363/59 54/2353/54 55/2352/55 61/2361/61
f 55/2352/55 58/2355/58 61/2364/61
f 62/172/62 65/2365/65 67/2366/67 66/2367/66
f 65/2365/65 69/2368/69 70/2369/70 67/2366/67
f 63/834/63 68/2370/68 70/2369/70 69/2368/69
f 68/2370/68 72/2371/72 73/2372/73 70/2369/70
f 71/2376/71 66/2367/66 67/2366/67 73/2377/73
f 67/2378/67 70/2369/70 73/2372/73
f 74/164/74 77/2379/77 79/2380/79 78/2381/78
f 77/2379/77 81/2382/81 82/2383/82 79/2380/79
f 75/578/75 80/2384/80 82/2383/82 81/2382/81
f 80/2384/80 84/2385/84 85/2386/85 82/2383/82
f 83/2390/83 78/2381/78 79/2380/79 85/2391/85
f 79/2392/79 82/2383/82 85/2386/85
f 86/407/86 89/2393/89 91/2394/91 90/2395/90
f 89/2393/89 93/2396/93 94/2397/94 91/2394/91
f 87/2126/87 92/2398/92 94/2397/94 93/2396/93
f 92/2398/92 96/2399/96 97/2400/97 94/2397/94
f 95/2404/95 90/2395/90 91/2394/91 97/2405/97
f 91/2406/91 94/2397/94 97/2400/97
f 98/149/98 101/2407/101 103/2408/103 102/2409/102
f 101/2407/101 105/2410/105 106/2411/106 103/2408/103
f 104/2415/104 108/2416/108 109/2417/109 106/2418/106
f 100/136/100 107/2419/107 109/2417/109 108/2416/108
f 107/2419/107 102/2409/102 103/2408/103 109/2417/109
f 103/2408/103 106/2411/106 109/2420/109
f 110/124/110 113/2421/113 115/2422/115 114/2423/114
f 113/2421/113 117/2424/117 118/2425/118 115/2422/115
f 111/909/111 116/2426/116 118/2425/118 117/2424/117
f 116/2426/116 120/2427/120 121/2428/121 118/2425/118
f 119/2432/119 114/2423/114 115/2422/115 121/2433/121
f 115/2434/115 118/2425/118 121/2428/121
f 122/116/122 125/2435/125 127/2436/127 126/2437/126
f 125/2435/125 129/2438/129 130/2439/130 127/2436/127
f 123/660/123 128/2440/128 130/2439/130 129/2438/129
f 128/2440/128 132/2441/132 133/2442/133 130/2439/130
f 131/2446/131 126/2437/126 127/2436/127 133/2447/133
f 127/2448/127 130/2439/130 133/2442/133
f 134/507/134 137/2449/137 139/2450/139 138/2451/138
f 137/2449/137 141/2452/141 142/2453/142 139/2450/139
f 135/93/135 140/2454/140 142/2453/142 141/2452/141
f 140/2454/140 144/2455/144 145/2456/145 142/2453/142
f 143/2460/143 138/2451/138 139/2450/139 145/2461/145
f 139/2462/139 142/2453/142 145/2456/145
f 146/656/146 149/2463/149 151/2464/151 150/2465/150
f 149/2463/149 153/2466/153 154/2467/154 151/2464/151
f 152/2471/152 156/2472/156 157/2473/157 154/2474/154
f 148/88/148 155/2475/155 157/2473/157 156/2472/156
f 155/2475/155 150/2465/150 151/2464/151 157/2473/157
f 151/2464/151 154/2467/154 157/2476/157
f 158/766/158 161/2477/161 163/2478/163 162/2479/162
f 161/2477/161 165/2480/165 166/2481/166 163/2478/163
f 164/2485/164 168/2486/168 169/2487/169 166/2488/166
f 160/56/160 167/2489/167 169/2487/169 168/2486/168
f 167/2489/167 162/2479/162 163/2478/163 169/2487/169
f 163/2478/163 166/2481/166 169/2490/169
f 170/60/170 173/2491/173 175/2492/175 174/2493/174
f 173/2491/173 177/2494/177 178/2495/178 175/2492/175
f 171/501/171 176/2496/176 178/2495/178 177/2494/177
f 176/2496/176 180/2497/180 181/2498/181 178/2495/178
f 179/2502/179 174/2493/174 175/2492/175 181/2503/181
f 175/2492/175 178/2504/178 181/2503/181
f 182/350/182 185/2505/185 187/2506/187 186/2507/186
f 185/2505/185 189/2508/189 190/2509/190 187/2506/187
f 183/2198/183 188/2510/188 190/2509/190 189/2508/189
f 188/2510/188 192/2511/192 193/2512/193 190/2509/190
f 191/2516/191 186/2507/186 187/2506/187 193/2517/193
f 187/2506/187 190/2518/190 193/2517/193
f 194/739/194 197/2519/197 199/2520/199 198/2521/198
f 197/2519/197 201/2522/201 202/2523/202 199/2520/199
f 195/65/195 200/2524/200 202/2523/202 201/2522/201
f 200/2524/200 204/2525/204 205/2526/205 202/2523/202
f 203/2530/203 198/2521/198 199/2520/199 205/2531/205
f 199/2532/199 202/2523/202 205/2526/205
f 206/605/206 209/2533/209 211/2534/211 210/2535/210
f 209/2533/209 213/2536/213 214/2537/214 211/2534/211
f 212/2541/212 216/2542/216 217/2543/217 214/2544/214
f 208/68/208 215/2545/215 217/2543/217 216/2542/216
f 215/2545/215 210/2535/210 211/2534/211 217/2543/217
f 211/2534/211 214/2537/214 217/2546/217
f 218/12/218 221/2547/221 223/2548/223 222/2549/222
f 221/2547/221 225/2550/225 226/2551/226 223/2548/223
f 219/793/219 224/2552/224 226/2551/226 225/2550/225
f 224/2552/224 228/2553/228 229/2554/229 226/2551/226
f 227/2558/227 222/2549/222 223/2548/223 229/2559/229
f 223/2560/223 226/2551/226 229/2554/229
f 230/481/230 233/2561/233 235/2562/235 234/2563/234
f 233/2561/233 237/2564/237 238/2565/238 235/2562/235
f 236/2569/236 240/2570/240 241/2571/241 238/2572/238
f 232/2136/232 239/2573/239 241/2571/241 240/2570/240
f 239/2573/239 234/2563/234 235/2562/235 241/2571/241
f 235/2562/235 238/2565/238 241/2574/241
f 242/2133/242 245/2575/245 247/2576/247 246/2577/246
f 245/2575/245 249/2578/249 250/2579/250 247/2576/247
f 248/2583/248 252/2584/252 253/2585/253 250/2586/250
f 244/20/244 251/2587/251 253/2585/253 252/2584/252
f 251/2587/251 246/2577/246 247/2576/247 253/2585/253
f 247/2576/247 250/2579/250 253/2588/253
f 254/24/254 257/2589/257 259/2590/259 258/2591/258
f 257/2589/257 261/2592/261 262/2593/262 259/2590/259
f 255/890/255 260/2594/260 262/2593/262 261/2592/261
f 260/2594/260 264/2595/264 265/2596/265 262/2593/262
f 263/2600/263 258/2591/258 259/2590/259 265/2601/265
f 259/2602/259 262/2593/262 265/2596/265
f 266/28/266 269/2603/269 271/2604/271 270/2605/270
f 269/2603/269 273/2606/273 274/2607/274 271/2604/271
f 267/632/267 272/2608/272 274/2607/274 273/2606/273
f 272/2608/272 276/2609/276 277/2610/277 274/2607/274
f 275/2614/275 270/2605/270 271/2604/271 277/2615/277
f 271/2616/271 274/2607/274 277/2610/277
f 278/32/278 281/2617/281 283/2618/283 282/2619/282
f 281/2617/281 285/2620/285 286/2621/286 283/2618/283
f 279/542/279 284/2622/284 286/2621/286 285/2620/285
f 284/2622/284 288/2623/288 289/2624/289 286/2621/286
f 287/2628/287 282/2619/282 283/2618/283 289/2629/289
f 283/2618/283 286/2630/286 289/2629/289
f 290/335/290 293/2631/293 295/2632/295 294/2633/294
f 293/2631/293 297/2634/297 298/2635/298 295/2632/295
f 291/2151/291 296/2636/296 298/2635/298 297/2634/297
f 296/2636/296 300/2637/300 301/2638/301 298/2635/298
f 299/2642/299 294/2633/294 295/2632/295 301/2643/301
f 295/2632/295 298/2644/298 301/2643/301
f 302/40/302 305/2645/305 307/2646/307 306/2647/306
f 305/2645/305 309/2648/309 310/2649/310 307/2646/307
f 303/37/303 308/2650/308 310/2649/310 309/2648/309
f 308/2650/308 312/2651/312 313/2652/313 310/2649/310
f 311/2656/311 306/2647/306 307/2646/307 313/2657/313
f 307/2646/307 310/2658/310 313/2657/313
f 314/770/314 317/2659/317 319/2660/319 318/2661/318
f 317/2659/317 321/2662/321 322/2663/322 319/2660/319
f 320/2667/320 324/2668/324 325/2669/325 322/2670/322
f 316/659/316 323/2671/323 325/2669/325 324/2668/324
f 323/2671/323 318/2661/318 319/2660/319 325/2669/325
f 319/2660/319 322/2663/322 325/2672/325
f 326/515/326 329/2673/329 331/2674/331 330/2675/330
f 329/2673/329 333/2676/333 334/2677/334 331/2674/331
f 327/53/327 332/2678/332 334/2677/334 333/2676/333
f 332/2678/332 336/2679/336 337/2680/337 334/2677/334
f 335/2684/335 330/2675/330 331/2674/331 337/2685/337
f 331/2686/331 334/2677/334 337/2680/337
f 338/655/338 341/2687/341 343/2688/343 342/2689/342
f 341/2687/341 345/2690/345 346/2691/346 343/2688/343
f 339/705/339 344/2692/344 346/2691/346 345/2690/345
f 344/2692/344 348/2693/348 349/2694/349 346/2691/346
f 347/2698/347 342/2689/342 343/2688/343 349/2699/349
f 343/2688/343 346/2700/346 349/2699/349
f 350/765/350 353/2701/353 355/2702/355 354/2703/354
f 353/2701/353 357/2704/357 358/2705/358 355/2702/355
f 351/778/351 356/2706/356 358/2705/358 357/2704/357
f 356/2706/356 360/2707/360 361/2708/361 358/2705/358
f 359/2712/359 354/2703/354 355/2702/355 361/2713/361
f 355/2702/355 358/2714/358 361/2713/361
f 362/512/362 365/2715/365 367/2716/367 366/2717/366
f 365/2715/365 369/2718/369 370/2719/370 367/2716/367
f 368/2723/368 372/2724/372 373/2725/373 370/2726/370
f 364/500/364 371/2727/371 373/2725/373 372/2724/372
f 371/2727/371 366/2717/366 367/2716/367 373/2725/373
f 367/2716/367 370/2719/370 373/2728/373
f 374/339/374 377/2729/377 379/2730/379 378/2731/378
f 377/2729/377 381/2732/381 382/2733/382 379/2730/379
f 375/2180/375 380/2734/380 382/2733/382 381/2732/381
f 380/2734/380 384/2735/384 385/2736/385 382/2733/382
f 383/2740/383 378/2731/378 379/2730/379 385/2741/385
f 379/2742/379 382/2733/382 385/2736/385
f 386/244/386 389/2743/389 391/2744/391 390/2745/390
f 389/2743/389 393/2746/393 394/2747/394 391/2744/391
f 387/73/387 392/2748/392 394/2747/394 393/2746/393
f 392/2748/392 396/2749/396 397/2750/397 394/2747/394
f 395/2754/395 390/2745/390 391/2744/391 397/2755/397
f 391/2744/391 394/2756/394 397/2755/397
f 398/584/398 401/2757/401 403/2758/403 402/2759/402
f 401/2757/401 405/2760/405 406/2761/406 403/2758/403
f 404/2765/404 408/2766/408 409/2767/409 406/2768/406
f 400/84/400 407/2769/407 409/2767/409 408/2766/408
f 407/2769/407 402/2759/402 403/2758/403 409/2767/409
f 403/2758/403 406/2761/406 409/2770/409
f 410/105/410 413/2771/413 415/2772/415 414/2773/414
f 413/2771/413 417/2774/417 418/2775/418 415/2772/415
f 416/2779/416 420/2780/420 421/2781/421 418/2782/418
f 412/841/412 419/2783/419 421/2781/421 420/2780/420
f 419/2783/419 414/2773/414 415/2772/415 421/2781/421
f 415/2772/415 418/2775/418 421/2784/421
f 422/108/422 425/2785/425 427/2786/427 426/2787/426
f 425/2785/425 429/2788/429 430/2789/430 427/2786/427
f 423/423/423 428/2790/428 430/2789/430 429/2788/429
f 428/2790/428 432/2791/432 433/2792/433 430/2789/430
f 431/2796/431 426/2787/426 427/2786/427 433/2797/433
f 427/2786/427 430/2798/430 433/2797/433
f 434/591/434 437/2799/437 439/2800/439 438/2801/438
f 437/2799/437 441/2802/441 442/2803/442 439/2800/439
f 440/2807/440 444/2808/444 445/2809/445 442/2810/442
f 436/128/436 443/2811/443 445/2809/445 444/2808/444
f 443/2811/443 438/2801/438 439/2800/439 445/2809/445
f 439/2800/439 442/2803/442 445/2812/445
f 446/848/446 449/2813/449 451/2814/451 450/2815/450
f 449/2813/449 453/2816/453 454/2817/454 451/2814/451
f 447/336/447 452/2818/452 454/2817/454 453/2816/453
f 452/2818/452 456/2819/456 457/2820/457 454/2817/454
f 455/2824/455 450/2815/450 451/2814/451 457/2825/457
f 451/2826/451 454/2817/454 457/2820/457
f 458/153/458 461/2827/461 463/2828/463 462/2829/462
f 461/2827/461 465/2830/465 466/2831/466 463/2828/463
f 464/2835/464 468/2836/468 469/2837/469 466/2838/466
f 460/2154/460 467/2839/467 469/2837/469 468/2836/468
f 467/2839/467 462/2829/462 463/2828/463 469/2837/469
f 463/2828/463 466/2831/466 469/2840/469
f 470/375/470 473/2841/473 475/2842/475 474/2843/474
f 473/2841/473 477/2844/477 478/2845/478 475/2842/475
f 471/29/471 476/2846/476 478/2845/478 477/2844/477
f 476/2846/476 480/2847/480 481/2848/481 478/2845/478
f 479/2852/479 474/2843/474 475/2842/475 481/2853/481
f 475/2854/475 478/2845/478 481/2848/481
f 482/538/482 485/2855/485 487/2856/487 486/2857/486
f 485/2855/485 489/2858/489 490/2859/490 487/2856/487
f 488/2863/488 492/2864/492 493/2865/493 490/2866/490
f 484/168/484 491/2867/491 493/2865/493 492/2864/492
f 491/2867/491 486/2857/486 487/2856/487 493/2865/493
f 487/2856/487 490/2859/490 493/2868/493
f 494/751/494 497/2869/497 499/2870/499 498/2871/498
f 497/2869/497 501/2872/501 502/2873/502 499/2870/499
f 500/2877/500 504/2878/504 505/2879/505 502/2880/502
f 496/2190/496 503/2881/503 505/2879/505 504/2878/504
f 503/2881/503 498/2871/498 499/2870/499 505/2879/505
f 499/2870/499 502/2873/502 505/2882/505
f 506/201/506 509/2883/509 511/2884/511 510/2885/510
f 509/2883/509 513/2886/513 514/2887/514 511/2884/511
f 512/2891/512 516/2892/516 517/2893/517 514/2894/514
f 508/180/508 515/2895/515 517/2893/517 516/2892/516
f 515/2895/515 510/2885/510 511/2884/511 517/2893/517
f 511/2884/511 514/2887/514 517/2896/517
f 518/13/518 521/2897/521 523/2898/523 522/2899/522
f 521/2897/521 525/2900/525 526/2901/526 523/2898/523
f 524/2905/524 528/2906/528 529/2907/529 526/2908/526
f 520/317/520 527/2909/527 529/2907/529 528/2906/528
f 527/2909/527 522/2899/522 523/2898/523 529/2907/529
f 523/2898/523 526/2901/526 529/2910/529
f 530/487/530 533/2911/533 535/2912/535 534/2913/534
f 533/2911/533 537/2914/537 538/2915/538 535/2912/535
f 531/217/531 536/2916/536 538/2915/538 537/2914/537
f 536/2916/536 540/2917/540 541/2918/541 538/2915/538
f 539/2922/539 534/2913/534 535/2912/535 541/2923/541
f 535/2924/535 538/2915/538 541/2918/541
f 542/670/542 545/2925/545 547/2926/547 546/2927/546
f 545/2925/545 549/2928/549 550/2929/550 547/2926/547
f 543/229/543 548/2930/548 550/2929/550 549/2928/549
f 548/2930/548 552/2931/552 553/2932/553 550/2929/550
f 551/2936/551 546/2927/546 547/2926/547 553/2937/553
f 547/2938/547 550/2929/550 553/2932/553
f 554/248/554 557/2939/557 559/2940/559 558/2941/558
f 557/2939/557 561/2942/561 562/2943/562 559/2940/559
f 555/925/555 560/2944/560 562/2943/562 561/2942/561
f 560/2944/560 564/2945/564 565/2946/565 562/2943/562
f 563/2950/563 558/2941/558 559/2940/559 565/2951/565
f 559/2940/559 562/2952/562 565/2951/565
f 566/269/566 569/2953/569 571/2954/571 570/2955/570
f 569/2953/569 573/2956/573 574/2957/574 571/2954/571
f 572/2961/572 576/2962/576 577/2963/577 574/2964/574
f 568/256/568 575/2965/575 577/2963/577 576/2962/576
f 575/2965/575 570/2955/570 571/2954/571 577/2963/577
f 571/2954/571 574/2957/574 577/2966/577
f 578/415/578 581/2967/581 583/2968/583 582/2969/582
f 581/2967/581 585/2970/585 586/2971/586 583/2968/583
f 579/85/579 584/2972/584 586/2971/586 585/2970/585
f 584/2972/584 588/2973/588 589/2974/589 586/2971/586
f 587/2978/587 582/2969/582 583/2968/583 589/2979/589
f 583/2968/583 586/2980/586 589/2979/589
f 590/704/590 593/2981/593 595/2982/595 594/2983/594
f 593/2981/593 597/2984/597 598/2985/598 595/2982/595
f 591/89/591 596/2986/596 598/2985/598 597/2984/597
f 596/2986/596 600/2987/600 601/2988/601 598/2985/598
f 599/2992/599 594/2983/594 595/2982/595 601/2993/601
f 595/2994/595 598/2985/598 601/2988/601
f 602/416/602 605/2995/605 607/2996/607 606/2997/606
f 605/2995/605 609/2998/609 610/2999/610 607/2996/607
f 608/3003/608 612/3004/612 613/3005/613 610/3006/610
f 604/583/604 611/3007/611 613/3005/613 612/3004/612
f 611/3007/611 606/2997/606 607/2996/607 613/3005/613
f 607/2996/607 610/2999/610 613/3008/613
f 614/516/614 617/3009/617 619/3010/619 618/3011/618
f 617/3009/617 621/3012/621 622/3013/622 619/3010/619
f 620/3017/620 624/3018/624 625/3019/625 622/3020/622
f 616/651/616 623/3021/623 625/3019/625 624/3018/624
f 623/3021/623 618/3011/618 619/3010/619 625/3019/625
f 619/3010/619 622/3013/622 625/3022/625
f 626/719/626 629/3023/629 631/3024/631 630/3025/630
f 629/3023/629 633/3026/633 634/3027/634 631/3024/631
f 627/245/627 632/3028/632 634/3027/634 633/3026/633
f 632/3028/632 636/3029/636 637/3030/637 634/3027/634
f 635/3034/635 630/3025/630 631/3024/631 637/3035/637
f 631/3036/631 634/3027/634 637/3030/637
f 638/652/638 641/3037/641 643/3038/643 642/3039/642
f 641/3037/641 645/3040/645 646/3041/646 643/3038/643
f 644/3045/644 648/3046/648 649/3047/649 646/3048/646
f 640/52/640 647/3049/647 649/3047/649 648/3046/648
f 647/3049/647 642/3039/642 643/3038/643 649/3047/649
f 643/3038/643 646/3041/646 649/3050/649
f 650/720/650 653/3051/653 655/3052/655 654/3053/654
f 653/3051/653 657/3054/657 658/3055/658 655/3052/655
f 656/3059/656 660/3060/660 661/3061/661 658/3062/658
f 652/72/652 659/3063/659 661/3061/661 660/3060/660
f 659/3063/659 654/3053/654 655/3052/655 661/3061/661
f 655/3052/655 658/3055/658 661/3064/661
f 662/508/662 665/3065/665 667/3066/667 666/3067/666
f 665/3065/665 669/3068/669 670/3069/670 667/3066/667
f 668/3073/668 672/3074/672 673/3075/673 670/3076/670
f 664/600/664 671/3077/671 673/3075/673 672/3074/672
f 671/3077/671 666/3067/666 667/3066/667 673/3075/673
f 667/3066/667 670/3069/670 673/3078/673
f 674/92/674 677/3079/677 679/3080/679 678/3081/678
f 677/3079/677 681/3082/681 682/3083/682 679/3080/679
f 675/601/675 680/3084/680 682/3083/682 681/3082/681
f 680/3084/680 684/3085/684 685/3086/685 682/3083/682
f 683/3090/683 678/3081/678 679/3080/679 685/3091/685
f 679/3080/679 682/3092/682 685/3091/685
f 686/48/686 689/3093/689 691/3094/691 690/3095/690
f 689/3093/689 693/3096/693 694/3097/694 691/3094/691
f 687/640/687 692/3098/692 694/3097/694 693/3096/693
f 692/3098/692 696/3099/696 697/3100/697 694/3097/694
f 695/3104/695 690/3095/690 691/3094/691 697/3105/697
f 691/3094/691 694/3106/694 697/3105/697
f 698/100/698 701/3107/701 703/3108/703 702/3109/702
f 701/3107/701 705/3110/705 706/3111/706 703/3108/703
f 699/355/699 704/3112/704 706/3111/706 705/3110/705
f 704/3112/704 708/3113/708 709/3114/709 706/3111/706
f 707/3118/707 702/3109/702 703/3108/703 709/3119/709
f 703/3108/703 706/3120/706 709/3119/709
f 710/302/710 713/3121/713 715/3122/715 714/3123/714
f 713/3121/713 717/3124/717 718/3125/718 715/3122/715
f 711/81/711 716/3126/716 718/3125/718 717/3124/717
f 716/3126/716 720/3127/720 721/3128/721 718/3125/718
f 719/3132/719 714/3123/714 715/3122/715 721/3133/721
f 715/3134/715 718/3125/718 721/3128/721
f 722/462/722 725/3135/725 727/3136/727 726/3137/726
f 725/3135/725 729/3138/729 730/3139/730 727/3136/727
f 728/3143/728 732/3144/732 733/3145/733 730/3146/730
f 724/76/724 731/3147/731 733/3145/733 732/3144/732
f 731/3147/731 726/3137/726 727/3136/727 733/3145/733
f 727/3136/727 730/3139/730 733/3148/733
f 734/545/734 737/3149/737 739/3150/739 738/3151/738
f 737/3149/737 741/3152/741 742/3153/742 739/3150/739
f 735/77/735 740/3154/740 742/3153/742 741/3152/741
f 740/3154/740 744/3155/744 745/3156/745 742/3153/742
f 743/3160/743 738/3151/738 739/3150/739 745/3161/745
f 739/3150/739 742/3162/742 745/3161/745
f 746/546/746 749/3163/749 751/3164/751 750/3165/750
f 749/3163/749 753/3166/753 754/3167/754 751/3164/751
f 752/3171/752 756/3172/756 757/3173/757 754/3174/754
f 748/461/748 755/3175/755 757/3173/757 756/3172/756
f 755/3175/755 750/3165/750 751/3164/751 757/3173/757
f 751/3164/751 754/3167/754 757/3176/757
f 758/777/758 761/3177/761 763/3178/763 762/3179/762
f 761/3177/761 765/3180/765 766/3181/766 763/3178/763
f 759/57/759 764/3182/764 766/3181/766 765/3180/765
f 764/3182/764 768/3183/768 769/3184/769 766/3181/766
f 767/3188/767 762/3179/762 763/3178/763 769/3189/769
f 763/3190/763 766/3181/766 769/3184/769
f 770/303/770 773/3191/773 775/3192/775 774/3193/774
f 773/3191/773 777/3194/777 778/3195/778 775/3192/775
f 776/3199/776 780/3200/780 781/3201/781 778/3202/778
f 772/635/772 779/3203/779 781/3201/781 780/3200/780
f 779/3203/779 774/3193/774 775/3192/775 781/3201/781
f 775/3192/775 778/3195/778 781/3204/781
f 782/469/782 785/3205/785 787/3206/787 786/3207/786
f 785/3205/785 789/3208/789 790/3209/790 787/3206/787
f 783/257/783 788/3210/788 790/3209/790 789/3208/789
f 788/3210/788 792/3211/792 793/3212/793 790/3209/790
f 791/3216/791 786/3207/786 787/3206/787 793/3217/793
f 787/3218/787 790/3209/790 793/3212/793
f 794/636/794 797/3219/797 799/3220/799 798/3221/798
f 797/3219/797 801/3222/801 802/3223/802 799/3220/799
f 800/3227/800 804/3228/804 805/3229/805 802/3230/802
f 796/80/796 803/3231/803 805/3229/805 804/3228/804
f 803/3231/803 798/3221/798 799/3220/799 805/3229/805
f 799/3220/799 802/3223/802 805/3232/805
f 806/470/806 809/3233/809 811/3234/811 810/3235/810
f 809/3233/809 813/3236/813 814/3237/814 811/3234/811
f 812/3241/812 816/3242/816 817/3243/817 814/3244/814
f 808/268/808 815/3245/815 817/3243/817 816/3242/816
f 815/3245/815 810/3235/810 811/3234/811 817/3243/817
f 811/3234/811 814/3237/814 817/3246/817
f 822/261/822 825/3247/825 827/3248/827 826/3249/826
f 825/3247/825 829/3250/829 830/3251/830 827/3248/827
f 828/3255/828 832/3256/832 833/3257/833 830/3258/830
f 824/807/824 831/3259/831 833/3257/833 832/3256/832
f 831/3259/831 826/3249/826 827/3248/827 833/3257/833
f 827/3248/827 830/3251/830 833/3260/833
f 834/306/834 837/3261/837 839/3262/839 838/3263/838
f 837/3261/837 841/3264/841 842/3265/842 839/3262/839
f 835/253/835 840/3266/840 842/3265/842 841/3264/841
f 840/3266/840 844/3267/844 845/3268/845 842/3265/842
f 843/3272/843 838/3263/838 839/3262/839 845/3273/845
f 839/3274/839 842/3265/842 845/3268/845
f 846/382/846 849/3275/849 851/3276/851 850/3277/850
f 849/3275/849 853/3278/853 854/3279/854 851/3276/851
f 847/307/847 852/3280/852 854/3279/854 853/3278/853
f 852/3280/852 856/3281/856 857/3282/857 854/3279/854
f 855/3286/855 850/3277/850 851/3276/851 857/3287/857
f 851/3276/851 854/3288/854 857/3287/857
f 858/383/858 861/3289/861 863/3290/863 862/3291/862
f 861/3289/861 865/3292/865 866/3293/866 863/3290/863
f 864/3297/864 868/3298/868 869/3299/869 866/3300/866
f 860/252/860 867/3301/867 869/3299/869 868/3298/868
f 867/3301/867 862/3291/862 863/3290/863 869/3299/869
f 863/3290/863 866/3293/866 869/3302/869
f 870/511/870 873/3303/873 875/3304/875 874/3305/874
f 873/3303/873 877/3306/877 878/3307/878 875/3304/875
f 871/61/871 876/3308/876 878/3307/878 877/3306/877
f 876/3308/876 880/3309/880 881/3310/881 878/3307/878
f 879/3314/879 874/3305/874 875/3304/875 881/3315/881
f 875/3316/875 878/3307/878 881/3310/881
f 882/627/882 885/3317/885 887/3318/887 886/3319/886
f 885/3317/885 889/3320/889 890/3321/890 887/3318/887
f 883/808/883 888/3322/888 890/3321/890 889/3320/889
f 888/3322/888 892/3323/892 893/3324/893 890/3321/890
f 891/3328/891 886/3319/886 887/3318/887 893/3329/893
f 887/3318/887 890/3330/890 893/3329/893
f 894/249/894 897/3331/897 899/3332/899 898/3333/898
f 897/3331/897 901/3334/901 902/3335/902 899/3332/899
f 900/3339/900 904/3340/904 905/3341/905 902/3342/902
f 896/298/896 903/3343/903 905/3341/905 904/3340/904
f 903/3343/903 898/3333/898 899/3332/899 905/3341/905
f 899/3332/899 902/3335/902 905/3344/905
f 906/628/906 909/3345/909 911/3346/911 910/3347/910
f 909/3345/909 913/3348/913 914/3349/914 911/3346/911
f 912/3353/912 916/3354/916 917/3355/917 914/3356/914
f 908/260/908 915/3357/915 917/3355/917 916/3354/916
f 915/3357/915 910/3347/910 911/3346/911 917/3355/917
f 911/3346/911 914/3349/914 917/3358/917
f 918/924/918 921/3359/921 923/3360/923 922/3361/922
f 921/3359/921 925/3362/925 926/3363/926 923/3360/923
f 919/299/919 924/3364/924 926/3363/926 925/3362/925
f 924/3364/924 928/3365/928 929/3366/929 926/3363/926
f 927/3370/927 922/3361/922 923/3360/923 929/3371/929
f 923/3372/923 926/3363/926 929/3366/929
f 934/800/934 937/3373/937 939/3374/939 938/3375/938
f 937/3373/937 941/3376/941 942/3377/942 939/3374/939
f 940/3381/940 944/3382/944 945/3383/945 942/3384/942
f 936/2179/936 943/3385/943 945/3383/945 944/3382/944
f 943/3385/943 938/3375/938 939/3374/939 945/3383/945
f 939/3374/939 942/3377/942 945/3386/945
f 946/2173/946 949/3387/949 951/3388/951 950/3389/950
f 949/3387/949 953/3390/953 954/3391/954 951/3388/951
f 952/3395/952 956/3396/956 957/3397/957 954/3398/954
f 948/2146/948 955/3399/955 957/3397/957 956/3396/956
f 955/3399/955 950/3389/950 951/3388/951 957/3397/957
f 951/3388/951 954/3391/954 957/3400/957
f 958/240/958 961/3401/961 963/3402/963 962/3403/962
f 961/3401/961 965/3404/965 966/3405/966 963/3402/963
f 959/2147/959 964/3406/964 966/3405/966 965/3404/965
f 964/3406/964 968/3407/968 969/3408/969 966/3405/966
f 967/3412/967 962/3403/962 963/3402/963 969/3413/969
f 963/3402/963 966/3414/966 969/3413/969
f 970/241/970 973/3415/973 975/3416/975 974/3417/974
f 973/3415/973 977/3418/977 978/3419/978 975/3416/975
f 976/3423/976 980/3424/980 981/3425/981 978/3426/978
f 972/2172/972 979/3427/979 981/3425/981 980/3424/980
f 979/3427/979 974/3417/974 975/3416/975 981/3425/981
f 975/3416/975 978/3419/978 981/3428/981
f 982/340/982 985/3429/985 987/3430/987 986/3431/986
f 985/3429/985 989/3432/989 990/3433/990 987/3430/987
f 988/3437/988 992/3438/992 993/3439/993 990/3440/990
f 984/799/984 991/3441/991 993/3439/993 992/3438/992
f 991/3441/991 986/3431/986 987/3430/987 993/3439/993
f 987/3430/987 990/3433/990 993/3442/993
f 994/617/994 997/3443/997 999/3444/999 998/3445/998
f 997/3443/997 1001/3446/1001 1002/3447/1002 999/3444/999
f 1000/3451/1000 1004/3452/1004 1005/3453/1005 1002/3454/1002
f 996/2197/996 1003/3455/1003 1005/3453/1005 1004/3452/1004
f 1003/3455/1003 998/3445/998 999/3444/999 1005/3453/1005
f 999/3444/999 1002/3447/1002 1005/3456/1005
f 1010/616/1010 1013/3457/1013 1015/3458/1015 1014/3459/1014
f 1013/3457/1013 1017/3460/1017 1018/3461/1018 1015/3458/1015
f 1011/351/1011 1016/3462/1016 1018/3461/1018 1017/3460/1017
f 1016/3462/1016 1020/3463/1020 1021/3464/1021 1018/3461/1018
f 1019/3468/1019 1014/3459/1014 1015/3458/1015 1021/3469/1021
f 1015/3470/1015 1018/3461/1018 1021/3464/1021
f 1022/786/1022 1025/3471/1025 1027/3472/1027 1026/3473/1026
f 1025/3471/1025 1029/3474/1029 1030/3475/1030 1027/3472/1027
f 1028/3479/1028 1032/3480/1032 1033/3481/1033 1030/3482/1030
f 1024/232/1024 1031/3483/1031 1033/3481/1033 1032/3480/1032
f 1031/3483/1031 1026/3473/1026 1027/3472/1027 1033/3481/1033
f 1027/3472/1027 1030/3475/1030 1033/3484/1033
f 1034/785/1034 1037/3485/1037 1039/3486/1039 1038/3487/1038
f 1037/3485/1037 1041/3488/1041 1042/3489/1042 1039/3486/1039
f 1035/879/1035 1040/3490/1040 1042/3489/1042 1041/3488/1041
f 1040/3490/1040 1044/3491/1044 1045/3492/1045 1042/3489/1042
f 1043/3496/1043 1038/3487/1038 1039/3486/1039 1045/3497/1045
f 1039/3486/1039 1042/3498/1042 1045/3497/1045
f 1046/867/1046 1049/3499/1049 1051/3500/1051 1050/3501/1050
f 1049/3499/1049 1053/3502/1053 1054/3503/1054 1051/3500/1051
f 1052/3507/1052 1056/3508/1056 1057/3509/1057 1054/3510/1054
f 1048/228/1048 1055/3511/1055 1057/3509/1057 1056/3508/1056
f 1055/3511/1055 1050/3501/1050 1051/3500/1051 1057/3509/1057
f 1051/3500/1051 1054/3503/1054 1057/3512/1057
f 1058/866/1058 1061/3513/1061 1063/3514/1063 1062/3515/1062
f 1061/3513/1061 1065/3516/1065 1066/3517/1066 1063/3514/1063
f 1059/671/1059 1064/3518/1064 1066/3517/1066 1065/3516/1065
f 1064/3518/1064 1068/3519/1068 1069/3520/1069 1066/3517/1066
f 1067/3524/1067 1062/3515/1062 1063/3514/1063 1069/3525/1069
f 1063/3514/1063 1066/3526/1066 1069/3525/1069
f 1070/233/1070 1073/3527/1073 1075/3528/1075 1074/3529/1074
f 1073/3527/1073 1077/3530/1077 1078/3531/1078 1075/3528/1075
f 1076/3535/1076 1080/3536/1080 1081/3537/1081 1078/3538/1078
f 1072/878/1072 1079/3539/1079 1081/3537/1081 1080/3536/1080
f 1079/3539/1079 1074/3529/1074 1075/3528/1075 1081/3537/1081
f 1075/3528/1075 1078/3531/1078 1081/3540/1081
f 1082/604/1082 1085/3541/1085 1087/3542/1087 1086/3543/1086
f 1085/3541/1085 1089/3544/1089 1090/3545/1090 1087/3542/1087
f 1083/609/1083 1088/3546/1088 1090/3545/1090 1089/3544/1089
f 1088/3546/1088 1092/3547/1092 1093/3548/1093 1090/3545/1090
f 1091/3552/1091 1086/3543/1086 1087/3542/1087 1093/3553/1093
f 1087/3554/1087 1090/3545/1090 1093/3548/1093
f 1094/608/1094 1097/3555/1097 1099/3556/1099 1098/3557/1098
f 1097/3555/1097 1101/3558/1101 1102/3559/1102 1099/3556/1099
f 1095/69/1095 1100/3560/1100 1102/3559/1102 1101/3558/1101
f 1100/3560/1100 1104/3561/1104 1105/3562/1105 1102/3559/1102
f 1103/3566/1103 1098/3557/1098 1099/3556/1099 1105/3567/1105
f 1099/3556/1099 1102/3568/1102 1105/3567/1105
f 1106/3569/1106 1109/3570/1109 1111/3571/1111 1110/3572/1110
f 1109/3570/1109 1113/3573/1113 1114/3574/1114 1111/3571/1111
f 1107/804/1107 1112/3575/1112 1114/3574/1114 1113/3573/1113
f 1112/3575/1112 1116/3576/1116 1117/3577/1117 1114/3574/1114
f 1115/3581/1115 1110/3572/1110 1111/3571/1111 1117/3582/1117
f 1111/3583/1111 1114/3574/1114 1117/3577/1117
f 1122/237/1122 1125/3584/1125 1127/3585/1127 1126/3586/1126
f 1125/3584/1125 1129/3587/1129 1130/3588/1130 1127/3585/1127
f 1128/3592/1128 1132/3593/1132 1133/3594/1133 1130/3595/1130
f 1124/803/1124 1131/3596/1131 1133/3594/1133 1132/3593/1132
f 1131/3596/1131 1126/3586/1126 1127/3585/1127 1133/3594/1133
f 1127/3585/1127 1130/3588/1130 1133/3597/1133
f 1134/774/1134 1137/3598/1137 1139/3599/1139 1138/3600/1138
f 1137/3598/1137 1141/3601/1141 1142/3602/1142 1139/3599/1139
f 1140/3606/1140 1144/3607/1144 1145/3608/1145 1142/3609/1142
f 1136/224/1136 1143/3610/1143 1145/3608/1145 1144/3607/1144
f 1143/3610/1143 1138/3600/1138 1139/3599/1139 1145/3608/1145
f 1139/3599/1139 1142/3602/1142 1145/3611/1145
f 1146/773/1146 1149/3612/1149 1151/3613/1151 1150/3614/1150
f 1149/3612/1149 1153/3615/1153 1154/3616/1154 1151/3613/1151
f 1147/571/1147 1152/3617/1152 1154/3616/1154 1153/3615/1153
f 1152/3617/1152 1156/3618/1156 1157/3619/1157 1154/3616/1154
f 1155/3623/1155 1150/3614/1150 1151/3613/1151 1157/3624/1157
f 1151/3613/1151 1154/3625/1154 1157/3624/1157
f 1158/563/1158 1161/3626/1161 1163/3627/1163 1162/3628/1162
f 1161/3626/1161 1165/3629/1165 1166/3630/1166 1163/3627/1163
f 1159/488/1159 1164/3631/1164 1166/3630/1166 1165/3629/1165
f 1164/3631/1164 1168/3632/1168 1169/3633/1169 1166/3630/1166
f 1167/3637/1167 1162/3628/1162 1163/3627/1163 1169/3638/1169
f 1163/3627/1163 1166/3639/1166 1169/3638/1169
f 1170/564/1170 1173/3640/1173 1175/3641/1175 1174/3642/1174
f 1173/3640/1173 1177/3643/1177 1178/3644/1178 1175/3641/1175
f 1176/3648/1176 1180/3649/1180 1181/3650/1181 1178/3651/1178
f 1172/216/1172 1179/3652/1179 1181/3650/1181 1180/3649/1180
f 1179/3652/1179 1174/3642/1174 1175/3641/1175 1181/3650/1181
f 1175/3641/1175 1178/3644/1178 1181/3653/1181
f 1182/221/1182 1185/3654/1185 1187/3655/1187 1186/3656/1186
f 1185/3654/1185 1189/3657/1189 1190/3658/1190 1187/3655/1187
f 1188/3662/1188 1192/3663/1192 1193/3664/1193 1190/3665/1190
f 1184/64/1184 1191/3666/1191 1193/3664/1193 1192/3663/1192
f 1191/3666/1191 1186/3656/1186 1187/3655/1187 1193/3664/1193
f 1187/3655/1187 1190/3658/1190 1193/3667/1193
f 1194/8/1194 1197/3668/1197 1199/3669/1199 1198/3670/1198
f 1197/3668/1197 1201/3671/1201 1202/3672/1202 1199/3669/1199
f 1195/762/1195 1200/3673/1200 1202/3672/1202 1201/3671/1201
f 1200/3673/1200 1204/3674/1204 1205/3675/1205 1202/3672/1202
f 1203/3679/1203 1198/3670/1198 1199/3669/1199 1205/3680/1205
f 1199/3681/1199 1202/3672/1202 1205/3675/1205
f 1206/213/1206 1209/3682/1209 1211/3683/1211 1210/3684/1210
f 1209/3682/1209 1213/3685/1213 1214/3686/1214 1211/3683/1211
f 1212/3690/1212 1216/3691/1216 1217/3692/1217 1214/3693/1214
f 1208/522/1208 1215/3694/1215 1217/3692/1217 1216/3691/1216
f 1215/3694/1215 1210/3684/1210 1211/3683/1211 1217/3692/1217
f 1211/3683/1211 1214/3686/1214 1217/3695/1217
f 1218/225/1218 1221/3696/1221 1223/3697/1223 1222/3698/1222
f 1221/3696/1221 1225/3699/1225 1226/3700/1226 1223/3697/1223
f 1224/3704/1224 1228/3705/1228 1229/3706/1229 1226/3707/1226
f 1220/570/1220 1227/3708/1227 1229/3706/1229 1228/3705/1228
f 1227/3708/1227 1222/3698/1222 1223/3697/1223 1229/3706/1229
f 1223/3697/1223 1226/3700/1226 1229/3709/1229
f 1230/437/1230 1233/3710/1233 1235/3711/1235 1234/3712/1234
f 1233/3710/1233 1237/3713/1237 1238/3714/1238 1235/3711/1235
f 1236/3718/1236 1240/3719/1240 1241/3720/1241 1238/3721/1238
f 1232/761/1232 1239/3722/1239 1241/3720/1241 1240/3719/1240
f 1239/3722/1239 1234/3712/1234 1235/3711/1235 1241/3720/1241
f 1235/3711/1235 1238/3714/1238 1241/3723/1241
f 1242/9/1242 1245/3724/1245 1247/3725/1247 1246/3726/1246
f 1245/3724/1245 1249/3727/1249 1250/3728/1250 1247/3725/1247
f 1248/3732/1248 1252/3733/1252 1253/3734/1253 1250/3735/1250
f 1244/436/1244 1251/3736/1251 1253/3734/1253 1252/3733/1252
f 1251/3736/1251 1246/3726/1246 1247/3725/1247 1253/3734/1253
f 1247/3725/1247 1250/3728/1250 1253/3737/1253
f 1254/318/1254 1257/3738/1257 1259/3739/1259 1258/3740/1258
f 1257/3738/1257 1261/3741/1261 1262/3742/1262 1259/3739/1259
f 1260/3746/1260 1264/3747/1264 1265/3748/1265 1262/3749/1262
f 1256/792/1256 1263/3750/1263 1265/3748/1265 1264/3747/1264
f 1263/3750/1263 1258/3740/1258 1259/3739/1259 1265/3748/1265
f 1259/3739/1259 1262/3742/1262 1265/3751/1265
f 1270/939/1270 1273/3752/1273 1275/3753/1275 1274/3754/1274
f 1273/3752/1273 1277/3755/1277 1278/3756/1278 1275/3753/1275
f 1276/3760/1276 1280/3761/1280 1281/3762/1281 1278/3763/1278
f 1272/612/1272 1279/3764/1279 1281/3762/1281 1280/3761/1280
f 1279/3764/1279 1274/3754/1274 1275/3753/1275 1281/3762/1281
f 1275/3753/1275 1278/3756/1278 1281/3765/1281
f 1282/361/1282 1285/3766/1285 1287/3767/1287 1286/3768/1286
f 1285/3766/1285 1289/3769/1289 1290/3770/1290 1287/3767/1287
f 1283/523/1283 1288/3771/1288 1290/3770/1290 1289/3769/1289
f 1288/3771/1288 1292/3772/1292 1293/3773/1293 1290/3770/1290
f 1291/3777/1291 1286/3768/1286 1287/3767/1287 1293/3778/1293
f 1287/3779/1287 1290/3770/1290 1293/3773/1293
f 1294/212/1294 1297/3780/1297 1299/3781/1299 1298/3782/1298
f 1297/3780/1297 1301/3783/1301 1302/3784/1302 1299/3781/1299
f 1295/362/1295 1300/3785/1300 1302/3784/1302 1301/3783/1301
f 1300/3785/1300 1304/3786/1304 1305/3787/1305 1302/3784/1302
f 1303/3791/1303 1298/3782/1298 1299/3781/1299 1305/3792/1305
f 1299/3793/1299 1302/3784/1302 1305/3787/1305
f 1310/205/1310 1313/3794/1313 1315/3795/1315 1314/3796/1314
f 1313/3794/1313 1317/3797/1317 1318/3798/1318 1315/3795/1315
f 1316/3802/1316 1320/3803/1320 1321/3804/1321 1318/3805/1318
f 1312/931/1312 1319/3806/1319 1321/3804/1321 1320/3803/1320
f 1319/3806/1319 1314/3796/1314 1315/3795/1315 1321/3804/1321
f 1315/3795/1315 1318/3798/1318 1321/3807/1321
f 1322/400/1322 1325/3808/1325 1327/3809/1327 1326/3810/1326
f 1325/3808/1325 1329/3811/1329 1330/3812/1330 1327/3809/1327
f 1323/932/1323 1328/3813/1328 1330/3812/1330 1329/3811/1329
f 1328/3813/1328 1332/3814/1332 1333/3815/1333 1330/3812/1330
f 1331/3819/1331 1326/3810/1326 1327/3809/1327 1333/3820/1333
f 1327/3809/1327 1330/3821/1330 1333/3820/1333
f 1334/401/1334 1337/3822/1337 1339/3823/1339 1338/3824/1338
f 1337/3822/1337 1341/3825/1341 1342/3826/1342 1339/3823/1339
f 1340/3830/1340 1344/3831/1344 1345/3832/1345 1342/3833/1342
f 1336/204/1336 1343/3834/1343 1345/3832/1345 1344/3831/1344
f 1343/3834/1343 1338/3824/1338 1339/3823/1339 1345/3832/1345
f 1339/3823/1339 1342/3826/1342 1345/3835/1345
f 1346/938/1346 1349/3836/1349 1351/3837/1351 1350/3838/1350
f 1349/3836/1349 1353/3839/1353 1354/3840/1354 1351/3837/1351
f 1347/209/1347 1352/3841/1352 1354/3840/1354 1353/3839/1353
f 1352/3841/1352 1356/3842/1356 1357/3843/1357 1354/3840/1354
f 1355/3847/1355 1350/3838/1350 1351/3837/1351 1357/3848/1357
f 1351/3837/1351 1354/3849/1354 1357/3848/1357
f 1358/200/1358 1361/3850/1361 1363/3851/1363 1362/3852/1362
f 1361/3850/1361 1365/3853/1365 1366/3854/1366 1363/3851/1363
f 1359/755/1359 1364/3855/1364 1366/3854/1366 1365/3853/1365
f 1364/3855/1364 1368/3856/1368 1369/3857/1369 1366/3854/1366
f 1367/3861/1367 1362/3852/1362 1363/3851/1363 1369/3862/1369
f 1363/3851/1363 1366/3863/1366 1369/3862/1369
f 1370/181/1370 1373/3864/1373 1375/3865/1375 1374/3866/1374
f 1373/3864/1373 1377/3867/1377 1378/3868/1378 1375/3865/1375
f 1376/3872/1376 1380/3873/1380 1381/3874/1381 1378/3875/1378
f 1372/754/1372 1379/3876/1379 1381/3874/1381 1380/3873/1380
f 1379/3876/1379 1374/3866/1374 1375/3865/1375 1381/3874/1381
f 1375/3865/1375 1378/3868/1378 1381/3877/1381
f 1382/328/1382 1385/3878/1385 1387/3879/1387 1386/3880/1386
f 1385/3878/1385 1389/3881/1389 1390/3882/1390 1387/3879/1387
f 1388/3886/1388 1392/3887/1392 1393/3888/1393 1390/3889/1390
f 1384/2165/1384 1391/3890/1391 1393/3888/1393 1392/3887/1392
f 1391/3890/1391 1386/3880/1386 1387/3879/1387 1393/3888/1393
f 1387/3879/1387 1390/3882/1390 1393/3891/1393
f 1394/192/1394 1397/3892/1397 1399/3893/1399 1398/3894/1398
f 1397/3892/1397 1401/3895/1401 1402/3896/1402 1399/3893/1399
f 1395/17/1395 1400/3897/1400 1402/3896/1402 1401/3895/1401
f 1400/3897/1400 1404/3898/1404 1405/3899/1405 1402/3896/1402
f 1403/3903/1403 1398/3894/1398 1399/3893/1399 1405/3904/1405
f 1399/3905/1399 1402/3896/1402 1405/3899/1405
f 1406/284/1406 1409/3906/1409 1411/3907/1411 1410/3908/1410
f 1409/3906/1409 1413/3909/1413 1414/3910/1414 1411/3907/1411
f 1407/193/1407 1412/3911/1412 1414/3910/1414 1413/3909/1413
f 1412/3911/1412 1416/3912/1416 1417/3913/1417 1414/3910/1414
f 1415/3917/1415 1410/3908/1410 1411/3907/1411 1417/3918/1417
f 1411/3919/1411 1414/3910/1414 1417/3913/1417
f 1418/285/1418 1421/3920/1421 1423/3921/1423 1422/3922/1422
f 1421/3920/1421 1425/3923/1425 1426/3924/1426 1423/3921/1423
f 1424/3928/1424 1428/3929/1428 1429/3930/1429 1426/3931/1426
f 1420/16/1420 1427/3932/1427 1429/3930/1429 1428/3929/1428
f 1427/3932/1427 1422/3922/1422 1423/3921/1423 1429/3930/1429
f 1423/3921/1423 1426/3924/1426 1429/3933/1429
f 1430/369/1430 1433/3934/1433 1435/3935/1435 1434/3936/1434
f 1433/3934/1433 1437/3937/1437 1438/3938/1438 1435/3935/1435
f 1436/3942/1436 1440/3943/1440 1441/3944/1441 1438/3945/1438
f 1432/480/1432 1439/3946/1439 1441/3944/1441 1440/3943/1440
f 1439/3946/1439 1434/3936/1434 1435/3935/1435 1441/3944/1441
f 1435/3935/1435 1438/3938/1438 1441/3947/1441
f 1442/743/1442 1445/3948/1445 1447/3949/1447 1446/3950/1446
f 1445/3948/1445 1449/3951/1449 1450/3952/1450 1447/3949/1447
f 1443/2166/1443 1448/3953/1448 1450/3952/1450 1449/3951/1449
f 1448/3953/1448 1452/3954/1452 1453/3955/1453 1450/3952/1450
f 1451/3959/1451 1446/3950/1446 1447/3949/1447 1453/3960/1453
f 1447/3961/1447 1450/3952/1450 1453/3955/1453
f 1454/2162/1454 1457/3962/1457 1459/3963/1459 1458/3964/1458
f 1457/3962/1457 1461/3965/1461 1462/3966/1462 1459/3963/1459
f 1460/3970/1460 1464/3971/1464 1465/3972/1465 1462/3973/1462
f 1456/2218/1456 1463/3974/1463 1465/3972/1465 1464/3971/1464
f 1463/3974/1463 1458/3964/1458 1459/3963/1459 1465/3972/1465
f 1459/3963/1459 1462/3966/1462 1465/3975/1465
f 1466/327/1466 1469/3976/1469 1471/3977/1471 1470/3978/1470
f 1469/3976/1469 1473/3979/1473 1474/3980/1474 1471/3977/1471
f 1467/744/1467 1472/3981/1472 1474/3980/1474 1473/3979/1473
f 1472/3981/1472 1476/3982/1476 1477/3983/1477 1474/3980/1474
f 1475/3987/1475 1470/3978/1470 1471/3977/1471 1477/3988/1477
f 1471/3977/1471 1474/3989/1474 1477/3988/1477
f 1478/184/1478 1481/3990/1481 1483/3991/1483 1482/3992/1482
f 1481/3990/1481 1485/3993/1485 1486/3994/1486 1483/3991/1483
f 1479/2219/1479 1484/3995/1484 1486/3994/1486 1485/3993/1485
f 1484/3995/1484 1488/3996/1488 1489/3997/1489 1486/3994/1486
f 1487/4001/1487 1482/3992/1482 1483/3991/1483 1489/4002/1489
f 1483/3991/1483 1486/4003/1486 1489/4002/1489
f 1494/920/1494 1497/4004/1497 1499/4005/1499 1498/4006/1498
f 1497/4004/1497 1501/4007/1501 1502/4008/1502 1499/4005/1499
f 1495/2191/1495 1500/4009/1500 1502/4008/1502 1501/4007/1501
f 1500/4009/1500 1504/4010/1504 1505/4011/1505 1502/4008/1502
f 1503/4015/1503 1498/4006/1498 1499/4005/1499 1505/4016/1505
f 1499/4017/1499 1502/4008/1502 1505/4011/1505
f 1506/921/1506 1509/4018/1509 1511/4019/1511 1510/4020/1510
f 1509/4018/1509 1513/4021/1513 1514/4022/1514 1511/4019/1511
f 1512/4026/1512 1516/4027/1516 1517/4028/1517 1514/4029/1514
f 1508/750/1508 1515/4030/1515 1517/4028/1517 1516/4027/1516
f 1515/4030/1515 1510/4020/1510 1511/4019/1511 1517/4028/1517
f 1511/4019/1511 1514/4022/1514 1517/4031/1517
f 1518/2161/1518 1521/4032/1521 1523/4033/1523 1522/4034/1522
f 1521/4032/1521 1525/4035/1525 1526/4036/1526 1523/4033/1523
f 1519/185/1519 1524/4037/1524 1526/4036/1526 1525/4035/1525
f 1524/4037/1524 1528/4038/1528 1529/4039/1529 1526/4036/1526
f 1527/4043/1527 1522/4034/1522 1523/4033/1523 1529/4044/1529
f 1523/4045/1523 1526/4036/1526 1529/4039/1529
f 1530/2132/1530 1533/4046/1533 1535/4047/1535 1534/4048/1534
f 1533/4046/1533 1537/4049/1537 1538/4050/1538 1535/4047/1535
f 1531/736/1531 1536/4051/1536 1538/4050/1538 1537/4049/1537
f 1536/4051/1536 1540/4052/1540 1541/4053/1541 1538/4050/1538
f 1539/4057/1539 1534/4048/1534 1535/4047/1535 1541/4058/1541
f 1535/4047/1535 1538/4059/1538 1541/4058/1541
f 1542/735/1542 1545/4060/1545 1547/4061/1547 1546/4062/1546
f 1545/4060/1545 1549/4063/1549 1550/4064/1550 1547/4061/1547
f 1543/21/1543 1548/4065/1548 1550/4064/1550 1549/4063/1549
f 1548/4065/1548 1552/4066/1552 1553/4067/1553 1550/4064/1550
f 1551/4071/1551 1546/4062/1546 1547/4061/1547 1553/4072/1553
f 1547/4061/1547 1550/4073/1550 1553/4072/1553
f 1554/196/1554 1557/4074/1557 1559/4075/1559 1558/4076/1558
f 1557/4074/1557 1561/4077/1561 1562/4078/1562 1559/4075/1559
f 1555/898/1555 1560/4079/1560 1562/4078/1562 1561/4077/1561
f 1560/4079/1560 1564/4080/1564 1565/4081/1565 1562/4078/1562
f 1563/4085/1563 1558/4076/1558 1559/4075/1559 1565/4086/1565
f 1559/4087/1559 1562/4078/1562 1565/4081/1565
f 1570/189/1570 1573/4088/1573 1575/4089/1575 1574/4090/1574
f 1573/4088/1573 1577/4091/1577 1578/4092/1578 1575/4089/1575
f 1576/4096/1576 1580/4097/1580 1581/4098/1581 1578/4099/1578
f 1572/897/1572 1579/4100/1579 1581/4098/1581 1580/4097/1580
f 1579/4100/1579 1574/4090/1574 1575/4089/1575 1581/4098/1581
f 1575/4089/1575 1578/4092/1578 1581/4101/1581
f 1582/913/1582 1585/4102/1585 1587/4103/1587 1586/4104/1586
f 1585/4102/1585 1589/4105/1589 1590/4106/1590 1587/4103/1587
f 1588/4110/1588 1592/4111/1592 1593/4112/1593 1590/4113/1590
f 1584/176/1584 1591/4114/1591 1593/4112/1593 1592/4111/1592
f 1591/4114/1591 1586/4104/1586 1587/4103/1587 1593/4112/1593
f 1587/4103/1587 1590/4106/1590 1593/4115/1593
f 1594/912/1594 1597/4116/1597 1599/4117/1599 1598/4118/1598
f 1597/4116/1597 1601/4119/1601 1602/4120/1602 1599/4117/1599
f 1595/689/1595 1600/4121/1600 1602/4120/1602 1601/4119/1601
f 1600/4121/1600 1604/4122/1604 1605/4123/1605 1602/4120/1602
f 1603/4127/1603 1598/4118/1598 1599/4117/1599 1605/4128/1605
f 1599/4117/1599 1602/4129/1602 1605/4128/1605
f 1606/696/1606 1609/4130/1609 1611/4131/1611 1610/4132/1610
f 1609/4130/1609 1613/4133/1613 1614/4134/1614 1611/4131/1611
f 1607/169/1607 1612/4135/1612 1614/4134/1614 1613/4133/1613
f 1612/4135/1612 1616/4136/1616 1617/4137/1617 1614/4134/1614
f 1615/4141/1615 1610/4132/1610 1611/4131/1611 1617/4142/1617
f 1611/4143/1611 1614/4134/1614 1617/4137/1617
f 1618/697/1618 1621/4144/1621 1623/4145/1623 1622/4146/1622
f 1621/4144/1621 1625/4147/1625 1626/4148/1626 1623/4145/1623
f 1624/4152/1624 1628/4153/1628 1629/4154/1629 1626/4155/1626
f 1620/537/1620 1627/4156/1627 1629/4154/1629 1628/4153/1628
f 1627/4156/1627 1622/4146/1622 1623/4145/1623 1629/4154/1629
f 1623/4145/1623 1626/4148/1626 1629/4157/1629
f 1630/688/1630 1633/4158/1633 1635/4159/1635 1634/4160/1634
f 1633/4158/1633 1637/4161/1637 1638/4162/1638 1635/4159/1635
f 1631/177/1631 1636/4163/1636 1638/4162/1638 1637/4161/1637
f 1636/4163/1636 1640/4164/1640 1641/4165/1641 1638/4162/1638
f 1639/4169/1639 1634/4160/1634 1635/4159/1635 1641/4170/1641
f 1635/4171/1635 1638/4162/1638 1641/4165/1641
f 1642/727/1642 1645/4172/1645 1647/4173/1647 1646/4174/1646
f 1645/4172/1645 1649/4175/1649 1650/4176/1650 1647/4173/1647
f 1648/4180/1648 1652/4181/1652 1653/4182/1653 1650/4183/1650
f 1644/889/1644 1651/4184/1651 1653/4182/1653 1652/4181/1652
f 1651/4184/1651 1646/4174/1646 1647/4173/1647 1653/4182/1653
f 1647/4173/1647 1650/4176/1650 1653/4185/1653
f 1654/726/1654 1657/4186/1657 1659/4187/1659 1658/4188/1658
f 1657/4186/1657 1661/4189/1661 1662/4190/1662 1659/4187/1659
f 1655/25/1655 1660/4191/1660 1662/4190/1662 1661/4189/1661
f 1660/4191/1660 1664/4192/1664 1665/4193/1665 1662/4190/1662
f 1663/4197/1663 1658/4188/1658 1659/4187/1659 1665/4198/1665
f 1659/4199/1659 1662/4190/1662 1665/4193/1665
f 1666/624/1666 1669/4200/1669 1671/4201/1671 1670/4202/1670
f 1669/4200/1669 1673/4203/1673 1674/4204/1674 1671/4201/1671
f 1672/4208/1672 1676/4209/1676 1677/4210/1677 1674/4211/1674
f 1668/833/1668 1675/4212/1675 1677/4210/1677 1676/4209/1676
f 1675/4212/1675 1670/4202/1670 1671/4201/1671 1677/4210/1677
f 1671/4201/1671 1674/4204/1674 1677/4213/1677
f 1682/173/1682 1685/4214/1685 1687/4215/1687 1686/4216/1686
f 1685/4214/1685 1689/4217/1689 1690/4218/1690 1687/4215/1687
f 1688/4222/1688 1692/4223/1692 1693/4224/1693 1690/4225/1690
f 1684/623/1684 1691/4226/1691 1693/4224/1693 1692/4223/1692
f 1691/4226/1691 1686/4216/1686 1687/4215/1687 1693/4224/1693
f 1687/4215/1687 1690/4218/1690 1693/4227/1693
f 1694/376/1694 1697/4228/1697 1699/4229/1699 1698/4230/1698
f 1697/4228/1697 1701/4231/1701 1702/4232/1702 1699/4229/1699
f 1700/4236/1700 1704/4237/1704 1705/4238/1705 1702/4239/1702
f 1696/631/1696 1703/4240/1703 1705/4238/1705 1704/4237/1704
f 1703/4240/1703 1698/4230/1698 1699/4229/1699 1705/4238/1705
f 1699/4229/1699 1702/4232/1702 1705/4241/1705
f 1706/161/1706 1709/4242/1709 1711/4243/1711 1710/4244/1710
f 1709/4242/1709 1713/4245/1713 1714/4246/1714 1711/4243/1711
f 1712/4250/1712 1716/4251/1716 1717/4252/1717 1714/4253/1714
f 1708/901/1708 1715/4254/1715 1717/4252/1717 1716/4251/1716
f 1715/4254/1715 1710/4244/1710 1711/4243/1711 1717/4252/1717
f 1711/4243/1711 1714/4246/1714 1717/4255/1717
f 1718/497/1718 1721/4256/1721 1723/4257/1723 1722/4258/1722
f 1721/4256/1721 1725/4259/1725 1726/4260/1726 1723/4257/1723
f 1724/4264/1724 1728/4265/1728 1729/4266/1729 1726/4267/1726
f 1720/577/1720 1727/4268/1727 1729/4266/1729 1728/4265/1728
f 1727/4268/1727 1722/4258/1722 1723/4257/1723 1729/4266/1729
f 1723/4257/1723 1726/4260/1726 1729/4269/1729
f 1730/411/1730 1733/4270/1733 1735/4271/1735 1734/4272/1734
f 1733/4270/1733 1737/4273/1737 1738/4274/1738 1735/4271/1735
f 1731/902/1731 1736/4275/1736 1738/4274/1738 1737/4273/1737
f 1736/4275/1736 1740/4276/1740 1741/4277/1741 1738/4274/1738
f 1739/4281/1739 1734/4272/1734 1735/4271/1735 1741/4282/1741
f 1735/4271/1735 1738/4283/1738 1741/4282/1741
f 1742/412/1742 1745/4284/1745 1747/4285/1747 1746/4286/1746
f 1745/4284/1745 1749/4287/1749 1750/4288/1750 1747/4285/1747
f 1748/4292/1748 1752/4293/1752 1753/4294/1753 1750/4295/1750
f 1744/160/1744 1751/4296/1751 1753/4294/1753 1752/4293/1752
f 1751/4296/1751 1746/4286/1746 1747/4285/1747 1753/4294/1753
f 1747/4285/1747 1750/4288/1750 1753/4297/1753
f 1758/156/1758 1761/4298/1761 1763/4299/1763 1762/4300/1762
f 1761/4298/1761 1765/4301/1765 1766/4302/1766 1763/4299/1763
f 1759/894/1759 1764/4303/1764 1766/4302/1766 1765/4301/1765
f 1764/4303/1764 1768/4304/1768 1769/4305/1769 1766/4302/1766
f 1767/4309/1767 1762/4300/1762 1763/4299/1763 1769/4310/1769
f 1763/4299/1763 1766/4311/1766 1769/4310/1769
f 1773/4315/1773 1777/4316/1777 1778/4317/1778 1775/4318/1775
f 1771/454/1771 1776/4319/1776 1778/4317/1778 1777/4316/1777
f 1776/4319/1776 1780/4320/1780 1781/4321/1781 1778/4317/1778
f 1772/157/1772 1779/4322/1779 1781/4321/1781 1780/4320/1780
f 1779/4322/1779 1774/4323/1774 1775/4324/1775 1781/4321/1781
f 1775/4318/1775 1778/4317/1778 1781/4325/1781
f 1785/4329/1785 1789/4330/1789 1790/4331/1790 1787/4332/1787
f 1783/893/1783 1788/4333/1788 1790/4331/1790 1789/4330/1789
f 1788/4333/1788 1792/4334/1792 1793/4335/1793 1790/4331/1790
f 1784/455/1784 1791/4336/1791 1793/4335/1793 1792/4334/1792
f 1791/4336/1791 1786/4337/1786 1787/4338/1787 1793/4335/1793
f 1787/4332/1787 1790/4331/1790 1793/4339/1793
f 1794/165/1794 1797/4340/1797 1799/4341/1799 1798/4342/1798
f 1797/4340/1797 1801/4343/1801 1802/4344/1802 1799/4341/1799
f 1800/4348/1800 1804/4349/1804 1805/4350/1805 1802/4351/1802
f 1796/496/1796 1803/4352/1803 1805/4350/1805 1804/4349/1804
f 1803/4352/1803 1798/4342/1798 1799/4341/1799 1805/4350/1805
f 1799/4341/1799 1802/4344/1802 1805/4353/1805
f 1806/152/1806 1809/4354/1809 1811/4355/1811 1810/4356/1810
f 1809/4354/1809 1813/4357/1813 1814/4358/1814 1811/4355/1811
f 1807/716/1807 1812/4359/1812 1814/4358/1814 1813/4357/1813
f 1812/4359/1812 1816/4360/1816 1817/4361/1817 1814/4358/1814
f 1815/4365/1815 1810/4356/1810 1811/4355/1811 1817/4366/1817
f 1811/4355/1811 1814/4367/1814 1817/4366/1817
f 1818/2155/1818 1821/4368/1821 1823/4369/1823 1822/4370/1822
f 1821/4368/1821 1825/4371/1825 1826/4372/1826 1823/4369/1823
f 1824/4376/1824 1828/4377/1828 1829/4378/1829 1826/4379/1826
f 1820/715/1820 1827/4380/1827 1829/4378/1829 1828/4377/1828
f 1827/4380/1827 1822/4370/1822 1823/4369/1823 1829/4378/1829
f 1823/4369/1823 1826/4372/1826 1829/4381/1829
f 1830/387/1830 1833/4382/1833 1835/4383/1835 1834/4384/1834
f 1833/4382/1833 1837/4385/1837 1838/4386/1838 1835/4383/1835
f 1836/4390/1836 1840/4391/1840 1841/4392/1841 1838/4393/1838
f 1832/541/1832 1839/4394/1839 1841/4392/1841 1840/4391/1840
f 1839/4394/1839 1834/4384/1834 1835/4383/1835 1841/4392/1841
f 1835/4383/1835 1838/4386/1838 1841/4395/1841
f 1842/386/1842 1845/4396/1845 1847/4397/1847 1846/4398/1846
f 1845/4396/1845 1849/4399/1849 1850/4400/1850 1847/4397/1847
f 1843/33/1843 1848/4401/1848 1850/4400/1850 1849/4399/1849
f 1848/4401/1848 1852/4402/1852 1853/4403/1853 1850/4400/1850
f 1851/4407/1851 1846/4398/1846 1847/4397/1847 1853/4408/1853
f 1847/4409/1847 1850/4400/1850 1853/4403/1853
f 1854/332/1854 1857/4410/1857 1859/4411/1859 1858/4412/1858
f 1857/4410/1857 1861/4413/1861 1862/4414/1862 1859/4411/1859
f 1860/4418/1860 1864/4419/1864 1865/4420/1865 1862/4421/1862
f 1856/2125/1856 1863/4422/1863 1865/4420/1865 1864/4419/1864
f 1863/4422/1863 1858/4412/1858 1859/4411/1859 1865/4420/1865
f 1859/4411/1859 1862/4414/1862 1865/4423/1865
f 1870/144/1870 1873/4424/1873 1875/4425/1875 1874/4426/1874
f 1873/4424/1873 1877/4427/1877 1878/4428/1878 1875/4425/1875
f 1871/883/1871 1876/4429/1876 1878/4428/1878 1877/4427/1877
f 1876/4429/1876 1880/4430/1880 1881/4431/1881 1878/4428/1878
f 1879/4435/1879 1874/4426/1874 1875/4425/1875 1881/4436/1881
f 1875/4425/1875 1878/4437/1878 1881/4436/1881
f 1885/4441/1885 1889/4442/1889 1890/4443/1890 1887/4444/1887
f 1883/291/1883 1888/4445/1888 1890/4443/1890 1889/4442/1889
f 1888/4445/1888 1892/4446/1892 1893/4447/1893 1890/4443/1890
f 1884/145/1884 1891/4448/1891 1893/4447/1893 1892/4446/1892
f 1891/4448/1891 1886/4449/1886 1887/4450/1887 1893/4447/1893
f 1887/4444/1887 1890/4443/1890 1893/4451/1893
f 1897/4455/1897 1901/4456/1901 1902/4457/1902 1899/4458/1899
f 1895/882/1895 1900/4459/1900 1902/4457/1902 1901/4456/1901
f 1900/4459/1900 1904/4460/1904 1905/4461/1905 1902/4457/1902
f 1896/292/1896 1903/4462/1903 1905/4461/1905 1904/4460/1904
f 1903/4462/1903 1898/4463/1898 1899/4464/1899 1905/4461/1905
f 1899/4458/1899 1902/4457/1902 1905/4465/1905
f 1906/408/1906 1909/4466/1909 1911/4467/1911 1910/4468/1910
f 1909/4466/1909 1913/4469/1913 1914/4470/1914 1911/4467/1911
f 1912/4474/1912 1916/4475/1916 1917/4476/1917 1914/4477/1914
f 1908/331/1908 1915/4478/1915 1917/4476/1917 1916/4475/1916
f 1915/4478/1915 1910/4468/1910 1911/4467/1911 1917/4476/1917
f 1911/4467/1911 1914/4470/1914 1917/4479/1917
f 1918/849/1918 1921/4480/1921 1923/4481/1923 1922/4482/1922
f 1921/4480/1921 1925/4483/1925 1926/4484/1926 1923/4481/1923
f 1924/4488/1924 1928/4489/1928 1929/4490/1929 1926/4491/1926
f 1920/2150/1920 1927/4492/1927 1929/4490/1929 1928/4489/1928
f 1927/4492/1927 1922/4482/1922 1923/4481/1923 1929/4490/1929
f 1923/4481/1923 1926/4484/1926 1929/4493/1929
f 1930/701/1930 1933/4494/1933 1935/4495/1935 1934/4496/1934
f 1933/4494/1933 1937/4497/1937 1938/4498/1938 1935/4495/1935
f 1936/4502/1936 1940/4503/1940 1941/4504/1941 1938/4505/1938
f 1932/2183/1932 1939/4506/1939 1941/4504/1941 1940/4503/1940
f 1939/4506/1939 1934/4496/1934 1935/4495/1935 1941/4504/1941
f 1935/4495/1935 1938/4498/1938 1941/4507/1941
f 1942/148/1942 1945/4508/1945 1947/4509/1947 1946/4510/1946
f 1945/4508/1945 1949/4511/1949 1950/4512/1950 1947/4509/1947
f 1943/141/1943 1948/4513/1948 1950/4512/1950 1949/4511/1949
f 1948/4513/1948 1952/4514/1952 1953/4515/1953 1950/4512/1950
f 1951/4519/1951 1946/4510/1946 1947/4509/1947 1953/4520/1953
f 1947/4509/1947 1950/4521/1950 1953/4520/1953
f 1954/916/1954 1957/4522/1957 1959/4523/1959 1958/4524/1958
f 1957/4522/1957 1961/4525/1961 1962/4526/1962 1959/4523/1959
f 1955/2184/1955 1960/4527/1960 1962/4526/1962 1961/4525/1961
f 1960/4527/1960 1964/4528/1964 1965/4529/1965 1962/4526/1962
f 1963/4533/1963 1958/4524/1958 1959/4523/1959 1965/4534/1965
f 1959/4523/1959 1962/4535/1962 1965/4534/1965
f 1966/917/1966 1969/4536/1969 1971/4537/1971 1970/4538/1970
f 1969/4536/1969 1973/4539/1973 1974/4540/1974 1971/4537/1971
f 1972/4544/1972 1976/4545/1976 1977/4546/1977 1974/4547/1974
f 1968/700/1968 1975/4548/1975 1977/4546/1977 1976/4545/1976
f 1975/4548/1975 1970/4538/1970 1971/4537/1971 1977/4546/1977
f 1971/4537/1971 1974/4540/1974 1977/4549/1977
f 1982/874/1982 1985/4550/1985 1987/4551/1987 1986/4552/1986
f 1985/4550/1985 1989/4553/1989 1990/4554/1990 1987/4551/1987
f 1983/2207/1983 1988/4555/1988 1990/4554/1990 1989/4553/1989
f 1988/4555/1988 1992/4556/1992 1993/4557/1993 1990/4554/1990
f 1991/4561/1991 1986/4552/1986 1987/4551/1987 1993/4562/1993
f 1987/4551/1987 1990/4563/1990 1993/4562/1993
f 1997/4567/1997 2001/4568/2001 2002/4569/2002 1999/4570/1999
f 1995/132/1995 2000/4571/2000 2002/4569/2002 2001/4568/2001
f 2000/4571/2000 2004/4572/2004 2005/4573/2005 2002/4569/2002
f 1996/875/1996 2003/4574/2003 2005/4573/2005 2004/4572/2004
f 2003/4574/2003 1998/4575/1998 1999/4576/1999 2005/4573/2005
f 1999/4570/1999 2002/4569/2002 2005/4577/2005
f 2009/4581/2009 2013/4582/2013 2014/4583/2014 2011/4584/2011
f 2007/2206/2007 2012/4585/2012 2014/4583/2014 2013/4582/2013
f 2012/4585/2012 2016/4586/2016 2017/4587/2017 2014/4583/2014
f 2008/133/2008 2015/4588/2015 2017/4587/2017 2016/4586/2016
f 2015/4588/2015 2010/4589/2010 2011/4590/2011 2017/4587/2017
f 2011/4584/2011 2014/4583/2014 2017/4591/2017
f 2018/140/2018 2021/4592/2021 2023/4593/2023 2022/4594/2022
f 2021/4592/2021 2025/4595/2025 2026/4596/2026 2023/4593/2023
f 2019/137/2019 2024/4597/2024 2026/4596/2026 2025/4595/2025
f 2024/4597/2024 2028/4598/2028 2029/4599/2029 2026/4596/2026
f 2027/4603/2027 2022/4594/2022 2023/4593/2023 2029/4604/2029
f 2023/4605/2023 2026/4596/2026 2029/4599/2029
f 2030/693/2030 2033/4606/2033 2035/4607/2035 2034/4608/2034
f 2033/4606/2033 2037/4609/2037 2038/4610/2038 2035/4607/2035
f 2036/4614/2036 2040/4615/2040 2041/4616/2041 2038/4617/2038
f 2032/590/2032 2039/4618/2039 2041/4616/2041 2040/4615/2040
f 2039/4618/2039 2034/4608/2034 2035/4607/2035 2041/4616/2041
f 2035/4607/2035 2038/4610/2038 2041/4619/2041
f 2042/692/2042 2045/4620/2045 2047/4621/2047 2046/4622/2046
f 2045/4620/2045 2049/4623/2049 2050/4624/2050 2047/4621/2047
f 2043/129/2043 2048/4625/2048 2050/4624/2050 2049/4623/2049
f 2048/4625/2048 2052/4626/2052 2053/4627/2053 2050/4624/2050
f 2051/4631/2051 2046/4622/2046 2047/4621/2047 2053/4632/2053
f 2047/4633/2047 2050/4624/2050 2053/4627/2053
f 2054/871/2054 2057/4634/2057 2059/4635/2059 2058/4636/2058
f 2057/4634/2057 2061/4637/2061 2062/4638/2062 2059/4635/2059
f 2060/4642/2060 2064/4643/2064 2065/4644/2065 2062/4645/2062
f 2056/36/2056 2063/4646/2063 2065/4644/2065 2064/4643/2064
f 2063/4646/2063 2058/4636/2058 2059/4635/2059 2065/4644/2065
f 2059/4635/2059 2062/4638/2062 2065/4647/2065
f 2066/41/2066 2069/4648/2069 2071/4649/2071 2070/4650/2070
f 2069/4648/2069 2073/4651/2073 2074/4652/2074 2071/4649/2071
f 2072/4656/2072 2076/4657/2076 2077/4658/2077 2074/4659/2074
f 2068/870/2068 2075/4660/2075 2077/4658/2077 2076/4657/2076
f 2075/4660/2075 2070/4650/2070 2071/4649/2071 2077/4658/2077
f 2071/4649/2071 2074/4652/2074 2077/4661/2077
f 2078/782/2078 2081/4662/2081 2083/4663/2083 2082/4664/2082
f 2081/4662/2081 2085/4665/2085 2086/4666/2086 2083/4663/2083
f 2084/4670/2084 2088/4671/2088 2089/4672/2089 2086/4673/2086
f 2080/908/2080 2087/4674/2087 2089/4672/2089 2088/4671/2088
f 2087/4674/2087 2082/4664/2082 2083/4663/2083 2089/4672/2089
f 2083/4663/2083 2086/4666/2086 2089/4675/2089
f 2094/121/2094 2097/4676/2097 2099/4677/2099 2098/4678/2098
f 2097/4676/2097 2101/4679/2101 2102/4680/2102 2099/4677/2099
f 2100/4684/2100 2104/4685/2104 2105/4686/2105 2102/4687/2102
f 2096/862/2096 2103/4688/2103 2105/4686/2105 2104/4685/2104
f 2103/4688/2103 2098/4678/2098 2099/4677/2099 2105/4686/2105
f 2099/4677/2099 2102/4680/2102 2105/4689/2105
f 2109/4693/2109 2113/4694/2113 2114/4695/2114 2111/4696/2111
f 2107/711/2107 2112/4697/2112 2114/4695/2114 2113/4694/2113
f 2112/4697/2112 2116/4698/2116 2117/4699/2117 2114/4695/2114
f 2108/863/2108 2115/4700/2115 2117/4699/2117 2116/4698/2116
f 2115/4700/2115 2110/4701/2110 2111/4702/2111 2117/4699/2117
f 2111/4696/2111 2114/4695/2114 2117/4703/2117
f 2121/4707/2121 2125/4708/2125 2126/4709/2126 2123/4710/2123
f 2119/120/2119 2124/4711/2124 2126/4709/2126 2125/4708/2125
f 2124/4711/2124 2128/4712/2128 2129/4713/2129 2126/4709/2126
f 2120/712/2120 2127/4714/2127 2129/4713/2129 2128/4712/2128
f 2127/4714/2127 2122/4715/2122 2123/4716/2123 2129/4713/2129
f 2123/4710/2123 2126/4709/2126 2129/4717/2129
f 2130/781/2130 2133/4718/2133 2135/4719/2135 2134/4720/2134
f 2133/4718/2133 2137/4721/2137 2138/4722/2138 2135/4719/2135
f 2131/125/2131 2136/4723/2136 2138/4722/2138 2137/4721/2137
f 2136/4723/2136 2140/4724/2140 2141/4725/2141 2138/4722/2138
f 2139/4729/2139 2134/4720/2134 2135/4719/2135 2141/4730/2141
f 2135/4731/2135 2138/4722/2138 2141/4725/2141
f 2142/112/2142 2145/4732/2145 2147/4733/2147 2146/4734/2146
f 2145/4732/2145 2149/4735/2149 2150/4736/2150 2147/4733/2147
f 2143/685/2143 2148/4737/2148 2150/4736/2150 2149/4735/2149
f 2148/4737/2148 2152/4738/2152 2153/4739/2153 2150/4736/2150
f 2151/4743/2151 2146/4734/2146 2147/4733/2147 2153/4744/2153
f 2147/4733/2147 2150/4745/2150 2153/4744/2153
f 2154/553/2154 2157/4746/2157 2159/4747/2159 2158/4748/2158
f 2157/4746/2157 2161/4749/2161 2162/4750/2162 2159/4747/2159
f 2160/4754/2160 2164/4755/2164 2165/4756/2165 2162/4757/2162
f 2156/684/2156 2163/4758/2163 2165/4756/2165 2164/4755/2164
f 2163/4758/2163 2158/4748/2158 2159/4747/2159 2165/4756/2165
f 2159/4747/2159 2162/4750/2162 2165/4759/2165
f 2169/4763/2169 2173/4764/2173 2174/4765/2174 2171/4766/2171
f 2167/559/2167 2172/4767/2172 2174/4765/2174 2173/4764/2173
f 2172/4767/2172 2176/4768/2176 2177/4769/2177 2174/4765/2174
f 2168/109/2168 2175/4770/2175 2177/4769/2177 2176/4768/2176
f 2175/4770/2175 2170/4771/2170 2171/4772/2171 2177/4769/2177
f 2171/4766/2171 2174/4765/2174 2177/4773/2177
f 2181/4777/2181 2185/4778/2185 2186/4779/2186 2183/4780/2183
f 2179/422/2179 2184/4781/2184 2186/4779/2186 2185/4778/2185
f 2184/4781/2184 2188/4782/2188 2189/4783/2189 2186/4779/2186
f 2180/560/2180 2187/4784/2187 2189/4783/2189 2188/4782/2188
f 2187/4784/2187 2182/4785/2182 2183/4786/2183 2189/4783/2189
f 2183/4780/2183 2186/4779/2186 2189/4787/2189
f 2190/113/2190 2193/4788/2193 2195/4789/2195 2194/4790/2194
f 2193/4788/2193 2197/4791/2197 2198/4792/2198 2195/4789/2195
f 2196/4796/2196 2200/4797/2200 2201/4798/2201 2198/4799/2198
f 2192/552/2192 2199/4800/2199 2201/4798/2201 2200/4797/2200
f 2199/4800/2199 2194/4790/2194 2195/4789/2195 2201/4798/2201
f 2195/4789/2195 2198/4792/2198 2201/4801/2201
f 2202/45/2202 2205/4802/2205 2207/4803/2207 2206/4804/2206
f 2205/4802/2205 2209/4805/2209 2210/4806/2210 2207/4803/2207
f 2208/4810/2208 2212/4811/2212 2213/4812/2213 2210/4813/2210
f 2204/677/2204 2211/4814/2211 2213/4812/2213 2212/4811/2212
f 2211/4814/2211 2206/4804/2206 2207/4803/2207 2213/4812/2213
f 2207/4803/2207 2210/4806/2210 2213/4815/2213
f 2214/117/2214 2217/4816/2217 2219/4817/2219 2218/4818/2218
f 2217/4816/2217 2221/4819/2221 2222/4820/2222 2219/4817/2219
f 2220/4824/2220 2224/4825/2224 2225/4826/2225 2222/4827/2222
f 2216/769/2216 2223/4828/2223 2225/4826/2225 2224/4825/2224
f 2223/4828/2223 2218/4818/2218 2219/4817/2219 2225/4826/2225
f 2219/4817/2219 2222/4820/2222 2225/4829/2225
f 2226/465/2226 2229/4830/2229 2231/4831/2231 2230/4832/2230
f 2229/4830/2229 2233/4833/2233 2234/4834/2234 2231/4831/2231
f 2227/678/2227 2232/4835/2232 2234/4834/2234 2233/4833/2233
f 2232/4835/2232 2236/4836/2236 2237/4837/2237 2234/4834/2234
f 2235/4841/2235 2230/4832/2230 2231/4831/2231 2237/4842/2237
f 2231/4831/2231 2234/4843/2234 2237/4842/2237
f 2238/842/2238 2241/4844/2241 2243/4845/2243 2242/4846/2242
f 2241/4844/2241 2245/4847/2245 2246/4848/2246 2243/4845/2243
f 2244/4852/2244 2248/4853/2248 2249/4854/2249 2246/4855/2246
f 2240/473/2240 2247/4856/2247 2249/4854/2249 2248/4853/2248
f 2247/4856/2247 2242/4846/2242 2243/4845/2243 2249/4854/2249
f 2243/4845/2243 2246/4848/2246 2249/4857/2249
f 2250/44/2250 2253/4858/2253 2255/4859/2255 2254/4860/2254
f 2253/4858/2253 2257/4861/2257 2258/4862/2258 2255/4859/2255
f 2251/466/2251 2256/4863/2256 2258/4862/2258 2257/4861/2257
f 2256/4863/2256 2260/4864/2260 2261/4865/2261 2258/4862/2258
f 2259/4869/2259 2254/4860/2254 2255/4859/2255 2261/4870/2261
f 2255/4871/2255 2258/4862/2258 2261/4865/2261
f 2262/104/2262 2265/4872/2265 2267/4873/2267 2266/4874/2266
f 2265/4872/2265 2269/4875/2269 2270/4876/2270 2267/4873/2267
f 2263/474/2263 2268/4877/2268 2270/4876/2270 2269/4875/2269
f 2268/4877/2268 2272/4878/2272 2273/4879/2273 2270/4876/2270
f 2271/4883/2271 2266/4874/2266 2267/4873/2267 2273/4884/2273
f 2267/4885/2267 2270/4876/2270 2273/4879/2273
f 2278/853/2278 2281/4886/2281 2283/4887/2283 2282/4888/2282
f 2281/4886/2281 2285/4889/2285 2286/4890/2286 2283/4887/2283
f 2284/4894/2284 2288/4895/2288 2289/4896/2289 2286/4897/2286
f 2280/639/2280 2287/4898/2287 2289/4896/2289 2288/4895/2288
f 2287/4898/2287 2282/4888/2282 2283/4887/2283 2289/4896/2289
f 2283/4887/2283 2286/4890/2286 2289/4899/2289
f 2290/96/2290 2293/4900/2293 2295/4901/2295 2294/4902/2294
f 2293/4900/2293 2297/4903/2297 2298/4904/2298 2295/4901/2295
f 2291/347/2291 2296/4905/2296 2298/4904/2298 2297/4903/2297
f 2296/4905/2296 2300/4906/2300 2301/4907/2301 2298/4904/2298
f 2299/4911/2299 2294/4902/2294 2295/4901/2295 2301/4912/2301
f 2295/4901/2295 2298/4913/2298 2301/4912/2301
f 2305/4917/2305 2309/4918/2309 2310/4919/2310 2307/4920/2307
f 2303/390/2303 2308/4921/2308 2310/4919/2310 2309/4918/2309
f 2308/4921/2308 2312/4922/2312 2313/4923/2313 2310/4919/2310
f 2304/97/2304 2311/4924/2311 2313/4923/2313 2312/4922/2312
f 2311/4924/2311 2306/4925/2306 2307/4926/2307 2313/4923/2313
f 2307/4920/2307 2310/4919/2310 2313/4927/2313
f 2317/4931/2317 2321/4932/2321 2322/4933/2322 2319/4934/2319
f 2315/346/2315 2320/4935/2320 2322/4933/2322 2321/4932/2321
f 2320/4935/2320 2324/4936/2324 2325/4937/2325 2322/4933/2322
f 2316/391/2316 2323/4938/2323 2325/4937/2325 2324/4936/2324
f 2323/4938/2323 2318/4939/2318 2319/4940/2319 2325/4937/2325
f 2319/4934/2319 2322/4933/2322 2325/4941/2325
f 2326/852/2326 2329/4942/2329 2331/4943/2331 2330/4944/2330
f 2329/4942/2329 2333/4945/2333 2334/4946/2334 2331/4943/2331
f 2327/49/2327 2332/4947/2332 2334/4946/2334 2333/4945/2333
f 2332/4947/2332 2336/4948/2336 2337/4949/2337 2334/4946/2334
f 2335/4953/2335 2330/4944/2330 2331/4943/2331 2337/4954/2337
f 2331/4955/2331 2334/4946/2334 2337/4949/2337
f 2338/664/2338 2341/4956/2341 2343/4957/2343 2342/4958/2342
f 2341/4956/2341 2345/4959/2345 2346/4960/2346 2343/4957/2343
f 2344/4964/2344 2348/4965/2348 2349/4966/2349 2346/4967/2346
f 2340/354/2340 2347/4968/2347 2349/4966/2349 2348/4965/2348
f 2347/4968/2347 2342/4958/2342 2343/4957/2343 2349/4966/2349
f 2343/4957/2343 2346/4960/2346 2349/4969/2349
f 2354/101/2354 2357/4970/2357 2359/4971/2359 2358/4972/2358
f 2357/4970/2357 2361/4973/2361 2362/4974/2362 2359/4971/2359
f 2360/4978/2360 2364/4979/2364 2365/4980/2365 2362/4981/2362
f 2356/663/2356 2363/4982/2363 2365/4980/2365 2364/4979/2364
f 2363/4982/2363 2358/4972/2358 2359/4971/2359 2365/4980/2365
f 2359/4971/2359 2362/4974/2362 2365/4983/2365
f 2434/1364/2434 2440/4984/2440 2442/4985/2442 2441/4986/2441
f 2440/4984/2440 2444/4987/2444 2445/4988/2445 2442/4985/2442
f 2435/1376/2435 2443/4989/2443 2445/4988/2445 2444/4987/2444
f 2443/4989/2443 2447/4990/2447 2448/4991/2448 2445/4988/2445
f 2436/1414/2436 2446/4992/2446 2448/4991/2448 2447/4990/2447
f 2446/4992/2446 2450/4993/2450 2451/4994/2451 2448/4991/2448
f 2437/1408/2437 2449/4995/2449 2451/4994/2451 2450/4993/2450
f 2449/4995/2449 2453/4996/2453 2454/4997/2454 2451/4994/2451
f 2438/4998/2438 2452/4999/2452 2454/4997/2454 2453/4996/2453
f 2452/533/2452 2456/532/2456 2457/5000/2457 2454/5001/2454
f 2439/531/2439 2455/5002/2455 2457/5000/2457 2456/532/2456
f 2455/5002/2455 2441/4986/2441 2442/4985/2442 2457/5000/2457
f 2442/4985/2442 2445/4988/2445 2448/4991/2448 2451/4994/2451 2454/4997/2454 2457/5000/2457
f 2458/530/2458 2463/5003/2463 2465/5004/2465 2464/5005/2464
f 2463/5003/2463 2467/5006/2467 2468/5007/2468 2465/5004/2465
f 2459/1339/2459 2466/5008/2466 2468/5007/2468 2467/5006/2467
f 2466/5008/2466 2470/5009/2470 2471/5010/2471 2468/5007/2468
f 2460/1320/2460 2469/5011/2469 2471/5010/2471 2470/5009/2470
f 2469/5011/2469 2473/5012/2473 2474/5013/2474 2471/5010/2471
f 2461/1327/2461 2472/5014/2472 2474/5013/2474 2473/5012/2473
f 2472/5014/2472 2476/5015/2476 2477/5016/2477 2474/5013/2474
f 2462/2281/2462 2475/5017/2475 2477/5016/2477 2476/5015/2476
f 2475/5017/2475 2464/5005/2464 2465/5004/2465 2477/5016/2477
f 2465/5004/2465 2468/5007/2468 2471/5010/2471 2474/5013/2474 2477/5016/2477
f 2478/1479/2478 2484/5018/2484 2486/5019/2486 2485/5020/2485
f 2484/5018/2484 2488/5021/2488 2489/5022/2489 2486/5019/2486
f 2479/1427/2479 2487/5023/2487 2489/5022/2489 2488/5021/2488
f 2487/5023/2487 2491/5024/2491 2492/5025/2492 2489/5022/2489
f 2480/1466/2480 2490/5026/2490 2492/5025/2492 2491/5024/2491
f 2490/5026/2490 2494/5027/2494 2495/5028/2495 2492/5025/2492
f 2481/1384/2481 2493/5029/2493 2495/5028/2495 2494/5027/2494
f 2493/5029/2493 2497/5030/2497 2498/5031/2498 2495/5028/2495
f 2482/5032/2482 2496/5033/2496 2498/5031/2498 2497/5030/2497
f 2496/450/2496 2500/449/2500 2501/5034/2501 2498/5035/2498
f 2483/448/2483 2499/5036/2499 2501/5034/2501 2500/449/2500
f 2499/5036/2499 2485/5020/2485 2486/5019/2486 2501/5034/2501
f 2486/5019/2486 2489/5022/2489 2492/5025/2492 2495/5028/2495 2498/5031/2498 2501/5034/2501
f 2502/1522/2502 2508/5037/2508 2510/5038/2510 2509/5039/2509
f 2508/5037/2508 2512/5040/2512 2513/5041/2513 2510/5038/2510
f 2503/1529/2503 2511/5042/2511 2513/5041/2513 2512/5040/2512
f 2511/5042/2511 2515/5043/2515 2516/5044/2516 2513/5041/2513
f 2504/1549/2504 2514/5045/2514 2516/5044/2516 2515/5043/2515
f 2514/5045/2514 2518/5046/2518 2519/5047/2519 2516/5044/2516
f 2505/1495/2505 2517/5048/2517 2519/5047/2519 2518/5046/2518
f 2517/5048/2517 2521/5049/2521 2522/5050/2522 2519/5047/2519
f 2506/5051/2506 2520/5052/2520 2522/5050/2522 2521/5049/2521
f 2520/2217/2520 2524/2216/2524 2525/5053/2525 2522/5054/2522
f 2507/2215/2507 2523/5055/2523 2525/5053/2525 2524/2216/2524
f 2523/5055/2523 2509/5039/2509 2510/5038/2510 2525/5053/2525
f 2510/5038/2510 2513/5041/2513 2516/5044/2516 2519/5047/2519 2522/5050/2522 2525/5053/2525
f 2526/1628/2526 2531/5056/2531 2533/5057/2533 2532/5058/2532
f 2531/5056/2531 2535/5059/2535 2536/5060/2536 2533/5057/2533
f 2527/1609/2527 2534/5061/2534 2536/5060/2536 2535/5059/2535
f 2534/5061/2534 2538/5062/2538 2539/5063/2539 2536/5060/2536
f 2528/1616/2528 2537/5064/2537 2539/5063/2539 2538/5062/2538
f 2537/5064/2537 2541/5065/2541 2542/5066/2542 2539/5063/2539
f 2529/1585/2529 2540/5067/2540 2542/5066/2542 2541/5065/2541
f 2540/5067/2540 2544/5068/2544 2545/5069/2545 2542/5066/2542
f 2530/582/2530 2543/5070/2543 2545/5069/2545 2544/5068/2544
f 2543/5070/2543 2532/5058/2532 2533/5057/2533 2545/5069/2545
f 2533/5057/2533 2536/5060/2536 2539/5063/2539 2542/5066/2542 2545/5069/2545
f 2546/1692/2546 2551/5071/2551 2553/5072/2553 2552/5073/2552
f 2551/5071/2551 2555/5074/2555 2556/5075/2556 2553/5072/2553
f 2547/1676/2547 2554/5076/2554 2556/5075/2556 2555/5074/2555
f 2554/5076/2554 2558/5077/2558 2559/5078/2559 2556/5075/2556
f 2548/1705/2548 2557/5079/2557 2559/5078/2559 2558/5077/2558
f 2557/5079/2557 2561/5080/2561 2562/5081/2562 2559/5078/2559
f 2549/1664/2549 2560/5082/2560 2562/5081/2562 2561/5080/2561
f 2560/5082/2560 2564/5083/2564 2565/5084/2565 2562/5081/2562
f 2550/495/2550 2563/5085/2563 2565/5084/2565 2564/5083/2564
f 2563/5085/2563 2552/5073/2552 2553/5072/2553 2565/5084/2565
f 2553/5072/2553 2556/5075/2556 2559/5078/2559 2562/5081/2562 2565/5084/2565
f 2566/1768/2566 2571/5086/2571 2573/5087/2573 2572/5088/2572
f 2571/5086/2571 2575/5089/2575 2576/5090/2576 2573/5087/2573
f 2567/1712/2567 2574/5091/2574 2576/5090/2576 2575/5089/2575
f 2574/5091/2574 2578/5092/2578 2579/5093/2579 2576/5090/2576
f 2568/1762/2568 2577/5094/2577 2579/5093/2579 2578/5092/2578
f 2577/5094/2577 2581/5095/2581 2582/5096/2582 2579/5093/2579
f 2569/1686/2569 2580/5097/2580 2582/5096/2582 2581/5095/2581
f 2580/5097/2580 2584/5098/2584 2585/5099/2585 2582/5096/2582
f 2570/266/2570 2583/5100/2583 2585/5099/2585 2584/5098/2584
f 2583/5100/2583 2572/5088/2572 2573/5087/2573 2585/5099/2585
f 2573/5087/2573 2576/5090/2576 2579/5093/2579 2582/5096/2582 2585/5099/2585
f 2586/1837/2586 2591/5101/2591 2593/5102/2593 2592/5103/2592
f 2591/5101/2591 2595/5104/2595 2596/5105/2596 2593/5102/2593
f 2587/1803/2587 2594/5106/2594 2596/5105/2596 2595/5104/2595
f 2594/5106/2594 2598/5107/2598 2599/5108/2599 2596/5105/2596
f 2588/1851/2588 2597/5109/2597 2599/5108/2599 2598/5107/2598
f 2597/5109/2597 2601/5110/2601 2602/5111/2602 2599/5108/2599
f 2589/1791/2589 2600/5112/2600 2602/5111/2602 2601/5110/2601
f 2600/5112/2600 2604/5113/2604 2605/5114/2605 2602/5111/2602
f 2590/267/2590 2603/5115/2603 2605/5114/2605 2604/5113/2604
f 2603/5115/2603 2592/5103/2592 2593/5102/2593 2605/5114/2605
f 2593/5102/2593 2596/5105/2596 2599/5108/2599 2602/5111/2602 2605/5114/2605
f 2606/1912/2606 2611/5116/2611 2613/5117/2613 2612/5118/2612
f 2611/5116/2611 2615/5119/2615 2616/5120/2616 2613/5117/2613
f 2607/1858/2607 2614/5121/2614 2616/5120/2616 2615/5119/2615
f 2614/5121/2614 2618/5122/2618 2619/5123/2619 2616/5120/2616
f 2608/1906/2608 2617/5124/2617 2619/5123/2619 2618/5122/2618
f 2617/5124/2617 2621/5125/2621 2622/5126/2622 2619/5123/2619
f 2609/1831/2609 2620/5127/2620 2622/5126/2622 2621/5125/2621
f 2620/5127/2620 2624/5128/2624 2625/5129/2625 2622/5126/2622
f 2610/647/2610 2623/5130/2623 2625/5129/2625 2624/5128/2624
f 2623/5130/2623 2612/5118/2612 2613/5117/2613 2625/5129/2625
f 2613/5117/2613 2616/5120/2616 2619/5123/2619 2622/5126/2622 2625/5129/2625
f 2626/1989/2626 2632/5131/2632 2634/5132/2634 2633/5133/2633
f 2632/5131/2632 2636/5134/2636 2637/5135/2637 2634/5132/2634
f 2627/1953/2627 2635/5136/2635 2637/5135/2637 2636/5134/2636
f 2635/5136/2635 2639/5137/2639 2640/5138/2640 2637/5135/2637
f 2628/1977/2628 2638/5139/2638 2640/5138/2640 2639/5137/2639
f 2638/5139/2638 2642/5140/2642 2643/5141/2643 2640/5138/2640
f 2629/1928/2629 2641/5142/2641 2643/5141/2643 2642/5140/2642
f 2641/5142/2641 2645/5143/2645 2646/5144/2646 2643/5141/2643
f 2630/5145/2630 2644/5146/2644 2646/5144/2646 2645/5143/2645
f 2644/5146/2644 2648/5147/2648 2649/5148/2649 2646/5144/2646
f 2631/648/2631 2647/5149/2647 2649/5150/2649 2648/649/2648
f 2647/5149/2647 2633/5133/2633 2634/5132/2634 2649/5150/2649
f 2634/5132/2634 2637/5135/2637 2640/5138/2640 2643/5141/2643 2646/5144/2646 2649/5150/2649
f 2650/2029/2650 2655/5151/2655 2657/5152/2657 2656/5153/2656
f 2655/5151/2655 2659/5154/2659 2660/5155/2660 2657/5152/2657
f 2651/2036/2651 2658/5156/2658 2660/5155/2660 2659/5154/2659
f 2658/5156/2658 2662/5157/2662 2663/5158/2663 2660/5155/2660
f 2652/2055/2652 2661/5159/2661 2663/5158/2663 2662/5157/2662
f 2661/5159/2661 2665/5160/2665 2666/5161/2666 2663/5158/2663
f 2653/2023/2653 2664/5162/2664 2666/5161/2666 2665/5160/2665
f 2664/5162/2664 2668/5163/2668 2669/5164/2669 2666/5161/2666
f 2654/312/2654 2667/5165/2667 2669/5164/2669 2668/5163/2668
f 2667/5165/2667 2656/5153/2656 2657/5152/2657 2669/5164/2669
f 2657/5152/2657 2660/5155/2660 2663/5158/2663 2666/5161/2666 2669/5164/2669
f 2670/1051/2670 2675/5166/2675 2677/5167/2677 2676/5168/2676
f 2675/5166/2675 2679/5169/2679 2680/5170/2680 2677/5167/2677
f 2671/1032/2671 2678/5171/2678 2680/5170/2680 2679/5169/2679
f 2678/5171/2678 2682/5172/2682 2683/5173/2683 2680/5170/2680
f 2672/1019/2672 2681/5174/2681 2683/5173/2683 2682/5172/2682
f 2681/5174/2681 2685/5175/2685 2686/5176/2686 2683/5173/2683
f 2673/2074/2673 2684/5177/2684 2686/5176/2686 2685/5175/2685
f 2684/5177/2684 2688/5178/2688 2689/5179/2689 2686/5176/2686
f 2674/313/2674 2687/5180/2687 2689/5179/2689 2688/5178/2688
f 2687/5180/2687 2676/5168/2676 2677/5167/2677 2689/5179/2689
f 2677/5167/2677 2680/5170/2680 2683/5173/2683 2686/5176/2686 2689/5179/2689
f 2690/998/2690 2696/5181/2696 2698/5182/2698 2697/5183/2697
f 2696/5181/2696 2700/5184/2700 2701/5185/2701 2698/5182/2698
f 2691/1005/2691 2699/5186/2699 2701/5185/2701 2700/5184/2700
f 2699/5186/2699 2703/5187/2703 2704/5188/2704 2701/5185/2701
f 2692/1026/2692 2702/5189/2702 2704/5188/2704 2703/5187/2703
f 2702/5189/2702 2706/5190/2706 2707/5191/2707 2704/5188/2704
f 2693/2118/2693 2705/5192/2705 2707/5191/2707 2706/5190/2706
f 2705/5192/2705 2709/5193/2709 2710/5194/2710 2707/5191/2707
f 2694/5195/2694 2708/5196/2708 2710/5194/2710 2709/5193/2709
f 2708/5196/2708 2712/5197/2712 2713/5198/2713 2710/5194/2710
f 2695/433/2695 2711/5199/2711 2713/5200/2713 2712/434/2712
f 2711/5199/2711 2697/5183/2697 2698/5182/2698 2713/5200/2713
f 2698/5182/2698 2701/5185/2701 2704/5188/2704 2707/5191/2707 2710/5194/2710 2713/5200/2713
f 2714/1091/2714 2720/5201/2720 2722/5202/2722 2721/5203/2721
f 2720/5201/2720 2724/5204/2724 2725/5205/2725 2722/5202/2722
f 2715/1191/2715 2723/5206/2723 2725/5205/2725 2724/5204/2724
f 2723/5206/2723 2727/5207/2727 2728/5208/2728 2725/5205/2725
f 2716/1116/2716 2726/5209/2726 2728/5208/2728 2727/5207/2727
f 2726/5209/2726 2730/5210/2730 2731/5211/2731 2728/5208/2728
f 2717/1067/2717 2729/5212/2729 2731/5211/2731 2730/5210/2730
f 2729/5212/2729 2733/5213/2733 2734/5214/2734 2731/5211/2731
f 2718/5215/2718 2732/5216/2732 2734/5214/2734 2733/5213/2733
f 2732/7/2732 2736/6/2736 2737/5217/2737 2734/5218/2734
f 2719/5/2719 2735/5219/2735 2737/5217/2737 2736/6/2736
f 2735/5219/2735 2721/5203/2721 2722/5202/2722 2737/5217/2737
f 2722/5202/2722 2725/5205/2725 2728/5208/2728 2731/5211/2731 2734/5214/2734 2737/5217/2737
f 2738/1164/2738 2744/5220/2744 2746/5221/2746 2745/5222/2745
f 2744/5220/2744 2748/5223/2748 2749/5224/2749 2746/5221/2746
f 2739/1178/2739 2747/5225/2747 2749/5224/2749 2748/5223/2748
f 2747/5225/2747 2751/5226/2751 2752/5227/2752 2749/5224/2749
f 2740/1197/2740 2750/5228/2750 2752/5227/2752 2751/5226/2751
f 2750/5228/2750 2754/5229/2754 2755/5230/2755 2752/5227/2752
f 2741/1132/2741 2753/5231/2753 2755/5230/2755 2754/5229/2754
f 2753/5231/2753 2757/5232/2757 2758/5233/2758 2755/5230/2755
f 2742/5234/2742 2756/5235/2756 2758/5233/2758 2757/5232/2757
f 2756/283/2756 2760/282/2760 2761/5236/2761 2758/5237/2758
f 2743/281/2743 2759/5238/2759 2761/5236/2761 2760/282/2760
f 2759/5238/2759 2745/5222/2745 2746/5221/2746 2761/5236/2761
f 2746/5221/2746 2749/5224/2749 2752/5227/2752 2755/5230/2755 2758/5233/2758 2761/5236/2761
f 2762/1262/2762 2767/5239/2767 2769/5240/2769 2768/5241/2768
f 2767/5239/2767 2771/5242/2771 2772/5243/2772 2769/5240/2769
f 2763/1251/2763 2770/5244/2770 2772/5243/2772 2771/5242/2771
f 2770/5244/2770 2774/5245/2774 2775/5246/2775 2772/5243/2772
f 2764/1208/2764 2773/5247/2773 2775/5246/2775 2774/5245/2774
f 2773/5247/2773 2777/5248/2777 2778/5249/2778 2775/5246/2775
f 2765/1436/2765 2776/5250/2776 2778/5249/2778 2777/5248/2777
f 2776/5250/2776 2780/5251/2780 2781/5252/2781 2778/5249/2778
f 2766/734/2766 2779/5253/2779 2781/5252/2781 2780/5251/2780
f 2779/5253/2779 2768/5241/2768 2769/5240/2769 2781/5252/2781
f 2769/5240/2769 2772/5243/2772 2775/5246/2775 2778/5249/2778 2781/5252/2781
f 2782/489/2782 2786/5254/2786 2788/5255/2788 2787/5256/2787
f 2786/5254/2786 2790/5257/2790 2791/5258/2791 2788/5255/2788
f 2783/566/2783 2789/5259/2789 2791/5258/2791 2790/5257/2790
f 2789/5259/2789 2793/5260/2793 2794/5261/2794 2791/5258/2791
f 2784/5262/2784 2792/5263/2792 2794/5261/2794 2793/5260/2793
f 2792/5263/2792 2796/5264/2796 2797/5265/2797 2794/5261/2794
f 2785/1342/2785 2795/5266/2795 2797/5267/2797 2796/1343/2796
f 2795/5266/2795 2787/5256/2787 2788/5255/2788 2797/5267/2797
f 2788/5255/2788 2791/5258/2791 2794/5261/2794 2797/5267/2797
f 2798/219/2798 2802/5268/2802 2804/5269/2804 2803/5270/2803
f 2802/5268/2802 2806/5271/2806 2807/5272/2807 2804/5269/2804
f 2799/5273/2799 2805/5274/2805 2807/5272/2807 2806/5271/2806
f 2805/5274/2805 2809/5275/2809 2810/5276/2810 2807/5272/2807
f 2800/1290/2800 2808/5277/2808 2810/5278/2810 2809/1291/2809
f 2808/5277/2808 2812/5279/2812 2813/5280/2813 2810/5278/2810
f 2801/565/2801 2811/5281/2811 2813/5280/2813 2812/5279/2812
f 2811/5281/2811 2803/5270/2803 2804/5269/2804 2813/5280/2813
f 2804/5269/2804 2807/5272/2807 2810/5278/2810 2813/5280/2813
f 2814/933/2814 2818/5282/2818 2820/5283/2820 2819/5284/2819
f 2818/5282/2818 2822/5285/2822 2823/5286/2823 2820/5283/2820
f 2815/403/2815 2821/5287/2821 2823/5286/2823 2822/5285/2822
f 2821/5287/2821 2825/5288/2825 2826/5289/2826 2823/5286/2823
f 2816/5290/2816 2824/5291/2824 2826/5289/2826 2825/5288/2825
f 2824/5291/2824 2828/5292/2828 2829/5293/2829 2826/5289/2826
f 2817/1445/2817 2827/5294/2827 2829/5295/2829 2828/1446/2828
f 2827/5294/2827 2819/5284/2819 2820/5283/2820 2829/5295/2829
f 2820/5283/2820 2823/5286/2823 2826/5289/2826 2829/5295/2829
f 2830/207/2830 2834/5296/2834 2836/5297/2836 2835/5298/2835
f 2834/5296/2834 2838/5299/2838 2839/5300/2839 2836/5297/2836
f 2831/5301/2831 2837/5302/2837 2839/5300/2839 2838/5299/2838
f 2837/5302/2837 2841/5303/2841 2842/5304/2842 2839/5300/2839
f 2832/1354/2832 2840/5305/2840 2842/5306/2842 2841/1355/2841
f 2840/5305/2840 2844/5307/2844 2845/5308/2845 2842/5306/2842
f 2833/402/2833 2843/5309/2843 2845/5308/2845 2844/5307/2844
f 2843/5309/2843 2835/5298/2835 2836/5297/2836 2845/5308/2845
f 2836/5297/2836 2839/5300/2839 2842/5306/2842 2845/5308/2845
f 2846/194/2846 2850/5310/2850 2852/5311/2852 2851/5312/2851
f 2850/5310/2850 2854/5313/2854 2855/5314/2855 2852/5311/2852
f 2847/287/2847 2853/5315/2853 2855/5314/2855 2854/5313/2854
f 2853/5315/2853 2857/5316/2857 2858/5317/2858 2855/5314/2855
f 2848/5318/2848 2856/5319/2856 2858/5317/2858 2857/5316/2857
f 2856/1500/2856 2860/1499/2860 2861/5320/2861 2858/5321/2858
f 2849/1498/2849 2859/5322/2859 2861/5320/2861 2860/1499/2860
f 2859/5322/2859 2851/5312/2851 2852/5311/2852 2861/5320/2861
f 2852/5311/2852 2855/5314/2855 2858/5317/2858 2861/5320/2861
f 2862/19/2862 2866/5323/2866 2868/5324/2868 2867/5325/2867
f 2866/5323/2866 2870/5326/2870 2871/5327/2871 2868/5324/2868
f 2863/5328/2863 2869/5329/2869 2871/5327/2871 2870/5326/2870
f 2869/5329/2869 2873/5330/2873 2874/5331/2874 2871/5327/2871
f 2864/1456/2864 2872/5332/2872 2874/5333/2874 2873/1457/2873
f 2872/5332/2872 2876/5334/2876 2877/5335/2877 2874/5333/2874
f 2865/286/2865 2875/5336/2875 2877/5335/2877 2876/5334/2876
f 2875/5336/2875 2867/5325/2867 2868/5324/2868 2877/5335/2877
f 2868/5324/2868 2871/5327/2871 2874/5333/2874 2877/5335/2877
f 2878/2192/2878 2882/5337/2882 2884/5338/2884 2883/5339/2883
f 2882/5337/2882 2886/5340/2886 2887/5341/2887 2884/5338/2884
f 2879/923/2879 2885/5342/2885 2887/5341/2887 2886/5340/2886
f 2885/5342/2885 2889/5343/2889 2890/5344/2890 2887/5341/2887
f 2880/5345/2880 2888/5346/2888 2890/5344/2890 2889/5343/2889
f 2888/1560/2888 2892/1559/2892 2893/5347/2893 2890/5348/2890
f 2881/1558/2881 2891/5349/2891 2893/5347/2893 2892/1559/2892
f 2891/5349/2891 2883/5339/2883 2884/5338/2884 2893/5347/2893
f 2884/5338/2884 2887/5341/2887 2890/5344/2890 2893/5347/2893
f 2894/753/2894 2898/5350/2898 2900/5351/2900 2899/5352/2899
f 2898/5350/2898 2902/5353/2902 2903/5354/2903 2900/5351/2900
f 2895/5355/2895 2901/5356/2901 2903/5354/2903 2902/5353/2902
f 2901/5356/2901 2905/5357/2905 2906/5358/2906 2903/5354/2903
f 2896/1505/2896 2904/5359/2904 2906/5360/2906 2905/1506/2905
f 2904/5359/2904 2908/5361/2908 2909/5362/2909 2906/5360/2906
f 2897/922/2897 2907/5363/2907 2909/5362/2909 2908/5361/2908
f 2907/5363/2907 2899/5352/2899 2900/5351/2900 2909/5362/2909
f 2900/5351/2900 2903/5354/2903 2906/5360/2906 2909/5362/2909
f 2910/170/2910 2914/5364/2914 2916/5365/2916 2915/5366/2915
f 2914/5364/2914 2918/5367/2918 2919/5368/2919 2916/5365/2916
f 2911/699/2911 2917/5369/2917 2919/5368/2919 2918/5367/2918
f 2917/5369/2917 2921/5370/2921 2922/5371/2922 2919/5368/2919
f 2912/5372/2912 2920/5373/2920 2922/5371/2922 2921/5370/2921
f 2920/1633/2920 2924/1632/2924 2925/5374/2925 2922/5375/2922
f 2913/1631/2913 2923/5376/2923 2925/5374/2925 2924/1632/2924
f 2923/5376/2923 2915/5366/2915 2916/5365/2916 2925/5374/2925
f 2916/5365/2916 2919/5368/2919 2922/5371/2922 2925/5374/2925
f 2926/540/2926 2930/5377/2930 2932/5378/2932 2931/5379/2931
f 2930/5377/2930 2934/5380/2934 2935/5381/2935 2932/5378/2932
f 2927/5382/2927 2933/5383/2933 2935/5381/2935 2934/5380/2934
f 2933/5383/2933 2937/5384/2937 2938/5385/2938 2935/5381/2935
f 2928/1572/2928 2936/5386/2936 2938/5387/2938 2937/1573/2937
f 2936/5386/2936 2940/5388/2940 2941/5389/2941 2938/5387/2938
f 2929/698/2929 2939/5390/2939 2941/5389/2941 2940/5388/2940
f 2939/5390/2939 2931/5379/2931 2932/5378/2932 2941/5389/2941
f 2932/5378/2932 2935/5381/2935 2938/5387/2938 2941/5389/2941
f 2942/158/2942 2946/5391/2946 2948/5392/2948 2947/5393/2947
f 2946/5391/2946 2950/5394/2950 2951/5395/2951 2948/5392/2948
f 2943/457/2943 2949/5396/2949 2951/5395/2951 2950/5394/2950
f 2949/5396/2949 2953/5397/2953 2954/5398/2954 2951/5395/2951
f 2944/5399/2944 2952/5400/2952 2954/5398/2954 2953/5397/2953
f 2952/1741/2952 2956/1740/2956 2957/5401/2957 2954/5402/2954
f 2945/1739/2945 2955/5403/2955 2957/5401/2957 2956/1740/2956
f 2955/5403/2955 2947/5393/2947 2948/5392/2948 2957/5401/2957
f 2948/5392/2948 2951/5395/2951 2954/5398/2954 2957/5401/2957
f 2958/896/2958 2962/5404/2962 2964/5405/2964 2963/5406/2963
f 2962/5404/2962 2966/5407/2966 2967/5408/2967 2964/5405/2964
f 2959/5409/2959 2965/5410/2965 2967/5408/2967 2966/5407/2966
f 2965/5410/2965 2969/5411/2969 2970/5412/2970 2967/5408/2967
f 2960/1638/2960 2968/5413/2968 2970/5414/2970 2969/1639/2969
f 2968/5413/2968 2972/5415/2972 2973/5416/2973 2970/5414/2970
f 2961/456/2961 2971/5417/2971 2973/5416/2973 2972/5415/2972
f 2971/5417/2971 2963/5406/2963 2964/5405/2964 2973/5416/2973
f 2964/5405/2964 2967/5408/2967 2970/5414/2970 2973/5416/2973
f 2974/146/2974 2978/5418/2978 2980/5419/2980 2979/5420/2979
f 2978/5418/2978 2982/5421/2982 2983/5422/2983 2980/5419/2980
f 2975/294/2975 2981/5423/2981 2983/5422/2983 2982/5421/2982
f 2981/5423/2981 2985/5424/2985 2986/5425/2986 2983/5422/2983
f 2976/5426/2976 2984/5427/2984 2986/5425/2986 2985/5424/2985
f 2984/1813/2984 2988/1812/2988 2989/5428/2989 2986/5429/2986
f 2977/1811/2977 2987/5430/2987 2989/5428/2989 2988/1812/2988
f 2987/5430/2987 2979/5420/2979 2980/5419/2980 2989/5428/2989
f 2980/5419/2980 2983/5422/2983 2986/5425/2986 2989/5428/2989
f 2990/885/2990 2994/5431/2994 2996/5432/2996 2995/5433/2995
f 2994/5431/2994 2998/5434/2998 2999/5435/2999 2996/5432/2996
f 2991/5436/2991 2997/5437/2997 2999/5435/2999 2998/5434/2998
f 2997/1747/2997 3001/1746/3001 3002/5438/3002 2999/5439/2999
f 2992/1745/2992 3000/5440/3000 3002/5438/3002 3001/1746/3001
f 3000/5440/3000 3004/5441/3004 3005/5442/3005 3002/5438/3002
f 2993/293/2993 3003/5443/3003 3005/5442/3005 3004/5441/3004
f 3003/5443/3003 2995/5433/2995 2996/5432/2996 3005/5442/3005
f 2996/5432/2996 2999/5435/2999 3002/5438/3002 3005/5442/3005
f 3006/876/3006 3010/5444/3010 3012/5445/3012 3011/5446/3011
f 3010/5444/3010 3014/5447/3014 3015/5448/3015 3012/5445/3012
f 3007/135/3007 3013/5449/3013 3015/5448/3015 3014/5447/3014
f 3013/5449/3013 3017/5450/3017 3018/5451/3018 3015/5448/3015
f 3008/5452/3008 3016/5453/3016 3018/5451/3018 3017/5450/3017
f 3016/1887/3016 3020/1886/3020 3021/5454/3021 3018/5455/3018
f 3009/1885/3009 3019/5456/3019 3021/5454/3021 3020/1886/3020
f 3019/5456/3019 3011/5446/3011 3012/5445/3012 3021/5454/3021
f 3012/5445/3012 3015/5448/3015 3018/5451/3018 3021/5454/3021
f 3022/2209/3022 3026/5457/3026 3028/5458/3028 3027/5459/3027
f 3026/5457/3026 3030/5460/3030 3031/5461/3031 3028/5458/3028
f 3023/5462/3023 3029/5463/3029 3031/5461/3031 3030/5460/3030
f 3029/1819/3029 3033/1818/3033 3034/5464/3034 3031/5465/3031
f 3024/1817/3024 3032/5466/3032 3034/5464/3034 3033/1818/3033
f 3032/5466/3032 3036/5467/3036 3037/5468/3037 3034/5464/3034
f 3025/134/3025 3035/5469/3035 3037/5468/3037 3036/5467/3036
f 3035/5469/3035 3027/5459/3027 3028/5458/3028 3037/5468/3037
f 3028/5458/3028 3031/5461/3031 3034/5464/3034 3037/5468/3037
f 3038/864/3038 3042/5470/3042 3044/5471/3044 3043/5472/3043
f 3042/5470/3042 3046/5473/3046 3047/5474/3047 3044/5471/3044
f 3039/714/3039 3045/5475/3045 3047/5474/3047 3046/5473/3046
f 3045/5475/3045 3049/5476/3049 3050/5477/3050 3047/5474/3047
f 3040/5478/3040 3048/5479/3048 3050/5477/3050 3049/5476/3049
f 3048/1958/3048 3052/1957/3052 3053/5480/3053 3050/5481/3050
f 3041/1956/3041 3051/5482/3051 3053/5480/3053 3052/1957/3052
f 3051/5482/3051 3043/5472/3043 3044/5471/3044 3053/5480/3053
f 3044/5471/3044 3047/5474/3047 3050/5477/3050 3053/5480/3053
f 3054/123/3054 3058/5483/3058 3060/5484/3060 3059/5485/3059
f 3058/5483/3058 3062/5486/3062 3063/5487/3063 3060/5484/3060
f 3055/5488/3055 3061/5489/3061 3063/5487/3063 3062/5486/3062
f 3061/1893/3061 3065/1892/3065 3066/5490/3066 3063/5491/3063
f 3056/1891/3056 3064/5492/3064 3066/5490/3066 3065/1892/3065
f 3064/5492/3064 3068/5493/3068 3069/5494/3069 3066/5490/3066
f 3057/713/3057 3067/5495/3067 3069/5494/3069 3068/5493/3068
f 3067/5495/3067 3059/5485/3059 3060/5484/3060 3069/5494/3069
f 3060/5484/3060 3063/5487/3063 3066/5490/3066 3069/5494/3069
f 3070/110/3070 3074/5496/3074 3076/5497/3076 3075/5498/3075
f 3074/5496/3074 3078/5499/3078 3079/5500/3079 3076/5497/3076
f 3071/562/3071 3077/5501/3077 3079/5500/3079 3078/5499/3078
f 3077/5501/3077 3081/5502/3081 3082/5503/3082 3079/5500/3079
f 3072/5504/3072 3080/5505/3080 3082/5503/3082 3081/5502/3081
f 3080/1994/3080 3084/1993/3084 3085/5506/3085 3082/5507/3082
f 3073/1992/3073 3083/5508/3083 3085/5506/3085 3084/1993/3084
f 3083/5508/3083 3075/5498/3075 3076/5497/3076 3085/5506/3085
f 3076/5497/3076 3079/5500/3079 3082/5503/3082 3085/5506/3085
f 3086/425/3086 3090/5509/3090 3092/5510/3092 3091/5511/3091
f 3090/5509/3090 3094/5512/3094 3095/5513/3095 3092/5510/3092
f 3087/5514/3087 3093/5515/3093 3095/5513/3095 3094/5512/3094
f 3093/1969/3093 3097/1968/3097 3098/5516/3098 3095/5517/3095
f 3088/1967/3088 3096/5518/3096 3098/5516/3098 3097/1968/3097
f 3096/5518/3096 3100/5519/3100 3101/5520/3101 3098/5516/3098
f 3089/561/3089 3099/5521/3099 3101/5520/3101 3100/5519/3100
f 3099/5521/3099 3091/5511/3091 3092/5510/3092 3101/5520/3101
f 3092/5510/3092 3095/5513/3095 3098/5516/3098 3101/5520/3101
f 3102/98/3102 3106/5522/3106 3108/5523/3108 3107/5524/3107
f 3106/5522/3106 3110/5525/3110 3111/5526/3111 3108/5523/3108
f 3103/393/3103 3109/5527/3109 3111/5526/3111 3110/5525/3110
f 3109/5527/3109 3113/5528/3113 3114/5529/3114 3111/5526/3111
f 3104/5530/3104 3112/5531/3112 3114/5529/3114 3113/5528/3113
f 3112/5531/3112 3116/5532/3116 3117/5533/3117 3114/5529/3114
f 3105/2077/3105 3115/5534/3115 3117/5535/3117 3116/2078/3116
f 3115/5534/3115 3107/5524/3107 3108/5523/3108 3117/5535/3117
f 3108/5523/3108 3111/5526/3111 3114/5529/3114 3117/5535/3117
f 3118/349/3118 3122/5536/3122 3124/5537/3124 3123/5538/3123
f 3122/5536/3122 3126/5539/3126 3127/5540/3127 3124/5537/3124
f 3119/5541/3119 3125/5542/3125 3127/5540/3127 3126/5539/3126
f 3125/2000/3125 3129/1999/3129 3130/5543/3130 3127/5544/3127
f 3120/1998/3120 3128/5545/3128 3130/5543/3130 3129/1999/3129
f 3128/5545/3128 3132/5546/3132 3133/5547/3133 3130/5543/3130
f 3121/392/3121 3131/5548/3131 3133/5547/3133 3132/5546/3132
f 3131/5548/3131 3123/5538/3123 3124/5537/3124 3133/5547/3133
f 3124/5537/3124 3127/5540/3127 3130/5543/3130 3133/5547/3133
f 3134/86/3134 3138/5549/3138 3140/5550/3140 3139/5551/3139
f 3138/5549/3138 3142/5552/3142 3143/5553/3143 3140/5550/3140
f 3135/418/3135 3141/5554/3141 3143/5553/3143 3142/5552/3142
f 3141/5554/3141 3145/5555/3145 3146/5556/3146 3143/5553/3143
f 3136/5557/3136 3144/5558/3144 3146/5556/3146 3145/5555/3145
f 3144/5558/3144 3148/5559/3148 3149/5560/3149 3146/5556/3146
f 3137/974/3137 3147/5561/3147 3149/5562/3149 3148/975/3148
f 3147/5561/3147 3139/5551/3139 3140/5550/3140 3149/5562/3149
f 3140/5550/3140 3143/5553/3143 3146/5556/3146 3149/5562/3149
f 3150/586/3150 3154/5563/3154 3156/5564/3156 3155/5565/3155
f 3154/5563/3154 3158/5566/3158 3159/5567/3159 3156/5564/3156
f 3151/5568/3151 3157/5569/3157 3159/5567/3159 3158/5566/3158
f 3157/2085/3157 3161/2084/3161 3162/5570/3162 3159/5571/3159
f 3152/2083/3152 3160/5572/3160 3162/5570/3162 3161/2084/3161
f 3160/5572/3160 3164/5573/3164 3165/5574/3165 3162/5570/3162
f 3153/417/3153 3163/5575/3163 3165/5574/3165 3164/5573/3164
f 3163/5575/3163 3155/5565/3155 3156/5564/3156 3165/5574/3165
f 3156/5564/3156 3159/5567/3159 3162/5570/3162 3165/5574/3165
f 3166/78/3166 3170/5576/3170 3172/5577/3172 3171/5578/3171
f 3170/5576/3170 3174/5579/3174 3175/5580/3175 3172/5577/3172
f 3167/548/3167 3173/5581/3173 3175/5580/3175 3174/5579/3174
f 3173/5581/3173 3177/5582/3177 3178/5583/3178 3175/5580/3175
f 3168/5584/3168 3176/5585/3176 3178/5583/3178 3177/5582/3177
f 3176/5585/3176 3180/5586/3180 3181/5587/3181 3178/5583/3178
f 3169/1070/3169 3179/5588/3179 3181/5589/3181 3180/1071/3180
f 3179/5588/3179 3171/5578/3171 3172/5577/3172 3181/5589/3181
f 3172/5577/3172 3175/5580/3175 3178/5583/3178 3181/5589/3181
f 3182/464/3182 3186/5590/3186 3188/5591/3188 3187/5592/3187
f 3186/5590/3186 3190/5593/3190 3191/5594/3191 3188/5591/3188
f 3183/5595/3183 3189/5596/3189 3191/5594/3191 3190/5593/3190
f 3189/983/3189 3193/982/3193 3194/5597/3194 3191/5598/3191
f 3184/981/3184 3192/5599/3192 3194/5597/3194 3193/982/3193
f 3192/5599/3192 3196/5600/3196 3197/5601/3197 3194/5597/3194
f 3185/547/3185 3195/5602/3195 3197/5601/3197 3196/5600/3196
f 3195/5602/3195 3187/5592/3187 3188/5591/3188 3197/5601/3197
f 3188/5591/3188 3191/5594/3191 3194/5597/3194 3197/5601/3197
f 3198/308/3198 3202/5603/3202 3204/5604/3204 3203/5605/3203
f 3202/5603/3202 3206/5606/3206 3207/5607/3207 3204/5604/3204
f 3199/385/3199 3205/5608/3205 3207/5607/3207 3206/5606/3206
f 3205/5608/3205 3209/5609/3209 3210/5610/3210 3207/5607/3207
f 3200/5611/3200 3208/5612/3208 3210/5610/3210 3209/5609/3209
f 3208/5612/3208 3212/5613/3212 3213/5614/3213 3210/5610/3210
f 3201/1142/3201 3211/5615/3211 3213/5616/3213 3212/1143/3212
f 3211/5615/3211 3203/5605/3203 3204/5604/3204 3213/5616/3213
f 3204/5604/3204 3207/5607/3207 3210/5610/3210 3213/5616/3213
f 3214/255/3214 3218/5617/3218 3220/5618/3220 3219/5619/3219
f 3218/5617/3218 3222/5620/3222 3223/5621/3223 3220/5618/3220
f 3215/5622/3215 3221/5623/3221 3223/5621/3223 3222/5620/3222
f 3221/1078/3221 3225/1077/3225 3226/5624/3226 3223/5625/3223
f 3216/1076/3216 3224/5626/3224 3226/5624/3226 3225/1077/3225
f 3224/5626/3224 3228/5627/3228 3229/5628/3229 3226/5624/3226
f 3217/384/3217 3227/5629/3227 3229/5628/3229 3228/5627/3228
f 3227/5629/3227 3219/5619/3219 3220/5618/3220 3229/5628/3229
f 3220/5618/3220 3223/5621/3223 3226/5624/3226 3229/5628/3229
f 3230/2148/3230 3234/5630/3234 3236/5631/3236 3235/5632/3235
f 3234/5630/3234 3238/5633/3238 3239/5634/3239 3236/5631/3236
f 3231/243/3231 3237/5635/3237 3239/5634/3239 3238/5633/3238
f 3237/5635/3237 3241/5636/3241 3242/5637/3242 3239/5634/3239
f 3232/5638/3232 3240/5639/3240 3242/5637/3242 3241/5636/3241
f 3240/5639/3240 3244/5640/3244 3245/5641/3245 3242/5637/3242
f 3233/1217/3233 3243/5642/3243 3245/5643/3245 3244/1218/3244
f 3243/5642/3243 3235/5632/3235 3236/5631/3236 3245/5643/3245
f 3236/5631/3236 3239/5634/3239 3242/5637/3242 3245/5643/3245
f 3246/2175/3246 3250/5644/3250 3252/5645/3252 3251/5646/3251
f 3250/5644/3250 3254/5647/3254 3255/5648/3255 3252/5645/3252
f 3247/5649/3247 3253/5650/3253 3255/5648/3255 3254/5647/3254
f 3253/5650/3253 3257/5651/3257 3258/5652/3258 3255/5648/3255
f 3248/1155/3248 3256/5653/3256 3258/5654/3258 3257/1156/3257
f 3256/5653/3256 3260/5655/3260 3261/5656/3261 3258/5654/3258
f 3249/242/3249 3259/5657/3259 3261/5656/3261 3260/5655/3260
f 3259/5657/3259 3251/5646/3251 3252/5645/3252 3261/5656/3261
f 3252/5645/3252 3255/5648/3255 3258/5654/3258 3261/5656/3261
f 3262/672/3262 3266/5658/3266 3268/5659/3268 3267/5660/3267
f 3266/5658/3266 3270/5661/3270 3271/5662/3271 3268/5659/3268
f 3263/869/3263 3269/5663/3269 3271/5662/3271 3270/5661/3270
f 3269/5663/3269 3273/5664/3273 3274/5665/3274 3271/5662/3271
f 3264/5666/3264 3272/5667/3272 3274/5665/3274 3273/5664/3273
f 3272/5667/3272 3276/5668/3276 3277/5669/3277 3274/5665/3274
f 3265/1265/3265 3275/5670/3275 3277/5671/3277 3276/1266/3276
f 3275/5670/3275 3267/5660/3267 3268/5659/3268 3277/5671/3277
f 3268/5659/3268 3271/5662/3271 3274/5665/3274 3277/5671/3277
f 3278/231/3278 3282/5672/3282 3284/5673/3284 3283/5674/3283
f 3282/5672/3282 3286/5675/3286 3287/5676/3287 3284/5673/3284
f 3279/5677/3279 3285/5678/3285 3287/5676/3287 3286/5675/3286
f 3285/5678/3285 3289/5679/3289 3290/5680/3290 3287/5676/3287
f 3280/1229/3280 3288/5681/3288 3290/5682/3290 3289/1230/3289
f 3288/5681/3288 3292/5683/3292 3293/5684/3293 3290/5682/3290
f 3281/868/3281 3291/5685/3291 3293/5684/3293 3292/5683/3292
f 3291/5685/3291 3283/5674/3283 3284/5673/3284 3293/5684/3293
f 3284/5673/3284 3287/5676/3287 3290/5682/3290 3293/5684/3293
f 3294/1442/3294 3299/5686/3299 3301/5687/3301 3300/5688/3300
f 3299/5686/3299 3303/5689/3303 3304/5690/3304 3301/5687/3301
f 3295/1294/3295 3302/5691/3302 3304/5690/3304 3303/5689/3303
f 3302/5691/3302 3306/5692/3306 3307/5693/3307 3304/5690/3304
f 3296/2272/3296 3305/5694/3305 3307/5693/3307 3306/5692/3306
f 3305/5694/3305 3309/5695/3309 3310/5696/3310 3307/5693/3307
f 3297/1357/3297 3308/5697/3308 3310/5696/3310 3309/5695/3309
f 3308/5697/3308 3312/5698/3312 3313/5699/3313 3310/5696/3310
f 3298/1398/3298 3311/5700/3311 3313/5699/3313 3312/5698/3312
f 3311/5700/3311 3300/5688/3300 3301/5687/3301 3313/5699/3313
f 3301/5687/3301 3304/5690/3304 3307/5693/3307 3310/5696/3310 3313/5699/3313
f 3314/1391/3314 3320/5701/3320 3322/5702/3322 3321/5703/3321
f 3320/5701/3320 3324/5704/3324 3325/5705/3325 3322/5702/3322
f 3315/1233/3315 3323/5706/3323 3325/5705/3325 3324/5704/3324
f 3323/5706/3323 3327/5707/3327 3328/5708/3328 3325/5705/3325
f 3316/5709/3316 3326/5710/3326 3328/5708/3328 3327/5707/3327
f 3326/5710/3326 3330/5711/3330 3331/5712/3331 3328/5708/3328
f 3317/2275/3317 3329/5713/3329 3331/5714/3331 3330/2276/3330
f 3329/5713/3329 3333/5715/3333 3334/5716/3334 3331/5714/3331
f 3318/1293/3318 3332/5717/3332 3334/5716/3334 3333/5715/3333
f 3332/5717/3332 3336/5718/3336 3337/5719/3337 3334/5716/3334
f 3319/1308/3319 3335/5720/3335 3337/5719/3337 3336/5718/3336
f 3335/5720/3335 3321/5703/3321 3322/5702/3322 3337/5719/3337
f 3322/5702/3322 3325/5705/3325 3328/5708/3328 3331/5714/3331 3334/5716/3334 3337/5719/3337
f 3338/1491/3338 3344/5721/3344 3346/5722/3346 3345/5723/3345
f 3344/5721/3344 3348/5724/3348 3349/5725/3349 3346/5722/3346
f 3339/1358/3339 3347/5726/3347 3349/5725/3349 3348/5724/3348
f 3347/5726/3347 3351/5727/3351 3352/5728/3352 3349/5725/3349
f 3340/5729/3340 3350/5730/3350 3352/5728/3352 3351/5727/3351
f 3350/5730/3350 3354/5731/3354 3355/5732/3355 3352/5728/3352
f 3341/2266/3341 3353/5733/3353 3355/5734/3355 3354/2267/3354
f 3353/5733/3353 3357/5735/3357 3358/5736/3358 3355/5734/3355
f 3342/1516/3342 3356/5737/3356 3358/5736/3358 3357/5735/3357
f 3356/5737/3356 3360/5738/3360 3361/5739/3361 3358/5736/3358
f 3343/1542/3343 3359/5740/3359 3361/5739/3361 3360/5738/3360
f 3359/5740/3359 3345/5723/3345 3346/5722/3346 3361/5739/3361
f 3346/5722/3346 3349/5725/3349 3352/5728/3352 3355/5734/3355 3358/5736/3358 3361/5739/3361
f 3362/1528/3362 3368/5741/3368 3370/5742/3370 3369/5743/3369
f 3368/5741/3368 3372/5744/3372 3373/5745/3373 3370/5742/3370
f 3363/1460/3363 3371/5746/3371 3373/5745/3373 3372/5744/3372
f 3371/5746/3371 3375/5747/3375 3376/5748/3376 3373/5745/3373
f 3364/5749/3364 3374/5750/3374 3376/5748/3376 3375/5747/3375
f 3374/5750/3374 3378/5751/3378 3379/5752/3379 3376/5748/3376
f 3365/2257/3365 3377/5753/3377 3379/5754/3379 3378/2258/3378
f 3377/5753/3377 3381/5755/3381 3382/5756/3382 3379/5754/3379
f 3366/1569/3366 3380/5757/3380 3382/5756/3382 3381/5755/3381
f 3380/5757/3380 3384/5758/3384 3385/5759/3385 3382/5756/3382
f 3367/1472/3367 3383/5760/3383 3385/5759/3385 3384/5758/3384
f 3383/5760/3383 3369/5743/3369 3370/5742/3370 3385/5759/3385
f 3370/5742/3370 3373/5745/3373 3376/5748/3376 3379/5754/3379 3382/5756/3382 3385/5759/3385
f 3386/1660/3386 3392/5761/3392 3394/5762/3394 3393/5763/3393
f 3392/5761/3392 3396/5764/3396 3397/5765/3397 3394/5762/3394
f 3387/1509/3387 3395/5766/3395 3397/5765/3397 3396/5764/3396
f 3395/5766/3395 3399/5767/3399 3400/5768/3400 3397/5765/3397
f 3388/5769/3388 3398/5770/3398 3400/5768/3400 3399/5767/3399
f 3398/5770/3398 3402/5771/3402 3403/5772/3403 3400/5768/3400
f 3389/2252/3389 3401/5773/3401 3403/5774/3403 3402/2253/3402
f 3401/5773/3401 3405/5775/3405 3406/5776/3406 3403/5774/3403
f 3390/1575/3390 3404/5777/3404 3406/5776/3406 3405/5775/3405
f 3404/5777/3404 3408/5778/3408 3409/5779/3409 3406/5776/3406
f 3391/1535/3391 3407/5780/3407 3409/5779/3409 3408/5778/3408
f 3407/5780/3407 3393/5763/3393 3394/5762/3394 3409/5779/3409
f 3394/5762/3394 3397/5765/3397 3400/5768/3400 3403/5774/3403 3406/5776/3406 3409/5779/3409
f 3410/1730/3410 3416/5781/3416 3418/5782/3418 3417/5783/3417
f 3416/5781/3416 3420/5784/3420 3421/5785/3421 3418/5782/3418
f 3411/1576/3411 3419/5786/3419 3421/5785/3421 3420/5784/3420
f 3419/5786/3419 3423/5787/3423 3424/5788/3424 3421/5785/3421
f 3412/5789/3412 3422/5790/3422 3424/5788/3424 3423/5787/3423
f 3422/2248/3422 3426/2247/3426 3427/5791/3427 3424/5792/3424
f 3413/2246/3413 3425/5793/3425 3427/5791/3427 3426/2247/3426
f 3425/5793/3425 3429/5794/3429 3430/5795/3430 3427/5791/3427
f 3414/1756/3414 3428/5796/3428 3430/5795/3430 3429/5794/3429
f 3428/5796/3428 3432/5797/3432 3433/5798/3433 3430/5795/3430
f 3415/1736/3415 3431/5799/3431 3433/5798/3433 3432/5797/3432
f 3431/5799/3431 3417/5783/3417 3418/5782/3418 3433/5798/3433
f 3418/5782/3418 3421/5785/3421 3424/5788/3424 3427/5791/3427 3430/5795/3430 3433/5798/3433
f 3434/1787/3434 3440/5800/3440 3442/5801/3442 3441/5802/3441
f 3440/5800/3440 3444/5803/3444 3445/5804/3445 3442/5801/3442
f 3435/1642/3435 3443/5805/3443 3445/5804/3445 3444/5803/3444
f 3443/5805/3443 3447/5806/3447 3448/5807/3448 3445/5804/3445
f 3436/5808/3436 3446/5809/3446 3448/5807/3448 3447/5806/3447
f 3446/2242/3446 3450/2241/3450 3451/5810/3451 3448/5811/3448
f 3437/2240/3437 3449/5812/3449 3451/5810/3451 3450/2241/3450
f 3449/5812/3449 3453/5813/3453 3454/5814/3454 3451/5810/3451
f 3438/1748/3438 3452/5815/3452 3454/5814/3454 3453/5813/3453
f 3452/5815/3452 3456/5816/3456 3457/5817/3457 3454/5814/3454
f 3439/1698/3439 3455/5818/3455 3457/5817/3457 3456/5816/3456
f 3455/5818/3455 3441/5802/3441 3442/5801/3442 3457/5817/3457
f 3442/5801/3442 3445/5804/3445 3448/5807/3448 3451/5810/3451 3454/5814/3454 3457/5817/3457
f 3458/1802/3458 3464/5819/3464 3466/5820/3466 3465/5821/3465
f 3464/5819/3464 3468/5822/3468 3469/5823/3469 3466/5820/3466
f 3459/1749/3459 3467/5824/3467 3469/5823/3469 3468/5822/3468
f 3467/5824/3467 3471/5825/3471 3472/5826/3472 3469/5823/3469
f 3460/5827/3460 3470/5828/3470 3472/5826/3472 3471/5825/3471
f 3470/2235/3470 3474/2234/3474 3475/5829/3475 3472/5830/3472
f 3461/2233/3461 3473/5831/3473 3475/5829/3475 3474/2234/3474
f 3473/5831/3473 3477/5832/3477 3478/5833/3478 3475/5829/3475
f 3462/1820/3462 3476/5834/3476 3478/5833/3478 3477/5832/3477
f 3476/5834/3476 3480/5835/3480 3481/5836/3481 3478/5833/3478
f 3463/1774/3463 3479/5837/3479 3481/5836/3481 3480/5835/3480
f 3479/5837/3479 3465/5821/3465 3466/5820/3466 3481/5836/3481
f 3466/5820/3466 3469/5823/3469 3472/5826/3472 3475/5829/3475 3478/5833/3478 3481/5836/3481
f 3482/1857/3482 3487/5838/3487 3489/5839/3489 3488/5840/3488
f 3487/5838/3487 3491/5841/3491 3492/5842/3492 3489/5839/3489
f 3483/1821/3483 3490/5843/3490 3492/5842/3492 3491/5841/3491
f 3490/5843/3490 3494/5844/3494 3495/5845/3495 3492/5842/3492
f 3484/2230/3484 3493/5846/3493 3495/5845/3495 3494/5844/3494
f 3493/5846/3493 3497/5847/3497 3498/5848/3498 3495/5845/3495
f 3485/1894/3485 3496/5849/3496 3498/5848/3498 3497/5847/3497
f 3496/5849/3496 3500/5850/3500 3501/5851/3501 3498/5848/3498
f 3486/1941/3486 3499/5852/3499 3501/5851/3501 3500/5850/3500
f 3499/5852/3499 3488/5840/3488 3489/5839/3489 3501/5851/3501
f 3489/5839/3489 3492/5842/3492 3495/5845/3495 3498/5848/3498 3501/5851/3501
f 3502/1952/3502 3508/5853/3508 3510/5854/3510 3509/5855/3509
f 3508/5853/3508 3512/5856/3512 3513/5857/3513 3510/5854/3510
f 3503/1895/3503 3511/5858/3511 3513/5857/3513 3512/5856/3512
f 3511/5858/3511 3515/5859/3515 3516/5860/3516 3513/5857/3513
f 3504/5861/3504 3514/5862/3514 3516/5860/3516 3515/5859/3515
f 3514/2225/3514 3518/2224/3518 3519/5863/3519 3516/5864/3516
f 3505/2223/3505 3517/5865/3517 3519/5863/3519 3518/2224/3518
f 3517/5865/3517 3521/5866/3521 3522/5867/3522 3519/5863/3519
f 3506/2008/3506 3520/5868/3520 3522/5867/3522 3521/5866/3521
f 3520/5868/3520 3524/5869/3524 3525/5870/3525 3522/5867/3522
f 3507/1918/3507 3523/5871/3523 3525/5870/3525 3524/5869/3524
f 3523/5871/3523 3509/5855/3509 3510/5854/3510 3525/5870/3525
f 3510/5854/3510 3513/5857/3513 3516/5860/3516 3519/5863/3519 3522/5867/3522 3525/5870/3525
f 3526/2035/3526 3531/5872/3531 3533/5873/3533 3532/5874/3532
f 3531/5872/3531 3535/5875/3535 3536/5876/3536 3533/5873/3533
f 3527/1971/3527 3534/5877/3534 3536/5876/3536 3535/5875/3535
f 3534/5877/3534 3538/5878/3538 3539/5879/3539 3536/5876/3536
f 3528/2292/3528 3537/5880/3537 3539/5879/3539 3538/5878/3538
f 3537/5880/3537 3541/5881/3541 3542/5882/3542 3539/5879/3539
f 3529/2092/3529 3540/5883/3540 3542/5882/3542 3541/5881/3541
f 3540/5883/3540 3544/5884/3544 3545/5885/3545 3542/5882/3542
f 3530/1983/3530 3543/5886/3543 3545/5885/3545 3544/5884/3544
f 3543/5886/3543 3532/5874/3532 3533/5873/3533 3545/5885/3545
f 3533/5873/3533 3536/5876/3536 3539/5879/3539 3542/5882/3542 3545/5885/3545
f 3546/1045/3546 3551/5887/3551 3553/5888/3553 3552/5889/3552
f 3551/5887/3551 3555/5890/3555 3556/5891/3556 3553/5888/3553
f 3547/2002/3547 3554/5892/3554 3556/5891/3556 3555/5890/3555
f 3554/5892/3554 3558/5893/3558 3559/5894/3559 3556/5891/3556
f 3548/2289/3548 3557/5895/3557 3559/5894/3559 3558/5893/3558
f 3557/5895/3557 3561/5896/3561 3562/5897/3562 3559/5894/3559
f 3549/992/3549 3560/5898/3560 3562/5897/3562 3561/5896/3561
f 3560/5898/3560 3564/5899/3564 3565/5900/3565 3562/5897/3562
f 3550/2042/3550 3563/5901/3563 3565/5900/3565 3564/5899/3564
f 3563/5901/3563 3552/5889/3552 3553/5888/3553 3565/5900/3565
f 3553/5888/3553 3556/5891/3556 3559/5894/3559 3562/5897/3562 3565/5900/3565
f 3566/1063/3566 3571/5902/3571 3573/5903/3573 3572/5904/3572
f 3571/5902/3571 3575/5905/3575 3576/5906/3576 3573/5903/3573
f 3567/2086/3567 3574/5907/3574 3576/5906/3576 3575/5905/3575
f 3574/5907/3574 3578/5908/3578 3579/5909/3579 3576/5906/3576
f 3568/2286/3568 3577/5910/3577 3579/5909/3579 3578/5908/3578
f 3577/5910/3577 3581/5911/3581 3582/5912/3582 3579/5909/3579
f 3569/984/3569 3580/5913/3580 3582/5912/3582 3581/5911/3581
f 3580/5913/3580 3584/5914/3584 3585/5915/3585 3582/5912/3582
f 3570/1109/3570 3583/5916/3583 3585/5915/3585 3584/5914/3584
f 3583/5916/3583 3572/5904/3572 3573/5903/3573 3585/5915/3585
f 3573/5903/3573 3576/5906/3576 3579/5909/3579 3582/5912/3582 3585/5915/3585
f 3586/1012/3586 3591/5917/3591 3593/5918/3593 3592/5919/3592
f 3591/5917/3591 3595/5920/3595 3596/5921/3596 3593/5918/3593
f 3587/985/3587 3594/5922/3594 3596/5921/3596 3595/5920/3595
f 3594/5922/3594 3598/5923/3598 3599/5924/3599 3596/5921/3596
f 3588/2283/3588 3597/5925/3597 3599/5924/3599 3598/5923/3598
f 3597/5925/3597 3601/5926/3601 3602/5927/3602 3599/5924/3599
f 3589/1152/3589 3600/5928/3600 3602/5927/3602 3601/5926/3601
f 3600/5928/3600 3604/5929/3604 3605/5930/3605 3602/5927/3602
f 3590/1102/3590 3603/5931/3603 3605/5930/3605 3604/5929/3604
f 3603/5931/3603 3592/5919/3592 3593/5918/3593 3605/5930/3605
f 3593/5918/3593 3596/5921/3596 3599/5924/3599 3602/5927/3602 3605/5930/3605
f 3606/1177/3606 3611/5932/3611 3613/5933/3613 3612/5934/3612
f 3611/5932/3611 3615/5935/3615 3616/5936/3616 3613/5933/3613
f 3607/1080/3607 3614/5937/3614 3616/5936/3616 3615/5935/3615
f 3614/5937/3614 3618/5938/3618 3619/5939/3619 3616/5936/3616
f 3608/837/3608 3617/5940/3617 3619/5939/3619 3618/5938/3618
f 3617/5940/3617 3621/5941/3621 3622/5942/3622 3619/5939/3619
f 3609/1226/3609 3620/5943/3620 3622/5942/3622 3621/5941/3621
f 3620/5943/3620 3624/5944/3624 3625/5945/3625 3622/5942/3622
f 3610/1138/3610 3623/5946/3623 3625/5945/3625 3624/5944/3624
f 3623/5946/3623 3612/5934/3612 3613/5933/3613 3625/5945/3625
f 3613/5933/3613 3616/5936/3616 3619/5939/3619 3622/5942/3622 3625/5945/3625
f 3626/1301/3626 3631/5947/3631 3633/5948/3633 3632/5949/3632
f 3631/5947/3631 3635/5950/3635 3636/5951/3636 3633/5948/3633
f 3627/1159/3627 3634/5952/3634 3636/5951/3636 3635/5950/3635
f 3634/5952/3634 3638/5953/3638 3639/5954/3639 3636/5951/3636
f 3628/963/3628 3637/5955/3637 3639/5954/3639 3638/5953/3638
f 3637/5955/3637 3641/5956/3641 3642/5957/3642 3639/5954/3639
f 3629/1275/3629 3640/5958/3640 3642/5957/3642 3641/5956/3641
f 3640/5958/3640 3644/5959/3644 3645/5960/3645 3642/5957/3642
f 3630/1170/3630 3643/5961/3643 3645/5960/3645 3644/5959/3644
f 3643/5961/3643 3632/5949/3632 3633/5948/3633 3645/5960/3645
f 3633/5948/3633 3636/5951/3636 3639/5954/3639 3642/5957/3642 3645/5960/3645
f 3646/1073/3646 3650/5962/3650 3652/5963/3652 3651/5964/3651
f 3650/5962/3650 3654/5965/3654 3655/5966/3655 3652/5963/3652
f 3647/1011/3647 3653/5967/3653 3655/5966/3655 3654/5965/3654
f 3653/5967/3653 3657/5968/3657 3658/5969/3658 3655/5966/3655
f 3648/1056/3648 3656/5970/3656 3658/5969/3658 3657/5968/3657
f 3656/5970/3656 3660/5971/3660 3661/5972/3661 3658/5969/3658
f 3649/2124/3649 3659/5973/3659 3661/5972/3661 3660/5971/3660
f 3659/5973/3659 3651/5964/3651 3652/5963/3652 3661/5972/3661
f 3652/5963/3652 3655/5966/3655 3658/5969/3658 3661/5972/3661
f 3662/978/3662 3666/5974/3666 3668/5975/3668 3667/5976/3667
f 3666/5974/3666 3670/5977/3670 3671/5978/3671 3668/5975/3668
f 3663/1122/3663 3669/5979/3669 3671/5978/3671 3670/5977/3670
f 3669/5979/3669 3673/5980/3673 3674/5981/3674 3671/5978/3671
f 3664/1038/3664 3672/5982/3672 3674/5981/3674 3673/5980/3673
f 3672/5982/3672 3676/5983/3676 3677/5984/3677 3674/5981/3674
f 3665/2043/3665 3675/5985/3675 3677/5984/3677 3676/5983/3676
f 3675/5985/3675 3667/5976/3667 3668/5975/3668 3677/5984/3677
f 3668/5975/3668 3671/5978/3671 3674/5981/3674 3677/5984/3677
f 3678/1050/3678 3682/5986/3682 3684/5987/3684 3683/5988/3683
f 3682/5986/3682 3686/5989/3686 3687/5990/3687 3684/5987/3684
f 3679/1984/3679 3685/5991/3685 3687/5990/3687 3686/5989/3686
f 3685/5991/3685 3689/5992/3689 3690/5993/3690 3687/5990/3687
f 3680/2080/3680 3688/5994/3688 3690/5993/3690 3689/5992/3689
f 3688/5994/3688 3692/5995/3692 3693/5996/3693 3690/5993/3690
f 3681/1033/3681 3691/5997/3691 3693/5996/3693 3692/5995/3692
f 3691/5997/3691 3683/5988/3683 3684/5987/3684 3693/5996/3693
f 3684/5987/3684 3687/5990/3687 3690/5993/3690 3693/5996/3693
f 3694/2013/3694 3698/5998/3698 3700/5999/3700 3699/6000/3699
f 3698/5998/3698 3702/6001/3702 3703/6002/3703 3700/5999/3700
f 3695/1919/3695 3701/6003/3701 3703/6002/3703 3702/6001/3702
f 3701/6003/3701 3705/6004/3705 3706/6005/3706 3703/6002/3703
f 3696/1995/3696 3704/6006/3704 3706/6005/3706 3705/6004/3705
f 3704/6006/3704 3708/6007/3708 3709/6008/3709 3706/6005/3706
f 3697/2109/3697 3707/6009/3707 3709/6008/3709 3708/6007/3708
f 3707/6009/3707 3699/6000/3699 3700/5999/3700 3709/6008/3709
f 3700/5999/3700 3703/6002/3703 3706/6005/3706 3709/6008/3709
f 3710/2019/3710 3714/6010/3714 3716/6011/3716 3715/6012/3715
f 3714/6010/3714 3718/6013/3718 3719/6014/3719 3716/6011/3716
f 3711/1924/3711 3717/6015/3717 3719/6014/3719 3718/6013/3718
f 3717/6015/3717 3721/6016/3721 3722/6017/3722 3719/6014/3719
f 3712/1844/3712 3720/6018/3720 3722/6017/3722 3721/6016/3721
f 3720/6018/3720 3724/6019/3724 3725/6020/3725 3722/6017/3722
f 3713/1959/3713 3723/6021/3723 3725/6020/3725 3724/6019/3724
f 3723/6021/3723 3715/6012/3715 3716/6011/3716 3725/6020/3725
f 3716/6011/3716 3719/6014/3719 3722/6017/3722 3725/6020/3725
f 3726/1888/3726 3730/6022/3730 3732/6023/3732 3731/6024/3731
f 3730/6022/3730 3734/6025/3734 3735/6026/3735 3732/6023/3732
f 3727/1934/3727 3733/6027/3733 3735/6026/3735 3734/6025/3734
f 3733/6027/3733 3737/6028/3737 3738/6029/3738 3735/6026/3735
f 3728/1870/3728 3736/6030/3736 3738/6029/3738 3737/6028/3737
f 3736/6030/3736 3740/6031/3740 3741/6032/3741 3738/6029/3738
f 3729/1775/3729 3739/6033/3739 3741/6032/3741 3740/6031/3740
f 3739/6033/3739 3731/6024/3731 3732/6023/3732 3741/6032/3741
f 3732/6023/3732 3735/6026/3735 3738/6029/3738 3741/6032/3741
f 3742/1814/3742 3746/6034/3746 3748/6035/3748 3747/6036/3747
f 3746/6034/3746 3750/6037/3750 3751/6038/3751 3748/6035/3748
f 3743/1865/3743 3749/6039/3749 3751/6038/3751 3750/6037/3750
f 3749/6039/3749 3753/6040/3753 3754/6041/3754 3751/6038/3751
f 3744/1780/3744 3752/6042/3752 3754/6041/3754 3753/6040/3753
f 3752/6042/3752 3756/6043/3756 3757/6044/3757 3754/6041/3754
f 3745/1699/3745 3755/6045/3755 3757/6044/3757 3756/6043/3756
f 3755/6045/3755 3747/6036/3747 3748/6035/3748 3757/6044/3757
f 3748/6035/3748 3751/6038/3751 3754/6041/3754 3757/6044/3757
f 3758/1742/3758 3762/6046/3762 3764/6047/3764 3763/6048/3763
f 3762/6046/3762 3766/6049/3766 3767/6050/3767 3764/6047/3764
f 3759/1786/3759 3765/6051/3765 3767/6050/3767 3766/6049/3766
f 3765/6051/3765 3769/6052/3769 3770/6053/3770 3767/6050/3767
f 3760/1723/3760 3768/6054/3768 3770/6053/3770 3769/6052/3769
f 3768/6054/3768 3772/6055/3772 3773/6056/3773 3770/6053/3770
f 3761/1623/3761 3771/6057/3771 3773/6056/3773 3772/6055/3772
f 3771/6057/3771 3763/6048/3763 3764/6047/3764 3773/6056/3773
f 3764/6047/3764 3767/6050/3767 3770/6053/3770 3773/6056/3773
f 3774/1635/3774 3778/6058/3778 3780/6059/3780 3779/6060/3779
f 3778/6058/3778 3782/6061/3782 3783/6062/3783 3780/6059/3780
f 3775/1718/3775 3781/6063/3781 3783/6062/3783 3782/6061/3782
f 3781/6063/3781 3785/6064/3785 3786/6065/3786 3783/6062/3783
f 3776/1653/3776 3784/6066/3784 3786/6065/3786 3785/6064/3785
f 3784/6066/3784 3788/6067/3788 3789/6068/3789 3786/6065/3786
f 3777/1536/3777 3787/6069/3787 3789/6068/3789 3788/6067/3788
f 3787/6069/3787 3779/6060/3779 3780/6059/3780 3789/6068/3789
f 3780/6059/3780 3783/6062/3783 3786/6065/3786 3789/6068/3789
f 3790/1659/3790 3794/6070/3794 3796/6071/3796 3795/6072/3795
f 3794/6070/3794 3798/6073/3798 3799/6074/3799 3796/6071/3796
f 3791/1581/3791 3797/6075/3797 3799/6074/3799 3798/6073/3798
f 3797/6075/3797 3801/6076/3801 3802/6077/3802 3799/6074/3799
f 3792/1473/3792 3800/6078/3800 3802/6077/3802 3801/6076/3801
f 3800/6078/3800 3804/6079/3804 3805/6080/3805 3802/6077/3802
f 3793/1562/3793 3803/6081/3803 3805/6080/3805 3804/6079/3804
f 3803/6081/3803 3795/6072/3795 3796/6071/3796 3805/6080/3805
f 3796/6071/3796 3799/6074/3799 3802/6077/3802 3805/6080/3805
f 3806/1502/3806 3810/6082/3810 3812/6083/3812 3811/6084/3811
f 3810/6082/3810 3814/6085/3814 3815/6086/3815 3812/6083/3812
f 3807/1591/3807 3813/6087/3813 3815/6086/3815 3814/6085/3814
f 3813/6087/3813 3817/6088/3817 3818/6089/3818 3815/6086/3815
f 3808/1484/3808 3816/6090/3816 3818/6089/3818 3817/6088/3817
f 3816/6090/3816 3820/6091/3820 3821/6092/3821 3818/6089/3818
f 3809/1334/3809 3819/6093/3819 3821/6092/3821 3820/6091/3820
f 3819/6093/3819 3811/6084/3811 3812/6083/3812 3821/6092/3821
f 3812/6083/3812 3815/6086/3815 3818/6089/3818 3821/6092/3821
f 3822/1555/3822 3826/6094/3826 3828/6095/3828 3827/6096/3827
f 3826/6094/3826 3830/6097/3830 3831/6098/3831 3828/6095/3828
f 3823/1432/3823 3829/6099/3829 3831/6098/3831 3830/6097/3830
f 3829/6099/3829 3833/6100/3833 3834/6101/3834 3831/6098/3831
f 3824/1282/3824 3832/6102/3832 3834/6101/3834 3833/6100/3833
f 3832/6102/3832 3836/6103/3836 3837/6104/3837 3834/6101/3834
f 3825/1448/3825 3835/6105/3835 3837/6104/3837 3836/6103/3836
f 3835/6105/3835 3827/6096/3827 3828/6095/3828 3837/6104/3837
f 3828/6095/3828 3831/6098/3831 3834/6101/3834 3837/6104/3837
f 3838/1326/3838 3842/6106/3842 3844/6107/3844 3843/6108/3843
f 3842/6106/3842 3846/6109/3846 3847/6110/3847 3844/6107/3844
f 3839/1345/3839 3845/6111/3845 3847/6110/3847 3846/6109/3846
f 3845/6111/3845 3849/6112/3849 3850/6113/3850 3847/6110/3847
f 3840/1420/3840 3848/6114/3848 3850/6113/3850 3849/6112/3849
f 3848/6114/3848 3852/6115/3852 3853/6116/3853 3850/6113/3850
f 3841/1363/3841 3851/6117/3851 3853/6116/3853 3852/6115/3852
f 3851/6117/3851 3843/6108/3843 3844/6107/3844 3853/6116/3853
f 3844/6107/3844 3847/6110/3847 3850/6113/3850 3853/6116/3853
f 3854/1171/3854 3858/6118/3858 3860/6119/3860 3859/6120/3859
f 3858/6118/3858 3862/6121/3862 3863/6122/3863 3860/6119/3860
f 3855/1268/3855 3861/6123/3861 3863/6122/3863 3862/6121/3862
f 3861/6123/3861 3865/6124/3865 3866/6125/3866 3863/6122/3863
f 3856/1390/3856 3864/6126/3864 3866/6125/3866 3865/6124/3865
f 3864/6126/3864 3868/6127/3868 3869/6128/3869 3866/6125/3866
f 3857/1287/3857 3867/6129/3867 3869/6128/3869 3868/6127/3868
f 3867/6129/3867 3859/6120/3859 3860/6119/3860 3869/6128/3869
f 3860/6119/3860 3863/6122/3863 3866/6125/3866 3869/6128/3869
f 3870/1139/3870 3874/6130/3874 3876/6131/3876 3875/6132/3875
f 3874/6130/3874 3878/6133/3878 3879/6134/3879 3876/6131/3876
f 3871/1220/3871 3877/6135/3877 3879/6134/3879 3878/6133/3878
f 3877/6135/3877 3881/6136/3881 3882/6137/3882 3879/6134/3879
f 3872/1300/3872 3880/6138/3880 3882/6137/3882 3881/6136/3881
f 3880/6138/3880 3884/6139/3884 3885/6140/3885 3882/6137/3882
f 3873/1202/3873 3883/6141/3883 3885/6140/3885 3884/6139/3884
f 3883/6141/3883 3875/6132/3875 3876/6131/3876 3885/6140/3885
f 3876/6131/3876 3879/6134/3879 3882/6137/3882 3885/6140/3885
f 3886/1103/3886 3890/6142/3890 3892/6143/3892 3891/6144/3891
f 3890/6142/3890 3894/6145/3894 3895/6146/3895 3892/6143/3892
f 3887/1145/3887 3893/6147/3893 3895/6146/3895 3894/6145/3894
f 3893/6147/3893 3897/6148/3897 3898/6149/3898 3895/6146/3895
f 3888/1214/3888 3896/6150/3896 3898/6149/3898 3897/6148/3897
f 3896/6150/3896 3900/6151/3900 3901/6152/3901 3898/6149/3898
f 3889/1096/3889 3899/6153/3899 3901/6152/3901 3900/6151/3900
f 3899/6153/3899 3891/6144/3891 3892/6143/3892 3901/6152/3901
f 3892/6143/3892 3895/6146/3895 3898/6149/3898 3901/6152/3901
f 3902/87/3902 3906/6154/3906 3908/6155/3908 3907/6156/3907
f 3906/6154/3906 3910/6157/3910 3911/6158/3911 3908/6155/3908
f 3903/6159/3903 3909/6160/3909 3911/6158/3911 3910/6157/3910
f 3909/6160/3909 3913/6161/3913 3914/6162/3914 3911/6158/3911
f 3904/988/3904 3912/6163/3912 3914/6164/3914 3913/989/3913
f 3912/6163/3912 3916/6165/3916 3917/6166/3917 3914/6164/3914
f 3905/585/3905 3915/6167/3915 3917/6166/3917 3916/6165/3916
f 3915/6167/3915 3907/6156/3907 3908/6155/3908 3917/6166/3917
f 3908/6155/3908 3911/6158/3911 3914/6164/3914 3917/6166/3917
f 3918/91/3918 3922/6168/3922 3924/6169/3924 3923/6170/3923
f 3922/6168/3922 3926/6171/3926 3927/6172/3927 3924/6169/3924
f 3919/6173/3919 3925/6174/3925 3927/6172/3927 3926/6171/3926
f 3925/6174/3925 3929/6175/3929 3930/6176/3930 3927/6172/3927
f 3920/1001/3920 3928/6177/3928 3930/6178/3930 3929/1002/3929
f 3928/6177/3928 3932/6179/3932 3933/6180/3933 3930/6178/3930
f 3921/657/3921 3931/6181/3931 3933/6180/3933 3932/6179/3932
f 3931/6181/3931 3923/6170/3923 3924/6169/3924 3933/6180/3933
f 3924/6169/3924 3927/6172/3927 3930/6178/3930 3933/6180/3933
f 3934/706/3934 3938/6182/3938 3940/6183/3940 3939/6184/3939
f 3938/6182/3938 3942/6185/3942 3943/6186/3943 3940/6183/3940
f 3935/658/3935 3941/6187/3941 3943/6186/3943 3942/6185/3942
f 3941/6187/3941 3945/6188/3945 3946/6189/3946 3943/6186/3943
f 3936/6190/3936 3944/6191/3944 3946/6189/3946 3945/6188/3945
f 3944/6191/3944 3948/6192/3948 3949/6193/3949 3946/6189/3946
f 3937/1119/3937 3947/6194/3947 3949/6195/3949 3948/1120/3948
f 3947/6194/3947 3939/6184/3939 3940/6183/3940 3949/6195/3949
f 3940/6183/3940 3943/6186/3943 3946/6189/3946 3949/6195/3949
f 3950/90/3950 3954/6196/3954 3956/6197/3956 3955/6198/3955
f 3954/6196/3954 3958/6199/3958 3959/6200/3959 3956/6197/3956
f 3951/707/3951 3957/6201/3957 3959/6200/3959 3958/6199/3958
f 3957/6201/3957 3961/6202/3961 3962/6203/3962 3959/6200/3959
f 3952/6204/3952 3960/6205/3960 3962/6203/3962 3961/6202/3961
f 3960/1061/3960 3964/1060/3964 3965/6206/3965 3962/6207/3962
f 3953/1059/3953 3963/6208/3963 3965/6206/3965 3964/1060/3964
f 3963/6208/3963 3955/6198/3955 3956/6197/3956 3965/6206/3965
f 3956/6197/3956 3959/6200/3959 3962/6203/3962 3965/6206/3965
f 3974/55/3974 3978/6209/3978 3980/6210/3980 3979/6211/3979
f 3978/6209/3978 3982/6212/3982 3983/6213/3983 3980/6210/3980
f 3975/6214/3975 3981/6215/3981 3983/6213/3983 3982/6212/3982
f 3981/996/3981 3985/995/3985 3986/6216/3986 3983/6217/3983
f 3976/994/3976 3984/6218/3984 3986/6216/3986 3985/995/3985
f 3984/6218/3984 3988/6219/3988 3989/6220/3989 3986/6216/3986
f 3977/653/3977 3987/6221/3987 3989/6220/3989 3988/6219/3988
f 3987/6221/3987 3979/6211/3979 3980/6210/3980 3989/6220/3989
f 3980/6210/3980 3983/6213/3983 3986/6216/3986 3989/6220/3989
f 3990/94/3990 3994/6222/3994 3996/6223/3996 3995/6224/3995
f 3994/6222/3994 3998/6225/3998 3999/6226/3999 3996/6223/3996
f 3991/510/3991 3997/6227/3997 3999/6226/3999 3998/6225/3998
f 3997/6227/3997 4001/6228/4001 4002/6229/4002 3999/6226/3999
f 3992/6230/3992 4000/6231/4000 4002/6229/4002 4001/6228/4001
f 4000/2041/4000 4004/2040/4004 4005/6232/4005 4002/6233/4002
f 3993/2039/3993 4003/6234/4003 4005/6232/4005 4004/2040/4004
f 4003/6234/4003 3995/6224/3995 3996/6223/3996 4005/6232/4005
f 3996/6223/3996 3999/6226/3999 4002/6229/4002 4005/6232/4005
f 4006/603/4006 4010/6235/4010 4012/6236/4012 4011/6237/4011
f 4010/6235/4010 4014/6238/4014 4015/6239/4015 4012/6236/4012
f 4007/6240/4007 4013/6241/4013 4015/6239/4015 4014/6238/4014
f 4013/2114/4013 4017/2113/4017 4018/6242/4018 4015/6243/4015
f 4008/2112/4008 4016/6244/4016 4018/6242/4018 4017/2113/4017
f 4016/6244/4016 4020/6245/4020 4021/6246/4021 4018/6242/4018
f 4009/509/4009 4019/6247/4019 4021/6246/4021 4020/6245/4020
f 4019/6247/4019 4011/6237/4011 4012/6236/4012 4021/6246/4021
f 4012/6236/4012 4015/6239/4015 4018/6242/4018 4021/6246/4021
f 4022/602/4022 4026/6248/4026 4028/6249/4028 4027/6250/4027
f 4026/6248/4026 4030/6251/4030 4031/6252/4031 4028/6249/4028
f 4023/95/4023 4029/6253/4029 4031/6252/4031 4030/6251/4030
f 4029/6253/4029 4033/6254/4033 4034/6255/4034 4031/6252/4031
f 4024/6256/4024 4032/6257/4032 4034/6255/4034 4033/6254/4033
f 4032/6257/4032 4036/6258/4036 4037/6259/4037 4034/6255/4034
f 4025/1015/4025 4035/6260/4035 4037/6261/4037 4036/1016/4036
f 4035/6260/4035 4027/6250/4027 4028/6249/4028 4037/6261/4037
f 4028/6249/4028 4031/6252/4031 4034/6255/4034 4037/6261/4037
f 4038/246/4038 4042/6262/4042 4044/6263/4044 4043/6264/4043
f 4042/6262/4042 4046/6265/4046 4047/6266/4047 4044/6263/4044
f 4039/722/4039 4045/6267/4045 4047/6266/4047 4046/6265/4046
f 4045/6267/4045 4049/6268/4049 4050/6269/4050 4047/6266/4047
f 4040/6270/4040 4048/6271/4048 4050/6269/4050 4049/6268/4049
f 4048/2123/4048 4052/2122/4052 4053/6272/4053 4050/6273/4050
f 4041/2121/4041 4051/6274/4051 4053/6272/4053 4052/2122/4052
f 4051/6274/4051 4043/6264/4043 4044/6263/4044 4053/6272/4053
f 4044/6263/4044 4047/6266/4047 4050/6269/4050 4053/6272/4053
f 4054/75/4054 4058/6275/4058 4060/6276/4060 4059/6277/4059
f 4058/6275/4058 4062/6278/4062 4063/6279/4063 4060/6276/4060
f 4055/6280/4055 4061/6281/4061 4063/6279/4063 4062/6278/4062
f 4061/1108/4061 4065/1107/4065 4066/6282/4066 4063/6283/4063
f 4056/1106/4056 4064/6284/4064 4066/6282/4066 4065/1107/4065
f 4064/6284/4064 4068/6285/4068 4069/6286/4069 4066/6282/4066
f 4057/721/4057 4067/6287/4067 4069/6286/4069 4068/6285/4068
f 4067/6287/4067 4059/6277/4059 4060/6276/4060 4069/6286/4069
f 4060/6276/4060 4063/6279/4063 4066/6282/4066 4069/6286/4069
f 4070/74/4070 4074/6288/4074 4076/6289/4076 4075/6290/4075
f 4074/6288/4074 4078/6291/4078 4079/6292/4079 4076/6289/4076
f 4071/247/4071 4077/6293/4077 4079/6292/4079 4078/6291/4078
f 4077/6293/4077 4081/6294/4081 4082/6295/4082 4079/6292/4079
f 4072/6296/4072 4080/6297/4080 4082/6295/4082 4081/6294/4081
f 4080/6297/4080 4084/6298/4084 4085/6299/4085 4082/6295/4082
f 4073/1022/4073 4083/6300/4083 4085/6301/4085 4084/1023/4084
f 4083/6300/4083 4075/6290/4075 4076/6289/4076 4085/6301/4085
f 4076/6289/4076 4079/6292/4079 4082/6295/4082 4085/6301/4085
f 4086/79/4086 4090/6302/4090 4092/6303/4092 4091/6304/4091
f 4090/6302/4090 4094/6305/4094 4095/6306/4095 4092/6303/4092
f 4087/6307/4087 4093/6308/4093 4095/6306/4095 4094/6305/4094
f 4093/1085/4093 4097/1084/4097 4098/6309/4098 4095/6310/4095
f 4088/1083/4088 4096/6311/4096 4098/6309/4098 4097/1084/4097
f 4096/6311/4096 4100/6312/4100 4101/6313/4101 4098/6309/4098
f 4089/463/4089 4099/6314/4099 4101/6313/4101 4100/6312/4100
f 4099/6314/4099 4091/6304/4091 4092/6303/4092 4101/6313/4101
f 4092/6303/4092 4095/6306/4095 4098/6309/4098 4101/6313/4101
f 4102/59/4102 4106/6315/4106 4108/6316/4108 4107/6317/4107
f 4106/6315/4106 4110/6318/4110 4111/6319/4111 4108/6316/4108
f 4103/6320/4103 4109/6321/4109 4111/6319/4111 4110/6318/4110
f 4109/6321/4109 4113/6322/4113 4114/6323/4114 4111/6319/4111
f 4104/1187/4104 4112/6324/4112 4114/6325/4114 4113/1188/4113
f 4112/6324/4112 4116/6326/4116 4117/6327/4117 4114/6325/4114
f 4105/767/4105 4115/6328/4115 4117/6327/4117 4116/6326/4116
f 4115/6328/4115 4107/6317/4107 4108/6316/4108 4117/6327/4117
f 4108/6316/4108 4111/6319/4111 4114/6325/4114 4117/6327/4117
f 4118/779/4118 4122/6329/4122 4124/6330/4124 4123/6331/4123
f 4122/6329/4122 4126/6332/4126 4127/6333/4127 4124/6330/4124
f 4119/768/4119 4125/6334/4125 4127/6333/4127 4126/6332/4126
f 4125/6334/4125 4129/6335/4129 4130/6336/4130 4127/6333/4127
f 4120/6337/4120 4128/6338/4128 4130/6336/4130 4129/6335/4129
f 4128/6338/4128 4132/6339/4132 4133/6340/4133 4130/6336/4130
f 4121/1125/4121 4131/6341/4131 4133/6342/4133 4132/1126/4132
f 4131/6341/4131 4123/6331/4123 4124/6330/4124 4133/6342/4133
f 4124/6330/4124 4127/6333/4127 4130/6336/4130 4133/6342/4133
f 4134/58/4134 4138/6343/4138 4140/6344/4140 4139/6345/4139
f 4138/6343/4138 4142/6346/4142 4143/6347/4143 4140/6344/4140
f 4135/780/4135 4141/6348/4141 4143/6347/4143 4142/6346/4142
f 4141/6348/4141 4145/6349/4145 4146/6350/4146 4143/6347/4143
f 4136/6351/4136 4144/6352/4144 4146/6350/4146 4145/6349/4145
f 4144/1010/4144 4148/1009/4148 4149/6353/4149 4146/6354/4146
f 4137/1008/4137 4147/6355/4147 4149/6353/4149 4148/1009/4148
f 4147/6355/4147 4139/6345/4139 4140/6344/4140 4149/6353/4149
f 4140/6344/4140 4143/6347/4143 4146/6350/4146 4149/6353/4149
f 4158/83/4158 4162/6356/4162 4164/6357/4164 4163/6358/4163
f 4162/6356/4162 4166/6359/4166 4167/6360/4167 4164/6357/4164
f 4159/6361/4159 4165/6362/4165 4167/6360/4167 4166/6359/4166
f 4165/6362/4165 4169/6363/4169 4170/6364/4170 4167/6360/4167
f 4160/1088/4160 4168/6365/4168 4170/6366/4170 4169/1089/4169
f 4168/6365/4168 4172/6367/4172 4173/6368/4173 4170/6366/4170
f 4161/637/4161 4171/6369/4171 4173/6368/4173 4172/6367/4172
f 4171/6369/4171 4163/6358/4163 4164/6357/4164 4173/6368/4173
f 4164/6357/4164 4167/6360/4167 4170/6366/4170 4173/6368/4173
f 4174/258/4174 4178/6370/4178 4180/6371/4180 4179/6372/4179
f 4178/6370/4178 4182/6373/4182 4183/6374/4183 4180/6371/4180
f 4175/472/4175 4181/6375/4181 4183/6374/4183 4182/6373/4182
f 4181/6375/4181 4185/6376/4185 4186/6377/4186 4183/6374/4183
f 4176/6378/4176 4184/6379/4184 4186/6377/4186 4185/6376/4185
f 4184/1101/4184 4188/1100/4188 4189/6380/4189 4186/6381/4186
f 4177/1099/4177 4187/6382/4187 4189/6380/4189 4188/1100/4188
f 4187/6382/4187 4179/6372/4179 4180/6371/4180 4189/6380/4189
f 4180/6371/4180 4183/6374/4183 4186/6377/4186 4189/6380/4189
f 4190/271/4190 4194/6383/4194 4196/6384/4196 4195/6385/4195
f 4194/6383/4194 4198/6386/4198 4199/6387/4199 4196/6384/4196
f 4191/6388/4191 4197/6389/4197 4199/6387/4199 4198/6386/4198
f 4197/1183/4197 4201/1182/4201 4202/6390/4202 4199/6391/4199
f 4192/1181/4192 4200/6392/4200 4202/6390/4202 4201/1182/4201
f 4200/6392/4200 4204/6393/4204 4205/6394/4205 4202/6390/4202
f 4193/471/4193 4203/6395/4203 4205/6394/4205 4204/6393/4204
f 4203/6395/4203 4195/6385/4195 4196/6384/4196 4205/6394/4205
f 4196/6384/4196 4199/6387/4199 4202/6390/4202 4205/6394/4205
f 4206/259/4206 4210/6396/4210 4212/6397/4212 4211/6398/4211
f 4210/6396/4210 4214/6399/4214 4215/6400/4215 4212/6397/4212
f 4207/6401/4207 4213/6402/4213 4215/6400/4215 4214/6399/4214
f 4213/6402/4213 4217/6403/4217 4218/6404/4218 4215/6400/4215
f 4208/1112/4208 4216/6405/4216 4218/6406/4218 4217/1113/4217
f 4216/6405/4216 4220/6407/4220 4221/6408/4221 4218/6406/4218
f 4209/270/4209 4219/6409/4219 4221/6408/4221 4220/6407/4220
f 4219/6409/4219 4211/6398/4211 4212/6397/4212 4221/6408/4221
f 4212/6397/4212 4215/6400/4215 4218/6406/4218 4221/6408/4221
f 4222/254/4222 4226/6410/4226 4228/6411/4228 4227/6412/4227
f 4226/6410/4226 4230/6413/4230 4231/6414/4231 4228/6411/4228
f 4223/309/4223 4229/6415/4229 4231/6414/4231 4230/6413/4230
f 4229/6415/4229 4233/6416/4233 4234/6417/4234 4231/6414/4231
f 4224/6418/4224 4232/6419/4232 4234/6417/4234 4233/6416/4233
f 4232/1150/4232 4236/1149/4236 4237/6420/4237 4234/6421/4234
f 4225/1148/4225 4235/6422/4235 4237/6420/4237 4236/1149/4236
f 4235/6422/4235 4227/6412/4227 4228/6411/4228 4237/6420/4237
f 4228/6411/4228 4231/6414/4231 4234/6417/4234 4237/6420/4237
f 4238/63/4238 4242/6423/4242 4244/6424/4244 4243/6425/4243
f 4242/6423/4242 4246/6426/4246 4247/6427/4247 4244/6424/4244
f 4239/6428/4239 4245/6429/4245 4247/6427/4247 4246/6426/4246
f 4245/6429/4245 4249/6430/4249 4250/6431/4250 4247/6427/4247
f 4240/1174/4240 4248/6432/4248 4250/6433/4250 4249/1175/4249
f 4248/6432/4248 4252/6434/4252 4253/6435/4253 4250/6433/4250
f 4241/502/4241 4251/6436/4251 4253/6435/4253 4252/6434/4252
f 4251/6436/4251 4243/6425/4243 4244/6424/4244 4253/6435/4253
f 4244/6424/4244 4247/6427/4247 4250/6433/4250 4253/6435/4253
f 4254/513/4254 4258/6437/4258 4260/6438/4260 4259/6439/4259
f 4258/6437/4258 4262/6440/4262 4263/6441/4263 4260/6438/4260
f 4255/503/4255 4261/6442/4261 4263/6441/4263 4262/6440/4262
f 4261/6442/4261 4265/6443/4265 4266/6444/4266 4263/6441/4263
f 4256/6445/4256 4264/6446/4264 4266/6444/4266 4265/6443/4265
f 4264/6446/4264 4268/6447/4268 4269/6448/4269 4266/6444/4266
f 4257/1242/4257 4267/6449/4267 4269/6450/4269 4268/1243/4268
f 4267/6449/4267 4259/6439/4259 4260/6438/4260 4269/6450/4269
f 4260/6438/4260 4263/6441/4263 4266/6444/4266 4269/6450/4269
f 4270/514/4270 4274/6451/4274 4276/6452/4276 4275/6453/4275
f 4274/6451/4274 4278/6454/4278 4279/6455/4279 4276/6452/4276
f 4271/6456/4271 4277/6457/4277 4279/6455/4279 4278/6454/4278
f 4277/1213/4277 4281/1212/4281 4282/6458/4282 4279/6459/4279
f 4272/1211/4272 4280/6460/4280 4282/6458/4282 4281/1212/4281
f 4280/6460/4280 4284/6461/4284 4285/6462/4285 4282/6458/4282
f 4273/62/4273 4283/6463/4283 4285/6462/4285 4284/6461/4284
f 4283/6463/4283 4275/6453/4275 4276/6452/4276 4285/6462/4285
f 4276/6452/4276 4279/6455/4279 4282/6458/4282 4285/6462/4285
f 4294/629/4294 4298/6464/4298 4300/6465/4300 4299/6466/4299
f 4298/6464/4298 4302/6467/4302 4303/6468/4303 4300/6465/4300
f 4295/263/4295 4301/6469/4301 4303/6468/4303 4302/6467/4302
f 4301/6469/4301 4305/6470/4305 4306/6471/4306 4303/6468/4303
f 4296/6472/4296 4304/6473/4304 4306/6471/4306 4305/6470/4305
f 4304/6473/4304 4308/6474/4308 4309/6475/4309 4306/6471/4306
f 4297/1161/4297 4307/6476/4307 4309/6477/4309 4308/1162/4308
f 4307/6476/4307 4299/6466/4299 4300/6465/4300 4309/6477/4309
f 4300/6465/4300 4303/6468/4303 4306/6471/4306 4309/6477/4309
f 4310/250/4310 4314/6478/4314 4316/6479/4316 4315/6480/4315
f 4314/6478/4314 4318/6481/4318 4319/6482/4319 4316/6479/4316
f 4311/301/4311 4317/6483/4317 4319/6482/4319 4318/6481/4318
f 4317/6483/4317 4321/6484/4321 4322/6485/4322 4319/6482/4319
f 4312/6486/4312 4320/6487/4320 4322/6485/4322 4321/6484/4321
f 4320/6487/4320 4324/6488/4324 4325/6489/4325 4322/6485/4322
f 4313/1135/4313 4323/6490/4323 4325/6491/4325 4324/1136/4324
f 4323/6490/4323 4315/6480/4315 4316/6479/4316 4325/6491/4325
f 4316/6479/4316 4319/6482/4319 4322/6485/4322 4325/6491/4325
f 4326/927/4326 4330/6492/4330 4332/6493/4332 4331/6494/4331
f 4330/6492/4330 4334/6495/4334 4335/6496/4335 4332/6493/4332
f 4327/6497/4327 4333/6498/4333 4335/6496/4335 4334/6495/4334
f 4333/1238/4333 4337/1237/4337 4338/6499/4338 4335/6500/4335
f 4328/1236/4328 4336/6501/4336 4338/6499/4338 4337/1237/4337
f 4336/6501/4336 4340/6502/4340 4341/6503/4341 4338/6499/4338
f 4329/300/4329 4339/6504/4339 4341/6503/4341 4340/6502/4340
f 4339/6504/4339 4331/6494/4331 4332/6493/4332 4341/6503/4341
f 4332/6493/4332 4335/6496/4335 4338/6499/4338 4341/6503/4341
f 4342/251/4342 4346/6505/4346 4348/6506/4348 4347/6507/4347
f 4346/6505/4346 4350/6508/4350 4351/6509/4351 4348/6506/4348
f 4343/6510/4343 4349/6511/4349 4351/6509/4351 4350/6508/4350
f 4349/6511/4349 4353/6512/4353 4354/6513/4354 4351/6509/4351
f 4344/1194/4344 4352/6514/4352 4354/6515/4354 4353/1195/4353
f 4352/6514/4352 4356/6516/4356 4357/6517/4357 4354/6515/4354
f 4345/926/4345 4355/6518/4355 4357/6517/4357 4356/6516/4356
f 4355/6518/4355 4347/6507/4347 4348/6506/4348 4357/6517/4357
f 4348/6506/4348 4351/6509/4351 4354/6515/4354 4357/6517/4357
f 4358/2174/4358 4362/6519/4362 4364/6520/4364 4363/6521/4363
f 4362/6519/4362 4366/6522/4366 4367/6523/4367 4364/6520/4364
f 4359/2149/4359 4365/6524/4365 4367/6523/4367 4366/6522/4366
f 4365/6524/4365 4369/6525/4369 4370/6526/4370 4367/6523/4367
f 4360/6527/4360 4368/6528/4368 4370/6526/4370 4369/6525/4369
f 4368/1225/4368 4372/1224/4372 4373/6529/4373 4370/6530/4370
f 4361/1223/4361 4371/6531/4371 4373/6529/4373 4372/1224/4372
f 4371/6531/4371 4363/6521/4363 4364/6520/4364 4373/6529/4373
f 4364/6520/4364 4367/6523/4367 4370/6526/4370 4373/6529/4373
f 4382/341/4382 4386/6532/4386 4388/6533/4388 4387/6534/4387
f 4386/6532/4386 4390/6535/4390 4391/6536/4391 4388/6533/4388
f 4383/802/4383 4389/6537/4389 4391/6536/4391 4390/6535/4390
f 4389/6537/4389 4393/6538/4393 4394/6539/4394 4391/6536/4391
f 4384/6540/4384 4392/6541/4392 4394/6539/4394 4393/6538/4393
f 4392/6541/4392 4396/6542/4396 4397/6543/4397 4394/6539/4394
f 4385/1259/4385 4395/6544/4395 4397/6545/4397 4396/1260/4396
f 4395/6544/4395 4387/6534/4387 4388/6533/4388 4397/6545/4397
f 4388/6533/4388 4391/6536/4391 4394/6539/4394 4397/6545/4397
f 4398/353/4398 4402/6546/4402 4404/6547/4404 4403/6548/4403
f 4402/6546/4402 4406/6549/4406 4407/6550/4407 4404/6547/4404
f 4399/6551/4399 4405/6552/4405 4407/6550/4407 4406/6549/4406
f 4405/6552/4405 4409/6553/4409 4410/6554/4410 4407/6550/4407
f 4400/1247/4400 4408/6555/4408 4410/6556/4410 4409/1248/4409
f 4408/6555/4408 4412/6557/4412 4413/6558/4413 4410/6556/4410
f 4401/2199/4401 4411/6559/4411 4413/6558/4413 4412/6557/4412
f 4411/6559/4411 4403/6548/4403 4404/6547/4404 4413/6558/4413
f 4404/6547/4404 4407/6550/4407 4410/6556/4410 4413/6558/4413
f 4414/618/4414 4418/6560/4418 4420/6561/4420 4419/6562/4419
f 4418/6560/4418 4422/6563/4422 4423/6564/4423 4420/6561/4420
f 4415/2200/4415 4421/6565/4421 4423/6564/4423 4422/6563/4422
f 4421/6565/4421 4425/6566/4425 4426/6567/4426 4423/6564/4423
f 4416/6568/4416 4424/6569/4424 4426/6567/4426 4425/6566/4425
f 4424/1313/4424 4428/1312/4428 4429/6570/4429 4426/6571/4426
f 4417/1311/4417 4427/6572/4427 4429/6570/4429 4428/1312/4428
f 4427/6572/4427 4419/6562/4419 4420/6561/4420 4429/6570/4429
f 4420/6561/4420 4423/6564/4423 4426/6567/4426 4429/6570/4429
f 4430/619/4430 4434/6573/4434 4436/6574/4436 4435/6575/4435
f 4434/6573/4434 4438/6576/4438 4439/6577/4439 4436/6574/4436
f 4431/6578/4431 4437/6579/4437 4439/6577/4439 4438/6576/4438
f 4437/1299/4437 4441/1298/4441 4442/6580/4442 4439/6581/4439
f 4432/1297/4432 4440/6582/4440 4442/6580/4442 4441/1298/4441
f 4440/6582/4440 4444/6583/4444 4445/6584/4445 4442/6580/4442
f 4433/352/4433 4443/6585/4443 4445/6584/4445 4444/6583/4444
f 4443/6585/4443 4435/6575/4435 4436/6574/4436 4445/6584/4445
f 4436/6574/4436 4439/6577/4439 4442/6580/4442 4445/6584/4445
f 4446/230/4446 4450/6586/4450 4452/6587/4452 4451/6588/4451
f 4450/6586/4450 4454/6589/4454 4455/6590/4455 4452/6587/4452
f 4447/673/4447 4453/6591/4453 4455/6590/4455 4454/6589/4454
f 4453/6591/4453 4457/6592/4457 4458/6593/4458 4455/6590/4455
f 4448/6594/4448 4456/6595/4456 4458/6593/4458 4457/6592/4457
f 4456/1273/4456 4460/1272/4460 4461/6596/4461 4458/6597/4458
f 4449/1271/4449 4459/6598/4459 4461/6596/4461 4460/1272/4460
f 4459/6598/4459 4451/6588/4451 4452/6587/4452 4461/6596/4461
f 4452/6587/4452 4455/6590/4455 4458/6593/4458 4461/6596/4461
f 4462/880/4462 4466/6599/4466 4468/6600/4468 4467/6601/4467
f 4466/6599/4466 4470/6602/4470 4471/6603/4471 4468/6600/4468
f 4463/788/4463 4469/6604/4469 4471/6603/4471 4470/6602/4470
f 4469/6604/4469 4473/6605/4473 4474/6606/4474 4471/6603/4471
f 4464/6607/4464 4472/6608/4472 4474/6606/4474 4473/6605/4473
f 4472/6608/4472 4476/6609/4476 4477/6610/4477 4474/6606/4474
f 4465/1167/4465 4475/6611/4475 4477/6612/4477 4476/1168/4476
f 4475/6611/4475 4467/6601/4467 4468/6600/4468 4477/6612/4477
f 4468/6600/4468 4471/6603/4471 4474/6606/4474 4477/6612/4477
f 4478/235/4478 4482/6613/4482 4484/6614/4484 4483/6615/4483
f 4482/6613/4482 4486/6616/4486 4487/6617/4487 4484/6614/4484
f 4479/6618/4479 4485/6619/4485 4487/6617/4487 4486/6616/4486
f 4485/1207/4485 4489/1206/4489 4490/6620/4490 4487/6621/4487
f 4480/1205/4480 4488/6622/4488 4490/6620/4490 4489/1206/4489
f 4488/6622/4488 4492/6623/4492 4493/6624/4493 4490/6620/4490
f 4481/787/4481 4491/6625/4491 4493/6624/4493 4492/6623/4492
f 4491/6625/4491 4483/6615/4483 4484/6614/4484 4493/6624/4493
f 4484/6614/4484 4487/6617/4487 4490/6620/4490 4493/6624/4493
f 4494/881/4494 4498/6626/4498 4500/6627/4500 4499/6628/4499
f 4498/6626/4498 4502/6629/4502 4503/6630/4503 4500/6627/4500
f 4495/6631/4495 4501/6632/4501 4503/6630/4503 4502/6629/4502
f 4501/6632/4501 4505/6633/4505 4506/6634/4506 4503/6630/4503
f 4496/1254/4496 4504/6635/4504 4506/6636/4506 4505/1255/4505
f 4504/6635/4504 4508/6637/4508 4509/6638/4509 4506/6636/4506
f 4497/234/4497 4507/6639/4507 4509/6638/4509 4508/6637/4508
f 4507/6639/4507 4499/6628/4499 4500/6627/4500 4509/6638/4509
f 4500/6627/4500 4503/6630/4503 4506/6636/4506 4509/6638/4509
f 4518/70/4518 4522/6640/4522 4524/6641/4524 4523/6642/4523
f 4522/6640/4522 4526/6643/4526 4527/6644/4527 4524/6641/4524
f 4519/611/4519 4525/6645/4525 4527/6644/4527 4526/6643/4526
f 4525/6645/4525 4529/6646/4529 4530/6647/4530 4527/6644/4527
f 4520/6648/4520 4528/6649/4528 4530/6647/4530 4529/6646/4529
f 4528/6649/4528 4532/6650/4532 4533/6651/4533 4530/6647/4530
f 4521/1336/4521 4531/6652/4531 4533/6653/4533 4532/1337/4532
f 4531/6652/4531 4523/6642/4523 4524/6641/4524 4533/6653/4533
f 4524/6641/4524 4527/6644/4527 4530/6647/4530 4533/6653/4533
f 4534/805/4534 4538/6654/4538 4540/6655/4540 4539/6656/4539
f 4538/6654/4538 4542/6657/4542 4543/6658/4543 4540/6655/4540
f 4535/6659/4535 4541/6660/4541 4543/6658/4543 4542/6657/4542
f 4541/6660/4541 4545/6661/4545 4546/6662/4546 4543/6658/4543
f 4536/6663/4536 4544/6664/4544 4546/6662/4546 4545/6661/4545
f 4544/1403/4544 4548/1402/4548 4549/6665/4549 4546/6666/4546
f 4537/1401/4537 4547/6667/4547 4549/6665/4549 4548/1402/4548
f 4547/6667/4547 4539/6656/4539 4540/6655/4540 4549/6665/4549
f 4540/6655/4540 4543/6658/4543 4546/6662/4546 4549/6665/4549
f 4550/239/4550 4554/6668/4554 4556/6669/4556 4555/6670/4555
f 4554/6668/4554 4558/6671/4558 4559/6672/4559 4556/6669/4556
f 4551/6673/4551 4557/6674/4557 4559/6672/4559 4558/6671/4558
f 4557/6674/4557 4561/6675/4561 4562/6676/4562 4559/6672/4559
f 4552/1316/4552 4560/6677/4560 4562/6678/4562 4561/1317/4561
f 4560/6677/4560 4564/6679/4564 4565/6680/4565 4562/6678/4562
f 4553/6681/4553 4563/6682/4563 4565/6680/4565 4564/6679/4564
f 4563/6682/4563 4555/6670/4555 4556/6669/4556 4565/6680/4565
f 4556/6669/4556 4559/6672/4559 4562/6678/4562 4565/6680/4565
f 4566/806/4566 4570/6683/4570 4572/6684/4572 4571/6685/4571
f 4570/6683/4570 4574/6686/4574 4575/6687/4575 4572/6684/4572
f 4567/6688/4567 4573/6689/4573 4575/6687/4575 4574/6686/4574
f 4573/1389/4573 4577/1388/4577 4578/6690/4578 4575/6691/4575
f 4568/1387/4568 4576/6692/4576 4578/6690/4578 4577/1388/4577
f 4576/6692/4576 4580/6693/4580 4581/6694/4581 4578/6690/4578
f 4569/238/4569 4579/6695/4579 4581/6694/4581 4580/6693/4580
f 4579/6695/4579 4571/6685/4571 4572/6684/4572 4581/6694/4581
f 4572/6684/4572 4575/6687/4575 4578/6690/4578 4581/6694/4581
f 4582/218/4582 4586/6696/4586 4588/6697/4588 4587/6698/4587
f 4586/6696/4586 4590/6699/4590 4591/6700/4591 4588/6697/4588
f 4583/490/4583 4589/6701/4589 4591/6700/4591 4590/6699/4590
f 4589/6701/4589 4593/6702/4593 4594/6703/4594 4591/6700/4591
f 4584/6704/4584 4592/6705/4592 4594/6703/4594 4593/6702/4593
f 4592/1350/4592 4596/1349/4596 4597/6706/4597 4594/6707/4594
f 4585/1348/4585 4595/6708/4595 4597/6706/4597 4596/1349/4596
f 4595/6708/4595 4587/6698/4587 4588/6697/4588 4597/6706/4597
f 4588/6697/4588 4591/6700/4591 4594/6703/4594 4597/6706/4597
f 4598/223/4598 4602/6709/4602 4604/6710/4604 4603/6711/4603
f 4602/6709/4602 4606/6712/4606 4607/6713/4607 4604/6710/4604
f 4599/6714/4599 4605/6715/4605 4607/6713/4607 4606/6712/4606
f 4605/6715/4605 4609/6716/4609 4610/6717/4610 4607/6713/4607
f 4600/1372/4600 4608/6718/4608 4610/6719/4610 4609/1373/4609
f 4608/6718/4608 4612/6720/4612 4613/6721/4613 4610/6719/4610
f 4601/741/4601 4611/6722/4611 4613/6721/4613 4612/6720/4612
f 4611/6722/4611 4603/6711/4603 4604/6710/4604 4613/6721/4613
f 4604/6710/4604 4607/6713/4607 4610/6719/4610 4613/6721/4613
f 4614/66/4614 4618/6723/4618 4620/6724/4620 4619/6725/4619
f 4618/6723/4618 4622/6726/4622 4623/6727/4623 4620/6724/4620
f 4615/742/4615 4621/6728/4621 4623/6727/4623 4622/6726/4622
f 4621/6728/4621 4625/6729/4625 4626/6730/4626 4623/6727/4623
f 4616/6731/4616 4624/6732/4624 4626/6730/4626 4625/6729/4625
f 4624/1419/4624 4628/1418/4628 4629/6733/4629 4626/6734/4626
f 4617/1417/4617 4627/6735/4627 4629/6733/4629 4628/1418/4628
f 4627/6735/4627 4619/6725/4619 4620/6724/4620 4629/6733/4629
f 4620/6724/4620 4623/6727/4623 4626/6730/4626 4629/6733/4629
f 4630/67/4630 4634/6736/4634 4636/6737/4636 4635/6738/4635
f 4634/6736/4634 4638/6739/4638 4639/6740/4639 4636/6737/4636
f 4631/6741/4631 4637/6742/4637 4639/6740/4639 4638/6739/4638
f 4637/6742/4637 4641/6743/4641 4642/6744/4642 4639/6740/4639
f 4632/1439/4632 4640/6745/4640 4642/6746/4642 4641/1440/4641
f 4640/6745/4640 4644/6747/4644 4645/6748/4645 4642/6746/4642
f 4633/222/4633 4643/6749/4643 4645/6748/4645 4644/6747/4644
f 4643/6749/4643 4635/6738/4635 4636/6737/4636 4645/6748/4645
f 4636/6737/4636 4639/6740/4639 4642/6746/4642 4645/6748/4645
f 4646/227/4646 4650/6750/4650 4652/6751/4652 4651/6752/4651
f 4650/6750/4650 4654/6753/4654 4655/6754/4655 4652/6751/4652
f 4647/6755/4647 4653/6756/4653 4655/6754/4655 4654/6753/4654
f 4653/1306/4653 4657/1305/4657 4658/6757/4658 4655/6758/4655
f 4648/1304/4648 4656/6759/4656 4658/6757/4658 4657/1305/4657
f 4656/6759/4656 4660/6760/4660 4661/6761/4661 4658/6757/4658
f 4649/775/4649 4659/6762/4659 4661/6761/4661 4660/6760/4660
f 4659/6762/4659 4651/6752/4651 4652/6751/4652 4661/6761/4661
f 4652/6751/4652 4655/6754/4655 4658/6757/4658 4661/6761/4661
f 4662/572/4662 4666/6763/4666 4668/6764/4668 4667/6765/4667
f 4666/6763/4666 4670/6766/4670 4671/6767/4671 4668/6764/4668
f 4663/776/4663 4669/6768/4669 4671/6767/4671 4670/6766/4670
f 4669/6768/4669 4673/6769/4673 4674/6770/4674 4671/6767/4671
f 4664/6771/4664 4672/6772/4672 4674/6770/4674 4673/6769/4673
f 4672/6772/4672 4676/6773/4676 4677/6774/4677 4674/6770/4674
f 4665/1367/4665 4675/6775/4675 4677/6776/4677 4676/1368/4676
f 4675/6775/4675 4667/6765/4667 4668/6764/4668 4677/6776/4677
f 4668/6764/4668 4671/6767/4671 4674/6770/4674 4677/6776/4677
f 4678/573/4678 4682/6777/4682 4684/6778/4684 4683/6779/4683
f 4682/6777/4682 4686/6780/4686 4687/6781/4687 4684/6778/4684
f 4679/6782/4679 4685/6783/4685 4687/6781/4687 4686/6780/4686
f 4685/6783/4685 4689/6784/4689 4690/6785/4690 4687/6781/4687
f 4680/1323/4680 4688/6786/4688 4690/6787/4690 4689/1324/4689
f 4688/6786/4688 4692/6788/4692 4693/6789/4693 4690/6787/4690
f 4681/226/4681 4691/6790/4691 4693/6789/4693 4692/6788/4692
f 4691/6790/4691 4683/6779/4683 4684/6778/4684 4693/6789/4693
f 4684/6778/4684 4687/6781/4687 4690/6787/4690 4693/6789/4693
f 4702/10/4702 4706/6791/4706 4708/6792/4708 4707/6793/4707
f 4706/6791/4706 4710/6794/4710 4711/6795/4711 4708/6792/4708
f 4703/439/4703 4709/6796/4709 4711/6795/4711 4710/6794/4710
f 4709/6796/4709 4713/6797/4713 4714/6798/4714 4711/6795/4711
f 4704/6799/4704 4712/6800/4712 4714/6798/4714 4713/6797/4713
f 4712/6800/4712 4716/6801/4716 4717/6802/4717 4714/6798/4714
f 4705/1360/4705 4715/6803/4715 4717/6804/4717 4716/1361/4716
f 4715/6803/4715 4707/6793/4707 4708/6792/4708 4717/6804/4717
f 4708/6792/4708 4711/6795/4711 4714/6798/4714 4717/6804/4717
f 4726/14/4726 4730/6805/4730 4732/6806/4732 4731/6807/4731
f 4730/6805/4730 4734/6808/4734 4735/6809/4735 4732/6806/4732
f 4727/320/4727 4733/6810/4733 4735/6809/4735 4734/6808/4734
f 4733/6810/4733 4737/6811/4737 4738/6812/4738 4735/6809/4735
f 4728/6813/4728 4736/6814/4736 4738/6812/4738 4737/6811/4737
f 4736/6814/4736 4740/6815/4740 4741/6816/4741 4738/6812/4738
f 4729/1475/4729 4739/6817/4739 4741/6818/4741 4740/1476/4740
f 4739/6817/4739 4731/6807/4731 4732/6806/4732 4741/6818/4741
f 4732/6806/4732 4735/6809/4735 4738/6812/4738 4741/6818/4741
f 4742/214/4742 4746/6819/4746 4748/6820/4748 4747/6821/4747
f 4746/6819/4746 4750/6822/4750 4751/6823/4751 4748/6820/4748
f 4743/525/4743 4749/6824/4749 4751/6823/4751 4750/6822/4750
f 4749/6824/4749 4753/6825/4753 4754/6826/4754 4751/6823/4751
f 4744/6827/4744 4752/6828/4752 4754/6826/4754 4753/6825/4753
f 4752/6828/4752 4756/6829/4756 4757/6830/4757 4754/6826/4754
f 4745/1278/4745 4755/6831/4755 4757/6832/4757 4756/1279/4756
f 4755/6831/4755 4747/6821/4747 4748/6820/4748 4757/6832/4757
f 4748/6820/4748 4751/6823/4751 4754/6826/4754 4757/6832/4757
f 4758/364/4758 4762/6833/4762 4764/6834/4764 4763/6835/4763
f 4762/6833/4762 4766/6836/4766 4767/6837/4767 4764/6834/4764
f 4759/6838/4759 4765/6839/4765 4767/6837/4767 4766/6836/4766
f 4765/1396/4765 4769/1395/4769 4770/6840/4770 4767/6841/4767
f 4760/1394/4760 4768/6842/4768 4770/6840/4770 4769/1395/4769
f 4768/6842/4768 4772/6843/4772 4773/6844/4773 4770/6840/4770
f 4761/524/4761 4771/6845/4771 4773/6844/4773 4772/6843/4772
f 4771/6845/4771 4763/6835/4763 4764/6834/4764 4773/6844/4773
f 4764/6834/4764 4767/6837/4767 4770/6840/4770 4773/6844/4773
f 4774/215/4774 4778/6846/4778 4780/6847/4780 4779/6848/4779
f 4778/6846/4778 4782/6849/4782 4783/6850/4783 4780/6847/4780
f 4775/6851/4775 4781/6852/4781 4783/6850/4783 4782/6849/4782
f 4781/1413/4781 4785/1412/4785 4786/6853/4786 4783/6854/4783
f 4776/1411/4776 4784/6855/4784 4786/6853/4786 4785/1412/4785
f 4784/6855/4784 4788/6856/4788 4789/6857/4789 4786/6853/4786
f 4777/363/4777 4787/6858/4787 4789/6857/4789 4788/6856/4788
f 4787/6858/4787 4779/6848/4779 4780/6847/4780 4789/6857/4789
f 4780/6847/4780 4783/6850/4783 4786/6853/4786 4789/6857/4789
f 4790/206/4790 4794/6859/4794 4796/6860/4796 4795/6861/4795
f 4794/6859/4794 4798/6862/4798 4799/6863/4799 4796/6860/4796
f 4791/934/4791 4797/6864/4797 4799/6863/4799 4798/6862/4798
f 4797/6864/4797 4801/6865/4801 4802/6866/4802 4799/6863/4799
f 4792/6867/4792 4800/6868/4800 4802/6866/4802 4801/6865/4801
f 4800/1453/4800 4804/1452/4804 4805/6869/4805 4802/6870/4802
f 4793/1451/4793 4803/6871/4803 4805/6869/4805 4804/1452/4804
f 4803/6871/4803 4795/6861/4795 4796/6860/4796 4805/6869/4805
f 4796/6860/4796 4799/6863/4799 4802/6866/4802 4805/6869/4805
f 4806/211/4806 4810/6872/4810 4812/6873/4812 4811/6874/4811
f 4810/6872/4810 4814/6875/4814 4815/6876/4815 4812/6873/4812
f 4807/6877/4807 4813/6878/4813 4815/6876/4815 4814/6875/4814
f 4813/6878/4813 4817/6879/4817 4818/6880/4818 4815/6876/4815
f 4808/1423/4808 4816/6881/4816 4818/6882/4818 4817/1424/4817
f 4816/6881/4816 4820/6883/4820 4821/6884/4821 4818/6882/4818
f 4809/614/4809 4819/6885/4819 4821/6884/4821 4820/6883/4820
f 4819/6885/4819 4811/6874/4811 4812/6873/4812 4821/6884/4821
f 4812/6873/4812 4815/6876/4815 4818/6882/4818 4821/6884/4821
f 4822/940/4822 4826/6886/4826 4828/6887/4828 4827/6888/4827
f 4826/6886/4826 4830/6889/4830 4831/6890/4831 4828/6887/4828
f 4823/615/4823 4829/6891/4829 4831/6890/4831 4830/6889/4830
f 4829/6891/4829 4833/6892/4833 4834/6893/4834 4831/6890/4831
f 4824/6894/4824 4832/6895/4832 4834/6893/4834 4833/6892/4833
f 4832/1554/4832 4836/1553/4836 4837/6896/4837 4834/6897/4834
f 4825/1552/4825 4835/6898/4835 4837/6896/4837 4836/1553/4836
f 4835/6898/4835 4827/6888/4827 4828/6887/4828 4837/6896/4837
f 4828/6887/4828 4831/6890/4831 4834/6893/4834 4837/6896/4837
f 4838/941/4838 4842/6899/4842 4844/6900/4844 4843/6901/4843
f 4842/6899/4842 4846/6902/4846 4847/6903/4847 4844/6900/4844
f 4839/6904/4839 4845/6905/4845 4847/6903/4847 4846/6902/4846
f 4845/6905/4845 4849/6906/4849 4850/6907/4850 4847/6903/4847
f 4840/1487/4840 4848/6908/4848 4850/6909/4850 4849/1488/4849
f 4848/6908/4848 4852/6910/4852 4853/6911/4853 4850/6909/4850
f 4841/210/4841 4851/6912/4851 4853/6911/4853 4852/6910/4852
f 4851/6912/4851 4843/6901/4843 4844/6900/4844 4853/6911/4853
f 4844/6900/4844 4847/6903/4847 4850/6909/4850 4853/6911/4853
f 4854/182/4854 4858/6913/4858 4860/6914/4860 4859/6915/4859
f 4858/6913/4858 4862/6916/4862 4863/6917/4863 4860/6914/4860
f 4855/757/4855 4861/6918/4861 4863/6917/4863 4862/6916/4862
f 4861/6918/4861 4865/6919/4865 4866/6920/4866 4863/6917/4863
f 4856/6921/4856 4864/6922/4864 4866/6920/4866 4865/6919/4865
f 4864/6922/4864 4868/6923/4868 4869/6924/4869 4866/6920/4866
f 4857/1330/4857 4867/6925/4867 4869/6926/4869 4868/1331/4868
f 4867/6925/4867 4859/6915/4859 4860/6914/4860 4869/6926/4869
f 4860/6914/4860 4863/6917/4863 4866/6920/4866 4869/6926/4869
f 4870/203/4870 4874/6927/4874 4876/6928/4876 4875/6929/4875
f 4874/6927/4874 4878/6930/4878 4879/6931/4879 4876/6928/4876
f 4871/6932/4871 4877/6933/4877 4879/6931/4879 4878/6930/4878
f 4877/6933/4877 4881/6934/4881 4882/6935/4882 4879/6931/4879
f 4872/1539/4872 4880/6936/4880 4882/6937/4882 4881/1540/4881
f 4880/6936/4880 4884/6938/4884 4885/6939/4885 4882/6937/4882
f 4873/756/4873 4883/6940/4883 4885/6939/4885 4884/6938/4884
f 4883/6940/4883 4875/6929/4875 4876/6928/4876 4885/6939/4885
f 4876/6928/4876 4879/6931/4879 4882/6937/4882 4885/6939/4885
f 4886/202/4886 4890/6941/4890 4892/6942/4892 4891/6943/4891
f 4890/6941/4890 4894/6944/4894 4895/6945/4895 4892/6942/4892
f 4887/183/4887 4893/6946/4893 4895/6945/4895 4894/6944/4894
f 4893/6946/4893 4897/6947/4897 4898/6948/4898 4895/6945/4895
f 4888/6949/4888 4896/6950/4896 4898/6948/4898 4897/6947/4897
f 4896/1465/4896 4900/1464/4900 4901/6951/4901 4898/6952/4898
f 4889/1463/4889 4899/6953/4899 4901/6951/4901 4900/1464/4900
f 4899/6953/4899 4891/6943/4891 4892/6942/4892 4901/6951/4901
f 4892/6942/4892 4895/6945/4895 4898/6948/4898 4901/6951/4901
f 4902/195/4902 4906/6954/4906 4908/6955/4908 4907/6956/4907
f 4906/6954/4906 4910/6957/4910 4911/6958/4911 4908/6955/4908
f 4903/6959/4903 4909/6960/4909 4911/6958/4911 4910/6957/4910
f 4909/1514/4909 4913/1513/4913 4914/6961/4914 4911/6962/4911
f 4904/1512/4904 4912/6963/4912 4914/6961/4914 4913/1513/4913
f 4912/6963/4912 4916/6964/4916 4917/6965/4917 4914/6961/4914
f 4905/18/4905 4915/6966/4915 4917/6965/4917 4916/6964/4916
f 4915/6966/4915 4907/6956/4907 4908/6955/4908 4917/6965/4917
f 4908/6955/4908 4911/6958/4911 4914/6961/4914 4917/6965/4917
f 4918/371/4918 4922/6967/4922 4924/6968/4924 4923/6969/4923
f 4922/6967/4922 4926/6970/4926 4927/6971/4927 4924/6968/4924
f 4919/6972/4919 4925/6973/4925 4927/6971/4927 4926/6970/4926
f 4925/1527/4925 4929/1526/4929 4930/6974/4930 4927/6975/4927
f 4920/1525/4920 4928/6976/4928 4930/6974/4930 4929/1526/4929
f 4928/6976/4928 4932/6977/4932 4933/6978/4933 4930/6974/4930
f 4921/2138/4921 4931/6979/4931 4933/6978/4933 4932/6977/4932
f 4931/6979/4931 4923/6969/4923 4924/6968/4924 4933/6978/4933
f 4924/6968/4924 4927/6971/4927 4930/6974/4930 4933/6978/4933
f 4934/482/4934 4938/6980/4938 4940/6981/4940 4939/6982/4939
f 4938/6980/4938 4942/6983/4942 4943/6984/4943 4940/6981/4940
f 4935/2139/4935 4941/6985/4941 4943/6984/4943 4942/6983/4942
f 4941/6985/4941 4945/6986/4945 4946/6987/4946 4943/6984/4943
f 4936/6988/4936 4944/6989/4944 4946/6987/4946 4945/6986/4945
f 4944/1601/4944 4948/1600/4948 4949/6990/4949 4946/6991/4946
f 4937/1599/4937 4947/6992/4947 4949/6990/4949 4948/1600/4948
f 4947/6992/4947 4939/6982/4939 4940/6981/4940 4949/6990/4949
f 4940/6981/4940 4943/6984/4943 4946/6987/4946 4949/6990/4949
f 4950/370/4950 4954/6993/4954 4956/6994/4956 4955/6995/4955
f 4954/6993/4954 4958/6996/4958 4959/6997/4959 4956/6994/4956
f 4951/483/4951 4957/6998/4957 4959/6997/4959 4958/6996/4958
f 4957/6998/4957 4961/6999/4961 4962/7000/4962 4959/6997/4959
f 4952/7001/4952 4960/7002/4960 4962/7000/4962 4961/6999/4961
f 4960/7002/4960 4964/7003/4964 4965/7004/4965 4962/7000/4962
f 4953/1588/4953 4963/7005/4963 4965/7006/4965 4964/1589/4964
f 4963/7005/4963 4955/6995/4955 4956/6994/4956 4965/7006/4965
f 4956/6994/4956 4959/6997/4959 4962/7000/4962 4965/7006/4965
f 4974/330/4974 4978/7007/4978 4980/7008/4980 4979/7009/4979
f 4978/7007/4978 4982/7010/4982 4983/7011/4983 4980/7008/4980
f 4975/7012/4975 4981/7013/4981 4983/7011/4983 4982/7010/4982
f 4981/7013/4981 4985/7014/4985 4986/7015/4986 4983/7011/4983
f 4976/1518/4976 4984/7016/4984 4986/7017/4986 4985/1519/4985
f 4984/7016/4984 4988/7018/4988 4989/7019/4989 4986/7017/4986
f 4977/745/4977 4987/7020/4987 4989/7019/4989 4988/7018/4988
f 4987/7020/4987 4979/7009/4979 4980/7008/4980 4989/7019/4989
f 4980/7008/4980 4983/7011/4983 4986/7017/4986 4989/7019/4989
f 4990/752/4990 4994/7021/4994 4996/7022/4996 4995/7023/4995
f 4994/7021/4994 4998/7024/4998 4999/7025/4999 4996/7022/4996
f 4991/2193/4991 4997/7026/4997 4999/7025/4999 4998/7024/4998
f 4997/7026/4997 5001/7027/5001 5002/7028/5002 4999/7025/4999
f 4992/7029/4992 5000/7030/5000 5002/7028/5002 5001/7027/5001
f 5000/1567/5000 5004/1566/5004 5005/7031/5005 5002/7032/5002
f 4993/1565/4993 5003/7033/5003 5005/7031/5005 5004/1566/5004
f 5003/7033/5003 4995/7023/4995 4996/7022/4996 5005/7031/5005
f 4996/7022/4996 4999/7025/4999 5002/7028/5002 5005/7031/5005
f 5006/2163/5006 5010/7034/5010 5012/7035/5012 5011/7036/5011
f 5010/7034/5010 5014/7037/5014 5015/7038/5015 5012/7035/5012
f 5007/2221/5007 5013/7039/5013 5015/7038/5015 5014/7037/5014
f 5013/7039/5013 5017/7040/5017 5018/7041/5018 5015/7038/5015
f 5008/7042/5008 5016/7043/5016 5018/7041/5018 5017/7040/5017
f 5016/7043/5016 5020/7044/5020 5021/7045/5021 5018/7041/5018
f 5009/1469/5009 5019/7046/5019 5021/7047/5021 5020/1470/5020
f 5019/7046/5019 5011/7036/5011 5012/7035/5012 5021/7047/5021
f 5012/7035/5012 5015/7038/5015 5018/7041/5018 5021/7047/5021
f 5022/187/5022 5026/7048/5026 5028/7049/5028 5027/7050/5027
f 5026/7048/5026 5030/7051/5030 5031/7052/5031 5028/7049/5028
f 5023/7053/5023 5029/7054/5029 5031/7052/5031 5030/7051/5030
f 5029/7054/5029 5033/7055/5033 5034/7056/5034 5031/7052/5031
f 5024/1594/5024 5032/7057/5032 5034/7058/5034 5033/1595/5033
f 5032/7057/5032 5036/7059/5036 5037/7060/5037 5034/7058/5034
f 5025/2220/5025 5035/7061/5035 5037/7060/5037 5036/7059/5036
f 5035/7061/5035 5027/7050/5027 5028/7049/5028 5037/7060/5037
f 5028/7049/5028 5031/7052/5031 5034/7058/5034 5037/7060/5037
f 5038/2164/5038 5042/7062/5042 5044/7063/5044 5043/7064/5043
f 5042/7062/5042 5046/7065/5046 5047/7066/5047 5044/7063/5044
f 5039/7067/5039 5045/7068/5045 5047/7066/5047 5046/7065/5046
f 5045/1547/5045 5049/1546/5049 5050/7069/5050 5047/7070/5047
f 5040/1545/5040 5048/7071/5048 5050/7069/5050 5049/1546/5049
f 5048/7071/5048 5052/7072/5052 5053/7073/5053 5050/7069/5050
f 5041/186/5041 5051/7074/5051 5053/7073/5053 5052/7072/5052
f 5051/7074/5051 5043/7064/5043 5044/7063/5044 5053/7073/5053
f 5044/7063/5044 5047/7066/5047 5050/7069/5050 5053/7073/5053
f 5062/22/5062 5066/7075/5066 5068/7076/5068 5067/7077/5067
f 5066/7075/5066 5070/7078/5070 5071/7079/5071 5068/7076/5068
f 5063/738/5063 5069/7080/5069 5071/7079/5071 5070/7078/5070
f 5069/7080/5069 5073/7081/5073 5074/7082/5074 5071/7079/5071
f 5064/7083/5064 5072/7084/5072 5074/7082/5074 5073/7081/5073
f 5072/7084/5072 5076/7085/5076 5077/7086/5077 5074/7082/5074
f 5065/1625/5065 5075/7087/5075 5077/7088/5077 5076/1626/5076
f 5075/7087/5075 5067/7077/5067 5068/7076/5068 5077/7088/5077
f 5068/7076/5068 5071/7079/5071 5074/7082/5074 5077/7088/5077
f 5078/191/5078 5082/7089/5082 5084/7090/5084 5083/7091/5083
f 5082/7089/5082 5086/7092/5086 5087/7093/5087 5084/7090/5084
f 5079/7094/5079 5085/7095/5085 5087/7093/5087 5086/7092/5086
f 5085/1607/5085 5089/1606/5089 5090/7096/5090 5087/7097/5087
f 5080/1605/5080 5088/7098/5088 5090/7096/5090 5089/1606/5089
f 5088/7098/5088 5092/7099/5092 5093/7100/5093 5090/7096/5090
f 5081/198/5081 5091/7101/5091 5093/7100/5093 5092/7099/5092
f 5091/7101/5091 5083/7091/5083 5084/7090/5084 5093/7100/5093
f 5084/7090/5084 5087/7093/5087 5090/7096/5090 5093/7100/5093
f 5094/899/5094 5098/7102/5098 5100/7103/5100 5099/7104/5099
f 5098/7102/5098 5102/7105/5102 5103/7106/5103 5100/7103/5100
f 5095/199/5095 5101/7107/5101 5103/7106/5103 5102/7105/5102
f 5101/7107/5101 5105/7108/5105 5106/7109/5106 5103/7106/5103
f 5096/7110/5096 5104/7111/5104 5106/7109/5106 5105/7108/5105
f 5104/1681/5104 5108/1680/5108 5109/7112/5109 5106/7113/5106
f 5097/1679/5097 5107/7114/5107 5109/7112/5109 5108/1680/5108
f 5107/7114/5107 5099/7104/5099 5100/7103/5100 5109/7112/5109
f 5100/7103/5100 5103/7106/5103 5106/7109/5106 5109/7112/5109
f 5110/900/5110 5114/7115/5114 5116/7116/5116 5115/7117/5115
f 5114/7115/5114 5118/7118/5118 5119/7119/5119 5116/7116/5116
f 5111/7120/5111 5117/7121/5117 5119/7119/5119 5118/7118/5118
f 5117/7121/5117 5121/7122/5121 5122/7123/5122 5119/7119/5119
f 5112/1656/5112 5120/7124/5120 5122/7125/5122 5121/1657/5121
f 5120/7124/5120 5124/7126/5124 5125/7127/5125 5122/7125/5122
f 5113/190/5113 5123/7128/5123 5125/7127/5125 5124/7126/5124
f 5123/7128/5123 5115/7117/5115 5116/7116/5116 5125/7127/5125
f 5116/7116/5116 5119/7119/5119 5122/7125/5122 5125/7127/5125
f 5126/171/5126 5130/7129/5130 5132/7130/5132 5131/7131/5131
f 5130/7129/5130 5134/7132/5134 5135/7133/5135 5132/7130/5132
f 5127/7134/5127 5133/7135/5133 5135/7133/5135 5134/7132/5134
f 5133/7135/5133 5137/7136/5137 5138/7137/5138 5135/7133/5135
f 5128/1645/5128 5136/7138/5136 5138/7139/5138 5137/1646/5137
f 5136/7138/5136 5140/7140/5140 5141/7141/5141 5138/7139/5138
f 5129/539/5129 5139/7142/5139 5141/7141/5141 5140/7140/5140
f 5139/7142/5139 5131/7131/5131 5132/7130/5132 5141/7141/5141
f 5132/7130/5132 5135/7133/5135 5138/7139/5138 5141/7141/5141
f 5142/690/5142 5146/7143/5146 5148/7144/5148 5147/7145/5147
f 5146/7143/5146 5150/7146/5150 5151/7147/5151 5148/7144/5148
f 5143/915/5143 5149/7148/5149 5151/7147/5151 5150/7146/5150
f 5149/7148/5149 5153/7149/5153 5154/7150/5154 5151/7147/5151
f 5144/7151/5144 5152/7152/5152 5154/7150/5154 5153/7149/5153
f 5152/7152/5152 5156/7153/5156 5157/7154/5157 5154/7150/5154
f 5145/1532/5145 5155/7155/5155 5157/7156/5157 5156/1533/5156
f 5155/7155/5155 5147/7145/5147 5148/7144/5148 5157/7156/5157
f 5148/7144/5148 5151/7147/5151 5154/7150/5154 5157/7156/5157
f 5158/179/5158 5162/7157/5162 5164/7158/5164 5163/7159/5163
f 5162/7157/5162 5166/7160/5166 5167/7161/5167 5164/7158/5164
f 5159/7162/5159 5165/7163/5165 5167/7161/5167 5166/7160/5166
f 5165/7163/5165 5169/7164/5169 5170/7165/5170 5167/7161/5167
f 5160/1667/5160 5168/7166/5168 5170/7167/5170 5169/1668/5169
f 5168/7166/5168 5172/7168/5172 5173/7169/5173 5170/7167/5170
f 5161/914/5161 5171/7170/5171 5173/7169/5173 5172/7168/5172
f 5171/7170/5171 5163/7159/5163 5164/7158/5164 5173/7169/5173
f 5164/7158/5164 5167/7161/5167 5170/7167/5170 5173/7169/5173
f 5174/178/5174 5178/7171/5178 5180/7172/5180 5179/7173/5179
f 5178/7171/5178 5182/7174/5182 5183/7175/5183 5180/7172/5180
f 5175/691/5175 5181/7176/5181 5183/7175/5183 5182/7174/5182
f 5181/7176/5181 5185/7177/5185 5186/7178/5186 5183/7175/5183
f 5176/7179/5176 5184/7180/5184 5186/7178/5186 5185/7177/5185
f 5184/1614/5184 5188/1613/5188 5189/7181/5189 5186/7182/5186
f 5177/1612/5177 5187/7183/5187 5189/7181/5189 5188/1613/5188
f 5187/7183/5187 5179/7173/5179 5180/7172/5180 5189/7181/5189
f 5180/7172/5180 5183/7175/5183 5186/7178/5186 5189/7181/5189
f 5198/729/5198 5202/7184/5202 5204/7185/5204 5203/7186/5203
f 5202/7184/5202 5206/7187/5206 5207/7188/5207 5204/7185/5204
f 5199/7189/5199 5205/7190/5205 5207/7188/5207 5206/7187/5206
f 5205/1690/5205 5209/1689/5209 5210/7191/5210 5207/7192/5207
f 5200/1688/5200 5208/7193/5208 5210/7191/5210 5209/1689/5209
f 5208/7193/5208 5212/7194/5212 5213/7195/5213 5210/7191/5210
f 5201/26/5201 5211/7196/5211 5213/7195/5213 5212/7194/5212
f 5211/7196/5211 5203/7186/5203 5204/7185/5204 5213/7195/5213
f 5204/7185/5204 5207/7188/5207 5210/7191/5210 5213/7195/5213
f 5214/175/5214 5218/7197/5218 5220/7198/5220 5219/7199/5219
f 5218/7197/5218 5222/7200/5222 5223/7201/5223 5220/7198/5220
f 5215/7202/5215 5221/7203/5221 5223/7201/5223 5222/7200/5222
f 5221/1674/5221 5225/1673/5225 5226/7204/5226 5223/7205/5223
f 5216/1672/5216 5224/7206/5224 5226/7204/5226 5225/1673/5225
f 5224/7206/5224 5228/7207/5228 5229/7208/5229 5226/7204/5226
f 5217/835/5217 5227/7209/5227 5229/7208/5229 5228/7207/5228
f 5227/7209/5227 5219/7199/5219 5220/7198/5220 5229/7208/5229
f 5220/7198/5220 5223/7201/5223 5226/7204/5226 5229/7208/5229
f 5230/625/5230 5234/7210/5234 5236/7211/5236 5235/7212/5235
f 5234/7210/5234 5238/7213/5238 5239/7214/5239 5236/7211/5236
f 5231/836/5231 5237/7215/5237 5239/7214/5239 5238/7213/5238
f 5237/7215/5237 5241/7216/5241 5242/7217/5242 5239/7214/5239
f 5232/7218/5232 5240/7219/5240 5242/7217/5242 5241/7216/5241
f 5240/1717/5240 5244/1716/5244 5245/7220/5245 5242/7221/5242
f 5233/1715/5233 5243/7222/5243 5245/7220/5245 5244/1716/5244
f 5243/7222/5243 5235/7212/5235 5236/7211/5236 5245/7220/5245
f 5236/7211/5236 5239/7214/5239 5242/7217/5242 5245/7220/5245
f 5246/174/5246 5250/7223/5250 5252/7224/5252 5251/7225/5251
f 5250/7223/5250 5254/7226/5254 5255/7227/5255 5252/7224/5252
f 5247/626/5247 5253/7228/5253 5255/7227/5255 5254/7226/5254
f 5253/7228/5253 5257/7229/5257 5258/7230/5258 5255/7227/5255
f 5248/7231/5248 5256/7232/5256 5258/7230/5258 5257/7229/5257
f 5256/7232/5256 5260/7233/5260 5261/7234/5261 5258/7230/5258
f 5249/1726/5249 5259/7235/5259 5261/7236/5261 5260/1727/5260
f 5259/7235/5259 5251/7225/5251 5252/7224/5252 5261/7236/5261
f 5252/7224/5252 5255/7227/5255 5258/7230/5258 5261/7236/5261
f 5270/378/5270 5274/7237/5274 5276/7238/5276 5275/7239/5275
f 5274/7237/5274 5278/7240/5278 5279/7241/5279 5276/7238/5276
f 5271/7242/5271 5277/7243/5277 5279/7241/5279 5278/7240/5278
f 5277/1766/5277 5281/1765/5281 5282/7244/5282 5279/7245/5279
f 5272/1764/5272 5280/7246/5280 5282/7244/5282 5281/1765/5281
f 5280/7246/5280 5284/7247/5284 5285/7248/5285 5282/7244/5282
f 5273/30/5273 5283/7249/5283 5285/7248/5285 5284/7247/5284
f 5283/7249/5283 5275/7239/5275 5276/7238/5276 5285/7248/5285
f 5276/7238/5276 5279/7241/5279 5282/7244/5282 5285/7248/5285
f 5286/162/5286 5290/7250/5290 5292/7251/5292 5291/7252/5291
f 5290/7250/5290 5294/7253/5294 5295/7254/5295 5292/7251/5292
f 5287/904/5287 5293/7255/5293 5295/7254/5295 5294/7253/5294
f 5293/7255/5293 5297/7256/5297 5298/7257/5298 5295/7254/5295
f 5288/7258/5288 5296/7259/5296 5298/7257/5298 5297/7256/5297
f 5296/7259/5296 5300/7260/5300 5301/7261/5301 5298/7257/5298
f 5289/1619/5289 5299/7262/5299 5301/7263/5301 5300/1620/5300
f 5299/7262/5299 5291/7252/5291 5292/7251/5292 5301/7263/5301
f 5292/7251/5292 5295/7254/5295 5298/7257/5298 5301/7263/5301
f 5302/414/5302 5306/7264/5306 5308/7265/5308 5307/7266/5307
f 5306/7264/5306 5310/7267/5310 5311/7268/5311 5308/7265/5308
f 5303/7269/5303 5309/7270/5309 5311/7268/5311 5310/7267/5310
f 5309/7270/5309 5313/7271/5313 5314/7272/5314 5311/7268/5311
f 5304/1733/5304 5312/7273/5312 5314/7274/5314 5313/1734/5313
f 5312/7273/5312 5316/7275/5316 5317/7276/5317 5314/7274/5314
f 5305/903/5305 5315/7277/5315 5317/7276/5317 5316/7275/5316
f 5315/7277/5315 5307/7266/5307 5308/7265/5308 5317/7276/5317
f 5308/7265/5308 5311/7268/5311 5314/7274/5314 5317/7276/5317
f 5318/413/5318 5322/7278/5322 5324/7279/5324 5323/7280/5323
f 5322/7278/5322 5326/7281/5326 5327/7282/5327 5324/7279/5324
f 5319/163/5319 5325/7283/5325 5327/7282/5327 5326/7281/5326
f 5325/7283/5325 5329/7284/5329 5330/7285/5330 5327/7282/5327
f 5320/7286/5320 5328/7287/5328 5330/7285/5330 5329/7284/5329
f 5328/1704/5328 5332/1703/5332 5333/7288/5333 5330/7289/5330
f 5321/1702/5321 5331/7290/5331 5333/7288/5333 5332/1703/5332
f 5331/7290/5331 5323/7280/5323 5324/7279/5324 5333/7288/5333
f 5324/7279/5324 5327/7282/5327 5330/7285/5330 5333/7288/5333
f 5334/159/5334 5338/7291/5338 5340/7292/5340 5339/7293/5339
f 5338/7291/5338 5342/7294/5342 5343/7295/5343 5340/7292/5340
f 5335/7296/5335 5341/7297/5341 5343/7295/5343 5342/7294/5342
f 5341/7297/5341 5345/7298/5345 5346/7299/5346 5343/7295/5343
f 5336/1752/5336 5344/7300/5344 5346/7301/5346 5345/1753/5345
f 5344/7300/5344 5348/7302/5348 5349/7303/5349 5346/7301/5346
f 5337/895/5337 5347/7304/5347 5349/7303/5349 5348/7302/5348
f 5347/7304/5347 5339/7293/5339 5340/7292/5340 5349/7303/5349
f 5340/7292/5340 5343/7295/5343 5346/7301/5346 5349/7303/5349
f 5350/167/5350 5354/7305/5354 5356/7306/5356 5355/7307/5355
f 5354/7305/5354 5358/7308/5358 5359/7309/5359 5356/7306/5356
f 5351/7310/5351 5357/7311/5357 5359/7309/5359 5358/7308/5358
f 5357/1710/5357 5361/1709/5361 5362/7312/5362 5359/7313/5359
f 5352/1708/5352 5360/7314/5360 5362/7312/5362 5361/1709/5361
f 5360/7314/5360 5364/7315/5364 5365/7316/5365 5362/7312/5362
f 5353/579/5353 5363/7317/5363 5365/7316/5365 5364/7315/5364
f 5363/7317/5363 5355/7307/5355 5356/7306/5356 5365/7316/5365
f 5356/7306/5356 5359/7309/5359 5362/7312/5362 5365/7316/5365
f 5366/498/5366 5370/7318/5370 5372/7319/5372 5371/7320/5371
f 5370/7318/5370 5374/7321/5374 5375/7322/5375 5372/7319/5372
f 5367/580/5367 5373/7323/5373 5375/7322/5375 5374/7321/5374
f 5373/7323/5373 5377/7324/5377 5378/7325/5378 5375/7322/5375
f 5368/7326/5368 5376/7327/5376 5378/7325/5378 5377/7324/5377
f 5376/1808/5376 5380/1807/5380 5381/7328/5381 5378/7329/5378
f 5369/1806/5369 5379/7330/5379 5381/7328/5381 5380/1807/5380
f 5379/7330/5379 5371/7320/5371 5372/7319/5372 5381/7328/5381
f 5372/7319/5372 5375/7322/5375 5378/7325/5378 5381/7328/5381
f 5382/166/5382 5386/7331/5386 5388/7332/5388 5387/7333/5387
f 5386/7331/5386 5390/7334/5390 5391/7335/5391 5388/7332/5388
f 5383/499/5383 5389/7336/5389 5391/7335/5391 5390/7334/5390
f 5389/7336/5389 5393/7337/5393 5394/7338/5394 5391/7335/5391
f 5384/7339/5384 5392/7340/5392 5394/7338/5394 5393/7337/5393
f 5392/7340/5392 5396/7341/5396 5397/7342/5397 5394/7338/5394
f 5385/1783/5385 5395/7343/5395 5397/7344/5397 5396/1784/5396
f 5395/7343/5395 5387/7333/5387 5388/7332/5388 5397/7344/5397
f 5388/7332/5388 5391/7335/5391 5394/7338/5394 5397/7344/5397
f 5398/2156/5398 5402/7345/5402 5404/7346/5404 5403/7347/5403
f 5402/7345/5402 5406/7348/5406 5407/7349/5407 5404/7346/5404
f 5399/718/5399 5405/7350/5405 5407/7349/5407 5406/7348/5406
f 5405/7350/5405 5409/7351/5409 5410/7352/5410 5407/7349/5407
f 5400/7353/5400 5408/7354/5408 5410/7352/5410 5409/7351/5409
f 5408/1697/5408 5412/1696/5412 5413/7355/5413 5410/7356/5410
f 5401/1695/5401 5411/7357/5411 5413/7355/5413 5412/1696/5412
f 5411/7357/5411 5403/7347/5403 5404/7346/5404 5413/7355/5413
f 5404/7346/5404 5407/7349/5407 5410/7352/5410 5413/7355/5413
f 5414/155/5414 5418/7358/5418 5420/7359/5420 5419/7360/5419
f 5418/7358/5418 5422/7361/5422 5423/7362/5423 5420/7359/5420
f 5415/7363/5415 5421/7364/5421 5423/7362/5423 5422/7361/5422
f 5421/7364/5421 5425/7365/5425 5426/7366/5426 5423/7362/5423
f 5416/1794/5416 5424/7367/5424 5426/7368/5426 5425/1795/5425
f 5424/7367/5424 5428/7369/5428 5429/7370/5429 5426/7368/5426
f 5417/717/5417 5427/7371/5427 5429/7370/5429 5428/7369/5428
f 5427/7371/5427 5419/7360/5419 5420/7359/5420 5429/7370/5429
f 5420/7359/5420 5423/7362/5423 5426/7368/5426 5429/7370/5429
f 5430/154/5430 5434/7372/5434 5436/7373/5436 5435/7374/5435
f 5434/7372/5434 5438/7375/5438 5439/7376/5439 5436/7373/5436
f 5431/2157/5431 5437/7377/5437 5439/7376/5439 5438/7375/5438
f 5437/7377/5437 5441/7378/5441 5442/7379/5442 5439/7376/5439
f 5432/7380/5432 5440/7381/5440 5442/7379/5442 5441/7378/5441
f 5440/1761/5440 5444/1760/5444 5445/7382/5445 5442/7383/5442
f 5433/1759/5433 5443/7384/5443 5445/7382/5445 5444/1760/5444
f 5443/7384/5443 5435/7374/5435 5436/7373/5436 5445/7382/5445
f 5436/7373/5436 5439/7376/5439 5442/7379/5442 5445/7382/5445
f 5454/389/5454 5458/7385/5458 5460/7386/5460 5459/7387/5459
f 5458/7385/5458 5462/7388/5462 5463/7389/5463 5460/7386/5460
f 5455/7390/5455 5461/7391/5461 5463/7389/5463 5462/7388/5462
f 5461/1835/5461 5465/1834/5465 5466/7392/5466 5463/7393/5463
f 5456/1833/5456 5464/7394/5464 5466/7392/5466 5465/1834/5465
f 5464/7394/5464 5468/7395/5468 5469/7396/5469 5466/7392/5466
f 5457/34/5457 5467/7397/5467 5469/7396/5469 5468/7395/5468
f 5467/7397/5467 5459/7387/5459 5460/7386/5460 5469/7396/5469
f 5460/7386/5460 5463/7389/5463 5466/7392/5466 5469/7396/5469
f 5470/147/5470 5474/7398/5474 5476/7399/5476 5475/7400/5475
f 5474/7398/5474 5478/7401/5478 5479/7402/5479 5476/7399/5476
f 5471/7403/5471 5477/7404/5477 5479/7402/5479 5478/7401/5478
f 5477/7404/5477 5481/7405/5481 5482/7406/5482 5479/7402/5479
f 5472/1824/5472 5480/7407/5480 5482/7408/5482 5481/1825/5481
f 5480/7407/5480 5484/7409/5484 5485/7410/5485 5482/7408/5482
f 5473/884/5473 5483/7411/5483 5485/7410/5485 5484/7409/5484
f 5483/7411/5483 5475/7400/5475 5476/7399/5476 5485/7410/5485
f 5476/7399/5476 5479/7402/5479 5482/7408/5482 5485/7410/5485
f 5486/410/5486 5490/7412/5490 5492/7413/5492 5491/7414/5491
f 5490/7412/5490 5494/7415/5494 5495/7416/5495 5492/7413/5492
f 5487/7417/5487 5493/7418/5493 5495/7416/5495 5494/7415/5494
f 5493/1801/5493 5497/1800/5497 5498/7419/5498 5495/7420/5495
f 5488/1799/5488 5496/7421/5496 5498/7419/5498 5497/1800/5497
f 5496/7421/5496 5500/7422/5500 5501/7423/5501 5498/7419/5498
f 5489/2127/5489 5499/7424/5499 5501/7423/5501 5500/7422/5500
f 5499/7424/5499 5491/7414/5491 5492/7413/5492 5501/7423/5501
f 5492/7413/5492 5495/7416/5495 5498/7419/5498 5501/7423/5501
f 5502/333/5502 5506/7425/5506 5508/7426/5508 5507/7427/5507
f 5506/7425/5506 5510/7428/5510 5511/7429/5511 5508/7426/5508
f 5503/2128/5503 5509/7430/5509 5511/7429/5511 5510/7428/5510
f 5509/7430/5509 5513/7431/5513 5514/7432/5514 5511/7429/5511
f 5504/7433/5504 5512/7434/5512 5514/7432/5514 5513/7431/5513
f 5512/7434/5512 5516/7435/5516 5517/7436/5517 5514/7432/5514
f 5505/1861/5505 5515/7437/5515 5517/7438/5517 5516/1862/5516
f 5515/7437/5515 5507/7427/5507 5508/7426/5508 5517/7438/5517
f 5508/7426/5508 5511/7429/5511 5514/7432/5514 5517/7438/5517
f 5518/409/5518 5522/7439/5522 5524/7440/5524 5523/7441/5523
f 5522/7439/5522 5526/7442/5526 5527/7443/5527 5524/7440/5524
f 5519/334/5519 5525/7444/5525 5527/7443/5527 5526/7442/5526
f 5525/7444/5525 5529/7445/5529 5530/7446/5530 5527/7443/5527
f 5520/7447/5520 5528/7448/5528 5530/7446/5530 5529/7445/5529
f 5528/7448/5528 5532/7449/5532 5533/7450/5533 5530/7446/5530
f 5521/1873/5521 5531/7451/5531 5533/7452/5533 5532/1874/5532
f 5531/7451/5531 5523/7441/5523 5524/7440/5524 5533/7452/5533
f 5524/7440/5524 5527/7443/5527 5530/7446/5530 5533/7452/5533
f 5542/851/5542 5546/7453/5546 5548/7454/5548 5547/7455/5547
f 5546/7453/5546 5550/7456/5550 5551/7457/5551 5548/7454/5548
f 5543/7458/5543 5549/7459/5549 5551/7457/5551 5550/7456/5550
f 5549/1910/5549 5553/1909/5553 5554/7460/5554 5551/7461/5551
f 5544/1908/5544 5552/7462/5552 5554/7460/5554 5553/1909/5553
f 5552/7462/5552 5556/7463/5556 5557/7464/5557 5554/7460/5554
f 5545/337/5545 5555/7465/5555 5557/7464/5557 5556/7463/5556
f 5555/7465/5555 5547/7455/5547 5548/7454/5548 5557/7464/5557
f 5548/7454/5548 5551/7457/5551 5554/7460/5554 5557/7464/5557
f 5558/702/5558 5562/7466/5562 5564/7467/5564 5563/7468/5563
f 5562/7466/5562 5566/7469/5566 5567/7470/5567 5564/7467/5564
f 5559/2186/5559 5565/7471/5565 5567/7470/5567 5566/7469/5566
f 5565/7471/5565 5569/7472/5569 5570/7473/5570 5567/7470/5567
f 5560/7474/5560 5568/7475/5568 5570/7473/5570 5569/7472/5569
f 5568/1773/5568 5572/1772/5572 5573/7476/5573 5570/7477/5570
f 5561/1771/5561 5571/7478/5571 5573/7476/5573 5572/1772/5572
f 5571/7478/5571 5563/7468/5563 5564/7467/5564 5573/7476/5573
f 5564/7467/5564 5567/7470/5567 5570/7473/5570 5573/7476/5573
f 5574/919/5574 5578/7479/5578 5580/7480/5580 5579/7481/5579
f 5578/7479/5578 5582/7482/5582 5583/7483/5583 5580/7480/5580
f 5575/7484/5575 5581/7485/5581 5583/7483/5583 5582/7482/5582
f 5581/7485/5581 5585/7486/5585 5586/7487/5586 5583/7483/5583
f 5576/1879/5576 5584/7488/5584 5586/7489/5586 5585/1880/5585
f 5584/7488/5584 5588/7490/5588 5589/7491/5589 5586/7489/5586
f 5577/2185/5577 5587/7492/5587 5589/7491/5589 5588/7490/5588
f 5587/7492/5587 5579/7481/5579 5580/7480/5580 5589/7491/5589
f 5580/7480/5580 5583/7483/5583 5586/7489/5586 5589/7491/5589
f 5590/918/5590 5594/7493/5594 5596/7494/5596 5595/7495/5595
f 5594/7493/5594 5598/7496/5598 5599/7497/5599 5596/7494/5596
f 5591/703/5591 5597/7498/5597 5599/7497/5599 5598/7496/5598
f 5597/7498/5597 5601/7499/5601 5602/7500/5602 5599/7497/5599
f 5592/7501/5592 5600/7502/5600 5602/7500/5602 5601/7499/5601
f 5600/1849/5600 5604/1848/5604 5605/7503/5605 5602/7504/5602
f 5593/1847/5593 5603/7505/5603 5605/7503/5605 5604/1848/5604
f 5603/7505/5603 5595/7495/5595 5596/7494/5596 5605/7503/5605
f 5596/7494/5596 5599/7497/5599 5602/7500/5602 5605/7503/5605
f 5606/877/5606 5610/7506/5610 5612/7507/5612 5611/7508/5611
f 5610/7506/5610 5614/7509/5614 5615/7510/5615 5612/7507/5612
f 5607/7511/5607 5613/7512/5613 5615/7510/5615 5614/7509/5614
f 5613/7512/5613 5617/7513/5617 5618/7514/5618 5615/7510/5615
f 5608/1898/5608 5616/7515/5616 5618/7516/5618 5617/1899/5617
f 5616/7515/5616 5620/7517/5620 5621/7518/5621 5618/7516/5618
f 5609/2208/5609 5619/7519/5619 5621/7518/5621 5620/7517/5620
f 5619/7519/5619 5611/7508/5611 5612/7507/5612 5621/7518/5621
f 5612/7507/5612 5615/7510/5615 5618/7516/5618 5621/7518/5621
f 5622/139/5622 5626/7520/5626 5628/7521/5628 5627/7522/5627
f 5626/7520/5626 5630/7523/5630 5631/7524/5631 5628/7521/5628
f 5623/7525/5623 5629/7526/5629 5631/7524/5631 5630/7523/5630
f 5629/1856/5629 5633/1855/5633 5634/7527/5634 5631/7528/5631
f 5624/1854/5624 5632/7529/5632 5634/7527/5634 5633/1855/5633
f 5632/7529/5632 5636/7530/5636 5637/7531/5637 5634/7527/5634
f 5625/150/5625 5635/7532/5635 5637/7531/5637 5636/7530/5636
f 5635/7532/5635 5627/7522/5627 5628/7521/5628 5637/7531/5637
f 5628/7521/5628 5631/7524/5631 5634/7527/5634 5637/7531/5637
f 5638/142/5638 5642/7533/5642 5644/7534/5644 5643/7535/5643
f 5642/7533/5642 5646/7536/5646 5647/7537/5647 5644/7534/5644
f 5639/151/5639 5645/7538/5645 5647/7537/5647 5646/7536/5646
f 5645/7538/5645 5649/7539/5649 5650/7540/5650 5647/7537/5647
f 5640/7541/5640 5648/7542/5648 5650/7540/5650 5649/7539/5649
f 5648/7542/5648 5652/7543/5652 5653/7544/5653 5650/7540/5650
f 5641/1944/5641 5651/7545/5651 5653/7546/5653 5652/1945/5652
f 5651/7545/5651 5643/7535/5643 5644/7534/5644 5653/7546/5653
f 5644/7534/5644 5647/7537/5647 5650/7540/5650 5653/7546/5653
f 5654/138/5654 5658/7547/5658 5660/7548/5660 5659/7549/5659
f 5658/7547/5658 5662/7550/5662 5663/7551/5663 5660/7548/5660
f 5655/143/5655 5661/7552/5661 5663/7551/5663 5662/7550/5662
f 5661/7552/5661 5665/7553/5665 5666/7554/5666 5663/7551/5663
f 5656/7555/5656 5664/7556/5664 5666/7554/5666 5665/7553/5665
f 5664/7556/5664 5668/7557/5668 5669/7558/5669 5666/7554/5666
f 5657/1931/5657 5667/7559/5667 5669/7560/5669 5668/1932/5668
f 5667/7559/5667 5659/7549/5659 5660/7548/5660 5669/7560/5669
f 5660/7548/5660 5663/7551/5663 5666/7554/5666 5669/7560/5669
f 5670/130/5670 5674/7561/5674 5676/7562/5676 5675/7563/5675
f 5674/7561/5674 5678/7564/5678 5679/7565/5679 5676/7562/5676
f 5671/695/5671 5677/7566/5677 5679/7565/5679 5678/7564/5678
f 5677/7566/5677 5681/7567/5681 5682/7568/5682 5679/7565/5679
f 5672/7569/5672 5680/7570/5680 5682/7568/5682 5681/7567/5681
f 5680/1842/5680 5684/1841/5684 5685/7571/5685 5682/7572/5682
f 5673/1840/5673 5683/7573/5683 5685/7571/5685 5684/1841/5684
f 5683/7573/5683 5675/7563/5675 5676/7562/5676 5685/7571/5685
f 5676/7562/5676 5679/7565/5679 5682/7568/5682 5685/7571/5685
f 5686/593/5686 5690/7574/5690 5692/7575/5692 5691/7576/5691
f 5690/7574/5690 5694/7577/5694 5695/7578/5695 5692/7575/5692
f 5687/7579/5687 5693/7580/5693 5695/7578/5695 5694/7577/5694
f 5693/7580/5693 5697/7581/5697 5698/7582/5698 5695/7578/5695
f 5688/1937/5688 5696/7583/5696 5698/7584/5698 5697/1938/5697
f 5696/7583/5696 5700/7585/5700 5701/7586/5701 5698/7584/5698
f 5689/694/5689 5699/7587/5699 5701/7586/5701 5700/7585/5700
f 5699/7587/5699 5691/7576/5691 5692/7575/5692 5701/7586/5701
f 5692/7575/5692 5695/7578/5695 5698/7584/5698 5701/7586/5701
f 5702/131/5702 5706/7588/5706 5708/7589/5708 5707/7590/5707
f 5706/7588/5706 5710/7591/5710 5711/7592/5711 5708/7589/5708
f 5703/7593/5703 5709/7594/5709 5711/7592/5711 5710/7591/5710
f 5709/1905/5709 5713/1904/5713 5714/7595/5714 5711/7596/5711
f 5704/1903/5704 5712/7597/5712 5714/7595/5714 5713/1904/5713
f 5712/7597/5712 5716/7598/5716 5717/7599/5717 5714/7595/5714
f 5705/592/5705 5715/7600/5715 5717/7599/5717 5716/7598/5716
f 5715/7600/5715 5707/7590/5707 5708/7589/5708 5717/7599/5717
f 5708/7589/5708 5711/7592/5711 5714/7595/5714 5717/7599/5717
f 5726/42/5726 5730/7601/5730 5732/7602/5732 5731/7603/5731
f 5730/7601/5730 5734/7604/5734 5735/7605/5735 5732/7602/5732
f 5727/873/5727 5733/7606/5733 5735/7605/5735 5734/7604/5734
f 5733/7606/5733 5737/7607/5737 5738/7608/5738 5735/7605/5735
f 5728/7609/5728 5736/7610/5736 5738/7608/5738 5737/7607/5737
f 5736/1988/5736 5740/1987/5740 5741/7611/5741 5738/7612/5738
f 5729/1986/5729 5739/7613/5739 5741/7611/5741 5740/1987/5740
f 5739/7613/5739 5731/7603/5731 5732/7602/5732 5741/7611/5741
f 5732/7602/5732 5735/7605/5735 5738/7608/5738 5741/7611/5741
f 5742/122/5742 5746/7614/5746 5748/7615/5748 5747/7616/5747
f 5746/7614/5746 5750/7617/5750 5751/7618/5751 5748/7615/5748
f 5743/865/5743 5749/7619/5749 5751/7618/5751 5750/7617/5750
f 5749/7619/5749 5753/7620/5753 5754/7621/5754 5751/7618/5751
f 5744/7622/5744 5752/7623/5752 5754/7621/5754 5753/7620/5753
f 5752/7623/5752 5756/7624/5756 5757/7625/5757 5754/7621/5754
f 5745/1962/5745 5755/7626/5755 5757/7627/5757 5756/1963/5756
f 5755/7626/5755 5747/7616/5747 5748/7615/5748 5757/7627/5757
f 5748/7615/5748 5751/7618/5751 5754/7621/5754 5757/7627/5757
f 5758/127/5758 5762/7628/5762 5764/7629/5764 5763/7630/5763
f 5762/7628/5762 5766/7631/5766 5767/7632/5767 5764/7629/5764
f 5759/7633/5759 5765/7634/5765 5767/7632/5767 5766/7631/5766
f 5765/1951/5765 5769/1950/5769 5770/7635/5770 5767/7636/5767
f 5760/1949/5760 5768/7637/5768 5770/7635/5770 5769/1950/5769
f 5768/7637/5768 5772/7638/5772 5773/7639/5773 5770/7635/5770
f 5761/910/5761 5771/7640/5771 5773/7639/5773 5772/7638/5772
f 5771/7640/5771 5763/7630/5763 5764/7629/5764 5773/7639/5773
f 5764/7629/5764 5767/7632/5767 5770/7635/5770 5773/7639/5773
f 5774/783/5774 5778/7641/5778 5780/7642/5780 5779/7643/5779
f 5778/7641/5778 5782/7644/5782 5783/7645/5783 5780/7642/5780
f 5775/911/5775 5781/7646/5781 5783/7645/5783 5782/7644/5782
f 5781/7646/5781 5785/7647/5785 5786/7648/5786 5783/7645/5783
f 5776/7649/5776 5784/7650/5784 5786/7648/5786 5785/7647/5785
f 5784/7650/5784 5788/7651/5788 5789/7652/5789 5786/7648/5786
f 5777/2058/5777 5787/7653/5787 5789/7654/5789 5788/2059/5788
f 5787/7653/5787 5779/7643/5779 5780/7642/5780 5789/7654/5789
f 5780/7642/5780 5783/7645/5783 5786/7648/5786 5789/7654/5789
f 5790/784/5790 5794/7655/5794 5796/7656/5796 5795/7657/5795
f 5794/7655/5794 5798/7658/5798 5799/7659/5799 5796/7656/5796
f 5791/7660/5791 5797/7661/5797 5799/7659/5799 5798/7658/5798
f 5797/2018/5797 5801/2017/5801 5802/7662/5802 5799/7663/5799
f 5792/2016/5792 5800/7664/5800 5802/7662/5802 5801/2017/5801
f 5800/7664/5800 5804/7665/5804 5805/7666/5805 5802/7662/5802
f 5793/126/5793 5803/7667/5803 5805/7666/5805 5804/7665/5804
f 5803/7667/5803 5795/7657/5795 5796/7656/5796 5805/7666/5805
f 5796/7656/5796 5799/7659/5799 5802/7662/5802 5805/7666/5805
f 5806/111/5806 5810/7668/5810 5812/7669/5812 5811/7670/5811
f 5810/7668/5810 5814/7671/5814 5815/7672/5815 5812/7669/5812
f 5807/7673/5807 5813/7674/5813 5815/7672/5815 5814/7671/5814
f 5813/7674/5813 5817/7675/5817 5818/7676/5818 5815/7672/5815
f 5808/2005/5808 5816/7677/5816 5818/7678/5818 5817/2006/5817
f 5816/7677/5816 5820/7679/5820 5821/7680/5821 5818/7678/5818
f 5809/424/5809 5819/7681/5819 5821/7680/5821 5820/7679/5820
f 5819/7681/5819 5811/7670/5811 5812/7669/5812 5821/7680/5821
f 5812/7669/5812 5815/7672/5815 5818/7678/5818 5821/7680/5821
f 5822/554/5822 5826/7682/5826 5828/7683/5828 5827/7684/5827
f 5826/7682/5826 5830/7685/5830 5831/7686/5831 5828/7683/5828
f 5823/687/5823 5829/7687/5829 5831/7686/5831 5830/7685/5830
f 5829/7687/5829 5833/7688/5833 5834/7689/5834 5831/7686/5831
f 5824/7690/5824 5832/7691/5832 5834/7689/5834 5833/7688/5833
f 5832/1917/5832 5836/1916/5836 5837/7692/5837 5834/7693/5834
f 5825/1915/5825 5835/7694/5835 5837/7692/5837 5836/1916/5836
f 5835/7694/5835 5827/7684/5827 5828/7683/5828 5837/7692/5837
f 5828/7683/5828 5831/7686/5831 5834/7689/5834 5837/7692/5837
f 5838/115/5838 5842/7695/5842 5844/7696/5844 5843/7697/5843
f 5842/7695/5842 5846/7698/5846 5847/7699/5847 5844/7696/5844
f 5839/7700/5839 5845/7701/5845 5847/7699/5847 5846/7698/5846
f 5845/7701/5845 5849/7702/5849 5850/7703/5850 5847/7699/5847
f 5840/2046/5840 5848/7704/5848 5850/7705/5850 5849/2047/5849
f 5848/7704/5848 5852/7706/5852 5853/7707/5853 5850/7705/5850
f 5841/686/5841 5851/7708/5851 5853/7707/5853 5852/7706/5852
f 5851/7708/5851 5843/7697/5843 5844/7696/5844 5853/7707/5853
f 5844/7696/5844 5847/7699/5847 5850/7705/5850 5853/7707/5853
f 5854/114/5854 5858/7709/5858 5860/7710/5860 5859/7711/5859
f 5858/7709/5858 5862/7712/5862 5863/7713/5863 5860/7710/5860
f 5855/555/5855 5861/7714/5861 5863/7713/5863 5862/7712/5862
f 5861/7714/5861 5865/7715/5865 5866/7716/5866 5863/7713/5863
f 5856/7717/5856 5864/7718/5864 5866/7716/5866 5865/7715/5865
f 5864/7718/5864 5868/7719/5868 5869/7720/5869 5866/7716/5866
f 5857/1974/5857 5867/7721/5867 5869/7722/5869 5868/1975/5868
f 5867/7721/5867 5859/7711/5859 5860/7710/5860 5869/7722/5869
f 5860/7710/5860 5863/7713/5863 5866/7716/5866 5869/7722/5869
f 5870/119/5870 5874/7723/5874 5876/7724/5876 5875/7725/5875
f 5874/7723/5874 5878/7726/5878 5879/7727/5879 5876/7724/5876
f 5871/7728/5871 5877/7729/5877 5879/7727/5879 5878/7726/5878
f 5877/2034/5877 5881/2033/5881 5882/7730/5882 5879/7731/5879
f 5872/2032/5872 5880/7732/5880 5882/7730/5882 5881/2033/5881
f 5880/7732/5880 5884/7733/5884 5885/7734/5885 5882/7730/5882
f 5873/661/5873 5883/7735/5883 5885/7734/5885 5884/7733/5884
f 5883/7735/5883 5875/7725/5875 5876/7724/5876 5885/7734/5885
f 5876/7724/5876 5879/7727/5879 5882/7730/5882 5885/7734/5885
f 5886/771/5886 5890/7736/5890 5892/7737/5892 5891/7738/5891
f 5890/7736/5890 5894/7739/5894 5895/7740/5895 5892/7737/5892
f 5887/662/5887 5893/7741/5893 5895/7740/5895 5894/7739/5894
f 5893/7741/5893 5897/7742/5897 5898/7743/5898 5895/7740/5895
f 5888/7744/5888 5896/7745/5896 5898/7743/5898 5897/7742/5897
f 5896/7745/5896 5900/7746/5900 5901/7747/5901 5898/7743/5898
f 5889/2105/5889 5899/7748/5899 5901/7749/5901 5900/2106/5900
f 5899/7748/5899 5891/7738/5891 5892/7737/5892 5901/7749/5901
f 5892/7737/5892 5895/7740/5895 5898/7743/5898 5901/7749/5901
f 5902/118/5902 5906/7750/5906 5908/7751/5908 5907/7752/5907
f 5906/7750/5906 5910/7753/5910 5911/7754/5911 5908/7751/5908
f 5903/772/5903 5909/7755/5909 5911/7754/5911 5910/7753/5910
f 5909/7755/5909 5913/7756/5913 5914/7757/5914 5911/7754/5911
f 5904/7758/5904 5912/7759/5912 5914/7757/5914 5913/7756/5913
f 5912/2069/5912 5916/2068/5916 5917/7760/5917 5914/7761/5914
f 5905/2067/5905 5915/7762/5915 5917/7760/5917 5916/2068/5916
f 5915/7762/5915 5907/7752/5907 5908/7751/5908 5917/7760/5917
f 5908/7751/5908 5911/7754/5911 5914/7757/5914 5917/7760/5917
f 5926/47/5926 5930/7763/5930 5932/7764/5932 5931/7765/5931
f 5930/7763/5930 5934/7766/5934 5935/7767/5935 5932/7764/5932
f 5927/7768/5927 5933/7769/5933 5935/7767/5935 5934/7766/5934
f 5933/2027/5933 5937/2026/5937 5938/7770/5938 5935/7771/5935
f 5928/2025/5928 5936/7772/5936 5938/7770/5938 5937/2026/5937
f 5936/7772/5936 5940/7773/5940 5941/7774/5941 5938/7770/5938
f 5929/467/5929 5939/7775/5939 5941/7774/5941 5940/7773/5940
f 5939/7775/5939 5931/7765/5931 5932/7764/5932 5941/7774/5941
f 5932/7764/5932 5935/7767/5935 5938/7770/5938 5941/7774/5941
f 5942/843/5942 5946/7776/5946 5948/7777/5948 5947/7778/5947
f 5946/7776/5946 5950/7779/5950 5951/7780/5951 5948/7777/5948
f 5943/476/5943 5949/7781/5949 5951/7780/5951 5950/7779/5950
f 5949/7781/5949 5953/7782/5953 5954/7783/5954 5951/7780/5951
f 5944/7784/5944 5952/7785/5952 5954/7783/5954 5953/7782/5953
f 5952/1982/5952 5956/1981/5956 5957/7786/5957 5954/7787/5954
f 5945/1980/5945 5955/7788/5955 5957/7786/5957 5956/1981/5956
f 5955/7788/5955 5947/7778/5947 5948/7777/5948 5957/7786/5957
f 5948/7777/5948 5951/7780/5951 5954/7783/5954 5957/7786/5957
f 5958/107/5958 5962/7789/5962 5964/7790/5964 5963/7791/5963
f 5962/7789/5962 5966/7792/5966 5967/7793/5967 5964/7790/5964
f 5959/7794/5959 5965/7795/5965 5967/7793/5967 5966/7792/5966
f 5965/2097/5965 5969/2096/5969 5970/7796/5970 5967/7797/5967
f 5960/2095/5960 5968/7798/5968 5970/7796/5970 5969/2096/5969
f 5968/7798/5968 5972/7799/5972 5973/7800/5973 5970/7796/5970
f 5961/475/5961 5971/7801/5971 5973/7800/5973 5972/7799/5972
f 5971/7801/5971 5963/7791/5963 5964/7790/5964 5973/7800/5973
f 5964/7790/5964 5967/7793/5967 5970/7796/5970 5973/7800/5973
f 5974/106/5974 5978/7802/5978 5980/7803/5980 5979/7804/5979
f 5978/7802/5978 5982/7805/5982 5983/7806/5983 5980/7803/5980
f 5975/844/5975 5981/7807/5981 5983/7806/5983 5982/7805/5982
f 5981/7807/5981 5985/7808/5985 5986/7809/5986 5983/7806/5983
f 5976/7810/5976 5984/7811/5984 5986/7809/5986 5985/7808/5985
f 5984/7811/5984 5988/7812/5988 5989/7813/5989 5986/7809/5986
f 5977/2051/5977 5987/7814/5987 5989/7815/5989 5988/2052/5988
f 5987/7814/5987 5979/7804/5979 5980/7803/5980 5989/7815/5989
f 5980/7803/5980 5983/7806/5983 5986/7809/5986 5989/7815/5989
f 5990/99/5990 5994/7816/5994 5996/7817/5996 5995/7818/5995
f 5994/7816/5994 5998/7819/5998 5999/7820/5999 5996/7817/5996
f 5991/7821/5991 5997/7822/5997 5999/7820/5999 5998/7819/5998
f 5997/7822/5997 6001/7823/6001 6002/7824/6002 5999/7820/5999
f 5992/2089/5992 6000/7825/6000 6002/7826/6002 6001/2090/6001
f 6000/7825/6000 6004/7827/6004 6005/7828/6005 6002/7826/6002
f 5993/348/5993 6003/7829/6003 6005/7828/6005 6004/7827/6004
f 6003/7829/6003 5995/7818/5995 5996/7817/5996 6005/7828/6005
f 5996/7817/5996 5999/7820/5999 6002/7826/6002 6005/7828/6005
f 6014/855/6014 6018/7830/6018 6020/7831/6020 6019/7832/6019
f 6018/7830/6018 6022/7833/6022 6023/7834/6023 6020/7831/6020
f 6015/7835/6015 6021/7836/6021 6023/7834/6023 6022/7833/6022
f 6021/1049/6021 6025/1048/6025 6026/7837/6026 6023/7838/6023
f 6016/1047/6016 6024/7839/6024 6026/7837/6026 6025/1048/6025
f 6024/7839/6024 6028/7840/6028 6029/7841/6029 6026/7837/6026
f 6017/50/6017 6027/7842/6027 6029/7841/6029 6028/7840/6028
f 6027/7842/6027 6019/7832/6019 6020/7831/6020 6029/7841/6029
f 6020/7831/6020 6023/7834/6023 6026/7837/6026 6029/7841/6029
f 6030/103/6030 6034/7843/6034 6036/7844/6036 6035/7845/6035
f 6034/7843/6034 6038/7846/6038 6039/7847/6039 6036/7844/6036
f 6031/7848/6031 6037/7849/6037 6039/7847/6039 6038/7846/6038
f 6037/7849/6037 6041/7850/6041 6042/7851/6042 6039/7847/6039
f 6032/2100/6032 6040/7852/6040 6042/7853/6042 6041/2101/6041
f 6040/7852/6040 6044/7854/6044 6045/7855/6045 6042/7853/6042
f 6033/356/6033 6043/7856/6043 6045/7855/6045 6044/7854/6044
f 6043/7856/6043 6035/7845/6035 6036/7844/6036 6045/7855/6045
f 6036/7844/6036 6039/7847/6039 6042/7853/6042 6045/7855/6045
f 6046/665/6046 6050/7857/6050 6052/7858/6052 6051/7859/6051
f 6050/7857/6050 6054/7860/6054 6055/7861/6055 6052/7858/6052
f 6047/357/6047 6053/7862/6053 6055/7861/6055 6054/7860/6054
f 6053/7862/6053 6057/7863/6057 6058/7864/6058 6055/7861/6055
f 6048/7865/6048 6056/7866/6056 6058/7864/6058 6057/7863/6057
f 6056/7866/6056 6060/7867/6060 6061/7868/6061 6058/7864/6058
f 6049/1029/6049 6059/7869/6059 6061/7870/6061 6060/1030/6060
f 6059/7869/6059 6051/7859/6051 6052/7858/6052 6061/7870/6061
f 6052/7858/6052 6055/7861/6055 6058/7864/6058 6061/7870/6061
f 6062/102/6062 6066/7871/6066 6068/7872/6068 6067/7873/6067
f 6066/7871/6066 6070/7874/6070 6071/7875/6071 6068/7872/6068
f 6063/666/6063 6069/7876/6069 6071/7875/6071 6070/7874/6070
f 6069/7876/6069 6073/7877/6073 6074/7878/6074 6071/7875/6071
f 6064/7879/6064 6072/7880/6072 6074/7878/6074 6073/7877/6073
f 6072/1043/6072 6076/1042/6076 6077/7881/6077 6074/7882/6074
f 6065/1041/6065 6075/7883/6075 6077/7881/6077 6076/1042/6076
f 6075/7883/6075 6067/7873/6067 6068/7872/6068 6077/7881/6077
f 6068/7872/6068 6071/7875/6071 6074/7878/6074 6077/7881/6077
f 1309/7886/1309 1268/7887/1268 1269/7888/1269 1308/7889/1308
f 1308/7889/1308 1269/7888/1269 1267/529/1267 1306/445/1306
f 1493/7892/1493 1309/7893/1309 1308/7894/1308 1492/7895/1492
f 1492/7895/1492 1308/7894/1308 1306/445/1306 1490/444/1490
f 1569/7898/1569 1493/7899/1493 1492/7900/1492 1568/7901/1568
f 1568/7901/1568 1492/7900/1492 1490/444/1490 1566/814/1566
f 1681/7904/1681 1569/7905/1569 1568/7906/1568 1680/7907/1680
f 1680/7907/1680 1568/7906/1568 1566/814/1566 1678/581/1678
f 1757/7910/1757 1681/7911/1681 1680/7912/1680 1756/7913/1756
f 1756/7913/1756 1680/7912/1680 1678/581/1678 1754/494/1754
f 1869/7916/1869 1757/7917/1757 1756/7918/1756 1868/7919/1868
f 1868/7919/1868 1756/7918/1756 1754/494/1754 1866/265/1866
f 1981/7922/1981 1869/7923/1869 1868/7924/1868 1980/7925/1980
f 1980/7925/1980 1868/7924/1868 1866/265/1866 1978/264/1978
f 2093/7928/2093 1981/7929/1981 1980/7930/1980 2092/7931/2092
f 2092/7931/2092 1980/7930/1980 1978/264/1978 2090/646/2090
f 2277/7934/2277 2093/7935/2093 2092/7936/2092 2276/7937/2276
f 2276/7937/2276 2092/7936/2092 2090/646/2090 2274/441/2274
f 2353/7940/2353 2277/7941/2277 2276/7942/2276 2352/7943/2352
f 2352/7943/2352 2276/7942/2276 2274/441/2274 2350/440/2350
f 2369/7946/2369 2353/7947/2353 2352/7948/2352 2368/7949/2368
f 2368/7949/2368 2352/7948/2352 2350/311/2350 2366/310/2366
f 821/7952/821 2369/7953/2369 2368/7954/2368 820/7955/820
f 820/7955/820 2368/7954/2368 2366/432/2366 818/2/818
f 933/7958/933 821/7959/821 820/7960/820 932/7961/932
f 932/7961/932 820/7960/820 818/2/818 930/1/930
f 1009/7964/1009 933/7965/933 932/7966/932 1008/7967/1008
f 1008/7967/1008 932/7966/932 930/1/930 1006/278/1006
f 1121/7970/1121 1009/7971/1009 1008/7972/1008 1120/7973/1120
f 1120/7973/1120 1008/7972/1008 1006/278/1006 1118/733/1118
f 1268/7976/1268 1121/7977/1121 1120/7978/1120 1269/7979/1269
f 1269/7979/1269 1120/7978/1120 1118/733/1118 1267/529/1267
f 1167/3637/1167 1177/3643/1177 1173/3640/1173 1162/3628/1162
f 1162/3628/1162 1173/3640/1173 1170/564/1170 1158/563/1158
f 1331/3819/1331 1341/3825/1341 1337/3822/1337 1326/3810/1326
f 1326/3810/1326 1337/3822/1337 1334/401/1334 1322/400/1322
f 1415/3917/1415 1425/3923/1425 1421/3920/1421 1410/3908/1410
f 1410/3908/1410 1421/3920/1421 1418/285/1418 1406/284/1406
f 1503/4015/1503 1513/4021/1513 1509/4018/1509 1498/4006/1498
f 1498/4006/1498 1509/4018/1509 1506/921/1506 1494/920/1494
f 1615/4141/1615 1625/4147/1625 1621/4144/1621 1610/4132/1610
f 1610/4132/1610 1621/4144/1621 1618/697/1618 1606/696/1606
f 1773/4315/1773 1786/4337/1786 1791/4336/1791 1777/4316/1777
f 1777/4316/1777 1791/4336/1791 1784/455/1784 1771/454/1771
f 1885/4441/1885 1898/4463/1898 1903/4462/1903 1889/4442/1889
f 1889/4442/1889 1903/4462/1903 1896/292/1896 1883/291/1883
f 1997/4567/1997 2010/4589/2010 2015/4588/2015 2001/4568/2001
f 2001/4568/2001 2015/4588/2015 2008/133/2008 1995/132/1995
f 2109/4693/2109 2122/4715/2122 2127/4714/2127 2113/4694/2113
f 2113/4694/2113 2127/4714/2127 2120/712/2120 2107/711/2107
f 2169/4763/2169 2182/4785/2182 2187/4784/2187 2173/4764/2173
f 2173/4764/2173 2187/4784/2187 2180/560/2180 2167/559/2167
f 2305/4917/2305 2318/4939/2318 2323/4938/2323 2309/4918/2309
f 2309/4918/2309 2323/4938/2323 2316/391/2316 2303/390/2303
f 587/2978/587 609/2998/609 605/2995/605 582/2969/582
f 582/2969/582 605/2995/605 602/416/602 578/415/578
f 743/3160/743 753/3166/753 749/3163/749 738/3151/738
f 738/3151/738 749/3163/749 746/546/746 734/545/734
f 855/3286/855 865/3292/865 861/3289/861 850/3277/850
f 850/3277/850 861/3289/861 858/383/858 846/382/846
f 967/3412/967 977/3418/977 973/3415/973 962/3403/962
f 962/3403/962 973/3415/973 970/241/970 958/240/958
f 1067/3524/1067 1053/3502/1053 1049/3499/1049 1062/3515/1062
f 1062/3515/1062 1049/3499/1049 1046/867/1046 1058/866/1058
f 1518/2161/1518 5038/2164/5038 5043/7064/5043 1521/4032/1521
f 1521/4032/1521 5043/7064/5043 5051/7074/5051 1525/4035/1525
f 1525/4035/1525 5051/7074/5051 5041/186/5041 1519/185/1519
f 5006/2163/5006 1454/2162/1454 1458/3964/1458 5010/7034/5010
f 5010/7034/5010 1458/3964/1458 1463/3974/1463 5014/7037/5014
f 5014/7037/5014 1463/3974/1463 1456/2218/1456 5007/2221/5007
f 1478/184/1478 5022/187/5022 5027/7050/5027 1481/3990/1481
f 1481/3990/1481 5027/7050/5027 5035/7061/5035 1485/3993/1485
f 1485/3993/1485 5035/7061/5035 5025/2220/5025 1479/2219/1479
f 1982/874/1982 5606/877/5606 5611/7508/5611 1985/4550/1985
f 1985/4550/1985 5611/7508/5611 5619/7519/5619 1989/4553/1989
f 1989/4553/1989 5619/7519/5619 5609/2208/5609 1983/2207/1983
f 1010/616/1010 4430/619/4430 4435/6575/4435 1013/3457/1013
f 1013/3457/1013 4435/6575/4435 4443/6585/4443 1017/3460/1017
f 1017/3460/1017 4443/6585/4443 4433/352/4433 1011/351/1011
f 4414/618/4414 994/617/994 998/3445/998 4418/6560/4418
f 4418/6560/4418 998/3445/998 1003/3455/1003 4422/6563/4422
f 4422/6563/4422 1003/3455/1003 996/2197/996 4415/2200/4415
f 182/350/182 4398/353/4398 4403/6548/4403 185/2505/185
f 185/2505/185 4403/6548/4403 4411/6559/4411 189/2508/189
f 189/2508/189 4411/6559/4411 4401/2199/4401 183/2198/183
f 4990/752/4990 494/751/494 498/2871/498 4994/7021/4994
f 4994/7021/4994 498/2871/498 503/2881/503 4998/7024/4998
f 4998/7024/4998 503/2881/503 496/2190/496 4991/2193/4991
f 5590/918/5590 1966/917/1966 1970/4538/1970 5594/7493/5594
f 5594/7493/5594 1970/4538/1970 1975/4548/1975 5598/7496/5598
f 5598/7496/5598 1975/4548/1975 1968/700/1968 5591/703/5591
f 5558/702/5558 1930/701/1930 1934/4496/1934 5562/7466/5562
f 5562/7466/5562 1934/4496/1934 1939/4506/1939 5566/7469/5566
f 5566/7469/5566 1939/4506/1939 1932/2183/1932 5559/2186/5559
f 1954/916/1954 5574/919/5574 5579/7481/5579 1957/4522/1957
f 1957/4522/1957 5579/7481/5579 5587/7492/5587 1961/4525/1961
f 1961/4525/1961 5587/7492/5587 5577/2185/5577 1955/2184/1955
f 4382/341/4382 982/340/982 986/3431/986 4386/6532/4386
f 4386/6532/4386 986/3431/986 991/3441/991 4390/6535/4390
f 4390/6535/4390 991/3441/991 984/799/984 4383/802/4383
f 4378/801/4378 934/800/934 938/3375/938 4380/7980/4380
f 4380/7980/4380 938/3375/938 943/3385/943 4381/7981/4381
f 4381/7981/4381 943/3385/943 936/2179/936 4379/2182/4379
f 374/339/374 4374/342/4374 4376/7982/4376 377/2729/377
f 377/2729/377 4376/7982/4376 4377/7983/4377 381/2732/381
f 381/2732/381 4377/7983/4377 4375/2181/4375 375/2180/375
f 1466/327/1466 4974/330/4974 4979/7009/4979 1469/3976/1469
f 1469/3976/1469 4979/7009/4979 4987/7020/4987 1473/3979/1473
f 1473/3979/1473 4987/7020/4987 4977/745/4977 1467/744/1467
f 4970/329/4970 1382/328/1382 1386/3880/1386 4972/7984/4972
f 4972/7984/4972 1386/3880/1386 1391/3890/1391 4973/7985/4973
f 4973/7985/4973 1391/3890/1391 1384/2165/1384 4971/2168/4971
f 1442/743/1442 4966/746/4966 4968/7986/4968 1445/3948/1445
f 1445/3948/1445 4968/7986/4968 4969/7987/4969 1449/3951/1449
f 1449/3951/1449 4969/7987/4969 4967/2167/4967 1443/2166/1443
f 446/848/446 5542/851/5542 5547/7455/5547 449/2813/449
f 449/2813/449 5547/7455/5547 5555/7465/5555 453/2816/453
f 453/2816/453 5555/7465/5555 5545/337/5545 447/336/447
f 5538/850/5538 1918/849/1918 1922/4482/1922 5540/7988/5540
f 5540/7988/5540 1922/4482/1922 1927/4492/1927 5541/7989/5541
f 5541/7989/5541 1927/4492/1927 1920/2150/1920 5539/2153/5539
f 290/335/290 5534/338/5534 5536/7990/5536 293/2631/293
f 293/2631/293 5536/7990/5536 5537/7991/5537 297/2634/297
f 297/2634/297 5537/7991/5537 5535/2152/5535 291/2151/291
f 4358/2174/4358 946/2173/946 950/3389/950 4362/6519/4362
f 4362/6519/4362 950/3389/950 955/3399/955 4366/6522/4366
f 4366/6522/4366 955/3399/955 948/2146/948 4359/2149/4359
f 4950/370/4950 1430/369/1430 1434/3936/1434 4954/6993/4954
f 4954/6993/4954 1434/3936/1434 1439/3946/1439 4958/6996/4958
f 4958/6996/4958 1439/3946/1439 1432/480/1432 4951/483/4951
f 4934/482/4934 230/481/230 234/2563/234 4938/6980/4938
f 4938/6980/4938 234/2563/234 239/2573/239 4942/6983/4942
f 4942/6983/4942 239/2573/239 232/2136/232 4935/2139/4935
f 38/368/38 4918/371/4918 4923/6969/4923 41/2337/41
f 41/2337/41 4923/6969/4923 4931/6979/4931 45/2340/45
f 45/2340/45 4931/6979/4931 4921/2138/4921 39/2137/39
f 5518/409/5518 1906/408/1906 1910/4468/1910 5522/7439/5522
f 5522/7439/5522 1910/4468/1910 1915/4478/1915 5526/7442/5526
f 5526/7442/5526 1915/4478/1915 1908/331/1908 5519/334/5519
f 5502/333/5502 1854/332/1854 1858/4412/1858 5506/7425/5506
f 5506/7425/5506 1858/4412/1858 1863/4422/1863 5510/7428/5510
f 5510/7428/5510 1863/4422/1863 1856/2125/1856 5503/2128/5503
f 86/407/86 5486/410/5486 5491/7414/5491 89/2393/89
f 89/2393/89 5491/7414/5491 5499/7424/5499 93/2396/93
f 93/2396/93 5499/7424/5499 5489/2127/5489 87/2126/87
f 554/248/554 4342/251/4342 4347/6507/4347 557/2939/557
f 557/2939/557 4347/6507/4347 4355/6518/4355 561/2942/561
f 561/2942/561 4355/6518/4355 4345/926/4345 555/925/555
f 4310/250/4310 894/249/894 898/3333/898 4314/6478/4314
f 4314/6478/4314 898/3333/898 903/3343/903 4318/6481/4318
f 4318/6481/4318 903/3343/903 896/298/896 4311/301/4311
f 918/924/918 4326/927/4326 4331/6494/4331 921/3359/921
f 921/3359/921 4331/6494/4331 4339/6504/4339 925/3362/925
f 925/3362/925 4339/6504/4339 4329/300/4329 919/299/919
f 1394/192/1394 4902/195/4902 4907/6956/4907 1397/3892/1397
f 1397/3892/1397 4907/6956/4907 4915/6966/4915 1401/3895/1401
f 1401/3895/1401 4915/6966/4915 4905/18/4905 1395/17/1395
f 398/584/398 604/583/604 612/3004/612 401/2757/401
f 401/2757/401 612/3004/612 608/3003/608 405/2760/405
f 579/85/579 400/84/400 408/2766/408 584/2972/584
f 584/2972/584 408/2766/408 404/2765/404 588/2973/588
f 1870/144/1870 5470/147/5470 5475/7400/5475 1873/4424/1873
f 1873/4424/1873 5475/7400/5475 5483/7411/5483 1877/4427/1877
f 1877/4427/1877 5483/7411/5483 5473/884/5473 1871/883/1871
f 146/656/146 338/655/338 342/2689/342 149/2463/149
f 149/2463/149 342/2689/342 347/2698/347 153/2466/153
f 339/705/339 590/704/590 594/2983/594 344/2692/344
f 344/2692/344 594/2983/594 599/2992/599 348/2693/348
f 152/2471/152 600/2987/600 596/2986/596 156/2472/156
f 156/2472/156 596/2986/596 591/89/591 148/88/148
f 4294/629/4294 906/628/906 910/3347/910 4298/6464/4298
f 4298/6464/4298 910/3347/910 915/3357/915 4302/6467/4302
f 4302/6467/4302 915/3357/915 908/260/908 4295/263/4295
f 6062/102/6062 2354/101/2354 2358/4972/2358 6066/7871/6066
f 6066/7871/6066 2358/4972/2358 2363/4982/2363 6070/7874/6070
f 6070/7874/6070 2363/4982/2363 2356/663/2356 6063/666/6063
f 4290/262/4290 822/261/822 826/3249/826 4292/7992/4292
f 4292/7992/4292 826/3249/826 831/3259/831 4293/7993/4293
f 4293/7993/4293 831/3259/831 824/807/824 4291/810/4291
f 614/516/614 326/515/326 330/2675/330 617/3009/617
f 617/3009/617 330/2675/330 335/2684/335 621/3012/621
f 620/3017/620 645/3040/645 641/3037/641 624/3018/624
f 624/3018/624 641/3037/641 638/652/638 616/651/616
f 644/3045/644 336/2679/336 332/2678/332 648/3046/648
f 648/3046/648 332/2678/332 327/53/327 640/52/640
f 882/627/882 4286/630/4286 4288/7994/4288 885/3317/885
f 885/3317/885 4288/7994/4288 4289/7995/4289 889/3320/889
f 889/3320/889 4289/7995/4289 4287/809/4287 883/808/883
f 6046/665/6046 2338/664/2338 2342/4958/2342 6050/7857/6050
f 6050/7857/6050 2342/4958/2342 2347/4968/2347 6054/7860/6054
f 6054/7860/6054 2347/4968/2347 2340/354/2340 6047/357/6047
f 698/100/698 6030/103/6030 6035/7845/6035 701/3107/701
f 701/3107/701 6035/7845/6035 6043/7856/6043 705/3110/705
f 705/3110/705 6043/7856/6043 6033/356/6033 699/355/699
f 143/2460/143 669/3068/669 665/3065/665 138/2451/138
f 138/2451/138 665/3065/665 662/508/662 134/507/134
f 683/3090/683 144/2455/144 140/2454/140 678/3081/678
f 678/3081/678 140/2454/140 135/93/135 674/92/674
f 675/601/675 664/600/664 672/3074/672 680/3084/680
f 680/3084/680 672/3074/672 668/3073/668 684/3085/684
f 4886/202/4886 506/201/506 510/2885/510 4890/6941/4890
f 4890/6941/4890 510/2885/510 515/2895/515 4894/6944/4894
f 4894/6944/4894 515/2895/515 508/180/508 4887/183/4887
f 4854/182/4854 1370/181/1370 1374/3866/1374 4858/6913/4858
f 4858/6913/4858 1374/3866/1374 1379/3876/1379 4862/6916/4862
f 4862/6916/4862 1379/3876/1379 1372/754/1372 4855/757/4855
f 1358/200/1358 4870/203/4870 4875/6929/4875 1361/3850/1361
f 1361/3850/1361 4875/6929/4875 4883/6940/4883 1365/3853/1365
f 1365/3853/1365 4883/6940/4883 4873/756/4873 1359/755/1359
f 635/3034/635 657/3054/657 653/3051/653 630/3025/630
f 630/3025/630 653/3051/653 650/720/650 626/719/626
f 395/2754/395 636/3029/636 632/3028/632 390/2745/390
f 390/2745/390 632/3028/632 627/245/627 386/244/386
f 387/73/387 652/72/652 660/3060/660 392/2748/392
f 392/2748/392 660/3060/660 656/3059/656 396/2749/396
f 1842/386/1842 5454/389/5454 5459/7387/5459 1845/4396/1845
f 1845/4396/1845 5459/7387/5459 5467/7397/5467 1849/4399/1849
f 1849/4399/1849 5467/7397/5467 5457/34/5457 1843/33/1843
f 5450/388/5450 1830/387/1830 1834/4384/1834 5452/7996/5452
f 5452/7996/5452 1834/4384/1834 1839/4394/1839 5453/7997/5453
f 5453/7997/5453 1839/4394/1839 1832/541/1832 5451/544/5451
f 278/32/278 5446/35/5446 5448/7998/5448 281/2617/281
f 281/2617/281 5448/7998/5448 5449/7999/5449 285/2620/285
f 285/2620/285 5449/7999/5449 5447/543/5447 279/542/279
f 722/462/722 748/461/748 756/3172/756 725/3135/725
f 725/3135/725 756/3172/756 752/3171/752 729/3138/729
f 735/77/735 724/76/724 732/3144/732 740/3154/740
f 740/3154/740 732/3144/732 728/3143/728 744/3155/744
f 870/511/870 4270/514/4270 4275/6453/4275 873/3303/873
f 873/3303/873 4275/6453/4275 4283/6463/4283 877/3306/877
f 877/3306/877 4283/6463/4283 4273/62/4273 871/61/871
f 2326/852/2326 6014/855/6014 6019/7832/6019 2329/4942/2329
f 2329/4942/2329 6019/7832/6019 6027/7842/6027 2333/4945/2333
f 2333/4945/2333 6027/7842/6027 6017/50/6017 2327/49/2327
f 4254/513/4254 362/512/362 366/2717/366 4258/6437/4258
f 4258/6437/4258 366/2717/366 371/2727/371 4262/6440/4262
f 4262/6440/4262 371/2727/371 364/500/364 4255/503/4255
f 158/766/158 350/765/350 354/2703/354 161/2477/161
f 161/2477/161 354/2703/354 359/2712/359 165/2480/165
f 351/778/351 758/777/758 762/3179/762 356/2706/356
f 356/2706/356 762/3179/762 767/3188/767 360/2707/360
f 164/2485/164 768/3183/768 764/3182/764 168/2486/168
f 168/2486/168 764/3182/764 759/57/759 160/56/160
f 170/60/170 4238/63/4238 4243/6425/4243 173/2491/173
f 173/2491/173 4243/6425/4243 4251/6436/4251 177/2494/177
f 177/2494/177 4251/6436/4251 4241/502/4241 171/501/171
f 6010/854/6010 2278/853/2278 2282/4888/2282 6012/8000/6012
f 6012/8000/6012 2282/4888/2282 2287/4898/2287 6013/8001/6013
f 6013/8001/6013 2287/4898/2287 2280/639/2280 6011/642/6011
f 686/48/686 6006/51/6006 6008/8002/6008 689/3093/689
f 689/3093/689 6008/8002/6008 6009/8003/6009 693/3096/693
f 693/3096/693 6009/8003/6009 6007/641/6007 687/640/687
f 770/303/770 710/302/710 714/3123/714 773/3191/773
f 773/3191/773 714/3123/714 719/3132/719 777/3194/777
f 776/3199/776 801/3222/801 797/3219/797 780/3200/780
f 780/3200/780 797/3219/797 794/636/794 772/635/772
f 800/3227/800 720/3127/720 716/3126/716 804/3228/804
f 804/3228/804 716/3126/716 711/81/711 796/80/796
f 1346/938/1346 4838/941/4838 4843/6901/4843 1349/3836/1349
f 1349/3836/1349 4843/6901/4843 4851/6912/4851 1353/3839/1353
f 1353/3839/1353 4851/6912/4851 4841/210/4841 1347/209/1347
f 4822/940/4822 1270/939/1270 1274/3754/1274 4826/6886/4826
f 4826/6886/4826 1274/3754/1274 1279/3764/1279 4830/6889/4830
f 4830/6889/4830 1279/3764/1279 1272/612/1272 4823/615/4823
f 26/208/26 4806/211/4806 4811/6874/4811 29/2323/29
f 29/2323/29 4811/6874/4811 4819/6885/4819 33/2326/33
f 33/2326/33 4819/6885/4819 4809/614/4809 27/613/27
f 791/3216/791 813/3236/813 809/3233/809 786/3207/786
f 786/3207/786 809/3233/809 806/470/806 782/469/782
f 566/269/566 808/268/808 816/3242/816 569/2953/569
f 569/2953/569 816/3242/816 812/3241/812 573/2956/573
f 783/257/783 568/256/568 576/2962/576 788/3210/788
f 788/3210/788 576/2962/576 572/2961/572 792/3211/792
f 5430/154/5430 458/153/458 462/2829/462 5434/7372/5434
f 5434/7372/5434 462/2829/462 467/2839/467 5438/7375/5438
f 5438/7375/5438 467/2839/467 460/2154/460 5431/2157/5431
f 5398/2156/5398 1818/2155/1818 1822/4370/1822 5402/7345/5402
f 5402/7345/5402 1822/4370/1822 1827/4380/1827 5406/7348/5406
f 5406/7348/5406 1827/4380/1827 1820/715/1820 5399/718/5399
f 1806/152/1806 5414/155/5414 5419/7360/5419 1809/4354/1809
f 1809/4354/1809 5419/7360/5419 5427/7371/5427 1813/4357/1813
f 1813/4357/1813 5427/7371/5427 5417/717/5417 1807/716/1807
f 847/307/847 834/306/834 838/3263/838 852/3280/852
f 852/3280/852 838/3263/838 843/3272/843 856/3281/856
f 864/3297/864 844/3267/844 840/3266/840 868/3298/868
f 868/3298/868 840/3266/840 835/253/835 860/252/860
f 4222/254/4222 835/253/835 841/3264/841 4226/6410/4226
f 4226/6410/4226 841/3264/841 837/3261/837 4230/6413/4230
f 4230/6413/4230 837/3261/837 834/306/834 4223/309/4223
f 2290/96/2290 5990/99/5990 5995/7818/5995 2293/4900/2293
f 2293/4900/2293 5995/7818/5995 6003/7829/6003 2297/4903/2297
f 2297/4903/2297 6003/7829/6003 5993/348/5993 2291/347/2291
f 171/501/171 364/500/364 372/2724/372 176/2496/176
f 176/2496/176 372/2724/372 368/2723/368 180/2497/180
f 179/2502/179 880/3309/880 876/3308/876 174/2493/174
f 174/2493/174 876/3308/876 871/61/871 170/60/170
f 879/3314/879 369/2718/369 365/2715/365 874/3305/874
f 874/3305/874 365/2715/365 362/512/362 870/511/870
f 4790/206/4790 1310/205/1310 1314/3796/1314 4794/6859/4794
f 4794/6859/4794 1314/3796/1314 1319/3806/1319 4798/6862/4798
f 4798/6862/4798 1319/3806/1319 1312/931/1312 4791/934/4791
f 5382/166/5382 1794/165/1794 1798/4342/1798 5386/7331/5386
f 5386/7331/5386 1798/4342/1798 1803/4352/1803 5390/7334/5390
f 5390/7334/5390 1803/4352/1803 1796/496/1796 5383/499/5383
f 883/808/883 824/807/824 832/3256/832 888/3322/888
f 888/3322/888 832/3256/832 828/3255/828 892/3323/892
f 912/3353/912 829/3250/829 825/3247/825 916/3354/916
f 916/3354/916 825/3247/825 822/261/822 908/260/908
f 906/628/906 882/627/882 886/3319/886 909/3345/909
f 909/3345/909 886/3319/886 891/3328/891 913/3348/913
f 5366/498/5366 1718/497/1718 1722/4258/1722 5370/7318/5370
f 5370/7318/5370 1722/4258/1722 1727/4268/1727 5374/7321/5374
f 5374/7321/5374 1727/4268/1727 1720/577/1720 5367/580/5367
f 74/164/74 5350/167/5350 5355/7307/5355 77/2379/77
f 77/2379/77 5355/7307/5355 5363/7317/5363 81/2382/81
f 81/2382/81 5363/7317/5363 5353/579/5353 75/578/75
f 568/256/568 4206/259/4206 4211/6398/4211 575/2965/575
f 575/2965/575 4211/6398/4211 4219/6409/4219 570/2955/570
f 570/2955/570 4219/6409/4219 4209/270/4209 566/269/566
f 900/3339/900 928/3365/928 924/3364/924 904/3340/904
f 904/3340/904 924/3364/924 919/299/919 896/298/896
f 555/925/555 918/924/918 922/3361/922 560/2944/560
f 560/2944/560 922/3361/922 927/3370/927 564/2945/564
f 894/249/894 554/248/554 558/2941/558 897/3331/897
f 897/3331/897 558/2941/558 563/2950/563 901/3334/901
f 5974/106/5974 410/105/410 414/2773/414 5978/7802/5978
f 5978/7802/5978 414/2773/414 419/2783/419 5982/7805/5982
f 5982/7805/5982 419/2783/419 412/841/412 5975/844/5975
f 4174/258/4174 783/257/783 789/3208/789 4178/6370/4178
f 4178/6370/4178 789/3208/789 785/3205/785 4182/6373/4182
f 4182/6373/4182 785/3205/785 782/469/782 4175/472/4175
f 808/268/808 4190/271/4190 4195/6385/4195 815/3245/815
f 815/3245/815 4195/6385/4195 4203/6395/4203 810/3235/810
f 810/3235/810 4203/6395/4203 4193/471/4193 806/470/806
f 959/2147/959 948/2146/948 956/3396/956 964/3406/964
f 964/3406/964 956/3396/956 952/3395/952 968/3407/968
f 976/3423/976 953/3390/953 949/3387/949 980/3424/980
f 980/3424/980 949/3387/949 946/2173/946 972/2172/972
f 5942/843/5942 2238/842/2238 2242/4846/2242 5946/7776/5946
f 5946/7776/5946 2242/4846/2242 2247/4856/2247 5950/7779/5950
f 5950/7779/5950 2247/4856/2247 2240/473/2240 5943/476/5943
f 2262/104/2262 5958/107/5958 5963/7791/5963 2265/4872/2265
f 2265/4872/2265 5963/7791/5963 5971/7801/5971 2269/4875/2269
f 2269/4875/2269 5971/7801/5971 5961/475/5961 2263/474/2263
f 1294/212/1294 4774/215/4774 4779/6848/4779 1297/3780/1297
f 1297/3780/1297 4779/6848/4779 4787/6858/4787 1301/3783/1301
f 1301/3783/1301 4787/6858/4787 4777/363/4777 1295/362/1295
f 375/2180/375 936/2179/936 944/3382/944 380/2734/380
f 380/2734/380 944/3382/944 940/3381/940 384/2735/384
f 988/3437/988 941/3376/941 937/3373/937 992/3438/992
f 992/3438/992 937/3373/937 934/800/934 984/799/984
f 982/340/982 374/339/374 378/2731/378 985/3429/985
f 985/3429/985 378/2731/378 383/2740/383 989/3432/989
f 4742/214/4742 1206/213/1206 1210/3684/1210 4746/6819/4746
f 4746/6819/4746 1210/3684/1210 1215/3694/1215 4750/6822/4750
f 4750/6822/4750 1215/3694/1215 1208/522/1208 4743/525/4743
f 1282/361/1282 4758/364/4758 4763/6835/4763 1285/3766/1285
f 1285/3766/1285 4763/6835/4763 4771/6845/4771 1289/3769/1289
f 1289/3769/1289 4771/6845/4771 4761/524/4761 1283/523/1283
f 1758/156/1758 5334/159/5334 5339/7293/5339 1761/4298/1761
f 1761/4298/1761 5339/7293/5339 5347/7304/5347 1765/4301/1765
f 1765/4301/1765 5347/7304/5347 5337/895/5337 1759/894/1759
f 183/2198/183 996/2197/996 1004/3452/1004 188/2510/188
f 188/2510/188 1004/3452/1004 1000/3451/1000 192/2511/192
f 191/2516/191 1020/3463/1020 1016/3462/1016 186/2507/186
f 186/2507/186 1016/3462/1016 1011/351/1011 182/350/182
f 1019/3468/1019 1001/3446/1001 997/3443/997 1014/3459/1014
f 1014/3459/1014 997/3443/997 994/617/994 1010/616/1010
f 796/80/796 4158/83/4158 4163/6358/4163 803/3231/803
f 803/3231/803 4163/6358/4163 4171/6369/4171 798/3221/798
f 798/3221/798 4171/6369/4171 4161/637/4161 794/636/794
f 2250/44/2250 5926/47/5926 5931/7765/5931 2253/4858/2253
f 2253/4858/2253 5931/7765/5931 5939/7775/5939 2257/4861/2257
f 2257/4861/2257 5939/7775/5939 5929/467/5929 2251/466/2251
f 1059/671/1059 542/670/542 546/2927/546 1064/3518/1064
f 1064/3518/1064 546/2927/546 551/2936/551 1068/3519/1068
f 543/229/543 1048/228/1048 1056/3508/1056 548/2930/548
f 548/2930/548 1056/3508/1056 1052/3507/1052 552/2931/552
f 4154/82/4154 711/81/711 717/3124/717 4156/8004/4156
f 4156/8004/4156 717/3124/717 713/3121/713 4157/8005/4157
f 4157/8005/4157 713/3121/713 710/302/710 4155/305/4155
f 772/635/772 4150/638/4150 4152/8006/4152 779/3203/779
f 779/3203/779 4152/8006/4152 4153/8007/4153 774/3193/774
f 774/3193/774 4153/8007/4153 4151/304/4151 770/303/770
f 5922/46/5922 2202/45/2202 2206/4804/2206 5924/8008/5924
f 5924/8008/5924 2206/4804/2206 2211/4814/2211 5925/8009/5925
f 5925/8009/5925 2211/4814/2211 2204/677/2204 5923/680/5923
f 1043/3496/1043 1029/3474/1029 1025/3471/1025 1038/3487/1038
f 1038/3487/1038 1025/3471/1025 1022/786/1022 1034/785/1034
f 1070/233/1070 1024/232/1024 1032/3480/1032 1073/3527/1073
f 1073/3527/1073 1032/3480/1032 1028/3479/1028 1077/3530/1077
f 1076/3535/1076 1044/3491/1044 1040/3490/1040 1080/3536/1080
f 1080/3536/1080 1040/3490/1040 1035/879/1035 1072/878/1072
f 2226/465/2226 5918/468/5918 5920/8010/5920 2229/4830/2229
f 2229/4830/2229 5920/8010/5920 5921/8011/5921 2233/4833/2233
f 2233/4833/2233 5921/8011/5921 5919/679/5919 2227/678/2227
f 4726/14/4726 518/13/518 522/2899/522 4730/6805/4730
f 4730/6805/4730 522/2899/522 527/2909/527 4734/6808/4734
f 4734/6808/4734 527/2909/527 520/317/520 4727/320/4727
f 4722/319/4722 1254/318/1254 1258/3740/1258 4724/8012/4724
f 4724/8012/4724 1258/3740/1258 1263/3750/1263 4725/8013/4725
f 4725/8013/4725 1263/3750/1263 1256/792/1256 4723/795/4723
f 206/605/206 1082/604/1082 1086/3543/1086 209/2533/209
f 209/2533/209 1086/3543/1086 1091/3552/1091 213/2536/213
f 1103/3566/1103 1092/3547/1092 1088/3546/1088 1098/3557/1098
f 1098/3557/1098 1088/3546/1088 1083/609/1083 1094/608/1094
f 212/2541/212 1104/3561/1104 1100/3560/1100 216/2542/216
f 216/2542/216 1100/3560/1100 1095/69/1095 208/68/208
f 218/12/218 4718/15/4718 4720/8014/4720 221/2547/221
f 221/2547/221 4720/8014/4720 4721/8015/4721 225/2550/225
f 225/2550/225 4721/8015/4721 4719/794/4719 219/793/219
f 5318/413/5318 1742/412/1742 1746/4286/1746 5322/7278/5322
f 5322/7278/5322 1746/4286/1746 1751/4296/1751 5326/7281/5326
f 5326/7281/5326 1751/4296/1751 1744/160/1744 5319/163/5319
f 5286/162/5286 1706/161/1706 1710/4244/1710 5290/7250/5290
f 5290/7250/5290 1710/4244/1710 1715/4254/1715 5294/7253/5294
f 5294/7253/5294 1715/4254/1715 1708/901/1708 5287/904/5287
f 1115/3581/1115 9/2298/9 5/2295/5 1110/3572/1110
f 1110/3572/1110 5/2295/5 2/2294/2 1106/3569/1106
f 8/2303/8 1129/3587/1129 1125/3584/1125 12/2304/12
f 12/2304/12 1125/3584/1125 1122/237/1122 4/236/4
f 1107/804/1107 1124/803/1124 1132/3593/1132 1112/3575/1112
f 1112/3575/1112 1132/3593/1132 1128/3592/1128 1116/3576/1116
f 1730/411/1730 5302/414/5302 5307/7266/5307 1733/4270/1733
f 1733/4270/1733 5307/7266/5307 5315/7277/5315 1737/4273/1737
f 1737/4273/1737 5315/7277/5315 5305/903/5305 1731/902/1731
f 4134/58/4134 759/57/759 765/3180/765 4138/6343/4138
f 4138/6343/4138 765/3180/765 761/3177/761 4142/6346/4142
f 4142/6346/4142 761/3177/761 758/777/758 4135/780/4135
f 5902/118/5902 2214/117/2214 2218/4818/2218 5906/7750/5906
f 5906/7750/5906 2218/4818/2218 2223/4828/2223 5910/7753/5910
f 5910/7753/5910 2223/4828/2223 2216/769/2216 5903/772/5903
f 1159/488/1159 530/487/530 534/2913/534 1164/3631/1164
f 1164/3631/1164 534/2913/534 539/2922/539 1168/3632/1168
f 531/217/531 1172/216/1172 1180/3649/1180 536/2916/536
f 536/2916/536 1180/3649/1180 1176/3648/1176 540/2917/540
f 4118/779/4118 351/778/351 357/2704/357 4122/6329/4122
f 4122/6329/4122 357/2704/357 353/2701/353 4126/6332/4126
f 4126/6332/4126 353/2701/353 350/765/350 4119/768/4119
f 160/56/160 4102/59/4102 4107/6317/4107 167/2489/167
f 167/2489/167 4107/6317/4107 4115/6328/4115 162/2479/162
f 162/2479/162 4115/6328/4115 4105/767/4105 158/766/158
f 5886/771/5886 314/770/314 318/2661/318 5890/7736/5890
f 5890/7736/5890 318/2661/318 323/2671/323 5894/7739/5894
f 5894/7739/5894 323/2671/323 316/659/316 5887/662/5887
f 14/740/14 194/739/194 198/2521/198 17/2309/17
f 17/2309/17 198/2521/198 203/2530/203 21/2312/21
f 20/2317/20 1189/3657/1189 1185/3654/1185 24/2318/24
f 24/2318/24 1185/3654/1185 1182/221/1182 16/220/16
f 195/65/195 1184/64/1184 1192/3663/1192 200/2524/200
f 200/2524/200 1192/3663/1192 1188/3662/1188 204/2525/204
f 122/116/122 5870/119/5870 5875/7725/5875 125/2435/125
f 125/2435/125 5875/7725/5875 5883/7735/5883 129/2438/129
f 129/2438/129 5883/7735/5883 5873/661/5873 123/660/123
f 4702/10/4702 1242/9/1242 1246/3726/1246 4706/6791/4706
f 4706/6791/4706 1246/3726/1246 1251/3736/1251 4710/6794/4710
f 4710/6794/4710 1251/3736/1251 1244/436/1244 4703/439/4703
f 4698/438/4698 1230/437/1230 1234/3712/1234 4700/8016/4700
f 4700/8016/4700 1234/3712/1234 1239/3722/1239 4701/8017/4701
f 4701/8017/4701 1239/3722/1239 1232/761/1232 4699/764/4699
f 1134/774/1134 1146/773/1146 1150/3614/1150 1137/3598/1137
f 1137/3598/1137 1150/3614/1150 1155/3623/1155 1141/3601/1141
f 1218/225/1218 1136/224/1136 1144/3607/1144 1221/3696/1221
f 1221/3696/1221 1144/3607/1144 1140/3606/1140 1225/3699/1225
f 1224/3704/1224 1156/3618/1156 1152/3617/1152 1228/3705/1228
f 1228/3705/1228 1152/3617/1152 1147/571/1147 1220/570/1220
f 1194/8/1194 4694/11/4694 4696/8018/4696 1197/3668/1197
f 1197/3668/1197 4696/8018/4696 4697/8019/4697 1201/3671/1201
f 1201/3671/1201 4697/8019/4697 4695/763/4695 1195/762/1195
f 470/375/470 5270/378/5270 5275/7239/5275 473/2841/473
f 473/2841/473 5275/7239/5275 5283/7249/5283 477/2844/477
f 477/2844/477 5283/7249/5283 5273/30/5273 471/29/471
f 5266/377/5266 1694/376/1694 1698/4230/1698 5268/8020/5268
f 5268/8020/5268 1698/4230/1698 1703/4240/1703 5269/8021/5269
f 5269/8021/5269 1703/4240/1703 1696/631/1696 5267/634/5267
f 1195/762/1195 1232/761/1232 1240/3719/1240 1200/3673/1200
f 1200/3673/1200 1240/3719/1240 1236/3718/1236 1204/3674/1204
f 1248/3732/1248 1237/3713/1237 1233/3710/1233 1252/3733/1252
f 1252/3733/1252 1233/3710/1233 1230/437/1230 1244/436/1244
f 1203/3679/1203 1249/3727/1249 1245/3724/1245 1198/3670/1198
f 1198/3670/1198 1245/3724/1245 1242/9/1242 1194/8/1194
f 266/28/266 5262/31/5262 5264/8022/5264 269/2603/269
f 269/2603/269 5264/8022/5264 5265/8023/5265 273/2606/273
f 273/2606/273 5265/8023/5265 5263/633/5263 267/632/267
f 724/76/724 4086/79/4086 4091/6304/4091 731/3147/731
f 731/3147/731 4091/6304/4091 4099/6314/4099 726/3137/726
f 726/3137/726 4099/6314/4099 4089/463/4089 722/462/722
f 5854/114/5854 2190/113/2190 2194/4790/2194 5858/7709/5858
f 5858/7709/5858 2194/4790/2194 2199/4800/2199 5862/7712/5862
f 5862/7712/5862 2199/4800/2199 2192/552/2192 5855/555/5855
f 219/793/219 1256/792/1256 1264/3747/1264 224/2552/224
f 224/2552/224 1264/3747/1264 1260/3746/1260 228/2553/228
f 1254/318/1254 520/317/520 528/2906/528 1257/3738/1257
f 1257/3738/1257 528/2906/528 524/2905/524 1261/3741/1261
f 227/2558/227 525/2900/525 521/2897/521 222/2549/222
f 222/2549/222 521/2897/521 518/13/518 218/12/218
f 5822/554/5822 2154/553/2154 2158/4748/2158 5826/7682/5826
f 5826/7682/5826 2158/4748/2158 2163/4758/2163 5830/7685/5830
f 5830/7685/5830 2163/4758/2163 2156/684/2156 5823/687/5823
f 2142/112/2142 5838/115/5838 5843/7697/5843 2145/4732/2145
f 2145/4732/2145 5843/7697/5843 5851/7708/5851 2149/4735/2149
f 2149/4735/2149 5851/7708/5851 5841/686/5841 2143/685/2143
f 1212/3690/1212 1292/3772/1292 1288/3771/1288 1216/3691/1216
f 1216/3691/1216 1288/3771/1288 1283/523/1283 1208/522/1208
f 1291/3777/1291 1304/3786/1304 1300/3785/1300 1286/3768/1286
f 1286/3768/1286 1300/3785/1300 1295/362/1295 1282/361/1282
f 1303/3791/1303 1213/3685/1213 1209/3682/1209 1298/3782/1298
f 1298/3782/1298 1209/3682/1209 1206/213/1206 1294/212/1294
f 1220/570/1220 4678/573/4678 4683/6779/4683 1227/3708/1227
f 1227/3708/1227 4683/6779/4683 4691/6790/4691 1222/3698/1222
f 1222/3698/1222 4691/6790/4691 4681/226/4681 1218/225/1218
f 4662/572/4662 1147/571/1147 1153/3615/1153 4666/6763/4666
f 4666/6763/4666 1153/3615/1153 1149/3612/1149 4670/6766/4670
f 4670/6766/4670 1149/3612/1149 1146/773/1146 4663/776/4663
f 1136/224/1136 4646/227/4646 4651/6752/4651 1143/3610/1143
f 1143/3610/1143 4651/6752/4651 4659/6762/4659 1138/3600/1138
f 1138/3600/1138 4659/6762/4659 4649/775/4649 1134/774/1134
f 1316/3802/1316 1332/3814/1332 1328/3813/1328 1320/3803/1320
f 1320/3803/1320 1328/3813/1328 1323/932/1323 1312/931/1312
f 1310/205/1310 1336/204/1336 1344/3831/1344 1313/3794/1313
f 1313/3794/1313 1344/3831/1344 1340/3830/1340 1317/3797/1317
f 5246/174/5246 1682/173/1682 1686/4216/1686 5250/7223/5250
f 5250/7223/5250 1686/4216/1686 1691/4226/1691 5254/7226/5254
f 5254/7226/5254 1691/4226/1691 1684/623/1684 5247/626/5247
f 5230/625/5230 1666/624/1666 1670/4202/1670 5234/7210/5234
f 5234/7210/5234 1670/4202/1670 1675/4212/1675 5238/7213/5238
f 5238/7213/5238 1675/4212/1675 1668/833/1668 5231/836/5231
f 62/172/62 5214/175/5214 5219/7199/5219 65/2365/65
f 65/2365/65 5219/7199/5219 5227/7209/5227 69/2368/69
f 69/2368/69 5227/7209/5227 5217/835/5217 63/834/63
f 27/613/27 1272/612/1272 1280/3761/1280 32/2328/32
f 32/2328/32 1280/3761/1280 1276/3760/1276 36/2329/36
f 1347/209/1347 26/208/26 30/2325/30 1352/3841/1352
f 1352/3841/1352 30/2325/30 35/2334/35 1356/3842/1356
f 1270/939/1270 1346/938/1346 1350/3838/1350 1273/3752/1273
f 1273/3752/1273 1350/3838/1350 1355/3847/1355 1277/3755/1277
f 4070/74/4070 387/73/387 393/2746/393 4074/6288/4074
f 4074/6288/4074 393/2746/393 389/2743/389 4078/6291/4078
f 4078/6291/4078 389/2743/389 386/244/386 4071/247/4071
f 422/108/422 5806/111/5806 5811/7670/5811 425/2785/425
f 425/2785/425 5811/7670/5811 5819/7681/5819 429/2788/429
f 429/2788/429 5819/7681/5819 5809/424/5809 423/423/423
f 4038/246/4038 627/245/627 633/3026/633 4042/6262/4042
f 4042/6262/4042 633/3026/633 629/3023/629 4046/6265/4046
f 4046/6265/4046 629/3023/629 626/719/626 4039/722/4039
f 1376/3872/1376 1368/3856/1368 1364/3855/1364 1380/3873/1380
f 1380/3873/1380 1364/3855/1364 1359/755/1359 1372/754/1372
f 512/2891/512 1377/3867/1377 1373/3864/1373 516/2892/516
f 516/2892/516 1373/3864/1373 1370/181/1370 508/180/508
f 1367/3861/1367 513/2886/513 509/2883/509 1362/3852/1362
f 1362/3852/1362 509/2883/509 506/201/506 1358/200/1358
f 652/72/652 4054/75/4054 4059/6277/4059 659/3063/659
f 659/3063/659 4059/6277/4059 4067/6287/4067 654/3053/654
f 654/3053/654 4067/6287/4067 4057/721/4057 650/720/650
f 1184/64/1184 4630/67/4630 4635/6738/4635 1191/3666/1191
f 1191/3666/1191 4635/6738/4635 4643/6749/4643 1186/3656/1186
f 1186/3656/1186 4643/6749/4643 4633/222/4633 1182/221/1182
f 1395/17/1395 1420/16/1420 1428/3929/1428 1400/3897/1400
f 1400/3897/1400 1428/3929/1428 1424/3928/1424 1404/3898/1404
f 1403/3903/1403 1416/3912/1416 1412/3911/1412 1398/3894/1398
f 1398/3894/1398 1412/3911/1412 1407/193/1407 1394/192/1394
f 3230/2148/3230 959/2147/959 965/3404/965 3234/5630/3234
f 3234/5630/3234 965/3404/965 961/3401/961 3238/5633/3238
f 3238/5633/3238 961/3401/961 958/240/958 3231/243/3231
f 972/2172/972 3246/2175/3246 3251/5646/3251 979/3427/979
f 979/3427/979 3251/5646/3251 3259/5657/3259 974/3417/974
f 974/3417/974 3259/5657/3259 3249/242/3249 970/241/970
f 4614/66/4614 195/65/195 201/2522/201 4618/6723/4618
f 4618/6723/4618 201/2522/201 197/2519/197 4622/6726/4622
f 4622/6726/4622 197/2519/197 194/739/194 4615/742/4615
f 39/2137/39 232/2136/232 240/2570/240 44/2342/44
f 44/2342/44 240/2570/240 236/2569/236 48/2343/48
f 230/481/230 1432/480/1432 1440/3943/1440 233/2561/233
f 233/2561/233 1440/3943/1440 1436/3942/1436 237/2564/237
f 1430/369/1430 38/368/38 42/2339/42 1433/3934/1433
f 1433/3934/1433 42/2339/42 47/2348/47 1437/3937/1437
f 16/220/16 4598/223/4598 4603/6711/4603 23/2321/23
f 23/2321/23 4603/6711/4603 4611/6722/4611 18/2311/18
f 18/2311/18 4611/6722/4611 4601/741/4601 14/740/14
f 3198/308/3198 847/307/847 853/3278/853 3202/5603/3202
f 3202/5603/3202 853/3278/853 849/3275/849 3206/5606/3206
f 3206/5606/3206 849/3275/849 846/382/846 3199/385/3199
f 860/252/860 3214/255/3214 3219/5619/3219 867/3301/867
f 867/3301/867 3219/5619/3219 3227/5629/3227 862/3291/862
f 862/3291/862 3227/5629/3227 3217/384/3217 858/383/858
f 1443/2166/1443 1384/2165/1384 1392/3887/1392 1448/3953/1448
f 1448/3953/1448 1392/3887/1392 1388/3886/1388 1452/3954/1452
f 1451/3959/1451 1476/3982/1476 1472/3981/1472 1446/3950/1446
f 1446/3950/1446 1472/3981/1472 1467/744/1467 1442/743/1442
f 1382/328/1382 1466/327/1466 1470/3978/1470 1385/3878/1385
f 1385/3878/1385 1470/3978/1470 1475/3987/1475 1389/3881/1389
f 1654/726/1654 5198/729/5198 5203/7186/5203 1657/4186/1657
f 1657/4186/1657 5203/7186/5203 5211/7196/5211 1661/4189/1661
f 1661/4189/1661 5211/7196/5211 5201/26/5201 1655/25/1655
f 3166/78/3166 735/77/735 741/3152/741 3170/5576/3170
f 3170/5576/3170 741/3152/741 737/3149/737 3174/5579/3174
f 3174/5579/3174 737/3149/737 734/545/734 3167/548/3167
f 748/461/748 3182/464/3182 3187/5592/3187 755/3175/755
f 755/3175/755 3187/5592/3187 3195/5602/3195 750/3165/750
f 750/3165/750 3195/5602/3195 3185/547/3185 746/546/746
f 500/2877/500 1504/4010/1504 1500/4009/1500 504/2878/504
f 504/2878/504 1500/4009/1500 1495/2191/1495 496/2190/496
f 494/751/494 1508/750/1508 1516/4027/1516 497/2869/497
f 497/2869/497 1516/4027/1516 1512/4026/1512 501/2872/501
f 5194/728/5194 1642/727/1642 1646/4174/1646 5196/8024/5196
f 5196/8024/5196 1646/4174/1646 1651/4184/1651 5197/8025/5197
f 5197/8025/5197 1651/4184/1651 1644/889/1644 5195/892/5195
f 254/24/254 5190/27/5190 5192/8026/5192 257/2589/257
f 257/2589/257 5192/8026/5192 5193/8027/5193 261/2592/261
f 261/2592/261 5193/8027/5193 5191/891/5191 255/890/255
f 4022/602/4022 675/601/675 681/3082/681 4026/6248/4026
f 4026/6248/4026 681/3082/681 677/3079/677 4030/6251/4030
f 4030/6251/4030 677/3079/677 674/92/674 4023/95/4023
f 1460/3970/1460 1488/3996/1488 1484/3995/1484 1464/3971/1464
f 1464/3971/1464 1484/3995/1484 1479/2219/1479 1456/2218/1456
f 1487/4001/1487 1528/4038/1528 1524/4037/1524 1482/3992/1482
f 1482/3992/1482 1524/4037/1524 1519/185/1519 1478/184/1478
f 1527/4043/1527 1461/3965/1461 1457/3962/1457 1522/4034/1522
f 1522/4034/1522 1457/3962/1457 1454/2162/1454 1518/2161/1518
f 2130/781/2130 5790/784/5790 5795/7657/5795 2133/4718/2133
f 2133/4718/2133 5795/7657/5795 5803/7667/5803 2137/4721/2137
f 2137/4721/2137 5803/7667/5803 5793/126/5793 2131/125/2131
f 3102/98/3102 2304/97/2304 2312/4922/2312 3106/5522/3106
f 3106/5522/3106 2312/4922/2312 2308/4921/2308 3110/5525/3110
f 3110/5525/3110 2308/4921/2308 2303/390/2303 3103/393/3103
f 2315/346/2315 3118/349/3118 3123/5538/3123 2320/4935/2320
f 2320/4935/2320 3123/5538/3123 3131/5548/3131 2324/4936/2324
f 2324/4936/2324 3131/5548/3131 3121/392/3121 2316/391/2316
f 242/2133/242 1530/2132/1530 1534/4048/1534 245/2575/245
f 245/2575/245 1534/4048/1534 1539/4057/1539 249/2578/249
f 1531/736/1531 1542/735/1542 1546/4062/1546 1536/4051/1536
f 1536/4051/1536 1546/4062/1546 1551/4071/1551 1540/4052/1540
f 248/2583/248 1552/4066/1552 1548/4065/1548 252/2584/252
f 252/2584/252 1548/4065/1548 1543/21/1543 244/20/244
f 3990/94/3990 135/93/135 141/2452/141 3994/6222/3994
f 3994/6222/3994 141/2452/141 137/2449/137 3998/6225/3998
f 3998/6225/3998 137/2449/137 134/507/134 3991/510/3991
f 664/600/664 4006/603/4006 4011/6237/4011 671/3077/671
f 671/3077/671 4011/6237/4011 4019/6247/4019 666/3067/666
f 666/3067/666 4019/6247/4019 4009/509/4009 662/508/662
f 5774/783/5774 2078/782/2078 2082/4664/2082 5778/7641/5778
f 5778/7641/5778 2082/4664/2082 2087/4674/2087 5782/7644/5782
f 5782/7644/5782 2087/4674/2087 2080/908/2080 5775/911/5775
f 50/197/50 1554/196/1554 1558/4076/1558 53/2351/53
f 53/2351/53 1558/4076/1558 1563/4085/1563 57/2354/57
f 1570/189/1570 52/188/52 60/2360/60 1573/4088/1573
f 1573/4088/1573 60/2360/60 56/2359/56 1577/4091/1577
f 1555/898/1555 1572/897/1572 1580/4097/1580 1560/4079/1560
f 1560/4079/1560 1580/4097/1580 1576/4096/1576 1564/4080/1564
f 110/124/110 5758/127/5758 5763/7630/5763 113/2421/113
f 113/2421/113 5763/7630/5763 5771/7640/5771 117/2424/117
f 117/2424/117 5771/7640/5771 5761/910/5761 111/909/111
f 3070/110/3070 2168/109/2168 2176/4768/2176 3074/5496/3074
f 3074/5496/3074 2176/4768/2176 2172/4767/2172 3078/5499/3078
f 3078/5499/3078 2172/4767/2172 2167/559/2167 3071/562/3071
f 2179/422/2179 3086/425/3086 3091/5511/3091 2184/4781/2184
f 2184/4781/2184 3091/5511/3091 3099/5521/3099 2188/4782/2188
f 2188/4782/2188 3099/5521/3099 3089/561/3089 2180/560/2180
f 482/538/482 1620/537/1620 1628/4153/1628 485/2855/485
f 485/2855/485 1628/4153/1628 1624/4152/1624 489/2858/489
f 1607/169/1607 484/168/484 492/2864/492 1612/4135/1612
f 1612/4135/1612 492/2864/492 488/2863/488 1616/4136/1616
f 4582/218/4582 531/217/531 537/2914/537 4586/6696/4586
f 4586/6696/4586 537/2914/537 533/2911/533 4590/6699/4590
f 4590/6699/4590 533/2911/533 530/487/530 4583/490/4583
f 1603/4127/1603 1589/4105/1589 1585/4102/1585 1598/4118/1598
f 1598/4118/1598 1585/4102/1585 1582/913/1582 1594/912/1594
f 1639/4169/1639 1604/4122/1604 1600/4121/1600 1634/4160/1634
f 1634/4160/1634 1600/4121/1600 1595/689/1595 1630/688/1630
f 1631/177/1631 1584/176/1584 1592/4111/1592 1636/4163/1636
f 1636/4163/1636 1592/4111/1592 1588/4110/1588 1640/4164/1640
f 3006/876/3006 1996/875/1996 2004/4572/2004 3010/5444/3010
f 3010/5444/3010 2004/4572/2004 2000/4571/2000 3014/5447/3014
f 3014/5447/3014 2000/4571/2000 1995/132/1995 3007/135/3007
f 2007/2206/2007 3022/2209/3022 3027/5459/3027 2012/4585/2012
f 2012/4585/2012 3027/5459/3027 3035/5469/3035 2016/4586/2016
f 2016/4586/2016 3035/5469/3035 3025/134/3025 2008/133/2008
f 5174/178/5174 1631/177/1631 1637/4161/1637 5178/7171/5178
f 5178/7171/5178 1637/4161/1637 1633/4158/1633 5182/7174/5182
f 5182/7174/5182 1633/4158/1633 1630/688/1630 5175/691/5175
f 255/890/255 1644/889/1644 1652/4181/1652 260/2594/260
f 260/2594/260 1652/4181/1652 1648/4180/1648 264/2595/264
f 263/2600/263 1664/4192/1664 1660/4191/1660 258/2591/258
f 258/2591/258 1660/4191/1660 1655/25/1655 254/24/254
f 1663/4197/1663 1649/4175/1649 1645/4172/1645 1658/4188/1658
f 1658/4188/1658 1645/4172/1645 1642/727/1642 1654/726/1654
f 2974/146/2974 1884/145/1884 1892/4446/1892 2978/5418/2978
f 2978/5418/2978 1892/4446/1892 1888/4445/1888 2982/5421/2982
f 2982/5421/2982 1888/4445/1888 1883/291/1883 2975/294/2975
f 1895/882/1895 2990/885/2990 2995/5433/2995 1900/4459/1900
f 1900/4459/1900 2995/5433/2995 3003/5443/3003 1904/4460/1904
f 1904/4460/1904 3003/5443/3003 2993/293/2993 1896/292/1896
f 5142/690/5142 1595/689/1595 1601/4119/1601 5146/7143/5146
f 5146/7143/5146 1601/4119/1601 1597/4116/1597 5150/7146/5150
f 5150/7146/5150 1597/4116/1597 1594/912/1594 5143/915/5143
f 63/834/63 1668/833/1668 1676/4209/1676 68/2370/68
f 68/2370/68 1676/4209/1676 1672/4208/1672 72/2371/72
f 1666/624/1666 1684/623/1684 1692/4223/1692 1669/4200/1669
f 1669/4200/1669 1692/4223/1692 1688/4222/1688 1673/4203/1673
f 71/2376/71 1689/4217/1689 1685/4214/1685 66/2367/66
f 66/2367/66 1685/4214/1685 1682/173/1682 62/172/62
f 1584/176/1584 5158/179/5158 5163/7159/5163 1591/4114/1591
f 1591/4114/1591 5163/7159/5163 5171/7170/5171 1586/4104/1586
f 1586/4104/1586 5171/7170/5171 5161/914/5161 1582/913/1582
f 3057/713/3057 2120/712/2120 2128/4712/2128 3067/5495/3067
f 3067/5495/3067 2128/4712/2128 2124/4711/2124 3059/5485/3059
f 3059/5485/3059 2124/4711/2124 2119/120/2119 3054/123/3054
f 2942/158/2942 1772/157/1772 1780/4320/1780 2946/5391/2946
f 2946/5391/2946 1780/4320/1780 1776/4319/1776 2950/5394/2950
f 2950/5394/2950 1776/4319/1776 1771/454/1771 2943/457/2943
f 267/632/267 1696/631/1696 1704/4237/1704 272/2608/272
f 272/2608/272 1704/4237/1704 1700/4236/1700 276/2609/276
f 275/2614/275 480/2847/480 476/2846/476 270/2605/270
f 270/2605/270 476/2846/476 471/29/471 266/28/266
f 479/2852/479 1701/4231/1701 1697/4228/1697 474/2843/474
f 474/2843/474 1697/4228/1697 1694/376/1694 470/375/470
f 1783/893/1783 2958/896/2958 2963/5406/2963 1788/4333/1788
f 1788/4333/1788 2963/5406/2963 2971/5417/2971 1792/4334/1792
f 1792/4334/1792 2971/5417/2971 2961/456/2961 1784/455/1784
f 640/52/640 3974/55/3974 3979/6211/3979 647/3049/647
f 647/3049/647 3979/6211/3979 3987/6221/3987 642/3039/642
f 642/3039/642 3987/6221/3987 3977/653/3977 638/652/638
f 5742/122/5742 2094/121/2094 2098/4678/2098 5746/7614/5746
f 5746/7614/5746 2098/4678/2098 2103/4688/2103 5750/7617/5750
f 5750/7617/5750 2103/4688/2103 2096/862/2096 5743/865/5743
f 1712/4250/1712 1740/4276/1740 1736/4275/1736 1716/4251/1716
f 1716/4251/1716 1736/4275/1736 1731/902/1731 1708/901/1708
f 1748/4292/1748 1713/4245/1713 1709/4242/1709 1752/4293/1752
f 1752/4293/1752 1709/4242/1709 1706/161/1706 1744/160/1744
f 1742/412/1742 1730/411/1730 1734/4272/1734 1745/4284/1745
f 1745/4284/1745 1734/4272/1734 1739/4281/1739 1749/4287/1749
f 2107/711/2107 3039/714/3039 3046/5473/3046 2112/4697/2112
f 2112/4697/2112 3046/5473/3046 3042/5470/3042 2116/4698/2116
f 2116/4698/2116 3042/5470/3042 3038/864/3038 2108/863/2108
f 3970/54/3970 327/53/327 333/2676/333 3972/8028/3972
f 3972/8028/3972 333/2676/333 329/2673/329 3973/8029/3973
f 3973/8029/3973 329/2673/329 326/515/326 3971/518/3971
f 616/651/616 3966/654/3966 3968/8030/3968 623/3021/623
f 623/3021/623 3968/8030/3968 3969/8031/3969 618/3011/618
f 618/3011/618 3969/8031/3969 3967/517/3967 614/516/614
f 1759/894/1759 1783/893/1783 1789/4330/1789 1764/4303/1764
f 1764/4303/1764 1789/4330/1789 1785/4329/1785 1768/4304/1768
f 1772/157/1772 1758/156/1758 1762/4300/1762 1779/4322/1779
f 1779/4322/1779 1762/4300/1762 1767/4309/1767 1774/4323/1774
f 2878/2192/2878 1495/2191/1495 1501/4007/1501 2882/5337/2882
f 2882/5337/2882 1501/4007/1501 1497/4004/1497 2886/5340/2886
f 2886/5340/2886 1497/4004/1497 1494/920/1494 2879/923/2879
f 75/578/75 1720/577/1720 1728/4265/1728 80/2384/80
f 80/2384/80 1728/4265/1728 1724/4264/1724 84/2385/84
f 1718/497/1718 1796/496/1796 1804/4349/1804 1721/4256/1721
f 1721/4256/1721 1804/4349/1804 1800/4348/1800 1725/4259/1725
f 83/2390/83 1801/4343/1801 1797/4340/1797 78/2381/78
f 78/2381/78 1797/4340/1797 1794/165/1794 74/164/74
f 1508/750/1508 2894/753/2894 2899/5352/2899 1515/4030/1515
f 1515/4030/1515 2899/5352/2899 2907/5363/2907 1510/4020/1510
f 1510/4020/1510 2907/5363/2907 2897/922/2897 1506/921/1506
f 1124/803/1124 4566/806/4566 4571/6685/4571 1131/3596/1131
f 1131/3596/1131 4571/6685/4571 4579/6695/4579 1126/3586/1126
f 1126/3586/1126 4579/6695/4579 4569/238/4569 1122/237/1122
f 2846/194/2846 1407/193/1407 1413/3909/1413 2850/5310/2850
f 2850/5310/2850 1413/3909/1413 1409/3906/1409 2854/5313/2854
f 2854/5313/2854 1409/3906/1409 1406/284/1406 2847/287/2847
f 1824/4376/1824 1816/4360/1816 1812/4359/1812 1828/4377/1828
f 1828/4377/1828 1812/4359/1812 1807/716/1807 1820/715/1820
f 464/2835/464 1825/4371/1825 1821/4368/1821 468/2836/468
f 468/2836/468 1821/4368/1821 1818/2155/1818 460/2154/460
f 458/153/458 1806/152/1806 1810/4356/1810 461/2827/461
f 461/2827/461 1810/4356/1810 1815/4365/1815 465/2830/465
f 1420/16/1420 2862/19/2862 2867/5325/2867 1427/3932/1427
f 1427/3932/1427 2867/5325/2867 2875/5336/2875 1422/3922/1422
f 1422/3922/1422 2875/5336/2875 2865/286/2865 1418/285/1418
f 4534/805/4534 1107/804/1107 1113/3573/1113 4538/6654/4538
f 4538/6654/4538 1113/3573/1113 1109/3570/1109 4542/6657/4542
f 4542/6657/4542 1109/3570/1109 1106/3569/1106 4535/6659/4535
f 4/236/4 4550/239/4550 4555/6670/4555 11/2307/11
f 11/2307/11 4555/6670/4555 4563/6682/4563 6/2297/6
f 6/2297/6 4563/6682/4563 4553/6681/4553 2/2294/2
f 279/542/279 1832/541/1832 1840/4391/1840 284/2622/284
f 284/2622/284 1840/4391/1840 1836/4390/1836 288/2623/288
f 287/2628/287 1852/4402/1852 1848/4401/1848 282/2619/282
f 282/2619/282 1848/4401/1848 1843/33/1843 278/32/278
f 1851/4407/1851 1837/4385/1837 1833/4382/1833 1846/4398/1846
f 1846/4398/1846 1833/4382/1833 1830/387/1830 1842/386/1842
f 1606/696/1606 2911/699/2911 2918/5367/2918 1609/4130/1609
f 1609/4130/1609 2918/5367/2918 2914/5364/2914 1613/4133/1613
f 1613/4133/1613 2914/5364/2914 2910/170/2910 1607/169/1607
f 2814/933/2814 1323/932/1323 1329/3811/1329 2818/5282/2818
f 2818/5282/2818 1329/3811/1329 1325/3808/1325 2822/5285/2822
f 2822/5285/2822 1325/3808/1325 1322/400/1322 2815/403/2815
f 1336/204/1336 2830/207/2830 2835/5298/2835 1343/3834/1343
f 1343/3834/1343 2835/5298/2835 2843/5309/2843 1338/3824/1338
f 1338/3824/1338 2843/5309/2843 2833/402/2833 1334/401/1334
f 1871/883/1871 1895/882/1895 1901/4456/1901 1876/4429/1876
f 1876/4429/1876 1901/4456/1901 1897/4455/1897 1880/4430/1880
f 1884/145/1884 1870/144/1870 1874/4426/1874 1891/4448/1891
f 1891/4448/1891 1874/4426/1874 1879/4435/1879 1886/4449/1886
f 2929/698/2929 1618/697/1618 1622/4146/1622 2939/5390/2939
f 2939/5390/2939 1622/4146/1622 1627/4156/1627 2931/5379/2931
f 2931/5379/2931 1627/4156/1627 1620/537/1620 2926/540/2926
f 484/168/484 5126/171/5126 5131/7131/5131 491/2867/491
f 491/2867/491 5131/7131/5131 5139/7142/5139 486/2857/486
f 486/2857/486 5139/7142/5139 5129/539/5129 482/538/482
f 2782/489/2782 1159/488/1159 1165/3629/1165 2786/5254/2786
f 2786/5254/2786 1165/3629/1165 1161/3626/1161 2790/5257/2790
f 2790/5257/2790 1161/3626/1161 1158/563/1158 2783/566/2783
f 87/2126/87 1856/2125/1856 1864/4419/1864 92/2398/92
f 92/2398/92 1864/4419/1864 1860/4418/1860 96/2399/96
f 1854/332/1854 1908/331/1908 1916/4475/1916 1857/4410/1857
f 1857/4410/1857 1916/4475/1916 1912/4474/1912 1861/4413/1861
f 95/2404/95 1913/4469/1913 1909/4466/1909 90/2395/90
f 90/2395/90 1909/4466/1909 1906/408/1906 86/407/86
f 1172/216/1172 2798/219/2798 2803/5270/2803 1179/3652/1179
f 1179/3652/1179 2803/5270/2803 2811/5281/2811 1174/3642/1174
f 1174/3642/1174 2811/5281/2811 2801/565/2801 1170/564/1170
f 291/2151/291 1920/2150/1920 1928/4489/1928 296/2636/296
f 296/2636/296 1928/4489/1928 1924/4488/1924 300/2637/300
f 299/2642/299 456/2819/456 452/2818/452 294/2633/294
f 294/2633/294 452/2818/452 447/336/447 290/335/290
f 455/2824/455 1925/4483/1925 1921/4480/1921 450/2815/450
f 450/2815/450 1921/4480/1921 1918/849/1918 446/848/446
f 3950/90/3950 591/89/591 597/2984/597 3954/6196/3954
f 3954/6196/3954 597/2984/597 593/2981/593 3958/6199/3958
f 3958/6199/3958 593/2981/593 590/704/590 3951/707/3951
f 5726/42/5726 2066/41/2066 2070/4650/2070 5730/7601/5730
f 5730/7601/5730 2070/4650/2070 2075/4660/2075 5734/7604/5734
f 5734/7604/5734 2075/4660/2075 2068/870/2068 5727/873/5727
f 1936/4502/1936 1964/4528/1964 1960/4527/1960 1940/4503/1940
f 1940/4503/1940 1960/4527/1960 1955/2184/1955 1932/2183/1932
f 1972/4544/1972 1937/4497/1937 1933/4494/1933 1976/4545/1976
f 1976/4545/1976 1933/4494/1933 1930/701/1930 1968/700/1968
f 1966/917/1966 1954/916/1954 1958/4524/1958 1969/4536/1969
f 1969/4536/1969 1958/4524/1958 1963/4533/1963 1973/4539/1973
f 3934/706/3934 339/705/339 345/2690/345 3938/6182/3938
f 3938/6182/3938 345/2690/345 341/2687/341 3942/6185/3942
f 3942/6185/3942 341/2687/341 338/655/338 3935/658/3935
f 148/88/148 3918/91/3918 3923/6170/3923 155/2475/155
f 155/2475/155 3923/6170/3923 3931/6181/3931 150/2465/150
f 150/2465/150 3931/6181/3931 3921/657/3921 146/656/146
f 5722/872/5722 2054/871/2054 2058/4636/2058 5724/8032/5724
f 5724/8032/5724 2058/4636/2058 2063/4646/2063 5725/8033/5725
f 5725/8033/5725 2063/4646/2063 2056/36/2056 5723/39/5723
f 1983/2207/1983 2007/2206/2007 2013/4582/2013 1988/4555/1988
f 1988/4555/1988 2013/4582/2013 2009/4581/2009 1992/4556/1992
f 1996/875/1996 1982/874/1982 1986/4552/1986 2003/4574/2003
f 2003/4574/2003 1986/4552/1986 1991/4561/1991 1998/4575/1998
f 302/40/302 5718/43/5718 5720/8034/5720 305/2645/305
f 305/2645/305 5720/8034/5720 5721/8035/5721 309/2648/309
f 309/2648/309 5721/8035/5721 5719/38/5719 303/37/303
f 4518/70/4518 1095/69/1095 1101/3558/1101 4522/6640/4522
f 4522/6640/4522 1101/3558/1101 1097/3555/1097 4526/6643/4526
f 4526/6643/4526 1097/3555/1097 1094/608/1094 4519/611/4519
f 98/149/98 1942/148/1942 1946/4510/1946 101/2407/101
f 101/2407/101 1946/4510/1946 1951/4519/1951 105/2410/105
f 1943/141/1943 2018/140/2018 2022/4594/2022 1948/4513/1948
f 1948/4513/1948 2022/4594/2022 2027/4603/2027 1952/4514/1952
f 104/2415/104 2028/4598/2028 2024/4597/2024 108/2416/108
f 108/2416/108 2024/4597/2024 2019/137/2019 100/136/100
f 4514/610/4514 1083/609/1083 1089/3544/1089 4516/8036/4516
f 4516/8036/4516 1089/3544/1089 1085/3541/1085 4517/8037/4517
f 4517/8037/4517 1085/3541/1085 1082/604/1082 4515/607/4515
f 208/68/208 4510/71/4510 4512/8038/4512 215/2545/215
f 215/2545/215 4512/8038/4512 4513/8039/4513 210/2535/210
f 210/2535/210 4513/8039/4513 4511/606/4511 206/605/206
f 2051/4631/2051 2037/4609/2037 2033/4606/2033 2046/4622/2046
f 2046/4622/2046 2033/4606/2033 2030/693/2030 2042/692/2042
f 2036/4614/2036 441/2802/441 437/2799/437 2040/4615/2040
f 2040/4615/2040 437/2799/437 434/591/434 2032/590/2032
f 440/2807/440 2052/4626/2052 2048/4625/2048 444/2808/444
f 444/2808/444 2048/4625/2048 2043/129/2043 436/128/436
f 1572/897/1572 5110/900/5110 5115/7117/5115 1579/4100/1579
f 1579/4100/1579 5115/7117/5115 5123/7128/5123 1574/4090/1574
f 1574/4090/1574 5123/7128/5123 5113/190/5113 1570/189/1570
f 303/37/303 2056/36/2056 2064/4643/2064 308/2650/308
f 308/2650/308 2064/4643/2064 2060/4642/2060 312/2651/312
f 2054/871/2054 2068/870/2068 2076/4657/2076 2057/4634/2057
f 2057/4634/2057 2076/4657/2076 2072/4656/2072 2061/4637/2061
f 311/2656/311 2073/4651/2073 2069/4648/2069 306/2647/306
f 306/2647/306 2069/4648/2069 2066/41/2066 302/40/302
f 578/415/578 3135/418/3135 3142/5552/3142 581/2967/581
f 581/2967/581 3142/5552/3142 3138/5549/3138 585/2970/585
f 585/2970/585 3138/5549/3138 3134/86/3134 579/85/579
f 5094/899/5094 1555/898/1555 1561/4077/1561 5098/7102/5098
f 5098/7102/5098 1561/4077/1561 1557/4074/1557 5102/7105/5102
f 5102/7105/5102 1557/4074/1557 1554/196/1554 5095/199/5095
f 52/188/52 5078/191/5078 5083/7091/5083 59/2363/59
f 59/2363/59 5083/7091/5083 5091/7101/5091 54/2353/54
f 54/2353/54 5091/7101/5091 5081/198/5081 50/197/50
f 2100/4684/2100 2110/4701/2110 2115/4700/2115 2104/4685/2104
f 2104/4685/2104 2115/4700/2115 2108/863/2108 2096/862/2096
f 2094/121/2094 2119/120/2119 2125/4708/2125 2097/4676/2097
f 2097/4676/2097 2125/4708/2125 2121/4707/2121 2101/4679/2101
f 3153/417/3153 602/416/602 606/2997/606 3163/5575/3163
f 3163/5575/3163 606/2997/606 611/3007/611 3155/5565/3155
f 3155/5565/3155 611/3007/611 604/583/604 3150/586/3150
f 400/84/400 3902/87/3902 3907/6156/3907 407/2769/407
f 407/2769/407 3907/6156/3907 3915/6167/3915 402/2759/402
f 402/2759/402 3915/6167/3915 3905/585/3905 398/584/398
f 111/909/111 2080/908/2080 2088/4671/2088 116/2426/116
f 116/2426/116 2088/4671/2088 2084/4670/2084 120/2427/120
f 2131/125/2131 110/124/110 114/2423/114 2136/4723/2136
f 2136/4723/2136 114/2423/114 119/2432/119 2140/4724/2140
f 2078/782/2078 2130/781/2130 2134/4720/2134 2081/4662/2081
f 2081/4662/2081 2134/4720/2134 2139/4729/2139 2085/4665/2085
f 436/128/436 5702/131/5702 5707/7590/5707 443/2811/443
f 443/2811/443 5707/7590/5707 5715/7600/5715 438/2801/438
f 438/2801/438 5715/7600/5715 5705/592/5705 434/591/434
f 2181/4777/2181 432/2791/432 428/2790/428 2185/4778/2185
f 2185/4778/2185 428/2790/428 423/423/423 2179/422/2179
f 431/2796/431 2170/4771/2170 2175/4770/2175 426/2787/426
f 426/2787/426 2175/4770/2175 2168/109/2168 422/108/422
f 5670/130/5670 2043/129/2043 2049/4623/2049 5674/7561/5674
f 5674/7561/5674 2049/4623/2049 2045/4620/2045 5678/7564/5678
f 5678/7564/5678 2045/4620/2045 2042/692/2042 5671/695/5671
f 2032/590/2032 5686/593/5686 5691/7576/5691 2039/4618/2039
f 2039/4618/2039 5691/7576/5691 5699/7587/5699 2034/4608/2034
f 2034/4608/2034 5699/7587/5699 5689/694/5689 2030/693/2030
f 2160/4754/2160 2152/4738/2152 2148/4737/2148 2164/4755/2164
f 2164/4755/2164 2148/4737/2148 2143/685/2143 2156/684/2156
f 2154/553/2154 2192/552/2192 2200/4797/2200 2157/4746/2157
f 2157/4746/2157 2200/4797/2200 2196/4796/2196 2161/4749/2161
f 2151/4743/2151 2197/4791/2197 2193/4788/2193 2146/4734/2146
f 2146/4734/2146 2193/4788/2193 2190/113/2190 2142/112/2142
f 1072/878/1072 4494/881/4494 4499/6628/4499 1079/3539/1079
f 1079/3539/1079 4499/6628/4499 4507/6639/4507 1074/3529/1074
f 1074/3529/1074 4507/6639/4507 4497/234/4497 1070/233/1070
f 123/660/123 316/659/316 324/2668/324 128/2440/128
f 128/2440/128 324/2668/324 320/2667/320 132/2441/132
f 2220/4824/2220 321/2662/321 317/2659/317 2224/4825/2224
f 2224/4825/2224 317/2659/317 314/770/314 2216/769/2216
f 2214/117/2214 122/116/122 126/2437/126 2217/4816/2217
f 2217/4816/2217 126/2437/126 131/2446/131 2221/4819/2221
f 4462/880/4462 1035/879/1035 1041/3488/1041 4466/6599/4466
f 4466/6599/4466 1041/3488/1041 1037/3485/1037 4470/6602/4470
f 4470/6602/4470 1037/3485/1037 1034/785/1034 4463/788/4463
f 1024/232/1024 4478/235/4478 4483/6615/4483 1031/3483/1031
f 1031/3483/1031 4483/6615/4483 4491/6625/4491 1026/3473/1026
f 1026/3473/1026 4491/6625/4491 4481/787/4481 1022/786/1022
f 2227/678/2227 2204/677/2204 2212/4811/2212 2232/4835/2232
f 2232/4835/2232 2212/4811/2212 2208/4810/2208 2236/4836/2236
f 2251/466/2251 2226/465/2226 2230/4832/2230 2256/4863/2256
f 2256/4863/2256 2230/4832/2230 2235/4841/2235 2260/4864/2260
f 2202/45/2202 2250/44/2250 2254/4860/2254 2205/4802/2205
f 2205/4802/2205 2254/4860/2254 2259/4869/2259 2209/4805/2209
f 5062/22/5062 1543/21/1543 1549/4063/1549 5066/7075/5066
f 5066/7075/5066 1549/4063/1549 1545/4060/1545 5070/7078/5070
f 5070/7078/5070 1545/4060/1545 1542/735/1542 5063/738/5063
f 5058/737/5058 1531/736/1531 1537/4049/1537 5060/8040/5060
f 5060/8040/5060 1537/4049/1537 1533/4046/1533 5061/8041/5061
f 5061/8041/5061 1533/4046/1533 1530/2132/1530 5059/2135/5059
f 2244/4852/2244 2272/4878/2272 2268/4877/2268 2248/4853/2248
f 2248/4853/2248 2268/4877/2268 2263/474/2263 2240/473/2240
f 2238/842/2238 412/841/412 420/2780/420 2241/4844/2241
f 2241/4844/2241 420/2780/420 416/2779/416 2245/4847/2245
f 410/105/410 2262/104/2262 2266/4874/2266 413/2771/413
f 413/2771/413 2266/4874/2266 2271/4883/2271 417/2774/417
f 244/20/244 5054/23/5054 5056/8042/5056 251/2587/251
f 251/2587/251 5056/8042/5056 5057/8043/5057 246/2577/246
f 246/2577/246 5057/8043/5057 5055/2134/5055 242/2133/242
f 5654/138/5654 2019/137/2019 2025/4595/2025 5658/7547/5658
f 5658/7547/5658 2025/4595/2025 2021/4592/2021 5662/7550/5662
f 5662/7550/5662 2021/4592/2021 2018/140/2018 5655/143/5655
f 2317/4931/2317 2300/4906/2300 2296/4905/2296 2321/4932/2321
f 2321/4932/2321 2296/4905/2296 2291/347/2291 2315/346/2315
f 2304/97/2304 2290/96/2290 2294/4902/2294 2311/4924/2311
f 2311/4924/2311 2294/4902/2294 2299/4911/2299 2306/4925/2306
f 3281/868/3281 1046/867/1046 1050/3501/1050 3291/5685/3291
f 3291/5685/3291 1050/3501/1050 1055/3511/1055 3283/5674/3283
f 3283/5674/3283 1055/3511/1055 1048/228/1048 3278/231/3278
f 5638/142/5638 1943/141/1943 1949/4511/1949 5642/7533/5642
f 5642/7533/5642 1949/4511/1949 1945/4508/1945 5646/7536/5646
f 5646/7536/5646 1945/4508/1945 1942/148/1942 5639/151/5639
f 687/640/687 2280/639/2280 2288/4895/2288 692/3098/692
f 692/3098/692 2288/4895/2288 2284/4894/2284 696/3099/696
f 2327/49/2327 686/48/686 690/3095/690 2332/4947/2332
f 2332/4947/2332 690/3095/690 695/3104/695 2336/4948/2336
f 2335/4953/2335 2285/4889/2285 2281/4886/2281 2330/4944/2330
f 2330/4944/2330 2281/4886/2281 2278/853/2278 2326/852/2326
f 100/136/100 5622/139/5622 5627/7522/5627 107/2419/107
f 107/2419/107 5627/7522/5627 5635/7532/5635 102/2409/102
f 102/2409/102 5635/7532/5635 5625/150/5625 98/149/98
f 4446/230/4446 543/229/543 549/2928/549 4450/6586/4450
f 4450/6586/4450 549/2928/549 545/2925/545 4454/6589/4454
f 4454/6589/4454 545/2925/545 542/670/542 4447/673/4447
f 699/355/699 2340/354/2340 2348/4965/2348 704/3112/704
f 704/3112/704 2348/4965/2348 2344/4964/2344 708/3113/708
f 2360/4978/2360 2345/4959/2345 2341/4956/2341 2364/4979/2364
f 2364/4979/2364 2341/4956/2341 2338/664/2338 2356/663/2356
f 707/3118/707 2361/4973/2361 2357/4970/2357 702/3109/702
f 702/3109/702 2357/4970/2357 2354/101/2354 698/100/698
f 1058/866/1058 3263/869/3263 3270/5661/3270 1061/3513/1061
f 1061/3513/1061 3270/5661/3270 3266/5658/3266 1065/3516/1065
f 1065/3516/1065 3266/5658/3266 3262/672/3262 1059/671/1059
f 2387/2290/2387 2390/2293/2390 2392/8044/2392 2389/8045/2389
f 2389/8045/2389 2392/8044/2392 2393/8046/2393 2388/8047/2388
f 2388/8047/2388 2393/8046/2393 2391/970/2391 2386/969/2386
f 2390/2227/2390 2394/2226/2394 2396/8048/2396 2392/8044/2392
f 2392/8044/2392 2396/8048/2396 2397/8049/2397 2393/8046/2393
f 2393/8046/2393 2397/8049/2397 2395/971/2395 2391/970/2391
f 2394/2232/2394 2398/2231/2398 2400/8050/2400 2396/8048/2396
f 2396/8048/2396 2400/8050/2400 2401/8051/2401 2397/8049/2397
f 2397/8049/2397 2401/8051/2401 2399/962/2399 2395/961/2395
f 2398/2231/2398 2402/2236/2402 2404/8052/2404 2400/8050/2400
f 2400/8050/2400 2404/8052/2404 2405/8053/2405 2401/8051/2401
f 2401/8051/2401 2405/8053/2405 2403/945/2403 2399/967/2399
f 2402/2236/2402 2406/2243/2406 2408/8054/2408 2404/8052/2404
f 2404/8052/2404 2408/8054/2408 2409/8055/2409 2405/8053/2405
f 2405/8053/2405 2409/8055/2409 2407/946/2407 2403/945/2403
f 2406/2243/2406 2410/2249/2410 2412/8056/2412 2408/8054/2408
f 2408/8054/2408 2412/8056/2412 2413/8057/2413 2409/8055/2409
f 2409/8055/2409 2413/8057/2413 2411/955/2411 2407/946/2407
f 2410/2256/2410 2414/2255/2414 2416/8058/2416 2412/8056/2412
f 2412/8056/2412 2416/8058/2416 2417/8059/2417 2413/8057/2413
f 2413/8057/2413 2417/8059/2417 2415/950/2415 2411/949/2411
f 2414/2261/2414 2418/2260/2418 2420/8060/2420 2416/8058/2416
f 2416/8058/2416 2420/8060/2420 2421/8061/2421 2417/8059/2417
f 2417/8059/2417 2421/8061/2421 2419/960/2419 2415/959/2415
f 2418/2260/2418 2422/2269/2422 2424/8062/2424 2420/8060/2420
f 2420/8060/2420 2424/8062/2424 2425/8063/2425 2421/8061/2421
f 2421/8061/2421 2425/8063/2425 2423/951/2423 2419/968/2419
f 2422/2274/2422 2430/2273/2430 2432/8064/2432 2424/8062/2424
f 2424/8062/2424 2432/8064/2432 2433/8065/2433 2425/8063/2425
f 2425/8063/2425 2433/8065/2433 2431/952/2431 2423/951/2423
f 2430/2273/2430 2426/964/2426 2428/8066/2428 2432/8064/2432
f 2432/8064/2432 2428/8066/2428 2429/8067/2429 2433/8065/2433
f 2433/8065/2433 2429/8067/2429 2427/948/2427 2431/947/2431
f 2426/964/2426 2370/839/2370 2372/8068/2372 2428/8066/2428
f 2428/8066/2428 2372/8068/2372 2373/8069/2373 2429/8067/2429
f 2429/8067/2429 2373/8069/2373 2371/2285/2371 2427/948/2427
f 2370/839/2370 2374/838/2374 2376/8070/2376 2372/8068/2372
f 2372/8068/2372 2376/8070/2376 2377/8071/2377 2373/8069/2373
f 2373/8069/2373 2377/8071/2377 2375/942/2375 2371/958/2371
f 2374/838/2374 2378/2284/2378 2380/8072/2380 2376/8070/2376
f 2376/8070/2376 2380/8072/2380 2381/8073/2381 2377/8071/2377
f 2377/8071/2377 2381/8073/2381 2379/943/2379 2375/942/2375
f 2378/2288/2378 2382/2287/2382 2384/8074/2384 2380/8072/2380
f 2380/8072/2380 2384/8074/2384 2385/8075/2385 2381/8073/2381
f 2381/8073/2381 2385/8075/2385 2383/954/2383 2379/953/2379
f 2382/2291/2382 2387/2290/2387 2389/8045/2389 2384/8074/2384
f 2384/8074/2384 2389/8045/2389 2388/8047/2388 2385/8075/2385
f 2385/8075/2385 2388/8047/2388 2386/957/2386 2383/956/2383
f 2439/531/2439 2458/530/2458 2464/8076/2464 2455/5002/2455
f 2455/5002/2455 2464/8076/2464 2475/5017/2475 2441/8077/2441
f 2441/8077/2441 2475/5017/2475 2462/2281/2462 2434/2280/2434
f 2483/448/2483 2438/447/2438 2453/8078/2453 2499/5036/2499
f 2499/5036/2499 2453/8078/2453 2449/4995/2449 2485/8079/2485
f 2485/8079/2485 2449/4995/2449 2437/1408/2437 2478/1407/2478
f 2507/2215/2507 2482/2214/2482 2497/8080/2497 2523/5055/2523
f 2523/5055/2523 2497/8080/2497 2493/5029/2493 2509/8081/2509
f 2509/8081/2509 2493/5029/2493 2481/1384/2481 2502/1383/2502
f 2530/582/2530 2506/816/2506 2521/8082/2521 2543/5070/2543
f 2543/5070/2543 2521/8082/2521 2517/5048/2517 2532/8083/2532
f 2532/8083/2532 2517/5048/2517 2505/1495/2505 2526/1494/2526
f 2550/495/2550 2530/582/2530 2544/8084/2544 2563/5085/2563
f 2563/5085/2563 2544/8084/2544 2540/5067/2540 2552/8085/2552
f 2552/8085/2552 2540/5067/2540 2529/1585/2529 2546/1584/2546
f 2570/266/2570 2550/495/2550 2564/8086/2564 2583/5100/2583
f 2583/5100/2583 2564/8086/2564 2560/5082/2560 2572/8087/2572
f 2572/8087/2572 2560/5082/2560 2549/1664/2549 2566/1663/2566
f 2590/267/2590 2570/266/2570 2584/8088/2584 2603/5115/2603
f 2603/5115/2603 2584/8088/2584 2580/5097/2580 2592/8089/2592
f 2592/8089/2592 2580/5097/2580 2569/1686/2569 2586/1685/2586
f 2610/647/2610 2590/267/2590 2604/8090/2604 2623/5130/2623
f 2623/5130/2623 2604/8090/2604 2600/5112/2600 2612/8091/2612
f 2612/8091/2612 2600/5112/2600 2589/1791/2589 2606/1790/2606
f 2631/648/2631 2610/647/2610 2624/8092/2624 2647/5149/2647
f 2647/5149/2647 2624/8092/2624 2620/5127/2620 2633/8093/2633
f 2633/8093/2633 2620/5127/2620 2609/1831/2609 2626/1830/2626
f 2654/312/2654 2630/443/2630 2645/8094/2645 2667/5165/2667
f 2667/5165/2667 2645/8094/2645 2641/5142/2641 2656/8095/2656
f 2656/8095/2656 2641/5142/2641 2629/1928/2629 2650/1927/2650
f 2674/313/2674 2654/312/2654 2668/8096/2668 2687/5180/2687
f 2687/5180/2687 2668/8096/2668 2664/5162/2664 2676/8097/2676
f 2676/8097/2676 2664/5162/2664 2653/2023/2653 2670/2022/2670
f 2695/433/2695 2674/313/2674 2688/8098/2688 2711/5199/2711
f 2711/5199/2711 2688/8098/2688 2684/5177/2684 2697/8099/2697
f 2697/8099/2697 2684/5177/2684 2673/2074/2673 2690/2073/2690
f 2719/5/2719 2694/4/2694 2709/8100/2709 2735/5219/2735
f 2735/5219/2735 2709/8100/2709 2705/5192/2705 2721/8101/2721
f 2721/8101/2721 2705/5192/2705 2693/2118/2693 2714/2117/2714
f 2743/281/2743 2718/280/2718 2733/8102/2733 2759/5238/2759
f 2759/5238/2759 2733/8102/2733 2729/5212/2729 2745/8103/2745
f 2745/8103/2745 2729/5212/2729 2717/1067/2717 2738/1066/2738
f 2766/734/2766 2742/2202/2742 2757/8104/2757 2779/5253/2779
f 2779/5253/2779 2757/8104/2757 2753/5231/2753 2768/8105/2768
f 2768/8105/2768 2753/5231/2753 2741/1132/2741 2762/1131/2762
f 2458/530/2458 2766/734/2766 2780/8106/2780 2463/5003/2463
f 2463/5003/2463 2780/8106/2780 2776/5250/2776 2467/8107/2467
f 2467/8107/2467 2776/5250/2776 2765/1436/2765 2459/1435/2459
f 2783/566/2783 2801/565/2801 2812/5279/2812 2789/5259/2789
f 2789/5259/2789 2812/5279/2812 2808/5277/2808 2793/8108/2793
f 2793/8108/2793 2808/5277/2808 2800/1290/2800 2784/1289/2784
f 2815/403/2815 2833/402/2833 2844/5307/2844 2821/5287/2821
f 2821/5287/2821 2844/5307/2844 2840/5305/2840 2825/8109/2825
f 2825/8109/2825 2840/5305/2840 2832/1354/2832 2816/1353/2816
f 2847/287/2847 2865/286/2865 2876/5334/2876 2853/5315/2853
f 2853/5315/2853 2876/5334/2876 2872/5332/2872 2857/8110/2857
f 2857/8110/2857 2872/5332/2872 2864/1456/2864 2848/1455/2848
f 2879/923/2879 2897/922/2897 2908/5361/2908 2885/5342/2885
f 2885/5342/2885 2908/5361/2908 2904/5359/2904 2889/8111/2889
f 2889/8111/2889 2904/5359/2904 2896/1505/2896 2880/1504/2880
f 2911/699/2911 2929/698/2929 2940/5388/2940 2917/5369/2917
f 2917/5369/2917 2940/5388/2940 2936/5386/2936 2921/8112/2921
f 2921/8112/2921 2936/5386/2936 2928/1572/2928 2912/1571/2912
f 2943/457/2943 2961/456/2961 2972/5415/2972 2949/5396/2949
f 2949/5396/2949 2972/5415/2972 2968/5413/2968 2953/8113/2953
f 2953/8113/2953 2968/5413/2968 2960/1638/2960 2944/1637/2944
f 2975/294/2975 2993/293/2993 3004/5441/3004 2981/5423/2981
f 2981/5423/2981 3004/5441/3004 3000/5440/3000 2985/8114/2985
f 2985/8114/2985 3000/5440/3000 2992/1745/2992 2976/1744/2976
f 3007/135/3007 3025/134/3025 3036/5467/3036 3013/5449/3013
f 3013/5449/3013 3036/5467/3036 3032/5466/3032 3017/8115/3017
f 3017/8115/3017 3032/5466/3032 3024/1817/3024 3008/1816/3008
f 3039/714/3039 3057/713/3057 3068/5493/3068 3045/5475/3045
f 3045/5475/3045 3068/5493/3068 3064/5492/3064 3049/8116/3049
f 3049/8116/3049 3064/5492/3064 3056/1891/3056 3040/1890/3040
f 3071/562/3071 3089/561/3089 3100/5519/3100 3077/5501/3077
f 3077/5501/3077 3100/5519/3100 3096/5518/3096 3081/8117/3081
f 3081/8117/3081 3096/5518/3096 3088/1967/3088 3072/1966/3072
f 3103/393/3103 3121/392/3121 3132/5546/3132 3109/5527/3109
f 3109/5527/3109 3132/5546/3132 3128/5545/3128 3113/8118/3113
f 3113/8118/3113 3128/5545/3128 3120/1998/3120 3104/1997/3104
f 3135/418/3135 3153/417/3153 3164/5573/3164 3141/5554/3141
f 3141/5554/3141 3164/5573/3164 3160/5572/3160 3145/8119/3145
f 3145/8119/3145 3160/5572/3160 3152/2083/3152 3136/2082/3136
f 3167/548/3167 3185/547/3185 3196/5600/3196 3173/5581/3173
f 3173/5581/3173 3196/5600/3196 3192/5599/3192 3177/8120/3177
f 3177/8120/3177 3192/5599/3192 3184/981/3184 3168/980/3168
f 3199/385/3199 3217/384/3217 3228/5627/3228 3205/5608/3205
f 3205/5608/3205 3228/5627/3228 3224/5626/3224 3209/8121/3209
f 3209/8121/3209 3224/5626/3224 3216/1076/3216 3200/1075/3200
f 3231/243/3231 3249/242/3249 3260/5655/3260 3237/5635/3237
f 3237/5635/3237 3260/5655/3260 3256/5653/3256 3241/8122/3241
f 3241/8122/3241 3256/5653/3256 3248/1155/3248 3232/1154/3232
f 3263/869/3263 3281/868/3281 3292/5683/3292 3269/5663/3269
f 3269/5663/3269 3292/5683/3292 3288/5681/3288 3273/8123/3273
f 3273/8123/3273 3288/5681/3288 3280/1229/3280 3264/1228/3264
f 3298/1398/3298 2436/1397/2436 2447/8124/2447 3311/5700/3311
f 3311/5700/3311 2447/8124/2447 2443/4989/2443 3300/8125/3300
f 3300/8125/3300 2443/4989/2443 2435/1376/2435 3294/1375/3294
f 2460/1320/2460 3314/1319/3314 3321/8126/3321 2469/5011/2469
f 2469/5011/2469 3321/8126/3321 3335/5720/3335 2473/8127/2473
f 2473/8127/2473 3335/5720/3335 3319/1308/3319 2461/1307/2461
f 3343/1542/3343 2480/1466/2480 2491/8128/2491 3359/5740/3359
f 3359/5740/3359 2491/8128/2491 2487/5023/2487 3345/8129/3345
f 3345/8129/3345 2487/5023/2487 2479/1427/2479 3338/1426/3338
f 3367/1472/3367 2504/1549/2504 2515/8130/2515 3383/5760/3383
f 3383/5760/3383 2515/8130/2515 2511/5042/2511 3369/8131/3369
f 3369/8131/3369 2511/5042/2511 2503/1529/2503 3362/1528/3362
f 3391/1535/3391 2528/1616/2528 2538/8132/2538 3407/5780/3407
f 3407/5780/3407 2538/8132/2538 2534/5061/2534 3393/8133/3393
f 3393/8133/3393 2534/5061/2534 2527/1609/2527 3386/1608/3386
f 3415/1736/3415 2548/1705/2548 2558/8134/2558 3431/5799/3431
f 3431/5799/3431 2558/8134/2558 2554/5076/2554 3417/8135/3417
f 3417/8135/3417 2554/5076/2554 2547/1676/2547 3410/1675/3410
f 3439/1698/3439 2568/1762/2568 2578/8136/2578 3455/5818/3455
f 3455/5818/3455 2578/8136/2578 2574/5091/2574 3441/8137/3441
f 3441/8137/3441 2574/5091/2574 2567/1712/2567 3434/1711/3434
f 3463/1774/3463 2588/1882/2588 2598/8138/2598 3479/5837/3479
f 3479/5837/3479 2598/8138/2598 2594/5106/2594 3465/8139/3465
f 3465/8139/3465 2594/5106/2594 2587/1803/2587 3458/1802/3458
f 3486/1941/3486 2608/1940/2608 2618/8140/2618 3499/5852/3499
f 3499/5852/3499 2618/8140/2618 2614/5121/2614 3488/8141/3488
f 3488/8141/3488 2614/5121/2614 2607/1858/2607 3482/1857/3482
f 3507/1918/3507 2628/1977/2628 2639/8142/2639 3523/5871/3523
f 3523/5871/3523 2639/8142/2639 2635/5136/2635 3509/8143/3509
f 3509/8143/3509 2635/5136/2635 2627/1953/2627 3502/1952/3502
f 3530/1983/3530 2652/2055/2652 2662/8144/2662 3543/5886/3543
f 3543/5886/3543 2662/8144/2662 2658/5156/2658 3532/8145/3532
f 3532/8145/3532 2658/5156/2658 2651/2036/2651 3526/2035/3526
f 3550/2042/3550 2672/1019/2672 2682/8146/2682 3563/5901/3563
f 3563/5901/3563 2682/8146/2682 2678/5171/2678 3552/8147/3552
f 3552/8147/3552 2678/5171/2678 2671/1032/2671 3546/1045/3546
f 3570/1109/3570 2692/1026/2692 2703/8148/2703 3583/5916/3583
f 3583/5916/3583 2703/8148/2703 2699/5186/2699 3572/8149/3572
f 3572/8149/3572 2699/5186/2699 2691/1005/2691 3566/1004/3566
f 3590/1102/3590 2716/1184/2716 2727/8150/2727 3603/5931/3603
f 3603/5931/3603 2727/8150/2727 2723/5206/2723 3592/8151/3592
f 3592/8151/3592 2723/5206/2723 2715/1191/2715 3586/1190/3586
f 3610/1138/3610 2740/1239/2740 2751/8152/2751 3623/5946/3623
f 3623/5946/3623 2751/8152/2751 2747/5225/2747 3612/8153/3612
f 3612/8153/3612 2747/5225/2747 2739/1178/2739 3606/1177/3606
f 3630/1170/3630 2764/1208/2764 2774/8154/2774 3643/5961/3643
f 3643/5961/3643 2774/8154/2774 2770/5244/2770 3632/8155/3632
f 3632/8155/3632 2770/5244/2770 2763/1251/2763 3626/1250/3626
f 3649/2124/3649 3570/1109/3570 3584/8156/3584 3659/5973/3659
f 3659/5973/3659 3584/8156/3584 3580/5913/3580 3651/8157/3651
f 3651/8157/3651 3580/5913/3580 3569/984/3569 3646/1086/3646
f 2714/1091/2714 3648/1056/3648 3657/8158/3657 2720/5201/2720
f 2720/5201/2720 3657/8158/3657 3653/5967/3653 2724/8159/2724
f 2724/8159/2724 3653/5967/3653 3647/1011/3647 2715/1128/2715
f 3586/1012/3586 3647/1011/3647 3654/8160/3654 3591/5917/3591
f 3591/5917/3591 3654/8160/3654 3650/5962/3650 3595/8161/3595
f 3595/8161/3595 3650/5962/3650 3646/1073/3646 3587/985/3587
f 3648/1056/3648 2693/1055/2693 2706/8162/2706 3656/5970/3656
f 3656/5970/3656 2706/8162/2706 2702/5189/2702 3660/8163/3660
f 3660/8163/3660 2702/5189/2702 2692/1026/2692 3649/1025/3649
f 3665/2043/3665 3550/2042/3550 3564/8164/3564 3675/5985/3675
f 3675/5985/3675 3564/8164/3564 3560/5898/3560 3667/8165/3667
f 3667/8165/3667 3560/5898/3560 3549/992/3549 3662/991/3662
f 2690/998/2690 3664/997/3664 3673/8166/3673 2696/5181/2696
f 2696/5181/2696 3673/8166/3673 3669/5979/3669 2700/8167/2700
f 2700/8167/2700 3669/5979/3669 3663/1122/3663 2691/1005/2691
f 3566/1063/3566 3663/1062/3663 3670/8168/3670 3571/5902/3571
f 3571/5902/3571 3670/8168/3670 3666/5974/3666 3575/8169/3575
f 3575/8169/3575 3666/5974/3666 3662/978/3662 3567/977/3567
f 3664/1038/3664 2673/1037/2673 2685/8170/2685 3672/5982/3672
f 3672/5982/3672 2685/8170/2685 2681/5174/2681 3676/8171/3676
f 3676/8171/3676 2681/5174/2681 2672/1019/2672 3665/1018/3665
f 3681/1033/3681 2671/1032/2671 2679/8172/2679 3691/5997/3691
f 3691/5997/3691 2679/8172/2679 2675/5166/2675 3683/8173/3683
f 3683/8173/3683 2675/5166/2675 2670/1051/2670 3678/1050/3678
f 3529/2092/3529 3680/2080/3680 3689/8174/3689 3540/5883/3540
f 3540/5883/3540 3689/8174/3689 3685/5991/3685 3544/8175/3544
f 3544/8175/3544 3685/5991/3685 3679/1984/3679 3530/1983/3530
f 3546/1045/3546 3681/1044/3681 3692/8176/3692 3551/5887/3551
f 3551/5887/3551 3692/8176/3692 3688/5994/3688 3555/8177/3555
f 3555/8177/3555 3688/5994/3688 3680/2080/3680 3547/2002/3547
f 3678/1050/3678 2653/2064/2653 2665/8178/2665 3682/5986/3682
f 3682/5986/3682 2665/8178/2665 2661/5159/2661 3686/8179/3686
f 3686/8179/3686 2661/5159/2661 2652/2055/2652 3679/2054/3679
f 3697/2109/3697 2651/2108/2651 2659/8180/2659 3707/6009/3707
f 3707/6009/3707 2659/8180/2659 2655/5151/2655 3699/8181/3699
f 3699/8181/3699 2655/5151/2655 2650/2029/2650 3694/2028/3694
f 3506/2008/3506 3696/1995/3696 3705/8182/3705 3520/5868/3520
f 3520/5868/3520 3705/8182/3705 3701/6003/3701 3524/8183/3524
f 3524/8183/3524 3701/6003/3701 3695/1919/3695 3507/1918/3507
f 2628/1977/2628 3695/1919/3695 3702/8184/3702 2638/5139/2638
f 2638/5139/2638 3702/8184/3702 3698/5998/3698 2642/8185/2642
f 2642/8185/2642 3698/5998/3698 3694/2013/3694 2629/2012/2629
f 3696/1995/3696 3527/1971/3527 3535/8186/3535 3704/6006/3704
f 3704/6006/3704 3535/8186/3535 3531/5872/3531 3708/8187/3708
f 3708/8187/3708 3531/5872/3531 3526/2035/3526 3697/2070/3697
f 3713/1959/3713 3503/1895/3503 3512/8188/3512 3723/6021/3723
f 3723/6021/3723 3512/8188/3512 3508/5853/3508 3715/8189/3715
f 3715/8189/3715 3508/5853/3508 3502/1952/3502 3710/2019/3710
f 2608/1906/2608 3712/1844/3712 3721/8190/3721 2617/5124/2617
f 2617/5124/2617 3721/8190/3721 3717/6015/3717 2621/8191/2621
f 2621/8191/2621 3717/6015/3717 3711/1924/3711 2609/1923/2609
f 2626/1989/2626 3711/1924/3711 3718/8192/3718 2632/5131/2632
f 2632/5131/2632 3718/8192/3718 3714/6010/3714 2636/8193/2636
f 2636/8193/2636 3714/6010/3714 3710/2019/3710 2627/1953/2627
f 3712/1844/3712 3486/1843/3486 3500/8194/3500 3720/6018/3720
f 3720/6018/3720 3500/8194/3500 3496/5849/3496 3724/8195/3724
f 3724/8195/3724 3496/5849/3496 3485/1894/3485 3713/1959/3713
f 3729/1775/3729 3463/1774/3463 3480/8196/3480 3739/6033/3739
f 3739/6033/3739 3480/8196/3480 3476/5834/3476 3731/8197/3731
f 3731/8197/3731 3476/5834/3476 3462/1820/3462 3726/1888/3726
f 2606/1912/2606 3728/1911/3728 3737/8198/3737 2611/5116/2611
f 2611/5116/2611 3737/8198/3737 3733/6027/3733 2615/8199/2615
f 2615/8199/2615 3733/6027/3733 3727/1934/3727 2607/1858/2607
f 3482/1857/3482 3727/1934/3727 3734/8200/3734 3487/5838/3487
f 3487/5838/3487 3734/8200/3734 3730/6022/3730 3491/8201/3491
f 3491/8201/3491 3730/6022/3730 3726/1888/3726 3483/1821/3483
f 3728/1870/3728 2589/1869/2589 2601/8202/2601 3736/6030/3736
f 3736/6030/3736 2601/8202/2601 2597/5109/2597 3740/8203/3740
f 3740/8203/3740 2597/5109/2597 2588/1851/2588 3729/1850/3729
f 3745/1699/3745 3439/1698/3439 3456/8204/3456 3755/6045/3755
f 3755/6045/3755 3456/8204/3456 3452/5815/3452 3747/8205/3747
f 3747/8205/3747 3452/5815/3452 3438/1748/3438 3742/1827/3742
f 2586/1837/2586 3744/1836/3744 3753/8206/3753 2591/5101/2591
f 2591/5101/2591 3753/8206/3753 3749/6039/3749 2595/8207/2595
f 2595/8207/2595 3749/6039/3749 3743/1865/3743 2587/1864/2587
f 3458/1802/3458 3743/1876/3743 3750/8208/3750 3464/5819/3464
f 3464/5819/3464 3750/8208/3750 3746/6034/3746 3468/8209/3468
f 3468/8209/3468 3746/6034/3746 3742/1814/3742 3459/1749/3459
f 3744/1780/3744 2569/1779/2569 2581/8210/2581 3752/6042/3752
f 3752/6042/3752 2581/8210/2581 2577/5094/2577 3756/8211/3756
f 3756/8211/3756 2577/5094/2577 2568/1762/2568 3745/1699/3745
f 3761/1623/3761 3415/1622/3415 3432/8212/3432 3771/6057/3771
f 3771/6057/3771 3432/8212/3432 3428/5796/3428 3763/8213/3763
f 3763/8213/3763 3428/5796/3428 3414/1756/3414 3758/1755/3758
f 2566/1768/2566 3760/1767/3760 3769/8214/3769 2571/5086/2571
f 2571/5086/2571 3769/8214/3769 3765/6051/3765 2575/8215/2575
f 2575/8215/2575 3765/6051/3765 3759/1786/3759 2567/1712/2567
f 3760/1723/3760 2549/1722/2549 2561/8216/2561 3768/6054/3768
f 3768/6054/3768 2561/8216/2561 2557/5079/2557 3772/8217/3772
f 3772/8217/3772 2557/5079/2557 2548/1705/2548 3761/1623/3761
f 3434/1787/3434 3759/1786/3759 3766/8218/3766 3440/5800/3440
f 3440/5800/3440 3766/8218/3766 3762/6046/3762 3444/8219/3444
f 3444/8219/3444 3762/6046/3762 3758/1742/3758 3435/1642/3435
f 3777/1536/3777 3391/1535/3391 3408/8220/3408 3787/6069/3787
f 3787/6069/3787 3408/8220/3408 3404/5777/3404 3779/8221/3779
f 3779/8221/3779 3404/5777/3404 3390/1575/3390 3774/1648/3774
f 2546/1692/2546 3776/1691/3776 3785/8222/3785 2551/5071/2551
f 2551/5071/2551 3785/8222/3785 3781/6063/3781 2555/8223/2555
f 2555/8223/2555 3781/6063/3781 3775/1718/3775 2547/1676/2547
f 3410/1730/3410 3775/1729/3775 3782/8224/3782 3416/5781/3416
f 3416/5781/3416 3782/8224/3782 3778/6058/3778 3420/8225/3420
f 3420/8225/3420 3778/6058/3778 3774/1635/3774 3411/1634/3411
f 3776/1653/3776 2529/1652/2529 2541/8226/2541 3784/6066/3784
f 3784/6066/3784 2541/8226/2541 2537/5064/2537 3788/8227/3788
f 3788/8227/3788 2537/5064/2537 2528/1616/2528 3777/1615/3777
f 3793/1562/3793 3387/1561/3387 3396/8228/3396 3803/6081/3803
f 3803/6081/3803 3396/8228/3396 3392/5761/3392 3795/8229/3795
f 3795/8229/3795 3392/5761/3392 3386/1660/3386 3790/1659/3790
f 2504/1549/2504 3792/1548/3792 3801/8230/3801 2514/5045/2514
f 2514/5045/2514 3801/8230/3801 3797/6075/3797 2518/8231/2518
f 2518/8231/2518 3797/6075/3797 3791/1581/3791 2505/1580/2505
f 3792/1473/3792 3367/1472/3367 3384/8232/3384 3800/6078/3800
f 3800/6078/3800 3384/8232/3384 3380/5757/3380 3804/8233/3804
f 3804/8233/3804 3380/5757/3380 3366/1569/3366 3793/1568/3793
f 2526/1628/2526 3791/1581/3791 3798/8234/3798 2531/5056/2531
f 2531/5056/2531 3798/8234/3798 3794/6070/3794 2535/8235/2535
f 2535/8235/2535 3794/6070/3794 3790/1659/3790 2527/1682/2527
f 3809/1334/3809 3343/1333/3343 3360/8236/3360 3819/6093/3819
f 3819/6093/3819 3360/8236/3360 3356/5737/3356 3811/8237/3811
f 3811/8237/3811 3356/5737/3356 3342/1516/3342 3806/1515/3806
f 2502/1522/2502 3808/1521/3808 3817/8238/3817 2508/5037/2508
f 2508/5037/2508 3817/8238/3817 3813/6087/3813 2512/8239/2512
f 2512/8239/2512 3813/6087/3813 3807/1591/3807 2503/1602/2503
f 3806/1502/3806 3363/1501/3363 3372/8240/3372 3810/6082/3810
f 3810/6082/3810 3372/8240/3372 3368/5741/3368 3814/8241/3814
f 3814/8241/3814 3368/5741/3368 3362/1528/3362 3807/1591/3807
f 2480/1466/2480 3809/1334/3809 3820/8242/3820 2490/5026/2490
f 2490/5026/2490 3820/8242/3820 3816/6090/3816 2494/8243/2494
f 2494/8243/2494 3816/6090/3816 3808/1484/3808 2481/1483/2481
f 3825/1448/3825 3339/1358/3339 3348/8244/3348 3835/6105/3835
f 3835/6105/3835 3348/8244/3348 3344/5721/3344 3827/8245/3827
f 3827/8245/3827 3344/5721/3344 3338/1491/3338 3822/1490/3822
f 2436/1414/2436 3824/1282/3824 3833/8246/3833 2446/4992/2446
f 2446/4992/2446 3833/8246/3833 3829/6099/3829 2450/8247/2450
f 2450/8247/2450 3829/6099/3829 3823/1432/3823 2437/1431/2437
f 2478/1479/2478 3823/1478/3823 3830/8248/3830 2484/5018/2484
f 2484/5018/2484 3830/8248/3830 3826/6094/3826 2488/8249/2488
f 2488/8249/2488 3826/6094/3826 3822/1555/3822 2479/1427/2479
f 3824/1282/3824 3298/1281/3298 3312/8250/3312 3832/6102/3832
f 3832/6102/3832 3312/8250/3312 3308/5697/3308 3836/8251/3836
f 3836/8251/3836 3308/5697/3308 3297/1357/3297 3825/1448/3825
f 3841/1363/3841 2462/1380/2462 2476/8252/2476 3851/6117/3851
f 3851/6117/3851 2476/8252/2476 2472/5014/2472 3843/8253/3843
f 3843/8253/3843 2472/5014/2472 2461/1327/2461 3838/1326/3838
f 3294/1442/3294 3840/1420/3840 3849/8254/3849 3299/5686/3299
f 3299/5686/3299 3849/8254/3849 3845/6111/3845 3303/8255/3303
f 3303/8255/3303 3845/6111/3845 3839/1345/3839 3295/1294/3295
f 2434/1364/2434 3841/1363/3841 3852/8256/3852 2440/4984/2440
f 2440/4984/2440 3852/8256/3852 3848/6114/3848 2444/8257/2444
f 2444/8257/2444 3848/6114/3848 3840/1420/3840 2435/1376/2435
f 3838/1326/3838 3319/1308/3319 3336/8258/3336 3842/6106/3842
f 3842/6106/3842 3336/8258/3336 3332/5717/3332 3846/8259/3846
f 3846/8259/3846 3332/5717/3332 3318/1293/3318 3839/1351/3839
f 3857/1287/3857 2765/1286/2765 2777/8260/2777 3867/6129/3867
f 3867/6129/3867 2777/8260/2777 2773/5247/2773 3859/8261/3859
f 3859/8261/3859 2773/5247/2773 2764/1208/2764 3854/1257/3854
f 3314/1391/3314 3856/1390/3856 3865/8262/3865 3320/5701/3320
f 3320/5701/3320 3865/8262/3865 3861/6123/3861 3324/8263/3324
f 3324/8263/3324 3861/6123/3861 3855/1268/3855 3315/1233/3315
f 3854/1171/3854 3630/1170/3630 3644/8264/3644 3858/6118/3858
f 3858/6118/3858 3644/8264/3644 3640/5958/3640 3862/8265/3862
f 3862/8265/3862 3640/5958/3640 3629/1275/3629 3855/1274/3855
f 2459/1339/2459 3857/1287/3857 3868/8266/3868 2466/5008/2466
f 2466/5008/2466 3868/8266/3868 3864/6126/3864 2470/8267/2470
f 2470/8267/2470 3864/6126/3864 3856/1390/3856 2460/1404/2460
f 3873/1202/3873 2741/1201/2741 2754/8268/2754 3883/6141/3883
f 3883/6141/3883 2754/8268/2754 2750/5228/2750 3875/8269/3875
f 3875/8269/3875 2750/5228/2750 2740/1197/2740 3870/1139/3870
f 3626/1301/3626 3872/1300/3872 3881/8270/3881 3631/5947/3631
f 3631/5947/3631 3881/8270/3881 3877/6135/3877 3635/8271/3635
f 3635/8271/3635 3877/6135/3877 3871/1220/3871 3627/1159/3627
f 3872/1300/3872 2763/1251/2763 2771/8272/2771 3880/6138/3880
f 3880/6138/3880 2771/8272/2771 2767/5239/2767 3884/8273/3884
f 3884/8273/3884 2767/5239/2767 2762/1262/2762 3873/1202/3873
f 3609/1226/3609 3871/1220/3871 3878/8274/3878 3620/5943/3620
f 3620/5943/3620 3878/8274/3878 3874/6130/3874 3624/8275/3624
f 3624/8275/3624 3874/6130/3874 3870/1139/3870 3610/1138/3610
f 3889/1096/3889 2717/1095/2717 2730/8276/2730 3899/6153/3899
f 3899/6153/3899 2730/8276/2730 2726/5209/2726 3891/8277/3891
f 3891/8277/3891 2726/5209/2726 2716/1116/2716 3886/1115/3886
f 3606/1177/3606 3888/1214/3888 3897/8278/3897 3611/5932/3611
f 3611/5932/3611 3897/8278/3897 3893/6147/3893 3615/8279/3615
f 3615/8279/3615 3893/6147/3893 3887/1145/3887 3607/1080/3607
f 3589/1152/3589 3887/1151/3887 3894/8280/3894 3600/5928/3600
f 3600/5928/3600 3894/8280/3894 3890/6142/3890 3604/8281/3604
f 3604/8281/3604 3890/6142/3890 3886/1103/3886 3590/1102/3590
f 3888/1214/3888 2739/1178/2739 2748/8282/2748 3896/6150/3896
f 3896/6150/3896 2748/8282/2748 2744/5220/2744 3900/8283/3900
f 3900/8283/3900 2744/5220/2744 2738/1164/2738 3889/1096/3889
f 3567/2086/3567 3549/992/3549 3561/8284/3561 3574/5907/3574
f 3574/5907/3574 3561/8284/3561 3557/5895/3557 3578/8285/3578
f 3578/8285/3578 3557/5895/3557 3548/2289/3548 3568/2286/3568
f 3904/988/3904 3151/987/3151 3158/8286/3158 3912/6163/3912
f 3912/6163/3912 3158/8286/3158 3154/5563/3154 3916/6165/3916
f 3916/6165/3916 3154/5563/3154 3150/586/3150 3905/585/3905
f 3137/974/3137 3903/973/3903 3910/8287/3910 3147/5561/3147
f 3147/5561/3147 3910/8287/3910 3906/6154/3906 3139/5551/3139
f 3139/5551/3139 3906/6154/3906 3902/87/3902 3134/86/3134
f 3920/1001/3920 3936/1000/3936 3945/8288/3945 3928/6177/3928
f 3928/6177/3928 3945/8288/3945 3941/6187/3941 3932/6179/3932
f 3932/6179/3932 3941/6187/3941 3935/658/3935 3921/657/3921
f 3937/1119/3937 3952/1118/3952 3961/8289/3961 3947/6194/3947
f 3947/6194/3947 3961/8289/3961 3957/6201/3957 3939/6184/3939
f 3939/6184/3939 3957/6201/3957 3951/707/3951 3934/706/3934
f 3918/91/3918 3950/90/3950 3955/6198/3955 3922/6168/3922
f 3922/6168/3922 3955/6198/3955 3963/6208/3963 3926/8290/3926
f 3926/8290/3926 3963/6208/3963 3953/1059/3953 3919/1058/3919
f 3966/654/3966 3977/653/3977 3988/6219/3988 3968/8030/3968
f 3968/8030/3968 3988/6219/3988 3984/6218/3984 3969/8031/3969
f 3969/8031/3969 3984/6218/3984 3976/994/3976 3967/993/3967
f 3974/55/3974 3970/54/3970 3972/8028/3972 3978/6209/3978
f 3978/6209/3978 3972/8028/3972 3973/8029/3973 3982/8291/3982
f 3982/8291/3982 3973/8029/3973 3971/1036/3971 3975/1035/3975
f 3991/510/3991 4009/509/4009 4020/6245/4020 3997/6227/3997
f 3997/6227/3997 4020/6245/4020 4016/6244/4016 4001/8292/4001
f 4001/8292/4001 4016/6244/4016 4008/2112/4008 3992/2111/3992
f 4023/95/4023 3990/94/3990 3995/6224/3995 4029/6253/4029
f 4029/6253/4029 3995/6224/3995 4003/6234/4003 4033/8293/4033
f 4033/8293/4033 4003/6234/4003 3993/2039/3993 4024/2038/4024
f 4025/1015/4025 4007/1014/4007 4014/8294/4014 4035/6260/4035
f 4035/6260/4035 4014/8294/4014 4010/6235/4010 4027/6250/4027
f 4027/6250/4027 4010/6235/4010 4006/603/4006 4022/602/4022
f 4039/722/4039 4057/721/4057 4068/6285/4068 4045/6267/4045
f 4045/6267/4045 4068/6285/4068 4064/6284/4064 4049/8295/4049
f 4049/8295/4049 4064/6284/4064 4056/1106/4056 4040/1105/4040
f 4071/247/4071 4038/246/4038 4043/6264/4043 4077/6293/4077
f 4077/6293/4077 4043/6264/4043 4051/6274/4051 4081/8296/4081
f 4081/8296/4081 4051/6274/4051 4041/2121/4041 4072/2120/4072
f 4073/1022/4073 4055/1021/4055 4062/8297/4062 4083/6300/4083
f 4083/6300/4083 4062/8297/4062 4058/6275/4058 4075/6290/4075
f 4075/6290/4075 4058/6275/4058 4054/75/4054 4070/74/4070
f 3587/985/3587 3569/984/3569 3581/8298/3581 3594/5922/3594
f 3594/5922/3594 3581/8298/3581 3577/5910/3577 3598/8299/3598
f 3598/8299/3598 3577/5910/3577 3568/2286/3568 3588/2283/3588
f 4088/1083/4088 3183/1082/3183 3190/8300/3190 4096/6311/4096
f 4096/6311/4096 3190/8300/3190 3186/5590/3186 4100/6312/4100
f 4100/6312/4100 3186/5590/3186 3182/464/3182 4089/463/4089
f 3169/1070/3169 4087/1069/4087 4094/8301/4094 3179/5588/3179
f 3179/5588/3179 4094/8301/4094 4090/6302/4090 3171/5578/3171
f 3171/5578/3171 4090/6302/4090 4086/79/4086 3166/78/3166
f 4104/1187/4104 4120/1186/4120 4129/8302/4129 4112/6324/4112
f 4112/6324/4112 4129/8302/4129 4125/6334/4125 4116/6326/4116
f 4116/6326/4116 4125/6334/4125 4119/768/4119 4105/767/4105
f 4121/1125/4121 4136/1124/4136 4145/8303/4145 4131/6341/4131
f 4131/6341/4131 4145/8303/4145 4141/6348/4141 4123/6331/4123
f 4123/6331/4123 4141/6348/4141 4135/780/4135 4118/779/4118
f 4102/59/4102 4134/58/4134 4139/6345/4139 4106/6315/4106
f 4106/6315/4106 4139/6345/4139 4147/6355/4147 4110/8304/4110
f 4110/8304/4110 4147/6355/4147 4137/1008/4137 4103/1007/4103
f 4150/638/4150 4161/637/4161 4172/6367/4172 4152/8006/4152
f 4152/8006/4152 4172/6367/4172 4168/6365/4168 4153/8007/4153
f 4153/8007/4153 4168/6365/4168 4160/1088/4160 4151/1087/4151
f 4158/83/4158 4154/82/4154 4156/8004/4156 4162/6356/4162
f 4162/6356/4162 4156/8004/4156 4157/8005/4157 4166/8305/4166
f 4166/8305/4166 4157/8005/4157 4155/1054/4155 4159/1053/4159
f 4175/472/4175 4193/471/4193 4204/6393/4204 4181/6375/4181
f 4181/6375/4181 4204/6393/4204 4200/6392/4200 4185/8306/4185
f 4185/8306/4185 4200/6392/4200 4192/1181/4192 4176/1180/4176
f 4208/1112/4208 4191/1111/4191 4198/8307/4198 4216/6405/4216
f 4216/6405/4216 4198/8307/4198 4194/6383/4194 4220/6407/4220
f 4220/6407/4220 4194/6383/4194 4190/271/4190 4209/270/4209
f 4177/1099/4177 4207/1098/4207 4214/8308/4214 4187/6382/4187
f 4187/6382/4187 4214/8308/4214 4210/6396/4210 4179/6372/4179
f 4179/6372/4179 4210/6396/4210 4206/259/4206 4174/258/4174
f 3607/1080/3607 3589/1079/3589 3601/8309/3601 3614/5937/3614
f 3614/5937/3614 3601/8309/3601 3597/5925/3597 3618/8310/3618
f 3618/8310/3618 3597/5925/3597 3588/2283/3588 3608/2282/3608
f 3201/1142/3201 4224/1141/4224 4233/8311/4233 3211/5615/3211
f 3211/5615/3211 4233/8311/4233 4229/6415/4229 3203/5605/3203
f 3203/5605/3203 4229/6415/4229 4223/309/4223 3198/308/3198
f 3214/255/3214 4222/254/4222 4227/6412/4227 3218/5617/3218
f 3218/5617/3218 4227/6412/4227 4235/6422/4235 3222/8312/3222
f 3222/8312/3222 4235/6422/4235 4225/1148/4225 3215/1147/3215
f 4240/1174/4240 4256/1173/4256 4265/8313/4265 4248/6432/4248
f 4248/6432/4248 4265/8313/4265 4261/6442/4261 4252/6434/4252
f 4252/6434/4252 4261/6442/4261 4255/503/4255 4241/502/4241
f 4238/63/4238 4273/62/4273 4284/6461/4284 4242/6423/4242
f 4242/6423/4242 4284/6461/4284 4280/6460/4280 4246/8314/4246
f 4246/8314/4246 4280/6460/4280 4272/1211/4272 4239/1210/4239
f 4270/514/4270 4254/513/4254 4259/6439/4259 4274/6451/4274
f 4274/6451/4274 4259/6439/4259 4267/6449/4267 4278/8315/4278
f 4278/8315/4278 4267/6449/4267 4257/1242/4257 4271/1241/4271
f 4295/263/4295 4290/262/4290 4292/7992/4292 4301/6469/4301
f 4301/6469/4301 4292/7992/4292 4293/7993/4293 4305/8316/4305
f 4305/8316/4305 4293/7993/4293 4291/1094/4291 4296/1093/4296
f 4297/1161/4297 4287/1160/4287 4289/7995/4289 4307/6476/4307
f 4307/6476/4307 4289/7995/4289 4288/7994/4288 4299/6466/4299
f 4299/6466/4299 4288/7994/4288 4286/630/4286 4294/629/4294
f 4311/301/4311 4329/300/4329 4340/6502/4340 4317/6483/4317
f 4317/6483/4317 4340/6502/4340 4336/6501/4336 4321/8317/4321
f 4321/8317/4321 4336/6501/4336 4328/1236/4328 4312/1235/4312
f 4344/1194/4344 4327/1193/4327 4334/8318/4334 4352/6514/4352
f 4352/6514/4352 4334/8318/4334 4330/6492/4330 4356/6516/4356
f 4356/6516/4356 4330/6492/4330 4326/927/4326 4345/926/4345
f 4313/1135/4313 4343/1134/4343 4350/8319/4350 4323/6490/4323
f 4323/6490/4323 4350/8319/4350 4346/6505/4346 4315/6480/4315
f 4315/6480/4315 4346/6505/4346 4342/251/4342 4310/250/4310
f 3627/1159/3627 3609/1158/3609 3621/8320/3621 3634/5952/3634
f 3634/5952/3634 3621/8320/3621 3617/5940/3617 3638/8321/3638
f 3638/8321/3638 3617/5940/3617 3608/837/3608 3628/840/3628
f 3233/1217/3233 4360/1216/4360 4369/8322/4369 3243/5642/3243
f 3243/5642/3243 4369/8322/4369 4365/6524/4365 3235/5632/3235
f 3235/5632/3235 4365/6524/4365 4359/2149/4359 3230/2148/3230
f 3246/2175/3246 4358/2174/4358 4363/6521/4363 3250/5644/3250
f 3250/5644/3250 4363/6521/4363 4371/6531/4371 3254/8323/3254
f 3254/8323/3254 4371/6531/4371 4361/1223/4361 3247/1222/3247
f 4383/802/4383 4378/801/4378 4380/7980/4380 4389/6537/4389
f 4389/6537/4389 4380/7980/4380 4381/7981/4381 4393/8324/4393
f 4393/8324/4393 4381/7981/4381 4379/1200/4379 4384/1199/4384
f 4385/1259/4385 4375/1258/4375 4377/7983/4377 4395/6544/4395
f 4395/6544/4395 4377/7983/4377 4376/7982/4376 4387/6534/4387
f 4387/6534/4387 4376/7982/4376 4374/342/4374 4382/341/4382
f 4400/1247/4400 4416/1246/4416 4425/8325/4425 4408/6555/4408
f 4408/6555/4408 4425/8325/4425 4421/6565/4421 4412/6557/4412
f 4412/6557/4412 4421/6565/4421 4415/2200/4415 4401/2199/4401
f 4398/353/4398 4433/352/4433 4444/6583/4444 4402/6546/4402
f 4402/6546/4402 4444/6583/4444 4440/6582/4440 4406/8326/4406
f 4406/8326/4406 4440/6582/4440 4432/1297/4432 4399/1296/4399
f 4430/619/4430 4414/618/4414 4419/6562/4419 4434/6573/4434
f 4434/6573/4434 4419/6562/4419 4427/6572/4427 4438/8327/4438
f 4438/8327/4438 4427/6572/4427 4417/1311/4417 4431/1310/4431
f 3315/1233/3315 3629/1232/3629 3641/8328/3641 3323/5706/3323
f 3323/5706/3323 3641/8328/3641 3637/5955/3637 3327/8329/3327
f 3327/8329/3327 3637/5955/3637 3628/963/3628 3316/966/3316
f 3265/1265/3265 4448/1264/4448 4457/8330/4457 3275/5670/3275
f 3275/5670/3275 4457/8330/4457 4453/6591/4453 3267/5660/3267
f 3267/5660/3267 4453/6591/4453 4447/673/4447 3262/672/3262
f 4449/1271/4449 3279/1270/3279 3286/8331/3286 4459/6598/4459
f 4459/6598/4459 3286/8331/3286 3282/5672/3282 4451/6588/4451
f 4451/6588/4451 3282/5672/3282 3278/231/3278 4446/230/4446
f 4463/788/4463 4481/787/4481 4492/6623/4492 4469/6604/4469
f 4469/6604/4469 4492/6623/4492 4488/6622/4488 4473/8332/4473
f 4473/8332/4473 4488/6622/4488 4480/1205/4480 4464/1204/4464
f 4496/1254/4496 4479/1253/4479 4486/8333/4486 4504/6635/4504
f 4504/6635/4504 4486/8333/4486 4482/6613/4482 4508/6637/4508
f 4508/6637/4508 4482/6613/4482 4478/235/4478 4497/234/4497
f 4494/881/4494 4462/880/4462 4467/6601/4467 4498/6626/4498
f 4498/6626/4498 4467/6601/4467 4475/6611/4475 4502/8334/4502
f 4502/8334/4502 4475/6611/4475 4465/1167/4465 4495/1166/4495
f 4519/611/4519 4514/610/4514 4516/8036/4516 4525/6645/4525
f 4525/6645/4525 4516/8036/4516 4517/8037/4517 4529/8335/4529
f 4529/8335/4529 4517/8037/4517 4515/1285/4515 4520/1284/4520
f 4510/71/4510 4518/70/4518 4523/6642/4523 4512/8038/4512
f 4512/8038/4512 4523/6642/4523 4531/6652/4531 4513/8039/4513
f 4513/8039/4513 4531/6652/4531 4521/1336/4521 4511/1335/4511
f 4535/6659/4535 4553/6681/4553 4564/6679/4564 4541/6660/4541
f 4541/6660/4541 4564/6679/4564 4560/6677/4560 4545/8336/4545
f 4545/8336/4545 4560/6677/4560 4552/1316/4552 4536/1315/4536
f 4550/239/4550 4569/238/4569 4580/6693/4580 4554/6668/4554
f 4554/6668/4554 4580/6693/4580 4576/6692/4576 4558/8337/4558
f 4558/8337/4558 4576/6692/4576 4568/1387/4568 4551/1386/4551
f 4537/1401/4537 4567/1400/4567 4574/8338/4574 4547/6667/4547
f 4547/6667/4547 4574/8338/4574 4570/6683/4570 4539/6656/4539
f 4539/6656/4539 4570/6683/4570 4566/806/4566 4534/805/4534
f 3295/1294/3295 3318/1293/3318 3333/8339/3333 3302/5691/3302
f 3302/5691/3302 3333/8339/3333 3329/5713/3329 3306/8340/3306
f 3306/8340/3306 3329/5713/3329 3317/2275/3317 3296/2272/3296
f 2785/1342/2785 4584/1341/4584 4593/8341/4593 2795/5266/2795
f 2795/5266/2795 4593/8341/4593 4589/6701/4589 2787/5256/2787
f 2787/5256/2787 4589/6701/4589 4583/490/4583 2782/489/2782
f 4585/1348/4585 2799/1347/2799 2806/8342/2806 4595/6708/4595
f 4595/6708/4595 2806/8342/2806 2802/5268/2802 4587/6698/4587
f 4587/6698/4587 2802/5268/2802 2798/219/2798 4582/218/4582
f 4600/1372/4600 4616/1371/4616 4625/8343/4625 4608/6718/4608
f 4608/6718/4608 4625/8343/4625 4621/6728/4621 4612/6720/4612
f 4612/6720/4612 4621/6728/4621 4615/742/4615 4601/741/4601
f 4598/223/4598 4633/222/4633 4644/6747/4644 4602/6709/4602
f 4602/6709/4602 4644/6747/4644 4640/6745/4640 4606/8344/4606
f 4606/8344/4606 4640/6745/4640 4632/1439/4632 4599/1438/4599
f 4617/1417/4617 4631/1416/4631 4638/8345/4638 4627/6735/4627
f 4627/6735/4627 4638/8345/4638 4634/6736/4634 4619/6725/4619
f 4619/6725/4619 4634/6736/4634 4630/67/4630 4614/66/4614
f 4648/1304/4648 4664/1303/4664 4673/8346/4673 4656/6759/4656
f 4656/6759/4656 4673/8346/4673 4669/6768/4669 4660/6760/4660
f 4660/6760/4660 4669/6768/4669 4663/776/4663 4649/775/4649
f 4680/1323/4680 4647/1322/4647 4654/8347/4654 4688/6786/4688
f 4688/6786/4688 4654/8347/4654 4650/6750/4650 4692/6788/4692
f 4692/6788/4692 4650/6750/4650 4646/227/4646 4681/226/4681
f 4678/573/4678 4662/572/4662 4667/6765/4667 4682/6777/4682
f 4682/6777/4682 4667/6765/4667 4675/6775/4675 4686/8348/4686
f 4686/8348/4686 4675/6775/4675 4665/1367/4665 4679/1366/4679
f 4703/439/4703 4698/438/4698 4700/8016/4700 4709/6796/4709
f 4709/6796/4709 4700/8016/4700 4701/8017/4701 4713/8349/4713
f 4713/8349/4713 4701/8017/4701 4699/1379/4699 4704/1378/4704
f 4694/11/4694 4702/10/4702 4707/6793/4707 4696/8018/4696
f 4696/8018/4696 4707/6793/4707 4715/6803/4715 4697/8019/4697
f 4697/8019/4697 4715/6803/4715 4705/1360/4705 4695/1359/4695
f 4723/1430/4723 4728/1429/4728 4737/8350/4737 4725/8013/4725
f 4725/8013/4725 4737/8350/4737 4733/6810/4733 4724/8012/4724
f 4724/8012/4724 4733/6810/4733 4727/320/4727 4722/319/4722
f 4718/15/4718 4726/14/4726 4731/6807/4731 4720/8014/4720
f 4720/8014/4720 4731/6807/4731 4739/6817/4739 4721/8015/4721
f 4721/8015/4721 4739/6817/4739 4729/1475/4729 4719/1474/4719
f 4743/525/4743 4761/524/4761 4772/6843/4772 4749/6824/4749
f 4749/6824/4749 4772/6843/4772 4768/6842/4768 4753/8351/4753
f 4753/8351/4753 4768/6842/4768 4760/1394/4760 4744/1393/4744
f 4758/364/4758 4777/363/4777 4788/6856/4788 4762/6833/4762
f 4762/6833/4762 4788/6856/4788 4784/6855/4784 4766/8352/4766
f 4766/8352/4766 4784/6855/4784 4776/1411/4776 4759/1410/4759
f 4774/215/4774 4742/214/4742 4747/6821/4747 4778/6846/4778
f 4778/6846/4778 4747/6821/4747 4755/6831/4755 4782/8353/4782
f 4782/8353/4782 4755/6831/4755 4745/1278/4745 4775/1277/4775
f 3339/1358/3339 3297/1357/3297 3309/8354/3309 3347/5726/3347
f 3347/5726/3347 3309/8354/3309 3305/5694/3305 3351/8355/3351
f 3351/8355/3351 3305/5694/3305 3296/2272/3296 3340/2271/3340
f 4791/934/4791 2814/933/2814 2819/5284/2819 4797/6864/4797
f 4797/6864/4797 2819/5284/2819 2827/5294/2827 4801/8356/4801
f 4801/8356/4801 2827/5294/2827 2817/1445/2817 4792/1444/4792
f 4793/1451/4793 2831/1450/2831 2838/8357/2838 4803/6871/4803
f 4803/6871/4803 2838/8357/2838 2834/5296/2834 4795/6861/4795
f 4795/6861/4795 2834/5296/2834 2830/207/2830 4790/206/4790
f 4808/1423/4808 4824/1422/4824 4833/8358/4833 4816/6881/4816
f 4816/6881/4816 4833/8358/4833 4829/6891/4829 4820/6883/4820
f 4820/6883/4820 4829/6891/4829 4823/615/4823 4809/614/4809
f 4840/1487/4840 4807/1486/4807 4814/8359/4814 4848/6908/4848
f 4848/6908/4848 4814/8359/4814 4810/6872/4810 4852/6910/4852
f 4852/6910/4852 4810/6872/4810 4806/211/4806 4841/210/4841
f 4825/1552/4825 4839/1551/4839 4846/8360/4846 4835/6898/4835
f 4835/6898/4835 4846/8360/4846 4842/6899/4842 4827/6888/4827
f 4827/6888/4827 4842/6899/4842 4838/941/4838 4822/940/4822
f 4855/757/4855 4873/756/4873 4884/6938/4884 4861/6918/4861
f 4861/6918/4861 4884/6938/4884 4880/6936/4880 4865/8361/4865
f 4865/8361/4865 4880/6936/4880 4872/1539/4872 4856/1538/4856
f 4887/183/4887 4854/182/4854 4859/6915/4859 4893/6946/4893
f 4893/6946/4893 4859/6915/4859 4867/6925/4867 4897/8362/4897
f 4897/8362/4897 4867/6925/4867 4857/1330/4857 4888/1329/4888
f 4870/203/4870 4886/202/4886 4891/6943/4891 4874/6927/4874
f 4874/6927/4874 4891/6943/4891 4899/6953/4899 4878/8363/4878
f 4878/8363/4878 4899/6953/4899 4889/1463/4889 4871/1462/4871
f 3363/1460/3363 3342/1459/3342 3357/8364/3357 3371/5746/3371
f 3371/5746/3371 3357/8364/3357 3353/5733/3353 3375/8365/3375
f 3375/8365/3375 3353/5733/3353 3341/2266/3341 3364/2265/3364
f 4904/1512/4904 2863/1511/2863 2870/8366/2870 4912/6963/4912
f 4912/6963/4912 2870/8366/2870 2866/5323/2866 4916/6964/4916
f 4916/6964/4916 2866/5323/2866 2862/19/2862 4905/18/4905
f 4902/195/4902 2846/194/2846 2851/5312/2851 4906/6954/4906
f 4906/6954/4906 2851/5312/2851 2859/5322/2859 4910/8367/4910
f 4910/8367/4910 2859/5322/2859 2849/1498/2849 4903/1497/4903
f 4920/1525/4920 4936/1524/4936 4945/8368/4945 4928/6976/4928
f 4928/6976/4928 4945/8368/4945 4941/6985/4941 4932/6977/4932
f 4932/6977/4932 4941/6985/4941 4935/2139/4935 4921/2138/4921
f 4937/1599/4937 4952/1598/4952 4961/8369/4961 4947/6992/4947
f 4947/6992/4947 4961/8369/4961 4957/6998/4957 4939/6982/4939
f 4939/6982/4939 4957/6998/4957 4951/483/4951 4934/482/4934
f 4953/1588/4953 4919/1587/4919 4926/8370/4926 4963/7005/4963
f 4963/7005/4963 4926/8370/4926 4922/6967/4922 4955/6995/4955
f 4955/6995/4955 4922/6967/4922 4918/371/4918 4950/370/4950
f 4966/746/4966 4977/745/4977 4988/7018/4988 4968/7986/4968
f 4968/7986/4968 4988/7018/4988 4984/7016/4984 4969/7987/4969
f 4969/7987/4969 4984/7016/4984 4976/1518/4976 4967/1517/4967
f 4971/1482/4971 4975/1481/4975 4982/8371/4982 4973/7985/4973
f 4973/7985/4973 4982/8371/4982 4978/7007/4978 4972/7984/4972
f 4972/7984/4972 4978/7007/4978 4974/330/4974 4970/329/4970
f 3387/1509/3387 3366/1508/3366 3381/8372/3381 3395/5766/3395
f 3395/5766/3395 3381/8372/3381 3377/5753/3377 3399/8373/3399
f 3399/8373/3399 3377/5753/3377 3365/2257/3365 3388/2263/3388
f 4991/2193/4991 2878/2192/2878 2883/5339/2883 4997/7026/4997
f 4997/7026/4997 2883/5339/2883 2891/5349/2891 5001/8374/5001
f 5001/8374/5001 2891/5349/2891 2881/1558/2881 4992/1557/4992
f 4993/1565/4993 2895/1564/2895 2902/8375/2902 5003/7033/5003
f 5003/7033/5003 2902/8375/2902 2898/5350/2898 4995/7023/4995
f 4995/7023/4995 2898/5350/2898 2894/753/2894 4990/752/4990
f 5007/2221/5007 5025/2220/5025 5036/7059/5036 5013/7039/5013
f 5013/7039/5013 5036/7059/5036 5032/7057/5032 5017/8376/5017
f 5017/8376/5017 5032/7057/5032 5024/1594/5024 5008/1593/5008
f 5022/187/5022 5041/186/5041 5052/7072/5052 5026/7048/5026
f 5026/7048/5026 5052/7072/5052 5048/7071/5048 5030/8377/5030
f 5030/8377/5030 5048/7071/5048 5040/1545/5040 5023/1544/5023
f 5038/2164/5038 5006/2163/5006 5011/7036/5011 5042/7062/5042
f 5042/7062/5042 5011/7036/5011 5019/7046/5019 5046/8378/5046
f 5046/8378/5046 5019/7046/5019 5009/1469/5009 5039/1468/5039
f 5059/1579/5059 5064/1578/5064 5073/8379/5073 5061/8041/5061
f 5061/8041/5061 5073/8379/5073 5069/7080/5069 5060/8040/5060
f 5060/8040/5060 5069/7080/5069 5063/738/5063 5058/737/5058
f 5054/23/5054 5062/22/5062 5067/7077/5067 5056/8042/5056
f 5056/8042/5056 5067/7077/5067 5075/7087/5075 5057/8043/5057
f 5057/8043/5057 5075/7087/5075 5065/1625/5065 5055/1624/5055
f 5080/1605/5080 5096/1604/5096 5105/8380/5105 5088/7098/5088
f 5088/7098/5088 5105/8380/5105 5101/7107/5101 5092/7099/5092
f 5092/7099/5092 5101/7107/5101 5095/199/5095 5081/198/5081
f 5112/1656/5112 5079/1655/5079 5086/8381/5086 5120/7124/5120
f 5120/7124/5120 5086/8381/5086 5082/7089/5082 5124/7126/5124
f 5124/7126/5124 5082/7089/5082 5078/191/5078 5113/190/5113
f 5097/1679/5097 5111/1678/5111 5118/8382/5118 5107/7114/5107
f 5107/7114/5107 5118/8382/5118 5114/7115/5114 5099/7104/5099
f 5099/7104/5099 5114/7115/5114 5110/900/5110 5094/899/5094
f 3411/1576/3411 3390/1575/3390 3405/8383/3405 3419/5786/3419
f 3419/5786/3419 3405/8383/3405 3401/5773/3401 3423/8384/3423
f 3423/8384/3423 3401/5773/3401 3389/2252/3389 3412/2251/3412
f 5128/1645/5128 2927/1644/2927 2934/8385/2934 5136/7138/5136
f 5136/7138/5136 2934/8385/2934 2930/5377/2930 5140/7140/5140
f 5140/7140/5140 2930/5377/2930 2926/540/2926 5129/539/5129
f 2913/1631/2913 5127/1630/5127 5134/8386/5134 2923/5376/2923
f 2923/5376/2923 5134/8386/5134 5130/7129/5130 2915/5366/2915
f 2915/5366/2915 5130/7129/5130 5126/171/5126 2910/170/2910
f 5143/915/5143 5161/914/5161 5172/7168/5172 5149/7148/5149
f 5149/7148/5149 5172/7168/5172 5168/7166/5168 5153/8387/5153
f 5153/8387/5153 5168/7166/5168 5160/1667/5160 5144/1666/5144
f 5175/691/5175 5142/690/5142 5147/7145/5147 5181/7176/5181
f 5181/7176/5181 5147/7145/5147 5155/7155/5155 5185/8388/5185
f 5185/8388/5185 5155/7155/5155 5145/1532/5145 5176/1531/5176
f 5177/1612/5177 5159/1611/5159 5166/8389/5166 5187/7183/5187
f 5187/7183/5187 5166/8389/5166 5162/7157/5162 5179/7173/5179
f 5179/7173/5179 5162/7157/5162 5158/179/5158 5174/178/5174
f 5190/27/5190 5201/26/5201 5212/7194/5212 5192/8026/5192
f 5192/8026/5192 5212/7194/5212 5208/7193/5208 5193/8027/5193
f 5193/8027/5193 5208/7193/5208 5200/1688/5200 5191/1687/5191
f 5198/729/5198 5194/728/5194 5196/8024/5196 5202/7184/5202
f 5202/7184/5202 5196/8024/5196 5197/8025/5197 5206/8390/5206
f 5206/8390/5206 5197/8025/5197 5195/1651/5195 5199/1650/5199
f 5216/1672/5216 5232/1671/5232 5241/8391/5241 5224/7206/5224
f 5224/7206/5224 5241/8391/5241 5237/7215/5237 5228/7207/5228
f 5228/7207/5228 5237/7215/5237 5231/836/5231 5217/835/5217
f 5233/1715/5233 5248/1714/5248 5257/8392/5257 5243/7222/5243
f 5243/7222/5243 5257/8392/5257 5253/7228/5253 5235/7212/5235
f 5235/7212/5235 5253/7228/5253 5247/626/5247 5230/625/5230
f 5214/175/5214 5246/174/5246 5251/7225/5251 5218/7197/5218
f 5218/7197/5218 5251/7225/5251 5259/7235/5259 5222/8393/5222
f 5222/8393/5222 5259/7235/5259 5249/1726/5249 5215/1725/5215
f 5262/31/5262 5273/30/5273 5284/7247/5284 5264/8022/5264
f 5264/8022/5264 5284/7247/5284 5280/7246/5280 5265/8023/5265
f 5265/8023/5265 5280/7246/5280 5272/1764/5272 5263/1763/5263
f 5270/378/5270 5266/377/5266 5268/8020/5268 5274/7237/5274
f 5274/7237/5274 5268/8020/5268 5269/8021/5269 5278/8394/5278
f 5278/8394/5278 5269/8021/5269 5267/1721/5267 5271/1720/5271
f 5287/904/5287 5305/903/5305 5316/7275/5316 5293/7255/5293
f 5293/7255/5293 5316/7275/5316 5312/7273/5312 5297/8395/5297
f 5297/8395/5297 5312/7273/5312 5304/1733/5304 5288/1732/5288
f 5319/163/5319 5286/162/5286 5291/7252/5291 5325/7283/5325
f 5325/7283/5325 5291/7252/5291 5299/7262/5299 5329/8396/5329
f 5329/8396/5329 5299/7262/5299 5289/1619/5289 5320/1618/5320
f 5321/1702/5321 5303/1701/5303 5310/8397/5310 5331/7290/5331
f 5331/7290/5331 5310/8397/5310 5306/7264/5306 5323/7280/5323
f 5323/7280/5323 5306/7264/5306 5302/414/5302 5318/413/5318
f 3435/1642/3435 3414/1641/3414 3429/8398/3429 3443/5805/3443
f 3443/5805/3443 3429/8398/3429 3425/5793/3425 3447/8399/3447
f 3447/8399/3447 3425/5793/3425 3413/2246/3413 3436/2245/3436
f 5336/1752/5336 2959/1751/2959 2966/8400/2966 5344/7300/5344
f 5344/7300/5344 2966/8400/2966 2962/5404/2962 5348/7302/5348
f 5348/7302/5348 2962/5404/2962 2958/896/2958 5337/895/5337
f 2945/1739/2945 5335/1738/5335 5342/8401/5342 2955/5403/2955
f 2955/5403/2955 5342/8401/5342 5338/7291/5338 2947/5393/2947
f 2947/5393/2947 5338/7291/5338 5334/159/5334 2942/158/2942
f 5352/1708/5352 5368/1707/5368 5377/8402/5377 5360/7314/5360
f 5360/7314/5360 5377/8402/5377 5373/7323/5373 5364/7315/5364
f 5364/7315/5364 5373/7323/5373 5367/580/5367 5353/579/5353
f 5369/1806/5369 5384/1805/5384 5393/8403/5393 5379/7330/5379
f 5379/7330/5379 5393/8403/5393 5389/7336/5389 5371/7320/5371
f 5371/7320/5371 5389/7336/5389 5383/499/5383 5366/498/5366
f 5350/167/5350 5382/166/5382 5387/7333/5387 5354/7305/5354
f 5354/7305/5354 5387/7333/5387 5395/7343/5395 5358/8404/5358
f 5358/8404/5358 5395/7343/5395 5385/1783/5385 5351/1782/5351
f 5399/718/5399 5417/717/5417 5428/7369/5428 5405/7350/5405
f 5405/7350/5405 5428/7369/5428 5424/7367/5424 5409/8405/5409
f 5409/8405/5409 5424/7367/5424 5416/1794/5416 5400/1793/5400
f 5431/2157/5431 5398/2156/5398 5403/7347/5403 5437/7377/5437
f 5437/7377/5437 5403/7347/5403 5411/7357/5411 5441/8406/5441
f 5441/8406/5441 5411/7357/5411 5401/1695/5401 5432/1694/5432
f 5433/1759/5433 5415/1758/5415 5422/8407/5422 5443/7384/5443
f 5443/7384/5443 5422/8407/5422 5418/7358/5418 5435/7374/5435
f 5435/7374/5435 5418/7358/5418 5414/155/5414 5430/154/5430
f 5446/35/5446 5457/34/5457 5468/7395/5468 5448/7998/5448
f 5448/7998/5448 5468/7395/5468 5464/7394/5464 5449/7999/5449
f 5449/7999/5449 5464/7394/5464 5456/1833/5456 5447/1832/5447
f 5454/389/5454 5450/388/5450 5452/7996/5452 5458/7385/5458
f 5458/7385/5458 5452/7996/5452 5453/7997/5453 5462/8408/5462
f 5462/8408/5462 5453/7997/5453 5451/1778/5451 5455/1777/5455
f 3459/1749/3459 3438/1748/3438 3453/8409/3453 3467/5824/3467
f 3467/5824/3467 3453/8409/3453 3449/5812/3449 3471/8410/3471
f 3471/8410/3471 3449/5812/3449 3437/2240/3437 3460/2239/3460
f 5472/1824/5472 2991/1823/2991 2998/8411/2998 5480/7407/5480
f 5480/7407/5480 2998/8411/2998 2994/5431/2994 5484/7409/5484
f 5484/7409/5484 2994/5431/2994 2990/885/2990 5473/884/5473
f 2977/1811/2977 5471/1810/5471 5478/8412/5478 2987/5430/2987
f 2987/5430/2987 5478/8412/5478 5474/7398/5474 2979/5420/2979
f 2979/5420/2979 5474/7398/5474 5470/147/5470 2974/146/2974
f 5488/1799/5488 5504/1798/5504 5513/8413/5513 5496/7421/5496
f 5496/7421/5496 5513/8413/5513 5509/7430/5509 5500/7422/5500
f 5500/7422/5500 5509/7430/5509 5503/2128/5503 5489/2127/5489
f 5505/1861/5505 5520/1860/5520 5529/8414/5529 5515/7437/5515
f 5515/7437/5515 5529/8414/5529 5525/7444/5525 5507/7427/5507
f 5507/7427/5507 5525/7444/5525 5519/334/5519 5502/333/5502
f 5486/410/5486 5518/409/5518 5523/7441/5523 5490/7412/5490
f 5490/7412/5490 5523/7441/5523 5531/7451/5531 5494/8415/5494
f 5494/8415/5494 5531/7451/5531 5521/1873/5521 5487/1872/5487
f 5534/338/5534 5545/337/5545 5556/7463/5556 5536/7990/5536
f 5536/7990/5536 5556/7463/5556 5552/7462/5552 5537/7991/5537
f 5537/7991/5537 5552/7462/5552 5544/1908/5544 5535/1907/5535
f 5542/851/5542 5538/850/5538 5540/7988/5540 5546/7453/5546
f 5546/7453/5546 5540/7988/5540 5541/7989/5541 5550/8416/5550
f 5550/8416/5550 5541/7989/5541 5539/1868/5539 5543/1867/5543
f 5559/2186/5559 5577/2185/5577 5588/7490/5588 5565/7471/5565
f 5565/7471/5565 5588/7490/5588 5584/7488/5584 5569/8417/5569
f 5569/8417/5569 5584/7488/5584 5576/1879/5576 5560/1878/5560
f 5591/703/5591 5558/702/5558 5563/7468/5563 5597/7498/5597
f 5597/7498/5597 5563/7468/5563 5571/7478/5571 5601/8418/5601
f 5601/8418/5601 5571/7478/5571 5561/1771/5561 5592/1770/5592
f 5593/1847/5593 5575/1846/5575 5582/8419/5582 5603/7505/5603
f 5603/7505/5603 5582/8419/5582 5578/7479/5578 5595/7495/5595
f 5595/7495/5595 5578/7479/5578 5574/919/5574 5590/918/5590
f 3483/1821/3483 3462/1820/3462 3477/8420/3477 3490/5843/3490
f 3490/5843/3490 3477/8420/3477 3473/5831/3473 3494/8421/3494
f 3494/8421/3494 3473/5831/3473 3461/2233/3461 3484/2237/3484
f 5608/1898/5608 3023/1897/3023 3030/8422/3030 5616/7515/5616
f 5616/7515/5616 3030/8422/3030 3026/5457/3026 5620/7517/5620
f 5620/7517/5620 3026/5457/3026 3022/2209/3022 5609/2208/5609
f 3009/1885/3009 5607/1884/5607 5614/8423/5614 3019/5456/3019
f 3019/5456/3019 5614/8423/5614 5610/7506/5610 3011/5446/3011
f 3011/5446/3011 5610/7506/5610 5606/877/5606 3006/876/3006
f 5624/1854/5624 5640/1853/5640 5649/8424/5649 5632/7529/5632
f 5632/7529/5632 5649/8424/5649 5645/7538/5645 5636/7530/5636
f 5636/7530/5636 5645/7538/5645 5639/151/5639 5625/150/5625
f 5641/1944/5641 5656/1943/5656 5665/8425/5665 5651/7545/5651
f 5651/7545/5651 5665/8425/5665 5661/7552/5661 5643/7535/5643
f 5643/7535/5643 5661/7552/5661 5655/143/5655 5638/142/5638
f 5622/139/5622 5654/138/5654 5659/7549/5659 5626/7520/5626
f 5626/7520/5626 5659/7549/5659 5667/7559/5667 5630/8426/5630
f 5630/8426/5630 5667/7559/5667 5657/1931/5657 5623/1930/5623
f 5671/695/5671 5689/694/5689 5700/7585/5700 5677/7566/5677
f 5677/7566/5677 5700/7585/5700 5696/7583/5696 5681/8427/5681
f 5681/8427/5681 5696/7583/5696 5688/1937/5688 5672/1936/5672
f 5686/593/5686 5705/592/5705 5716/7598/5716 5690/7574/5690
f 5690/7574/5690 5716/7598/5716 5712/7597/5712 5694/8428/5694
f 5694/8428/5694 5712/7597/5712 5704/1903/5704 5687/1902/5687
f 5702/131/5702 5670/130/5670 5675/7563/5675 5706/7588/5706
f 5706/7588/5706 5675/7563/5675 5683/7573/5683 5710/8429/5710
f 5710/8429/5710 5683/7573/5683 5673/1840/5673 5703/1839/5703
f 5723/1922/5723 5728/1921/5728 5737/8430/5737 5725/8033/5725
f 5725/8033/5725 5737/8430/5737 5733/7606/5733 5724/8032/5724
f 5724/8032/5724 5733/7606/5733 5727/873/5727 5722/872/5722
f 5718/43/5718 5726/42/5726 5731/7603/5731 5720/8034/5720
f 5720/8034/5720 5731/7603/5731 5739/7613/5739 5721/8035/5721
f 5721/8035/5721 5739/7613/5739 5729/1986/5729 5719/1985/5719
f 3503/1895/3503 3485/1894/3485 3497/8431/3497 3511/5858/3511
f 3511/5858/3511 3497/8431/3497 3493/5846/3493 3515/8432/3515
f 3515/8432/3515 3493/5846/3493 3484/2230/3484 3504/2229/3504
f 5743/865/5743 3038/864/3038 3043/5472/3043 5749/7619/5749
f 5749/7619/5749 3043/5472/3043 3051/5482/3051 5753/8433/5753
f 5753/8433/5753 3051/5482/3051 3041/1956/3041 5744/1955/5744
f 5745/1962/5745 3055/1961/3055 3062/8434/3062 5755/7626/5755
f 5755/7626/5755 3062/8434/3062 3058/5483/3058 5747/7616/5747
f 5747/7616/5747 3058/5483/3058 3054/123/3054 5742/122/5742
f 5760/1949/5760 5776/1948/5776 5785/8435/5785 5768/7637/5768
f 5768/7637/5768 5785/8435/5785 5781/7646/5781 5772/7638/5772
f 5772/7638/5772 5781/7646/5781 5775/911/5775 5761/910/5761
f 5792/2016/5792 5759/2015/5759 5766/8436/5766 5800/7664/5800
f 5800/7664/5800 5766/8436/5766 5762/7628/5762 5804/7665/5804
f 5804/7665/5804 5762/7628/5762 5758/127/5758 5793/126/5793
f 5777/2058/5777 5791/2057/5791 5798/8437/5798 5787/7653/5787
f 5787/7653/5787 5798/8437/5798 5794/7655/5794 5779/7643/5779
f 5779/7643/5779 5794/7655/5794 5790/784/5790 5774/783/5774
f 3527/1971/3527 3506/1970/3506 3521/8438/3521 3534/5877/3534
f 3534/5877/3534 3521/8438/3521 3517/5865/3517 3538/8439/3538
f 3538/8439/3538 3517/5865/3517 3505/2223/3505 3528/2222/3528
f 3086/425/3086 5809/424/5809 5820/7679/5820 3090/5509/3090
f 3090/5509/3090 5820/7679/5820 5816/7677/5816 3094/8440/3094
f 3094/8440/3094 5816/7677/5816 5808/2005/5808 3087/2004/3087
f 5806/111/5806 3070/110/3070 3075/5498/3075 5810/7668/5810
f 5810/7668/5810 3075/5498/3075 3083/5508/3083 5814/8441/5814
f 5814/8441/5814 3083/5508/3083 3073/1992/3073 5807/1991/5807
f 5823/687/5823 5841/686/5841 5852/7706/5852 5829/7687/5829
f 5829/7687/5829 5852/7706/5852 5848/7704/5848 5833/8442/5833
f 5833/8442/5833 5848/7704/5848 5840/2046/5840 5824/2045/5824
f 5825/1915/5825 5856/1914/5856 5865/8443/5865 5835/7694/5835
f 5835/7694/5835 5865/8443/5865 5861/7714/5861 5827/7684/5827
f 5827/7684/5827 5861/7714/5861 5855/555/5855 5822/554/5822
f 5838/115/5838 5854/114/5854 5859/7711/5859 5842/7695/5842
f 5842/7695/5842 5859/7711/5859 5867/7721/5867 5846/8444/5846
f 5846/8444/5846 5867/7721/5867 5857/1974/5857 5839/1973/5839
f 5872/2032/5872 5888/2031/5888 5897/8445/5897 5880/7732/5880
f 5880/7732/5880 5897/8445/5897 5893/7741/5893 5884/7733/5884
f 5884/7733/5884 5893/7741/5893 5887/662/5887 5873/661/5873
f 5903/772/5903 5886/771/5886 5891/7738/5891 5909/7755/5909
f 5909/7755/5909 5891/7738/5891 5899/7748/5899 5913/8446/5913
f 5913/8446/5913 5899/7748/5899 5889/2105/5889 5904/2104/5904
f 5905/2067/5905 5871/2066/5871 5878/8447/5878 5915/7762/5915
f 5915/7762/5915 5878/8447/5878 5874/7723/5874 5907/7752/5907
f 5907/7752/5907 5874/7723/5874 5870/119/5870 5902/118/5902
f 5928/2025/5928 5919/2024/5919 5921/8011/5921 5936/7772/5936
f 5936/7772/5936 5921/8011/5921 5920/8010/5920 5940/7773/5940
f 5940/7773/5940 5920/8010/5920 5918/468/5918 5929/467/5929
f 5923/2011/5923 5927/2010/5927 5934/8448/5934 5925/8009/5925
f 5925/8009/5925 5934/8448/5934 5930/7763/5930 5924/8008/5924
f 5924/8008/5924 5930/7763/5930 5926/47/5926 5922/46/5922
f 5943/476/5943 5961/475/5961 5972/7799/5972 5949/7781/5949
f 5949/7781/5949 5972/7799/5972 5968/7798/5968 5953/8449/5953
f 5953/8449/5953 5968/7798/5968 5960/2095/5960 5944/2094/5944
f 5945/1980/5945 5976/1979/5976 5985/8450/5985 5955/7788/5955
f 5955/7788/5955 5985/8450/5985 5981/7807/5981 5947/7778/5947
f 5947/7778/5947 5981/7807/5981 5975/844/5975 5942/843/5942
f 5977/2051/5977 5959/2050/5959 5966/8451/5966 5987/7814/5987
f 5987/7814/5987 5966/8451/5966 5962/7789/5962 5979/7804/5979
f 5979/7804/5979 5962/7789/5962 5958/107/5958 5974/106/5974
f 3547/2002/3547 3529/2001/3529 3541/8452/3541 3554/5892/3554
f 3554/5892/3554 3541/8452/3541 3537/5880/3537 3558/8453/3558
f 3558/8453/3558 3537/5880/3537 3528/2292/3528 3548/2289/3548
f 3118/349/3118 5993/348/5993 6004/7827/6004 3122/5536/3122
f 3122/5536/3122 6004/7827/6004 6000/7825/6000 3126/8454/3126
f 3126/8454/3126 6000/7825/6000 5992/2089/5992 3119/2088/3119
f 3105/2077/3105 5991/2076/5991 5998/8455/5998 3115/5534/3115
f 3115/5534/3115 5998/8455/5998 5994/7816/5994 3107/5524/3107
f 3107/5524/3107 5994/7816/5994 5990/99/5990 3102/98/3102
f 6016/1047/6016 6007/1046/6007 6009/8003/6009 6024/7839/6024
f 6024/7839/6024 6009/8003/6009 6008/8002/6008 6028/7840/6028
f 6028/7840/6028 6008/8002/6008 6006/51/6006 6017/50/6017
f 6014/855/6014 6010/854/6010 6012/8000/6012 6018/7830/6018
f 6018/7830/6018 6012/8000/6012 6013/8001/6013 6022/8456/6022
f 6022/8456/6022 6013/8001/6013 6011/2063/6011 6015/2062/6015
f 6032/2100/6032 6048/2099/6048 6057/8457/6057 6040/7852/6040
f 6040/7852/6040 6057/8457/6057 6053/7862/6053 6044/7854/6044
f 6044/7854/6044 6053/7862/6053 6047/357/6047 6033/356/6033
f 6063/666/6063 6046/665/6046 6051/7859/6051 6069/7876/6069
f 6069/7876/6069 6051/7859/6051 6059/7869/6059 6073/8458/6073
f 6073/8458/6073 6059/7869/6059 6049/1029/6049 6064/1028/6064
f 6030/103/6030 6062/102/6062 6067/7873/6067 6034/7843/6034
f 6034/7843/6034 6067/7873/6067 6075/7883/6075 6038/8459/6038
f 6038/8459/6038 6075/7883/6075 6065/1041/6065 6031/1040/6031
f 1106/3569/1106 2/2294/2 4553/6681/4553 4535/6659/4535
usemtl margen.001
f 1907/272/1907 88/273/88 1855/274/1855
f 895/275/895 556/276/556 920/277/920
f 1419/288/1419 1408/289/1408 1396/290/1396
f 1894/295/1894 1882/296/1882 1872/297/1872
f 907/314/907 884/315/884 823/316/823
f 2355/321/2355 700/322/700 2339/323/2339
f 507/324/507 1360/325/1360 1371/326/1371
f 280/343/280 1831/344/1831 1844/345/1844
f 363/358/363 872/359/872 172/360/172
f 688/365/688 2279/366/2279 2328/367/2328
f 1348/372/1348 28/373/28 1271/374/1271
f 459/379/459 1808/380/1808 1819/381/1819
f 848/394/848 836/395/836 859/396/859
f 2314/397/2314 2302/398/2302 2292/399/2292
f 1324/404/1324 1311/405/1311 1335/406/1335
f 1795/419/1795 76/420/76 1719/421/1719
f 784/426/784 567/427/567 807/428/807
f 411/429/411 2264/430/2264 2239/431/2239
f 1207/451/1207 1296/452/1296 1284/453/1284
f 1782/458/1782 1770/459/1770 1760/460/1760
f 712/477/712 795/478/795 771/479/771
f 2228/484/2228 2203/485/2203 2252/486/2252
f 220/491/220 1255/492/1255 519/493/519
f 1743/504/1743 1732/505/1732 1707/506/1707
f 352/519/352 760/520/760 159/521/159
f 2215/526/2215 124/527/124 315/528/315
f 1196/534/1196 1231/535/1231 1243/536/1243
f 268/549/268 1695/550/1695 472/551/472
f 736/556/736 723/557/723 747/558/747
f 2191/567/2191 2144/568/2144 2155/569/2155
f 1148/574/1148 1219/575/1219 1135/576/1135
f 1683/587/1683 64/588/64 1667/589/1667
f 628/594/628 388/595/388 651/596/651
f 2178/597/2178 2166/598/2166 424/599/424
f 1183/620/1183 15/621/15 196/622/196
f 256/643/256 1643/644/1643 1656/645/1656
f 676/667/676 663/668/663 136/669/136
f 2132/674/2132 112/675/112 2079/676/2079
f 1160/681/1160 532/682/532 1171/683/1171
f 1632/708/1632 1583/709/1583 1596/710/1596
f 2106/723/2106 2095/724/2095 2118/725/2118
f 615/730/615 328/731/328 639/732/639
f 1123/747/1123 3/748/3 1108/749/1108
f 1619/758/1619 1608/759/1608 483/760/483
f 592/789/592 147/790/147 340/791/340
f 304/796/304 2055/797/2055 2067/798/2067
f 207/811/207 1084/812/1084 1096/813/1096
f 1571/845/1571 51/846/51 1556/847/1556
f 603/856/603 580/857/580 399/858/399
f 2044/859/2044 435/860/435 2031/861/2031
f 1036/886/1036 1071/887/1071 1023/888/1023
f 243/905/243 1532/906/1532 1544/907/1544
f 2020/928/2020 99/929/99 1944/930/1944
f 1060/935/1060 544/936/544 1047/937/1047
f 1431/2129/1431 40/2130/40 231/2131/231
f 960/2140/960 947/2141/947 971/2142/971
f 292/2143/292 1919/2144/1919 448/2145/448
f 1444/2158/1444 1383/2159/1383 1468/2160/1468
f 983/2169/983 376/2170/376 935/2171/935
f 1967/2176/1967 1956/2177/1956 1931/2178/1931
f 1496/2187/1496 495/2188/495 1507/2189/1507
f 995/2194/995 1012/2195/1012 184/2196/184
f 2006/2203/2006 1994/2204/1994 1984/2205/1984
f 1455/2210/1455 1520/2211/1520 1480/2212/1480
f 3/748/3 8/2300/8 10/2301/10 9/2302/9
f 15/621/15 20/2314/20 22/2315/22 21/2316/21
f 28/373/28 35/2331/35 37/2332/37 36/2333/36
f 40/2130/40 47/2345/47 49/2346/49 48/2347/48
f 51/846/51 56/2356/56 58/2357/58 57/2358/57
f 64/588/64 71/2373/71 73/2374/73 72/2375/72
f 76/420/76 83/2387/83 85/2388/85 84/2389/84
f 88/273/88 95/2401/95 97/2402/97 96/2403/96
f 99/929/99 104/2412/104 106/2413/106 105/2414/105
f 112/675/112 119/2429/119 121/2430/121 120/2431/120
f 124/527/124 131/2443/131 133/2444/133 132/2445/132
f 136/669/136 143/2457/143 145/2458/145 144/2459/144
f 147/790/147 152/2468/152 154/2469/154 153/2470/153
f 159/521/159 164/2482/164 166/2483/166 165/2484/165
f 172/360/172 179/2499/179 181/2500/181 180/2501/180
f 184/2196/184 191/2513/191 193/2514/193 192/2515/192
f 196/622/196 203/2527/203 205/2528/205 204/2529/204
f 207/811/207 212/2538/212 214/2539/214 213/2540/213
f 220/491/220 227/2555/227 229/2556/229 228/2557/228
f 231/2131/231 236/2566/236 238/2567/238 237/2568/237
f 243/905/243 248/2580/248 250/2581/250 249/2582/249
f 256/643/256 263/2597/263 265/2598/265 264/2599/264
f 268/549/268 275/2611/275 277/2612/277 276/2613/276
f 280/343/280 287/2625/287 289/2626/289 288/2627/288
f 292/2143/292 299/2639/299 301/2640/301 300/2641/300
f 304/796/304 311/2653/311 313/2654/313 312/2655/312
f 315/528/315 320/2664/320 322/2665/322 321/2666/321
f 328/731/328 335/2681/335 337/2682/337 336/2683/336
f 340/791/340 347/2695/347 349/2696/349 348/2697/348
f 352/519/352 359/2709/359 361/2710/361 360/2711/360
f 363/358/363 368/2720/368 370/2721/370 369/2722/369
f 376/2170/376 383/2737/383 385/2738/385 384/2739/384
f 388/595/388 395/2751/395 397/2752/397 396/2753/396
f 399/858/399 404/2762/404 406/2763/406 405/2764/405
f 411/429/411 416/2776/416 418/2777/418 417/2778/417
f 424/599/424 431/2793/431 433/2794/433 432/2795/432
f 435/860/435 440/2804/440 442/2805/442 441/2806/441
f 448/2145/448 455/2821/455 457/2822/457 456/2823/456
f 459/379/459 464/2832/464 466/2833/466 465/2834/465
f 472/551/472 479/2849/479 481/2850/481 480/2851/480
f 483/760/483 488/2860/488 490/2861/490 489/2862/489
f 495/2188/495 500/2874/500 502/2875/502 501/2876/501
f 507/324/507 512/2888/512 514/2889/514 513/2890/513
f 519/493/519 524/2902/524 526/2903/526 525/2904/525
f 532/682/532 539/2919/539 541/2920/541 540/2921/540
f 544/936/544 551/2933/551 553/2934/553 552/2935/552
f 556/276/556 563/2947/563 565/2948/565 564/2949/564
f 567/427/567 572/2958/572 574/2959/574 573/2960/573
f 580/857/580 587/2975/587 589/2976/589 588/2977/588
f 592/789/592 599/2989/599 601/2990/601 600/2991/600
f 603/856/603 608/3000/608 610/3001/610 609/3002/609
f 615/730/615 620/3014/620 622/3015/622 621/3016/621
f 628/594/628 635/3031/635 637/3032/637 636/3033/636
f 639/732/639 644/3042/644 646/3043/646 645/3044/645
f 651/596/651 656/3056/656 658/3057/658 657/3058/657
f 663/668/663 668/3070/668 670/3071/670 669/3072/669
f 676/667/676 683/3087/683 685/3088/685 684/3089/684
f 688/365/688 695/3101/695 697/3102/697 696/3103/696
f 700/322/700 707/3115/707 709/3116/709 708/3117/708
f 712/477/712 719/3129/719 721/3130/721 720/3131/720
f 723/557/723 728/3140/728 730/3141/730 729/3142/729
f 736/556/736 743/3157/743 745/3158/745 744/3159/744
f 747/558/747 752/3168/752 754/3169/754 753/3170/753
f 760/520/760 767/3185/767 769/3186/769 768/3187/768
f 771/479/771 776/3196/776 778/3197/778 777/3198/777
f 784/426/784 791/3213/791 793/3214/793 792/3215/792
f 795/478/795 800/3224/800 802/3225/802 801/3226/801
f 807/428/807 812/3238/812 814/3239/814 813/3240/813
f 823/316/823 828/3252/828 830/3253/830 829/3254/829
f 836/395/836 843/3269/843 845/3270/845 844/3271/844
f 848/394/848 855/3283/855 857/3284/857 856/3285/856
f 859/396/859 864/3294/864 866/3295/866 865/3296/865
f 872/359/872 879/3311/879 881/3312/881 880/3313/880
f 884/315/884 891/3325/891 893/3326/893 892/3327/892
f 895/275/895 900/3336/900 902/3337/902 901/3338/901
f 907/314/907 912/3350/912 914/3351/914 913/3352/913
f 920/277/920 927/3367/927 929/3368/929 928/3369/928
f 935/2171/935 940/3378/940 942/3379/942 941/3380/941
f 947/2141/947 952/3392/952 954/3393/954 953/3394/953
f 960/2140/960 967/3409/967 969/3410/969 968/3411/968
f 971/2142/971 976/3420/976 978/3421/978 977/3422/977
f 983/2169/983 988/3434/988 990/3435/990 989/3436/989
f 995/2194/995 1000/3448/1000 1002/3449/1002 1001/3450/1001
f 1012/2195/1012 1019/3465/1019 1021/3466/1021 1020/3467/1020
f 1023/888/1023 1028/3476/1028 1030/3477/1030 1029/3478/1029
f 1036/886/1036 1043/3493/1043 1045/3494/1045 1044/3495/1044
f 1047/937/1047 1052/3504/1052 1054/3505/1054 1053/3506/1053
f 1060/935/1060 1067/3521/1067 1069/3522/1069 1068/3523/1068
f 1071/887/1071 1076/3532/1076 1078/3533/1078 1077/3534/1077
f 1084/812/1084 1091/3549/1091 1093/3550/1093 1092/3551/1092
f 1096/813/1096 1103/3563/1103 1105/3564/1105 1104/3565/1104
f 1108/749/1108 1115/3578/1115 1117/3579/1117 1116/3580/1116
f 1123/747/1123 1128/3589/1128 1130/3590/1130 1129/3591/1129
f 1135/576/1135 1140/3603/1140 1142/3604/1142 1141/3605/1141
f 1148/574/1148 1155/3620/1155 1157/3621/1157 1156/3622/1156
f 1160/681/1160 1167/3634/1167 1169/3635/1169 1168/3636/1168
f 1171/683/1171 1176/3645/1176 1178/3646/1178 1177/3647/1177
f 1183/620/1183 1188/3659/1188 1190/3660/1190 1189/3661/1189
f 1196/534/1196 1203/3676/1203 1205/3677/1205 1204/3678/1204
f 1207/451/1207 1212/3687/1212 1214/3688/1214 1213/3689/1213
f 1219/575/1219 1224/3701/1224 1226/3702/1226 1225/3703/1225
f 1231/535/1231 1236/3715/1236 1238/3716/1238 1237/3717/1237
f 1243/536/1243 1248/3729/1248 1250/3730/1250 1249/3731/1249
f 1255/492/1255 1260/3743/1260 1262/3744/1262 1261/3745/1261
f 1271/374/1271 1276/3757/1276 1278/3758/1278 1277/3759/1277
f 1284/453/1284 1291/3774/1291 1293/3775/1293 1292/3776/1292
f 1296/452/1296 1303/3788/1303 1305/3789/1305 1304/3790/1304
f 1311/405/1311 1316/3799/1316 1318/3800/1318 1317/3801/1317
f 1324/404/1324 1331/3816/1331 1333/3817/1333 1332/3818/1332
f 1335/406/1335 1340/3827/1340 1342/3828/1342 1341/3829/1341
f 1348/372/1348 1355/3844/1355 1357/3845/1357 1356/3846/1356
f 1360/325/1360 1367/3858/1367 1369/3859/1369 1368/3860/1368
f 1371/326/1371 1376/3869/1376 1378/3870/1378 1377/3871/1377
f 1383/2159/1383 1388/3883/1388 1390/3884/1390 1389/3885/1389
f 1396/290/1396 1403/3900/1403 1405/3901/1405 1404/3902/1404
f 1408/289/1408 1415/3914/1415 1417/3915/1417 1416/3916/1416
f 1419/288/1419 1424/3925/1424 1426/3926/1426 1425/3927/1425
f 1431/2129/1431 1436/3939/1436 1438/3940/1438 1437/3941/1437
f 1444/2158/1444 1451/3956/1451 1453/3957/1453 1452/3958/1452
f 1455/2210/1455 1460/3967/1460 1462/3968/1462 1461/3969/1461
f 1468/2160/1468 1475/3984/1475 1477/3985/1477 1476/3986/1476
f 1480/2212/1480 1487/3998/1487 1489/3999/1489 1488/4000/1488
f 1496/2187/1496 1503/4012/1503 1505/4013/1505 1504/4014/1504
f 1507/2189/1507 1512/4023/1512 1514/4024/1514 1513/4025/1513
f 1520/2211/1520 1527/4040/1527 1529/4041/1529 1528/4042/1528
f 1532/906/1532 1539/4054/1539 1541/4055/1541 1540/4056/1540
f 1544/907/1544 1551/4068/1551 1553/4069/1553 1552/4070/1552
f 1556/847/1556 1563/4082/1563 1565/4083/1565 1564/4084/1564
f 1571/845/1571 1576/4093/1576 1578/4094/1578 1577/4095/1577
f 1583/709/1583 1588/4107/1588 1590/4108/1590 1589/4109/1589
f 1596/710/1596 1603/4124/1603 1605/4125/1605 1604/4126/1604
f 1608/759/1608 1615/4138/1615 1617/4139/1617 1616/4140/1616
f 1619/758/1619 1624/4149/1624 1626/4150/1626 1625/4151/1625
f 1632/708/1632 1639/4166/1639 1641/4167/1641 1640/4168/1640
f 1643/644/1643 1648/4177/1648 1650/4178/1650 1649/4179/1649
f 1656/645/1656 1663/4194/1663 1665/4195/1665 1664/4196/1664
f 1667/589/1667 1672/4205/1672 1674/4206/1674 1673/4207/1673
f 1683/587/1683 1688/4219/1688 1690/4220/1690 1689/4221/1689
f 1695/550/1695 1700/4233/1700 1702/4234/1702 1701/4235/1701
f 1707/506/1707 1712/4247/1712 1714/4248/1714 1713/4249/1713
f 1719/421/1719 1724/4261/1724 1726/4262/1726 1725/4263/1725
f 1732/505/1732 1739/4278/1739 1741/4279/1741 1740/4280/1740
f 1743/504/1743 1748/4289/1748 1750/4290/1750 1749/4291/1749
f 1760/460/1760 1767/4306/1767 1769/4307/1769 1768/4308/1768
f 1770/459/1770 1773/4312/1773 1775/4313/1775 1774/4314/1774
f 1782/458/1782 1785/4326/1785 1787/4327/1787 1786/4328/1786
f 1795/419/1795 1800/4345/1800 1802/4346/1802 1801/4347/1801
f 1808/380/1808 1815/4362/1815 1817/4363/1817 1816/4364/1816
f 1819/381/1819 1824/4373/1824 1826/4374/1826 1825/4375/1825
f 1831/344/1831 1836/4387/1836 1838/4388/1838 1837/4389/1837
f 1844/345/1844 1851/4404/1851 1853/4405/1853 1852/4406/1852
f 1855/274/1855 1860/4415/1860 1862/4416/1862 1861/4417/1861
f 1872/297/1872 1879/4432/1879 1881/4433/1881 1880/4434/1880
f 1882/296/1882 1885/4438/1885 1887/4439/1887 1886/4440/1886
f 1894/295/1894 1897/4452/1897 1899/4453/1899 1898/4454/1898
f 1907/272/1907 1912/4471/1912 1914/4472/1914 1913/4473/1913
f 1919/2144/1919 1924/4485/1924 1926/4486/1926 1925/4487/1925
f 1931/2178/1931 1936/4499/1936 1938/4500/1938 1937/4501/1937
f 1944/930/1944 1951/4516/1951 1953/4517/1953 1952/4518/1952
f 1956/2177/1956 1963/4530/1963 1965/4531/1965 1964/4532/1964
f 1967/2176/1967 1972/4541/1972 1974/4542/1974 1973/4543/1973
f 1984/2205/1984 1991/4558/1991 1993/4559/1993 1992/4560/1992
f 1994/2204/1994 1997/4564/1997 1999/4565/1999 1998/4566/1998
f 2006/2203/2006 2009/4578/2009 2011/4579/2011 2010/4580/2010
f 2020/928/2020 2027/4600/2027 2029/4601/2029 2028/4602/2028
f 2031/861/2031 2036/4611/2036 2038/4612/2038 2037/4613/2037
f 2044/859/2044 2051/4628/2051 2053/4629/2053 2052/4630/2052
f 2055/797/2055 2060/4639/2060 2062/4640/2062 2061/4641/2061
f 2067/798/2067 2072/4653/2072 2074/4654/2074 2073/4655/2073
f 2079/676/2079 2084/4667/2084 2086/4668/2086 2085/4669/2085
f 2095/724/2095 2100/4681/2100 2102/4682/2102 2101/4683/2101
f 2106/723/2106 2109/4690/2109 2111/4691/2111 2110/4692/2110
f 2118/725/2118 2121/4704/2121 2123/4705/2123 2122/4706/2122
f 2132/674/2132 2139/4726/2139 2141/4727/2141 2140/4728/2140
f 2144/568/2144 2151/4740/2151 2153/4741/2153 2152/4742/2152
f 2155/569/2155 2160/4751/2160 2162/4752/2162 2161/4753/2161
f 2166/598/2166 2169/4760/2169 2171/4761/2171 2170/4762/2170
f 2178/597/2178 2181/4774/2181 2183/4775/2183 2182/4776/2182
f 2191/567/2191 2196/4793/2196 2198/4794/2198 2197/4795/2197
f 2203/485/2203 2208/4807/2208 2210/4808/2210 2209/4809/2209
f 2215/526/2215 2220/4821/2220 2222/4822/2222 2221/4823/2221
f 2228/484/2228 2235/4838/2235 2237/4839/2237 2236/4840/2236
f 2239/431/2239 2244/4849/2244 2246/4850/2246 2245/4851/2245
f 2252/486/2252 2259/4866/2259 2261/4867/2261 2260/4868/2260
f 2264/430/2264 2271/4880/2271 2273/4881/2273 2272/4882/2272
f 2279/366/2279 2284/4891/2284 2286/4892/2286 2285/4893/2285
f 2292/399/2292 2299/4908/2299 2301/4909/2301 2300/4910/2300
f 2302/398/2302 2305/4914/2305 2307/4915/2307 2306/4916/2306
f 2314/397/2314 2317/4928/2317 2319/4929/2319 2318/4930/2318
f 2328/367/2328 2335/4950/2335 2337/4951/2337 2336/4952/2336
f 2339/323/2339 2344/4961/2344 2346/4962/2346 2345/4963/2345
f 2355/321/2355 2360/4975/2360 2362/4976/2362 2361/4977/2361
f 1160/681/1160 1171/683/1171 1177/3647/1177 1167/3634/1167
f 1324/404/1324 1335/406/1335 1341/3829/1341 1331/3816/1331
f 1408/289/1408 1419/288/1419 1425/3927/1425 1415/3914/1415
f 1496/2187/1496 1507/2189/1507 1513/4025/1513 1503/4012/1503
f 1608/759/1608 1619/758/1619 1625/4151/1625 1615/4138/1615
f 1770/459/1770 1782/458/1782 1786/4328/1786 1773/4312/1773
f 1882/296/1882 1894/295/1894 1898/4454/1898 1885/4438/1885
f 1994/2204/1994 2006/2203/2006 2010/4580/2010 1997/4564/1997
f 2106/723/2106 2118/725/2118 2122/4706/2122 2109/4690/2109
f 2166/598/2166 2178/597/2178 2182/4776/2182 2169/4760/2169
f 2302/398/2302 2314/397/2314 2318/4930/2318 2305/4914/2305
f 580/857/580 603/856/603 609/3002/609 587/2975/587
f 736/556/736 747/558/747 753/3170/753 743/3157/743
f 848/394/848 859/396/859 865/3296/865 855/3283/855
f 960/2140/960 971/2142/971 977/3422/977 967/3409/967
f 1060/935/1060 1047/937/1047 1053/3506/1053 1067/3521/1067
f 405/2764/405 608/3000/608 603/856/603 399/858/399
f 588/2977/588 404/2762/404 399/858/399 580/857/580
f 153/2470/153 347/2695/347 340/791/340 147/790/147
f 348/2697/348 599/2989/599 592/789/592 340/791/340
f 147/790/147 592/789/592 600/2991/600 152/2468/152
f 621/3016/621 335/2681/335 328/731/328 615/730/615
f 615/730/615 639/732/639 645/3044/645 620/3014/620
f 639/732/639 328/731/328 336/2683/336 644/3042/644
f 136/669/136 663/668/663 669/3072/669 143/2457/143
f 676/667/676 136/669/136 144/2459/144 683/3087/683
f 684/3089/684 668/3070/668 663/668/663 676/667/676
f 628/594/628 651/596/651 657/3058/657 635/3031/635
f 388/595/388 628/594/628 636/3033/636 395/2751/395
f 396/2753/396 656/3056/656 651/596/651 388/595/388
f 729/3142/729 752/3168/752 747/558/747 723/557/723
f 744/3159/744 728/3140/728 723/557/723 736/556/736
f 165/2484/165 359/2709/359 352/519/352 159/521/159
f 360/2711/360 767/3185/767 760/520/760 352/519/352
f 159/521/159 760/520/760 768/3187/768 164/2482/164
f 777/3198/777 719/3129/719 712/477/712 771/479/771
f 771/479/771 795/478/795 801/3226/801 776/3196/776
f 795/478/795 712/477/712 720/3131/720 800/3224/800
f 784/426/784 807/428/807 813/3240/813 791/3213/791
f 573/2960/573 812/3238/812 807/428/807 567/427/567
f 792/3215/792 572/2958/572 567/427/567 784/426/784
f 856/3285/856 843/3269/843 836/395/836 848/394/848
f 859/396/859 836/395/836 844/3271/844 864/3294/864
f 180/2501/180 368/2720/368 363/358/363 172/360/172
f 172/360/172 872/359/872 880/3313/880 179/2499/179
f 872/359/872 363/358/363 369/2722/369 879/3311/879
f 892/3327/892 828/3252/828 823/316/823 884/315/884
f 907/314/907 823/316/823 829/3254/829 912/3350/912
f 913/3352/913 891/3325/891 884/315/884 907/314/907
f 895/275/895 920/277/920 928/3369/928 900/3336/900
f 564/2949/564 927/3367/927 920/277/920 556/276/556
f 901/3338/901 563/2947/563 556/276/556 895/275/895
f 968/3411/968 952/3392/952 947/2141/947 960/2140/960
f 971/2142/971 947/2141/947 953/3394/953 976/3420/976
f 384/2739/384 940/3378/940 935/2171/935 376/2170/376
f 983/2169/983 935/2171/935 941/3380/941 988/3434/988
f 989/3436/989 383/2737/383 376/2170/376 983/2169/983
f 192/2515/192 1000/3448/1000 995/2194/995 184/2196/184
f 184/2196/184 1012/2195/1012 1020/3467/1020 191/2513/191
f 1012/2195/1012 995/2194/995 1001/3450/1001 1019/3465/1019
f 1068/3523/1068 551/2933/551 544/936/544 1060/935/1060
f 552/2935/552 1052/3504/1052 1047/937/1047 544/936/544
f 1036/886/1036 1023/888/1023 1029/3478/1029 1043/3493/1043
f 1077/3534/1077 1028/3476/1028 1023/888/1023 1071/887/1071
f 1071/887/1071 1036/886/1036 1044/3495/1044 1076/3532/1076
f 213/2540/213 1091/3549/1091 1084/812/1084 207/811/207
f 1096/813/1096 1084/812/1084 1092/3551/1092 1103/3563/1103
f 207/811/207 1096/813/1096 1104/3565/1104 212/2538/212
f 1108/749/1108 3/748/3 9/2302/9 1115/3578/1115
f 3/748/3 1123/747/1123 1129/3591/1129 8/2300/8
f 1116/3580/1116 1128/3589/1128 1123/747/1123 1108/749/1108
f 1168/3636/1168 539/2919/539 532/682/532 1160/681/1160
f 540/2921/540 1176/3645/1176 1171/683/1171 532/682/532
f 21/2316/21 203/2527/203 196/622/196 15/621/15
f 15/621/15 1183/620/1183 1189/3661/1189 20/2314/20
f 204/2529/204 1188/3659/1188 1183/620/1183 196/622/196
f 1141/3605/1141 1155/3620/1155 1148/574/1148 1135/576/1135
f 1225/3703/1225 1140/3603/1140 1135/576/1135 1219/575/1219
f 1219/575/1219 1148/574/1148 1156/3622/1156 1224/3701/1224
f 1204/3678/1204 1236/3715/1236 1231/535/1231 1196/534/1196
f 1243/536/1243 1231/535/1231 1237/3717/1237 1248/3729/1248
f 1196/534/1196 1243/536/1243 1249/3731/1249 1203/3676/1203
f 228/2557/228 1260/3743/1260 1255/492/1255 220/491/220
f 1261/3745/1261 524/2902/524 519/493/519 1255/492/1255
f 220/491/220 519/493/519 525/2904/525 227/2555/227
f 1207/451/1207 1284/453/1284 1292/3776/1292 1212/3687/1212
f 1284/453/1284 1296/452/1296 1304/3790/1304 1291/3774/1291
f 1296/452/1296 1207/451/1207 1213/3689/1213 1303/3788/1303
f 1311/405/1311 1324/404/1324 1332/3818/1332 1316/3799/1316
f 1317/3801/1317 1340/3827/1340 1335/406/1335 1311/405/1311
f 36/2333/36 1276/3757/1276 1271/374/1271 28/373/28
f 1356/3846/1356 35/2331/35 28/373/28 1348/372/1348
f 1277/3759/1277 1355/3844/1355 1348/372/1348 1271/374/1271
f 1371/326/1371 1360/325/1360 1368/3860/1368 1376/3869/1376
f 507/324/507 1371/326/1371 1377/3871/1377 512/2888/512
f 1360/325/1360 507/324/507 513/2890/513 1367/3858/1367
f 1404/3902/1404 1424/3925/1424 1419/288/1419 1396/290/1396
f 1396/290/1396 1408/289/1408 1416/3916/1416 1403/3900/1403
f 48/2347/48 236/2566/236 231/2131/231 40/2130/40
f 237/2568/237 1436/3939/1436 1431/2129/1431 231/2131/231
f 1437/3941/1437 47/2345/47 40/2130/40 1431/2129/1431
f 1452/3958/1452 1388/3883/1388 1383/2159/1383 1444/2158/1444
f 1444/2158/1444 1468/2160/1468 1476/3986/1476 1451/3956/1451
f 1389/3885/1389 1475/3984/1475 1468/2160/1468 1383/2159/1383
f 495/2188/495 1496/2187/1496 1504/4014/1504 500/2874/500
f 501/2876/501 1512/4023/1512 1507/2189/1507 495/2188/495
f 1455/2210/1455 1480/2212/1480 1488/4000/1488 1460/3967/1460
f 1480/2212/1480 1520/2211/1520 1528/4042/1528 1487/3998/1487
f 1520/2211/1520 1455/2210/1455 1461/3969/1461 1527/4040/1527
f 249/2582/249 1539/4054/1539 1532/906/1532 243/905/243
f 1540/4056/1540 1551/4068/1551 1544/907/1544 1532/906/1532
f 243/905/243 1544/907/1544 1552/4070/1552 248/2580/248
f 57/2358/57 1563/4082/1563 1556/847/1556 51/846/51
f 1577/4095/1577 56/2356/56 51/846/51 1571/845/1571
f 1564/4084/1564 1576/4093/1576 1571/845/1571 1556/847/1556
f 489/2862/489 1624/4149/1624 1619/758/1619 483/760/483
f 1616/4140/1616 488/2860/488 483/760/483 1608/759/1608
f 1596/710/1596 1583/709/1583 1589/4109/1589 1603/4124/1603
f 1632/708/1632 1596/710/1596 1604/4126/1604 1639/4166/1639
f 1640/4168/1640 1588/4107/1588 1583/709/1583 1632/708/1632
f 264/2599/264 1648/4177/1648 1643/644/1643 256/643/256
f 256/643/256 1656/645/1656 1664/4196/1664 263/2597/263
f 1656/645/1656 1643/644/1643 1649/4179/1649 1663/4194/1663
f 72/2375/72 1672/4205/1672 1667/589/1667 64/588/64
f 1673/4207/1673 1688/4219/1688 1683/587/1683 1667/589/1667
f 64/588/64 1683/587/1683 1689/4221/1689 71/2373/71
f 276/2613/276 1700/4233/1700 1695/550/1695 268/549/268
f 268/549/268 472/551/472 480/2851/480 275/2611/275
f 472/551/472 1695/550/1695 1701/4235/1701 479/2849/479
f 1707/506/1707 1732/505/1732 1740/4280/1740 1712/4247/1712
f 1743/504/1743 1707/506/1707 1713/4249/1713 1748/4289/1748
f 1749/4291/1749 1739/4278/1739 1732/505/1732 1743/504/1743
f 1768/4308/1768 1785/4326/1785 1782/458/1782 1760/460/1760
f 1774/4314/1774 1767/4306/1767 1760/460/1760 1770/459/1770
f 84/2389/84 1724/4261/1724 1719/421/1719 76/420/76
f 1725/4263/1725 1800/4345/1800 1795/419/1795 1719/421/1719
f 76/420/76 1795/419/1795 1801/4347/1801 83/2387/83
f 1819/381/1819 1808/380/1808 1816/4364/1816 1824/4373/1824
f 459/379/459 1819/381/1819 1825/4375/1825 464/2832/464
f 465/2834/465 1815/4362/1815 1808/380/1808 459/379/459
f 288/2627/288 1836/4387/1836 1831/344/1831 280/343/280
f 280/343/280 1844/345/1844 1852/4406/1852 287/2625/287
f 1844/345/1844 1831/344/1831 1837/4389/1837 1851/4404/1851
f 1880/4434/1880 1897/4452/1897 1894/295/1894 1872/297/1872
f 1886/4440/1886 1879/4432/1879 1872/297/1872 1882/296/1882
f 96/2403/96 1860/4415/1860 1855/274/1855 88/273/88
f 1861/4417/1861 1912/4471/1912 1907/272/1907 1855/274/1855
f 88/273/88 1907/272/1907 1913/4473/1913 95/2401/95
f 300/2641/300 1924/4485/1924 1919/2144/1919 292/2143/292
f 292/2143/292 448/2145/448 456/2823/456 299/2639/299
f 448/2145/448 1919/2144/1919 1925/4487/1925 455/2821/455
f 1931/2178/1931 1956/2177/1956 1964/4532/1964 1936/4499/1936
f 1967/2176/1967 1931/2178/1931 1937/4501/1937 1972/4541/1972
f 1973/4543/1973 1963/4530/1963 1956/2177/1956 1967/2176/1967
f 1992/4560/1992 2009/4578/2009 2006/2203/2006 1984/2205/1984
f 1998/4566/1998 1991/4558/1991 1984/2205/1984 1994/2204/1994
f 105/2414/105 1951/4516/1951 1944/930/1944 99/929/99
f 1952/4518/1952 2027/4600/2027 2020/928/2020 1944/930/1944
f 99/929/99 2020/928/2020 2028/4602/2028 104/2412/104
f 2044/859/2044 2031/861/2031 2037/4613/2037 2051/4628/2051
f 2031/861/2031 435/860/435 441/2806/441 2036/4611/2036
f 435/860/435 2044/859/2044 2052/4630/2052 440/2804/440
f 312/2655/312 2060/4639/2060 2055/797/2055 304/796/304
f 2061/4641/2061 2072/4653/2072 2067/798/2067 2055/797/2055
f 304/796/304 2067/798/2067 2073/4655/2073 311/2653/311
f 2095/724/2095 2106/723/2106 2110/4692/2110 2100/4681/2100
f 2101/4683/2101 2121/4704/2121 2118/725/2118 2095/724/2095
f 120/2431/120 2084/4667/2084 2079/676/2079 112/675/112
f 2140/4728/2140 119/2429/119 112/675/112 2132/674/2132
f 2085/4669/2085 2139/4726/2139 2132/674/2132 2079/676/2079
f 2178/597/2178 424/599/424 432/2795/432 2181/4774/2181
f 424/599/424 2166/598/2166 2170/4762/2170 431/2793/431
f 2155/569/2155 2144/568/2144 2152/4742/2152 2160/4751/2160
f 2161/4753/2161 2196/4793/2196 2191/567/2191 2155/569/2155
f 2144/568/2144 2191/567/2191 2197/4795/2197 2151/4740/2151
f 132/2445/132 320/2664/320 315/528/315 124/527/124
f 2215/526/2215 315/528/315 321/2666/321 2220/4821/2220
f 2221/4823/2221 131/2443/131 124/527/124 2215/526/2215
f 2236/4840/2236 2208/4807/2208 2203/485/2203 2228/484/2228
f 2260/4868/2260 2235/4838/2235 2228/484/2228 2252/486/2252
f 2209/4809/2209 2259/4866/2259 2252/486/2252 2203/485/2203
f 2239/431/2239 2264/430/2264 2272/4882/2272 2244/4849/2244
f 2245/4851/2245 416/2776/416 411/429/411 2239/431/2239
f 417/2778/417 2271/4880/2271 2264/430/2264 411/429/411
f 2314/397/2314 2292/399/2292 2300/4910/2300 2317/4928/2317
f 2306/4916/2306 2299/4908/2299 2292/399/2292 2302/398/2302
f 696/3103/696 2284/4891/2284 2279/366/2279 688/365/688
f 2336/4952/2336 695/3101/695 688/365/688 2328/367/2328
f 2328/367/2328 2279/366/2279 2285/4893/2285 2335/4950/2335
f 708/3117/708 2344/4961/2344 2339/323/2339 700/322/700
f 2355/321/2355 2339/323/2339 2345/4963/2345 2360/4975/2360
f 700/322/700 2355/321/2355 2361/4977/2361 707/3115/707
usemtl espejo.001
f 1307/817/1307 1491/818/1491 1567/819/1567 1679/820/1679 1755/821/1755 1867/822/1867 1979/823/1979 2091/824/2091 2275/825/2275 2351/826/2351 2367/827/2367 819/828/819 931/829/931 1007/830/1007 1119/831/1119 1266/832/1266
f 1307/817/1307 1266/832/1266 1268/7884/1268 1309/7885/1309
f 1491/818/1491 1307/817/1307 1309/7890/1309 1493/7891/1493
f 1567/819/1567 1491/818/1491 1493/7896/1493 1569/7897/1569
f 1679/820/1679 1567/819/1567 1569/7902/1569 1681/7903/1681
f 1755/821/1755 1679/820/1679 1681/7908/1681 1757/7909/1757
f 1867/822/1867 1755/821/1755 1757/7914/1757 1869/7915/1869
f 1979/823/1979 1867/822/1867 1869/7920/1869 1981/7921/1981
f 2091/824/2091 1979/823/1979 1981/7926/1981 2093/7927/2093
f 2275/825/2275 2091/824/2091 2093/7932/2093 2277/7933/2277
f 2351/826/2351 2275/825/2275 2277/7938/2277 2353/7939/2353
f 2367/827/2367 2351/826/2351 2353/7944/2353 2369/7945/2369
f 819/828/819 2367/827/2367 2369/7950/2369 821/7951/821
f 931/829/931 819/828/819 821/7956/821 933/7957/933
f 1007/830/1007 931/829/931 933/7962/933 1009/7963/1009
f 1119/831/1119 1007/830/1007 1009/7968/1009 1121/7969/1121
f 1266/832/1266 1119/831/1119 1121/7974/1121 1268/7975/1268
