# File produced by Open Asset Import Library (http://www.assimp.sf.net)
# (assimp v3.1.230295570)

mtllib Subs%20Alrmclck.mtl

# vertex positions
v 97.686623 19.102932 -25.819633
v 91.204735 38.829216 -28.249598
v 91.202789 41.944035 -2.958712
v 97.684731 22.217741 -0.528746
v 80.732101 56.786861 -30.462032
v 80.730156 59.901672 -5.171146
v 66.726379 72.190964 -32.360241
v 66.724487 75.305824 -7.069359
v 49.799778 84.368324 -33.861263
v 49.797909 87.483185 -8.570385
v 30.692152 92.786736 -34.899498
v 30.690271 95.901588 -9.608618
v 10.238562 97.078209 -35.429558
v 10.236671 100.193069 -10.138683
v -10.667135 97.055336 -35.428322
v -10.669018 100.170197 -10.137428
v -31.111237 92.718964 -34.895767
v -31.113129 95.833824 -9.604893
v -50.200226 84.258736 -33.855240
v -50.202087 87.373596 -8.564362
v -67.099823 72.044273 -32.352180
v -67.101715 75.159081 -7.061293
v -81.071449 56.609428 -30.452286
v -81.073395 59.724224 -5.161386
v -91.504440 38.628883 -28.238583
v -91.506386 41.743721 -2.947701
v -97.942879 18.888426 -25.807842
v -97.944771 22.003225 -0.516953
v -100.105278 -1.749228 -23.266283
v -100.107224 1.365585 2.024609
v -97.897202 -22.382099 -20.724981
v -97.899139 -19.267288 4.565907
v -91.415306 -42.108395 -18.295017
v -91.417198 -38.993580 6.995872
v -80.942673 -60.066029 -16.082584
v -80.944565 -56.951244 9.208305
v -66.937019 -75.470146 -14.184372
v -66.938911 -72.355286 11.106510
v -50.010441 -87.647507 -12.683351
v -50.012306 -84.532692 12.607536
v -30.902826 -96.065842 -11.645120
v -30.904707 -92.950981 13.645760
v -10.449212 -100.357422 -11.115046
v -10.451103 -97.242615 14.175846
v 10.456459 -100.334503 -11.116308
v 10.454569 -97.219688 14.174583
v 30.900553 -95.998123 -11.648842
v 30.898661 -92.883263 13.642036
v 49.989532 -87.537888 -12.689373
v 49.987663 -84.423088 12.601513
v 66.889175 -75.323433 -14.192436
v 66.887230 -72.208580 11.098446
v 80.860725 -59.888565 -16.092342
v 80.858833 -56.773777 9.198551
v 91.293785 -41.908043 -18.306034
v 91.291893 -38.793259 6.984856
v 97.732147 -22.167566 -20.736778
v 97.730255 -19.052755 4.554111
v 99.894661 -1.529925 -23.278336
v 99.892662 1.584887 2.012550
v 70.809921 33.714355 4.715378
v 62.676170 47.661518 2.997049
v 51.798424 59.625408 1.522772
v 38.652100 69.083107 0.356979
v 23.811747 75.621498 -0.449396
v 7.926068 78.954567 -0.861090
v -8.310756 78.936760 -0.860102
v -24.189056 75.568855 -0.446503
v -39.014858 68.998055 0.361639
v -52.140289 59.511429 1.529024
v -62.991589 47.523720 3.004616
v -71.094597 33.558773 4.723923
v -76.095184 18.226946 6.611813
v -77.774696 2.198312 8.585762
v -76.059738 -13.826599 10.559513
v -71.025307 -29.147446 12.446800
v -62.891533 -43.094578 14.165131
v -52.013840 -55.058491 15.639408
v -38.867481 -64.516235 16.805199
v -24.027180 -71.054626 17.611572
v -8.141500 -74.387688 18.023270
v 8.095311 -74.369888 18.022285
v 23.973602 -71.001976 17.608677
v 38.799450 -64.431122 16.800533
v 51.924824 -54.944481 15.633141
v 62.776161 -42.956745 14.157539
v 70.879066 -28.991810 12.438244
v 75.879646 -13.659986 10.550346
v 77.559158 2.368637 8.576401
v 75.844284 18.393545 6.602650
v 91.201569 43.972950 13.515396
v 97.683510 24.246683 15.945354
v 80.728935 61.930584 11.302959
v 66.723267 77.334709 9.404751
v 49.796677 89.512138 7.903709
v 30.689041 97.930489 6.865482
v 10.235447 102.222008 6.335415
v -10.670257 102.199150 6.336670
v -31.114361 97.862724 6.869225
v -50.203350 89.402481 7.909756
v -67.102951 77.187965 9.412823
v -81.074615 61.753162 11.312706
v -91.507622 43.772610 13.526409
v -97.945992 24.032181 15.957142
v -100.108444 3.394525 18.498703
v -97.900429 -17.238335 21.040012
v -91.418434 -36.964642 23.469967
v -80.945801 -54.922306 25.682407
v -66.940140 -70.326385 27.580620
v -50.013538 -82.503807 29.081646
v -30.905951 -90.922142 30.119884
v -10.452335 -95.213661 30.649933
v 10.453344 -95.190742 30.648678
v 30.897429 -90.854378 30.116154
v 49.986408 -82.394135 29.075615
v 66.886002 -70.179680 27.572548
v 80.857613 -54.744839 25.672646
v 91.290657 -36.764320 23.458958
v 97.729034 -17.023802 21.028217
v 99.891434 3.613827 18.486649
v 93.315491 24.260677 23.694679
v 88.947792 23.479773 24.989677
v 90.958504 4.689923 27.303974
v 95.424805 4.549331 26.122478
v 96.512939 24.541395 20.384235
v 98.694443 4.155453 22.895111
v 87.122932 43.105961 21.373245
v 83.044838 41.444065 22.776764
v 90.108521 44.031620 17.983349
v 77.118034 60.261581 19.259609
v 73.507507 57.797668 20.761951
v 79.761208 61.774357 15.797398
v 63.737850 74.977715 17.446190
v 60.752922 71.825798 19.033295
v 65.923157 76.994049 13.921906
v 47.567322 86.611275 16.012192
v 45.338360 82.915436 17.666355
v 49.199104 89.025703 12.438847
v 29.313030 94.653648 15.020325
v 27.937460 90.581886 16.720856
v 30.320169 97.343361 11.413040
v 9.772888 98.753510 14.513939
v 9.310824 94.490135 16.238121
v 10.111333 101.583534 10.889317
v -10.199134 98.731712 14.515133
v -9.727507 94.469261 16.239277
v -10.544193 101.560944 10.890553
v -29.730186 94.588898 15.023872
v -28.345470 90.520172 16.724251
v -30.743639 97.276451 11.416710
v -47.966595 86.506523 16.017960
v -45.729366 82.815697 17.671829
v -49.604187 88.917412 12.444794
v -64.111481 74.837463 17.453899
v -61.119404 71.692215 19.040642
v -66.301559 76.849113 13.929874
v -77.459053 60.092087 19.268940
v -73.843063 57.636101 20.770828
v -80.105972 61.599087 15.807022
v -87.426109 42.914547 21.383755
v -83.344177 41.261566 22.786800
v -90.414116 43.833702 17.994225
v -93.577049 24.055759 23.705952
v -89.207489 23.284410 25.000420
v -96.775452 24.329454 20.395889
v -95.642960 4.339815 26.133995
v -91.176781 4.490192 27.314960
v -98.912025 3.938774 22.907032
v -93.533501 -15.371548 28.561790
v -89.165993 -14.299673 29.629257
v -96.730431 -16.447186 25.417927
v -87.340897 -34.216881 30.883240
v -83.262985 -32.263969 31.842171
v -90.325996 -35.937416 27.818806
v -77.336044 -51.372467 32.996868
v -73.725746 -48.617558 33.856983
v -79.978691 -53.680145 30.004765
v -63.955799 -66.088600 34.810287
v -60.971123 -62.645737 35.585640
v -66.140648 -68.899918 31.880260
v -47.785294 -77.722099 36.244282
v -45.556568 -73.735321 36.952576
v -49.416679 -80.931557 33.363323
v -29.531073 -85.764511 37.236145
v -28.155666 -81.401810 37.898087
v -30.537724 -89.249252 34.389130
v -9.990944 -89.864372 37.742538
v -9.529051 -85.309937 38.380791
v -10.328893 -93.489426 34.912861
v 9.981080 -89.842529 37.741348
v 9.509270 -85.289116 38.379654
v 10.326630 -93.466789 34.911613
v 29.512083 -85.699837 37.232590
v 28.127218 -81.340027 37.894684
v 30.526049 -89.182304 34.385448
v 47.748573 -77.617393 36.238522
v 45.511108 -73.635506 36.947090
v 49.386562 -80.823250 33.357361
v 63.893341 -65.948387 34.802586
v 60.901146 -62.512077 35.578285
v 66.084045 -68.754913 31.872288
v 77.240952 -51.202976 32.987537
v 73.624718 -48.455975 33.848099
v 79.888397 -53.504856 29.995125
v 87.207993 -34.025444 30.872711
v 83.125946 -32.081509 31.832142
v 90.196548 -35.739487 27.807926
v 93.358932 -15.166624 28.550529
v 88.989204 -14.104318 29.618515
v 96.557816 -16.235231 25.406269
v 70.809059 35.206478 16.830734
v 62.675259 49.153633 15.112400
v 51.797512 61.117523 13.638126
v 38.651196 70.575264 12.472328
v 23.810839 77.113617 11.665958
v 7.925162 80.446686 11.254272
v -8.311662 80.428932 11.255241
v -24.189962 77.060982 11.668854
v -39.015789 70.490166 12.477009
v -52.141201 61.003529 13.644394
v -62.992493 49.015839 15.119980
v -71.095398 35.050896 16.839287
v -76.095985 19.719070 18.727177
v -77.775497 3.690434 20.701126
v -76.060646 -12.334463 22.674866
v -71.026222 -27.655325 24.562160
v -62.892441 -41.602486 26.280479
v -52.014744 -53.566368 27.754765
v -38.868389 -63.024117 28.920563
v -24.028101 -69.562447 29.726940
v -8.142406 -72.895515 30.138611
v 8.094398 -72.877716 30.137634
v 23.972710 -69.509804 29.724030
v 38.798542 -62.938988 28.915882
v 51.923946 -53.452381 27.748508
v 62.775253 -41.464649 26.272903
v 70.878159 -27.499687 24.553596
v 75.878792 -12.167867 22.665714
v 77.558311 3.860759 20.691761
v 75.843475 19.885668 18.718010
v 76.926056 38.732224 23.110271
v 82.394753 22.089777 25.160378
v 68.090614 53.882431 21.243740
v 56.274506 66.878433 19.642277
v 41.994164 77.152054 18.375919
v 25.873711 84.254402 17.499992
v 8.617660 87.874947 17.052795
v -9.019760 87.855659 17.053856
v -26.267759 84.197227 17.503139
v -42.372456 77.059486 18.381016
v -56.630112 66.754570 19.649090
v -68.417549 53.732746 21.251968
v -77.219521 38.563213 23.119583
v -82.651405 21.908838 25.170322
v -84.475677 4.497541 27.314552
v -82.612968 -12.909692 29.458557
v -77.144257 -29.552132 31.508636
v -68.308815 -44.702366 33.375191
v -56.492725 -57.698311 34.976650
v -42.212341 -67.971870 36.243004
v -26.091944 -75.074249 37.118935
v -8.835896 -78.694794 37.566139
v 8.801507 -78.675575 37.565079
v 26.049505 -75.017036 37.115784
v 42.154194 -67.879341 36.237915
v 56.411823 -57.574493 34.969841
v 68.199272 -44.552666 33.366959
v 77.001228 -29.383093 31.499344
v 82.433121 -12.728721 29.448608
v 84.257385 4.682548 27.304382
v 77.762146 20.868587 23.344143
v 72.600487 36.576519 21.409184
v 64.261230 50.876034 19.647408
v 53.108597 63.142189 18.135895
v 39.630131 72.838905 16.940632
v 24.414843 79.542503 16.113907
v 8.127789 82.959740 15.691814
v -8.519263 82.941536 15.692795
v -24.798725 79.488487 16.116859
v -39.999149 72.751640 16.945423
v -53.456207 63.025383 18.142326
v -64.581673 50.734768 19.655197
v -72.889320 36.416988 21.417946
v -78.016258 20.697800 23.353535
v -79.738197 4.264189 25.377361
v -77.979965 -12.165587 27.400944
v -72.818344 -27.873552 29.335941
v -64.479034 -42.173027 31.097679
v -53.326527 -54.439209 32.609207
v -39.848030 -64.135933 33.804459
v -24.632772 -70.839516 34.631191
v -8.345732 -74.256691 35.053257
v 8.301309 -74.238487 35.052288
v 24.580774 -70.785484 34.628235
v 39.781204 -64.048607 33.799629
v 53.238197 -54.322353 32.602753
v 64.363724 -42.031712 31.089886
v 72.671387 -27.713970 29.327133
v 77.798256 -11.994796 27.391560
v 79.520248 4.438810 25.367733
v 97.687943 16.922470 -43.524010
v 91.206001 36.648731 -45.953972
v 80.733368 54.606400 -48.166412
v 66.727699 70.010544 -50.064621
v 49.801125 82.187912 -51.565643
v 30.693487 90.606270 -52.603851
v 10.239885 94.897804 -53.133919
v -10.665811 94.874924 -53.132690
v -31.109926 90.538559 -52.600159
v -50.198872 82.078278 -51.559593
v -67.098503 69.863846 -50.056557
v -81.070129 54.428951 -48.156654
v -91.503174 36.448421 -45.942963
v -97.941559 16.707951 -43.512215
v -100.103958 -3.929689 -40.970661
v -97.895927 -24.562548 -38.429359
v -91.413986 -44.288860 -35.999393
v -80.941406 -62.246498 -33.786957
v -66.935699 -77.650612 -31.888746
v -50.009090 -89.827965 -30.387732
v -30.901503 -98.246307 -29.349501
v -10.447895 -102.537827 -28.819433
v 10.457789 -102.514969 -28.820684
v 30.901859 -98.178589 -29.353224
v 49.990883 -89.718353 -30.393751
v 66.890450 -77.503845 -31.896820
v 80.862045 -62.069050 -33.796715
v 91.295044 -44.088501 -36.010387
v 97.733467 -24.348015 -38.441154
v 99.895920 -3.710388 -40.982712
v 84.188553 32.604012 -53.157928
v 90.172409 14.393867 -50.914734
v 92.210625 -4.653150 -48.568764
v 90.214317 -23.704613 -46.222542
v 84.270744 -41.927849 -43.978622
v 74.639626 -58.526424 -41.935074
v 61.741856 -72.774956 -40.181190
v 46.141190 -84.050575 -38.793655
v 28.519348 -91.860611 -37.833099
v 9.646591 -95.863693 -37.341492
v -9.652305 -95.884895 -37.340324
v -28.533880 -91.923225 -37.829651
v -46.172886 -84.151863 -38.788086
v -61.798424 -72.910393 -40.173752
v -74.727577 -58.690224 -41.926060
v -84.395340 -42.112804 -43.968452
v -90.379196 -23.902645 -46.211655
v -92.417511 -4.855610 -48.557632
v -90.421257 14.195821 -50.903847
v -84.477631 32.419037 -53.147758
v -74.846497 49.017639 -55.191315
v -61.948761 63.266109 -56.945190
v -46.348049 74.541786 -58.332726
v -28.726271 82.351875 -59.293293
v -9.853478 86.354950 -59.784901
v 9.445431 86.376106 -59.786064
v 28.326994 82.414391 -59.296722
v 45.966072 74.643059 -58.338287
v 61.591583 63.401524 -56.952621
v 74.520790 49.181458 -55.200325
v 95.487007 15.794837 -48.831131
v 97.645111 -4.373536 -46.347046
v 89.150871 35.077068 -51.206360
v 78.914017 52.630466 -53.369034
v 65.223572 67.687767 -55.224503
v 48.678059 79.591057 -56.691742
v 30.000603 87.819908 -57.706596
v 10.007430 92.014923 -58.224747
v -10.427650 91.992416 -58.223511
v -30.411535 87.753723 -57.702965
v -49.070782 79.483864 -56.685852
v -65.589943 67.544273 -55.216614
v -79.247047 52.457043 -53.359497
v -89.445190 34.881233 -51.195633
v -95.738739 15.585148 -48.819611
v -97.852440 -4.587904 -46.335258
v -95.694183 -24.756287 -43.851173
v -89.358047 -44.038521 -41.475861
v -79.121193 -61.591927 -39.313278
v -65.430763 -76.649300 -37.457802
v -48.885273 -88.552483 -35.990570
v -30.207817 -96.781303 -34.975716
v -10.214643 -100.976288 -34.457573
v 10.220435 -100.953873 -34.458809
v 30.204296 -96.715118 -34.979355
v 48.863510 -88.445274 -35.996468
v 65.382698 -76.505783 -37.465698
v 79.039772 -61.418488 -39.322815
v 89.237915 -43.842686 -41.486679
v 95.531456 -24.546598 -43.862709
v 84.266304 113.752785 -29.017769
v 79.824760 116.993973 -29.060442
v 81.480766 119.244339 -29.278221
v 85.922310 116.003159 -29.235548
v 77.792366 118.935204 -24.334021
v 79.448387 121.185570 -24.551798
v 80.201515 117.635246 -19.564926
v 81.857529 119.885612 -19.782703
v 84.643059 114.394066 -19.522253
v 86.299072 116.644424 -19.740032
v 86.675453 112.452827 -24.248676
v 88.331467 114.703201 -24.466454
v 82.283821 118.811012 -27.688522
v 85.244843 116.650230 -27.660072
v 80.928886 120.105171 -24.537575
v 82.534996 119.238541 -21.358179
v 85.496017 117.077751 -21.329731
v 86.850952 115.783600 -24.480679
v -95.110947 -118.479996 1.885057
v -95.291252 -118.371590 1.395168
v -94.023209 -119.074760 0.489918
v -93.667053 -119.288864 1.457630
v -95.572098 -118.162987 0.992859
v -94.577972 -118.662643 -0.304798
v -95.925987 -117.874550 0.717512
v -95.277061 -118.092903 -0.848715
v -96.318314 -117.534584 0.596079
v -96.052025 -117.421295 -1.088594
v -96.710632 -117.176292 0.640442
v -96.827034 -116.713547 -1.000957
v -97.064568 -116.834793 0.846270
v -97.526154 -116.038986 -0.594374
v -97.345459 -116.543503 1.193401
v -98.081039 -115.463585 0.091347
v -97.525826 -116.330948 1.647867
v -98.437309 -115.043694 0.989086
v -97.587982 -116.217903 2.165176
v -98.560112 -114.820396 2.010967
v -97.525879 -116.215477 2.694693
v -98.437431 -114.815598 3.056961
v -97.345573 -116.323875 3.184582
v -98.081276 -115.029724 4.024677
v -97.064728 -116.532494 3.586891
v -97.526482 -115.441826 4.819389
v -96.710831 -116.820908 3.862240
v -96.827415 -116.011566 5.363308
v -96.318512 -117.160912 3.983673
v -96.052437 -116.683159 5.603191
v -95.926178 -117.519180 3.939310
v -95.277451 -117.390915 5.515549
v -95.572258 -117.860680 3.733486
v -94.578308 -118.065491 5.108967
v -95.291367 -118.151962 3.386353
v -94.023453 -118.640877 4.423246
v -95.111008 -118.364517 2.931887
v -93.667183 -119.060768 3.525507
v -95.048828 -118.477554 2.414577
v -93.544350 -119.284042 2.503626
v -92.634949 -119.539185 -0.392649
v -92.111702 -119.853752 1.029070
v -93.450005 -118.933754 -1.560190
v -94.477051 -118.096725 -2.359291
v -95.615608 -117.110031 -2.711702
v -96.754189 -116.070251 -2.582951
v -97.781311 -115.079193 -1.985626
v -98.596497 -114.233856 -0.978201
v -99.119919 -113.616974 0.340708
v -99.300346 -113.288948 1.841999
v -99.120102 -113.281876 3.378714
v -98.596848 -113.596443 4.800426
v -97.781807 -114.201889 5.967976
v -96.754753 -115.038925 6.767071
v -95.616203 -116.025612 7.119484
v -94.477615 -117.065384 6.990726
v -93.450500 -118.056435 6.393406
v -92.635300 -118.901772 5.385983
v -92.111885 -119.518654 4.067074
v -91.931450 -119.846680 2.565786
v -91.160698 -119.753479 -1.230783
v -90.483231 -120.160767 0.609922
v -92.215942 -118.969620 -2.742422
v -93.545677 -117.885910 -3.777012
v -95.019768 -116.608429 -4.233290
v -96.493881 -115.262222 -4.066589
v -97.823738 -113.979103 -3.293228
v -98.879143 -112.884636 -1.988909
v -99.556839 -112.085968 -0.281305
v -99.790421 -111.661255 1.662428
v -99.557083 -111.652092 3.652025
v -98.879608 -112.059387 5.492729
v -97.824356 -112.843239 7.004368
v -96.494614 -113.926949 8.038956
v -95.020538 -115.204430 8.495232
v -93.546417 -116.550629 8.328537
v -92.216583 -117.833763 7.555176
v -91.161148 -118.928223 6.250851
v -90.483475 -119.726898 4.543253
v -90.249886 -120.151604 2.599522
v -89.636711 -119.712341 -2.003860
v -88.821739 -120.202316 0.210510
v -90.906181 -118.769371 -3.822361
v -92.505867 -117.465645 -5.066977
v -94.279182 -115.928833 -5.615881
v -96.052567 -114.309380 -5.415340
v -97.652382 -112.765747 -4.484985
v -98.922043 -111.449112 -2.915884
v -99.737274 -110.488297 -0.861635
v -100.018295 -109.977371 1.476675
v -99.737579 -109.966354 3.870165
v -98.922600 -110.456322 6.084541
v -97.653130 -111.399323 7.903038
v -96.053444 -112.703026 9.147652
v -94.280113 -114.239830 9.696556
v -92.506752 -115.859306 9.496021
v -90.906929 -117.402931 8.565662
v -89.637268 -118.719566 6.996567
v -88.822029 -119.680374 4.942318
v -88.541008 -120.191292 2.604004
v -88.100548 -119.416801 -2.692846
v -87.168114 -119.977386 -0.159327
v -89.552979 -118.337921 -4.773430
v -91.383217 -116.846313 -6.197424
v -93.412094 -115.088005 -6.825436
v -95.441048 -113.235138 -6.595995
v -97.271454 -111.469055 -5.531557
v -98.724106 -109.962646 -3.736311
v -99.656845 -108.863350 -1.385998
v -99.978363 -108.278793 1.289320
v -99.657173 -108.266190 4.027765
v -98.724739 -108.826767 6.561275
v -97.272301 -109.905693 8.641872
v -95.442070 -111.397293 10.065861
v -93.413170 -113.155571 10.693874
v -91.384224 -115.008446 10.464436
v -89.553825 -116.774536 9.399994
v -88.101181 -118.280945 7.604748
v -87.168442 -119.380241 5.254436
v -86.846931 -119.964783 2.579121
v -86.590012 -118.874130 -3.280764
v -85.563072 -119.491531 -0.490490
v -88.189636 -117.685898 -5.572206
v -90.205376 -116.043129 -7.140512
v -92.439865 -114.106644 -7.832170
v -94.674438 -112.065987 -7.579473
v -96.690331 -110.120918 -6.407162
v -98.290215 -108.461830 -4.429981
v -99.317467 -107.251152 -1.841475
v -99.671577 -106.607361 1.104975
v -99.317833 -106.593475 4.120947
v -98.290909 -107.210869 6.911221
v -96.691284 -108.399109 9.202663
v -94.675552 -110.041855 10.770966
v -92.441048 -111.978355 11.462627
v -90.206474 -114.019012 11.209934
v -88.190590 -115.964088 10.037617
v -86.590714 -117.623154 8.060436
v -85.563438 -118.833839 5.471931
v -85.209343 -119.477638 2.525486
v -85.142311 -118.097687 -3.753141
v -84.046158 -118.756691 -0.774815
v -86.849747 -116.829376 -6.199020
v -89.001320 -115.075882 -7.873024
v -91.386421 -113.008873 -8.611296
v -93.771606 -110.830688 -8.341572
v -95.923355 -108.754532 -7.090246
v -97.631073 -106.983650 -4.979815
v -98.727562 -105.691360 -2.216852
v -99.105522 -105.004181 0.928175
v -98.727943 -104.989372 4.147409
v -97.631798 -105.648376 7.125732
v -95.924355 -106.916679 9.571609
v -93.772781 -108.670158 11.245617
v -91.387688 -110.737160 11.983891
v -89.002518 -112.915359 11.714165
v -86.850746 -114.991516 10.462837
v -85.143051 -116.762398 8.352402
v -84.046555 -118.054703 5.589451
v -83.668610 -118.741867 2.444422
v -83.793098 -117.106590 -4.098349
v -82.654716 -117.790970 -1.005310
v -85.566284 -115.789413 -6.638439
v -87.800720 -113.968391 -8.376921
v -90.277725 -111.821777 -9.143631
v -92.754761 -109.559692 -8.863514
v -94.989380 -107.403572 -7.563992
v -96.762871 -105.564484 -5.372271
v -97.901588 -104.222397 -2.502892
v -98.294128 -103.508759 0.763269
v -97.901993 -103.493370 4.106501
v -96.763634 -104.177765 7.199547
v -94.990433 -105.494926 9.739624
v -92.755981 -107.315956 11.478111
v -90.279022 -109.462563 12.244823
v -87.801979 -111.724648 11.964706
v -85.567337 -113.880783 10.665188
v -83.793869 -115.719887 8.473465
v -82.655121 -117.061935 5.604080
v -82.262596 -117.775589 2.337925
v -82.575562 -115.925255 -4.307890
v -81.422989 -116.618179 -1.176292
v -84.370857 -114.591660 -6.879639
v -86.633156 -112.747917 -8.639793
v -89.141037 -110.574554 -9.416056
v -91.648933 -108.284279 -9.132448
v -93.911423 -106.101288 -7.816729
v -95.707008 -104.239250 -5.597689
v -96.859932 -102.880470 -2.692545
v -97.257347 -102.157913 0.614334
v -96.860336 -102.142326 3.999237
v -95.707779 -102.835258 7.130833
v -93.912483 -104.168854 9.702583
v -91.650185 -106.012566 11.462738
v -89.142342 -108.185928 12.238998
v -86.634422 -110.476212 11.955391
v -84.371941 -112.659225 10.639675
v -82.576347 -114.521248 8.420631
v -81.423409 -115.880035 5.515488
v -81.025993 -116.602562 2.208609
v -81.519730 -114.582741 -4.376602
v -80.381348 -115.267120 -1.283560
v -83.292923 -113.265579 -6.916687
v -85.527367 -111.444534 -8.655172
v -88.004341 -109.297935 -9.421881
v -90.481392 -107.035843 -9.141766
v -92.716019 -104.879723 -7.842243
v -94.489510 -103.040634 -5.650518
v -95.628235 -101.698563 -2.781141
v -96.020760 -100.984894 0.485020
v -95.628632 -100.969528 3.828255
v -94.490273 -101.653923 6.921295
v -92.717064 -102.971085 9.461372
v -90.482628 -104.792091 11.199863
v -88.005646 -106.938721 11.966568
v -85.528625 -109.200783 11.686455
v -83.293968 -111.356918 10.386932
v -81.520493 -113.196030 8.195213
v -80.381752 -114.538094 5.325832
v -79.989243 -115.251747 2.059675
v -80.651566 -113.112129 -4.302794
v -79.555420 -113.771133 -1.324467
v -82.358986 -111.843811 -6.748671
v -84.510567 -110.090332 -8.422676
v -86.895676 -108.023338 -9.160946
v -89.280846 -105.845139 -8.891224
v -91.432594 -103.768982 -7.639898
v -93.140297 -101.998100 -5.529463
v -94.236801 -100.705795 -2.766502
v -94.614769 -100.018608 0.378523
v -94.237198 -100.003807 3.597755
v -93.141029 -100.662827 6.576080
v -91.433609 -101.931122 9.021957
v -89.282036 -103.684601 10.695961
v -86.896919 -105.751610 11.434238
v -84.511765 -107.929802 11.164513
v -82.360001 -110.005951 9.913185
v -80.652298 -111.776855 7.802753
v -79.555809 -113.069145 5.039795
v -79.177826 -113.756332 1.894773
v -79.992462 -111.549637 -4.088280
v -78.965492 -112.167030 -1.298004
v -81.592064 -110.361389 -6.379723
v -83.607803 -108.718613 -7.948030
v -85.842300 -106.782135 -8.639687
v -88.076866 -104.741493 -8.386988
v -90.092773 -102.796417 -7.214676
v -91.692650 -101.137329 -5.237497
v -92.719917 -99.926666 -2.648991
v -93.074020 -99.282845 0.297459
v -92.720291 -99.268974 3.313433
v -91.693329 -99.886368 6.103706
v -90.093712 -101.074608 8.395142
v -88.077988 -102.717377 9.963448
v -85.843475 -104.653847 10.655106
v -83.608917 -106.694496 10.402412
v -81.593010 -108.639580 9.230095
v -79.993149 -110.298676 7.252918
v -78.965866 -111.509346 4.664415
v -78.611771 -112.153145 1.717968
v -79.558632 -109.933731 -3.738342
v -78.626167 -110.494286 -1.204824
v -81.011063 -108.854820 -5.818926
v -82.841293 -107.363213 -7.242924
v -84.870178 -105.604919 -7.870934
v -86.899132 -103.752060 -7.641495
v -88.729530 -101.985962 -6.577051
v -90.182175 -100.479561 -4.781805
v -91.114906 -99.380257 -2.431496
v -91.436432 -98.795700 0.243822
v -91.115242 -98.783112 2.982269
v -90.182816 -99.343697 5.515781
v -88.730385 -100.422600 7.596367
v -86.900139 -101.914192 9.020367
v -84.871246 -103.672470 9.648376
v -82.842300 -105.525352 9.418938
v -81.011917 -107.291451 8.354492
v -79.559258 -108.797859 6.559254
v -78.626511 -109.897141 4.208942
v -78.305008 -110.481689 1.533625
v -79.360756 -108.304184 -3.261597
v -78.545776 -108.794136 -1.047224
v -80.630234 -107.361176 -5.080097
v -82.229919 -106.057465 -6.324715
v -84.003250 -104.520660 -6.873615
v -85.776596 -102.901199 -6.673077
v -87.376419 -101.357590 -5.742720
v -88.646095 -100.040939 -4.173622
v -89.461357 -99.080124 -2.119373
v -89.742363 -98.569191 0.218943
v -89.461639 -98.558182 2.612429
v -88.646652 -99.048164 4.826805
v -87.377167 -99.991158 6.645306
v -85.777473 -101.294853 7.889923
v -84.004173 -102.831657 8.438824
v -82.230812 -104.451118 8.238277
v -80.630989 -105.994736 7.307926
v -79.361313 -107.311394 5.738827
v -78.546066 -108.272194 3.684578
v -78.265053 -108.783119 1.346268
v -79.403748 -106.701118 -2.669788
v -78.726280 -107.108421 -0.829082
v -80.459000 -105.917267 -4.181421
v -81.788727 -104.833549 -5.216017
v -83.262802 -103.556076 -5.672295
v -84.736931 -102.209877 -5.505594
v -86.066795 -100.926758 -4.732229
v -87.122200 -99.832275 -3.427912
v -87.799889 -99.033607 -1.720308
v -88.033485 -98.608887 0.223423
v -87.800133 -98.599731 2.213018
v -87.122665 -99.007027 4.053724
v -86.067413 -99.790894 5.565361
v -84.737656 -100.874603 6.599957
v -83.263580 -102.152084 7.056232
v -81.789474 -103.498260 6.889530
v -80.459633 -104.781395 6.116165
v -79.404198 -105.875870 4.811855
v -78.726524 -106.674545 3.104246
v -78.492928 -107.099243 1.160515
v -96.407875 -117.447044 2.300825
v -80.258057 -105.849548 -1.925648
v -79.730560 -106.166687 -0.492390
v -81.079720 -105.239189 -3.102671
v -82.115120 -104.395370 -3.908253
v -83.262901 -103.400673 -4.263531
v -84.410706 -102.352486 -4.133728
v -85.446198 -101.353363 -3.531557
v -86.267990 -100.501152 -2.515953
v -86.795670 -99.879280 -1.186338
v -86.977547 -99.548576 0.327139
v -86.795853 -99.541466 1.876328
v -86.268341 -99.858582 3.309586
v -85.446693 -100.468933 4.486609
v -84.411270 -101.312775 5.292191
v -83.263489 -102.307472 5.647469
v -82.115692 -103.355659 5.517666
v -81.080215 -104.354767 4.915493
v -80.258408 -105.206970 3.899891
v -79.730743 -105.828857 2.570278
v -79.548866 -106.159554 1.056801
v -67.647224 -95.174156 -4.650570
v -66.842735 -95.657837 -2.464682
v -68.900345 -94.243294 -6.445671
v -70.479477 -92.956360 -7.674278
v -72.229973 -91.439316 -8.216118
v -73.980537 -89.840675 -8.018162
v -75.559746 -88.316948 -7.099771
v -76.813095 -87.017242 -5.550859
v -77.617867 -86.068787 -3.523039
v -77.895241 -85.564430 -1.214806
v -77.618126 -85.553566 1.147888
v -76.813629 -86.037247 3.333775
v -75.560493 -86.968079 5.128880
v -73.981384 -88.255005 6.357475
v -72.230896 -89.772026 6.899326
v -70.480339 -91.370682 6.701363
v -68.901093 -92.894424 5.782974
v -67.647774 -94.194168 4.234062
v -66.843010 -95.142616 2.206244
v -66.565613 -95.646957 -0.101986
v -55.781956 -82.001541 -6.102833
v -54.977455 -82.485222 -3.916945
v -57.035091 -81.070686 -7.897934
v -58.614204 -79.783737 -9.126543
v -60.364708 -78.266708 -9.668381
v -62.115269 -76.668076 -9.470421
v -63.694492 -75.144325 -8.552034
v -64.947830 -73.844620 -7.003124
v -65.752594 -72.896164 -4.975304
v -66.029984 -72.391808 -2.667070
v -65.752861 -72.380943 -0.304375
v -64.948372 -72.864616 1.881510
v -63.695232 -73.795479 3.676613
v -62.116135 -75.082405 4.905220
v -60.365620 -76.599426 5.447060
v -58.615078 -78.198082 5.249104
v -57.035828 -79.721817 4.330709
v -55.782505 -81.021538 2.781799
v -54.977737 -81.969994 0.753983
v -54.700340 -82.474342 -1.554247
v 91.090988 61.499283 -29.393404
v 86.378342 63.327366 -40.647858
v 89.623169 68.579201 -41.070259
v 94.277794 66.773621 -29.954372
v 79.145271 67.234825 -49.847214
v 82.479156 72.438553 -50.156349
v 70.099815 72.839172 -56.090973
v 73.545067 77.973885 -56.323242
v 60.127377 79.591797 -58.767952
v 63.695412 84.643379 -58.967262
v 50.204151 86.831718 -57.616116
v 53.894360 91.794159 -57.829609
v 41.301483 93.850243 -52.748211
v 45.101303 98.726273 -53.021637
v 34.290836 99.960342 -44.640739
v 38.176975 104.761139 -45.013985
v 29.858458 104.563919 -34.087322
v 33.799160 109.308052 -34.590504
v 28.438211 107.210365 -22.121000
v 32.396404 111.921906 -22.771509
v 30.169130 107.640587 -9.913116
v 34.106010 112.346840 -10.713928
v 34.881775 105.812500 1.341331
v 38.760632 110.541245 0.401957
v 42.114841 101.905037 10.540680
v 45.904652 106.681908 9.488052
v 51.160309 96.300705 16.784439
v 54.838745 101.146561 15.654938
v 61.132732 89.548073 19.461422
v 64.688393 94.477074 18.298962
v 71.055954 82.308151 18.309586
v 74.489441 87.326286 17.161304
v 79.958618 75.289627 13.441681
v 83.282509 80.394173 12.353336
v 86.969261 69.179535 5.334217
v 90.206833 74.359299 4.345686
v 91.401642 64.575951 -5.219200
v 94.584641 69.812401 -6.077797
v 92.821884 61.929520 -17.185520
v 95.987396 67.198547 -17.896793
v 92.154114 74.224762 -40.965313
v 96.636101 72.486153 -30.261700
v 85.275063 77.940979 -49.714417
v 76.672310 83.271019 -55.652580
v 67.187981 89.693153 -58.198547
v 57.750431 96.578728 -57.103081
v 49.283497 103.253723 -52.473434
v 42.615974 109.064781 -44.762775
v 38.400528 113.443039 -34.725883
v 37.049797 115.959946 -23.345236
v 38.695999 116.369125 -11.734851
v 43.177982 114.630516 -1.031239
v 50.057037 110.914299 7.717865
v 58.659786 105.584267 13.656029
v 68.144127 99.162125 16.201996
v 77.581680 92.276550 15.106529
v 86.048607 85.601555 10.476883
v 92.716133 79.790489 2.766226
v 96.931572 75.412231 -7.270666
v 98.282303 72.895332 -18.651316
v 93.908829 80.125061 -40.335594
v 98.107826 78.496231 -30.307810
v 87.464111 83.606628 -48.532280
v 79.404549 88.600128 -54.095505
v 70.519051 94.616760 -56.480713
v 61.677399 101.067581 -55.454418
v 53.745068 107.321121 -51.117088
v 47.498535 112.765274 -43.893284
v 43.549259 116.867096 -34.490124
v 42.283806 119.225082 -23.828054
v 43.826065 119.608414 -12.950753
v 48.025066 117.979576 -2.922968
v 54.469776 114.498001 5.273712
v 62.529339 109.504509 10.836941
v 71.414833 103.487877 13.222157
v 80.256485 97.037056 12.195854
v 88.188828 90.783508 7.858528
v 94.435349 85.339363 0.634722
v 98.384628 81.237549 -8.768440
v 99.650078 78.879570 -19.430510
v 94.844101 86.134819 -39.196609
v 98.656708 84.655853 -30.091570
v 88.992439 89.296005 -46.639038
v 81.674500 93.830009 -51.690346
v 73.606628 99.293007 -53.856071
v 65.578583 105.150223 -52.924217
v 58.376179 110.828331 -48.986000
v 52.704445 115.771500 -42.426922
v 49.118572 119.495872 -33.889030
v 47.969566 121.636879 -24.208076
v 49.369907 121.984940 -14.331694
v 53.182522 120.505997 -5.226654
v 59.034199 117.344795 2.215775
v 66.352127 112.810791 7.267086
v 74.419983 107.347801 9.432808
v 82.448051 101.490578 8.500954
v 89.650452 95.812477 4.562737
v 95.322189 90.869293 -1.996342
v 98.908058 87.144936 -10.534229
v 100.057053 85.003922 -20.215187
v 94.936920 92.106018 -37.576401
v 98.269257 90.813377 -29.618305
v 89.822365 94.869003 -44.081326
v 83.426254 98.831879 -48.496323
v 76.374695 103.606697 -50.389240
v 69.357910 108.726097 -49.574768
v 63.062778 113.688942 -46.132645
v 58.105507 118.009438 -40.399796
v 54.971340 121.264664 -32.937408
v 53.967075 123.135971 -24.475941
v 55.191021 123.440186 -15.843666
v 58.523361 122.147530 -7.885571
v 63.637909 119.384537 -1.380648
v 70.034012 115.421684 3.034353
v 77.085594 110.646858 4.927269
v 84.102356 105.527458 4.112797
v 90.397499 100.564613 0.670671
v 95.354767 96.244118 -5.062174
v 98.488937 92.988899 -12.524564
v 99.493195 91.117592 -20.986031
v 94.184982 97.891670 -35.514862
v 96.955009 96.817146 -28.899668
v 89.933495 100.188416 -40.922108
v 84.616699 103.482567 -44.592094
v 78.755058 107.451660 -46.165588
v 72.922333 111.707176 -45.488556
v 67.689484 115.832558 -42.627274
v 63.568729 119.423988 -37.861824
v 60.963440 122.129906 -31.658686
v 60.128643 123.685432 -24.625059
v 61.146053 123.938324 -17.449446
v 63.916069 122.863800 -10.834248
v 68.167564 120.567055 -5.427006
v 73.484352 117.272903 -1.757017
v 79.345993 113.303810 -0.183527
v 85.178711 109.048302 -0.860558
v 90.411583 104.922913 -3.721838
v 94.532326 101.331490 -8.487288
v 97.137611 98.625572 -14.690430
v 97.972412 97.070038 -21.724056
v 92.606819 103.349297 -33.062763
v 94.746307 102.519356 -27.953352
v 89.323074 105.123253 -37.239182
v 85.216507 107.667564 -40.073784
v 80.689133 110.733192 -41.289112
v 76.184082 114.020042 -40.766190
v 72.142357 117.206383 -38.556210
v 68.959587 119.980316 -34.875496
v 66.947334 122.070297 -30.084347
v 66.302551 123.271744 -24.651752
v 67.088379 123.467064 -19.109489
v 69.227867 122.637131 -14.000078
v 72.511612 120.863182 -9.823662
v 76.618172 118.318871 -6.989054
v 81.145554 115.253235 -5.773727
v 85.650612 111.966393 -6.296652
v 89.692329 108.780045 -8.506632
v 92.875099 106.006126 -12.187346
v 94.887352 103.916138 -16.978493
v 95.532127 102.714676 -22.411091
v 90.241272 108.344505 -30.280476
v 91.697556 107.779602 -26.802662
v 88.006126 109.551979 -33.123230
v 85.210930 111.283813 -35.052658
v 82.129280 113.370491 -35.879890
v 79.062836 115.607742 -35.523956
v 76.311760 117.776588 -34.019691
v 74.145355 119.664726 -31.514347
v 72.775673 121.087296 -28.253162
v 72.336800 121.905098 -24.555367
v 72.871674 122.038040 -20.782925
v 74.327957 121.473129 -17.305107
v 76.563103 120.265671 -14.462353
v 79.358307 118.533821 -12.532926
v 82.439957 116.447151 -11.705692
v 85.506401 114.209885 -12.061629
v 88.257477 112.041046 -13.565892
v 90.423882 110.152931 -16.071238
v 91.793556 108.730331 -19.332422
v 92.232437 107.912552 -23.030218
v 87.146606 112.754311 -27.236511
v 87.883827 112.468346 -25.475929
v 86.015099 113.365578 -28.675608
v 84.600090 114.242287 -29.652346
v 83.040047 115.298630 -30.071117
v 81.487717 116.431206 -29.890932
v 80.095032 117.529137 -29.129425
v 78.998322 118.484970 -27.861137
v 78.304947 119.205132 -26.210220
v 78.082771 119.619118 -24.338276
v 78.353546 119.686417 -22.428541
v 79.090767 119.400444 -20.667959
v 80.222275 118.789185 -19.228863
v 81.637283 117.912476 -18.252125
v 83.197327 116.856140 -17.833351
v 84.749649 115.723564 -18.013538
v 86.142342 114.625626 -18.775045
v 87.239044 113.669785 -20.043335
v 87.932426 112.949631 -21.694250
v 88.154602 112.535645 -23.566196
v 83.399017 116.470131 -24.005821
v 95.348312 -118.120506 1.856960
v 95.151436 -118.312508 1.400206
v 96.013397 -117.319733 0.307861
v 96.402290 -116.940483 1.210127
v 94.844765 -118.571747 1.049500
v 95.407600 -117.831802 -0.384916
v 94.458298 -118.872849 0.839176
v 94.644211 -118.426605 -0.800385
v 94.029915 -119.186386 0.789825
v 93.797966 -119.045921 -0.897877
v 93.601494 -119.481613 0.906269
v 92.951683 -119.629112 -0.667847
v 93.215027 -119.729645 1.177120
v 92.188263 -120.119072 -0.132818
v 92.908287 -119.906197 1.575859
v 91.582359 -120.467880 0.654842
v 92.711349 -119.994049 2.063459
v 91.193314 -120.641357 1.618032
v 92.643463 -119.984497 2.592182
v 91.059219 -120.622536 2.662466
v 92.711273 -119.878571 3.110285
v 91.193199 -120.413254 3.685905
v 92.908173 -119.686569 3.567039
v 91.582115 -120.034019 4.588173
v 93.214859 -119.427338 3.917744
v 92.187927 -119.521919 5.280949
v 93.601288 -119.126221 4.128067
v 92.951309 -118.927116 5.696415
v 94.029701 -118.812721 4.177422
v 93.797539 -118.307777 5.793911
v 94.458099 -118.517464 4.060972
v 94.643829 -117.724617 5.563881
v 94.844589 -118.269440 3.790123
v 95.407272 -117.234642 5.028854
v 95.151306 -118.092873 3.391384
v 96.013145 -116.885864 4.241188
v 95.348251 -118.005043 2.903788
v 96.402176 -116.712379 3.278002
v 95.416138 -118.014565 2.375063
v 96.536263 -116.731178 2.233566
v 96.672455 -116.154060 -0.754555
v 97.243835 -115.596878 0.571012
v 95.782455 -116.906395 -1.772337
v 94.660919 -117.780243 -2.382721
v 93.417679 -118.690117 -2.525949
v 92.174370 -119.546898 -2.188007
v 91.052773 -120.266716 -1.401968
v 90.162628 -120.779144 -0.244783
v 89.591064 -121.034012 1.170280
v 89.394073 -121.006378 2.704702
v 89.590881 -120.698914 4.208286
v 90.162270 -120.141739 5.533848
v 91.052269 -119.389412 6.551628
v 92.173805 -118.515564 7.162010
v 93.417084 -117.605698 7.305248
v 94.660355 -116.748917 6.967297
v 95.781952 -116.029091 6.181259
v 96.672096 -115.516647 5.024075
v 97.243652 -115.261780 3.609015
v 97.440659 -115.289429 2.074594
v 97.112404 -114.844246 -1.760866
v 97.852180 -114.122879 -0.044651
v 95.960098 -115.818306 -3.078606
v 94.508049 -116.949692 -3.868870
v 92.898399 -118.127701 -4.054308
v 91.288704 -119.236977 -3.616774
v 89.836548 -120.168953 -2.599083
v 88.684082 -120.832390 -1.100866
v 87.944084 -121.162376 0.731230
v 87.689011 -121.126579 2.717854
v 87.943840 -120.728516 4.664558
v 88.683617 -120.007141 6.380775
v 89.835915 -119.033089 7.698505
v 91.287964 -117.901680 8.488770
v 92.897614 -116.723701 8.674221
v 94.507324 -115.614410 8.236679
v 95.959480 -114.682449 7.218990
v 97.111938 -114.018990 5.720776
v 97.851921 -113.689011 3.888680
v 98.107002 -113.724815 1.902050
v 97.322380 -113.422508 -2.686308
v 98.212334 -112.554718 -0.621698
v 95.936172 -114.594299 -4.271547
v 94.189346 -115.955383 -5.222240
v 92.252930 -117.372505 -5.445322
v 90.316475 -118.706993 -4.918962
v 88.569504 -119.828148 -3.694685
v 87.183075 -120.626282 -1.892323
v 86.292870 -121.023232 0.311687
v 85.986015 -120.980164 2.701605
v 86.292580 -120.501312 5.043491
v 87.182518 -119.633507 7.108101
v 88.568764 -118.461708 8.693336
v 90.315575 -117.100647 9.644039
v 92.251991 -115.683487 9.867115
v 94.188461 -114.349022 9.340752
v 95.935425 -113.227852 8.116470
v 97.321831 -112.429733 6.314117
v 98.212051 -112.032776 4.110106
v 98.518906 -112.075836 1.720188
v 97.297234 -111.923882 -3.508091
v 98.315468 -110.931015 -1.145916
v 95.711243 -113.264557 -5.321800
v 93.712654 -114.821800 -6.409506
v 91.497162 -116.443146 -6.664740
v 89.281609 -117.969955 -6.062525
v 87.282875 -119.252731 -4.661797
v 85.696617 -120.165871 -2.599674
v 84.678123 -120.620049 -0.078014
v 84.327042 -120.570778 2.656349
v 84.677788 -120.022896 5.335751
v 85.695992 -119.030022 7.697914
v 87.282043 -117.689346 9.511627
v 89.280609 -116.132095 10.599339
v 91.496094 -114.510719 10.854572
v 93.711655 -112.983940 10.252354
v 95.710373 -111.701164 8.851624
v 97.296608 -110.788033 6.789505
v 98.315132 -110.333855 4.267845
v 98.666191 -110.383118 1.533485
v 97.037590 -110.385254 -4.205975
v 98.158989 -109.291748 -1.604410
v 95.290848 -111.861794 -6.203493
v 93.089714 -113.576859 -7.401428
v 90.649712 -115.362541 -7.682533
v 88.209610 -117.044067 -7.019279
v 86.008324 -118.456833 -5.476597
v 84.261307 -119.462517 -3.205492
v 83.139595 -119.962723 -0.428280
v 82.752953 -119.908470 2.583197
v 83.139229 -119.305038 5.534142
v 84.260620 -118.211555 8.135704
v 86.007385 -116.735008 10.133217
v 88.208496 -115.019951 11.331161
v 90.648521 -113.234261 11.612267
v 93.088608 -111.552734 10.949013
v 95.289902 -110.139977 9.406326
v 97.036896 -109.134285 7.135223
v 98.158615 -108.634079 4.358009
v 98.545273 -108.688324 1.346537
v 96.549828 -108.844498 -4.762775
v 97.746803 -107.677299 -1.985880
v 94.685356 -110.420555 -6.894918
v 92.335884 -112.251205 -8.173592
v 89.731407 -114.157234 -8.473642
v 87.126869 -115.952095 -7.765690
v 84.777214 -117.460060 -6.119038
v 82.912476 -118.533562 -3.694868
v 81.715149 -119.067451 -0.730476
v 81.302460 -119.009537 2.483953
v 81.714767 -118.365463 5.633781
v 82.911743 -117.198280 8.410675
v 84.776215 -115.622185 10.542816
v 87.125687 -113.791557 11.821495
v 89.730148 -111.885529 12.121544
v 92.334702 -110.090683 11.413589
v 94.684357 -108.582687 9.766941
v 96.549088 -107.509216 7.342770
v 97.746414 -106.975319 4.378384
v 98.159111 -107.033234 1.163952
v 95.845963 -107.339584 -5.164787
v 97.089027 -106.127419 -2.280933
v 93.909660 -108.976341 -7.379057
v 91.469704 -110.877487 -8.706980
v 88.764893 -112.856972 -9.018583
v 86.060043 -114.720940 -8.283365
v 83.619904 -116.286987 -6.573286
v 81.683342 -117.401817 -4.055748
v 80.439873 -117.956291 -0.977180
v 80.011284 -117.896156 2.361067
v 80.439476 -117.227257 5.632214
v 81.682579 -116.015114 8.516068
v 83.618843 -114.378342 10.730331
v 86.058823 -112.477180 12.058258
v 88.763596 -110.497757 12.369865
v 91.468452 -108.633743 11.634647
v 93.908615 -107.067703 9.924568
v 95.845192 -105.952873 7.407024
v 97.088631 -105.398376 4.328463
v 97.517235 -105.458534 0.990219
v 94.943314 -105.907524 -5.402109
v 96.201881 -104.680260 -2.482307
v 92.982872 -107.564697 -7.643974
v 90.512489 -109.489548 -8.988453
v 87.773987 -111.493698 -9.303944
v 85.035423 -113.380905 -8.559559
v 82.564865 -114.966476 -6.828163
v 80.604141 -116.095207 -4.279242
v 79.345200 -116.656593 -1.162306
v 78.911247 -116.595680 2.217554
v 79.344788 -115.918457 5.529484
v 80.603371 -114.691193 8.449280
v 82.563797 -113.034042 10.691147
v 85.034164 -111.109192 12.035633
v 87.772667 -109.105064 12.351116
v 90.511230 -107.217850 11.606731
v 92.981812 -105.632271 9.875336
v 94.942528 -104.503532 7.326416
v 96.201454 -103.942131 4.209478
v 96.635399 -104.003036 0.829620
v 93.864090 -104.583641 -5.468897
v 95.107193 -103.371475 -2.585041
v 91.927818 -106.220406 -7.683165
v 89.487831 -108.121552 -9.011091
v 86.783051 -110.101013 -9.322691
v 84.078201 -111.964989 -8.587473
v 81.638054 -113.531052 -6.877398
v 79.701477 -114.645897 -4.359854
v 78.458038 -115.200333 -1.281292
v 78.029419 -115.140198 2.056953
v 78.457649 -114.471313 5.328102
v 79.700722 -113.259178 8.211964
v 81.637016 -111.622391 10.426224
v 84.076950 -109.721252 11.754150
v 86.781761 -107.741798 12.065758
v 89.486595 -105.877831 11.330540
v 91.926750 -104.311745 9.620461
v 93.863335 -103.196930 7.102921
v 95.106796 -102.642456 4.024355
v 95.535393 -102.702606 0.686111
v 92.634926 -103.400475 -5.363506
v 93.831902 -102.233292 -2.586609
v 90.770439 -104.976532 -7.495647
v 88.420967 -106.807182 -8.774328
v 85.816505 -108.713226 -9.074371
v 83.211967 -110.508064 -8.366423
v 80.862320 -112.016037 -6.719767
v 78.997581 -113.089508 -4.295601
v 77.800240 -113.623444 -1.331211
v 77.387543 -113.565514 1.883226
v 77.799858 -112.921455 5.033051
v 78.996849 -111.754234 7.809944
v 80.861313 -110.178185 9.942089
v 83.210777 -108.347542 11.220764
v 85.815239 -106.441505 11.520813
v 88.419777 -104.646660 10.812859
v 90.769440 -103.138680 9.166210
v 92.634186 -102.065201 6.742039
v 93.831520 -101.531296 3.777655
v 94.244232 -101.589188 0.563217
v 91.286034 -102.387207 -5.088537
v 92.407448 -101.293678 -2.486973
v 89.539268 -103.863724 -7.086052
v 87.338142 -105.578804 -8.283989
v 84.898125 -107.364479 -8.565092
v 82.458061 -109.046005 -7.901842
v 80.256760 -110.458763 -6.359158
v 78.509750 -111.464470 -4.088053
v 77.388031 -111.964684 -1.310837
v 77.001366 -111.910416 1.700634
v 77.387665 -111.306999 4.651585
v 78.509079 -110.213501 7.253143
v 80.255814 -108.736946 9.250660
v 82.456947 -107.021889 10.448601
v 84.896942 -105.236198 10.729710
v 87.337029 -103.554688 10.066452
v 89.538322 -102.141907 8.523766
v 91.285347 -101.136246 6.252663
v 92.407074 -100.636017 3.475451
v 92.793724 -100.690285 0.463978
v 89.850662 -101.568741 -4.650749
v 90.868874 -100.575844 -2.288576
v 88.264633 -102.909409 -6.464457
v 86.266060 -104.466637 -7.552166
v 84.050560 -106.088013 -7.807400
v 81.835022 -107.614815 -7.205181
v 79.836288 -108.897583 -5.804451
v 78.250046 -109.810715 -3.742331
v 77.231537 -110.264893 -1.220675
v 76.880455 -110.215622 1.513689
v 77.231201 -109.667747 4.193092
v 78.249420 -108.674866 6.555264
v 79.835442 -107.334190 8.368965
v 81.834023 -105.776947 9.456673
v 84.049484 -104.155579 9.711914
v 86.265045 -102.628784 9.109695
v 88.263786 -101.346031 7.708965
v 89.850029 -100.432884 5.646847
v 90.868546 -99.978699 3.125189
v 91.219612 -100.027969 0.390827
v 88.364143 -100.965240 -4.060932
v 89.254074 -100.097443 -1.996317
v 86.977898 -102.137032 -5.646170
v 85.231071 -103.498123 -6.596861
v 83.294662 -104.915253 -6.819941
v 81.358215 -106.249710 -6.293587
v 79.611259 -107.370880 -5.069302
v 78.224823 -108.169014 -3.266947
v 77.334602 -108.565987 -1.062931
v 77.027748 -108.522911 1.326984
v 77.334312 -108.044060 3.668873
v 78.224274 -107.176254 5.733482
v 79.610512 -106.004448 7.318722
v 81.357323 -104.643372 8.269409
v 83.293732 -103.226242 8.492493
v 85.230171 -101.891777 7.966133
v 86.977142 -100.770607 6.741856
v 88.363579 -99.972466 4.939495
v 89.253777 -99.575500 2.735489
v 89.560638 -99.618561 0.345570
v 86.863060 -100.591606 -3.333603
v 87.602837 -99.870232 -1.617388
v 85.710732 -101.565674 -4.651337
v 84.258690 -102.697044 -5.441607
v 82.649055 -103.875053 -5.627047
v 81.039352 -104.984329 -5.189507
v 79.587196 -105.916313 -4.171820
v 78.434715 -106.579750 -2.673597
v 77.694733 -106.909737 -0.841507
v 77.439644 -106.873932 1.145124
v 77.694473 -106.475876 3.091825
v 78.434258 -105.754501 4.808037
v 79.586578 -104.780449 6.125771
v 81.038620 -103.649048 6.916039
v 82.648277 -102.471054 7.101479
v 84.257950 -101.361778 6.663940
v 85.710098 -100.429810 5.646255
v 86.862587 -99.766357 4.148039
v 87.602585 -99.436371 2.315943
v 87.857643 -99.472176 0.329315
v 94.107788 -119.107986 2.495588
v 85.930161 -101.163025 -2.432503
v 86.506180 -100.601334 -1.096184
v 85.032921 -101.921455 -3.458548
v 83.902290 -102.802429 -4.073891
v 82.648956 -103.719643 -4.218281
v 81.395592 -104.583397 -3.877592
v 80.264854 -105.309074 -3.085176
v 79.367477 -105.825653 -1.918596
v 78.791290 -106.082611 -0.492046
v 78.592705 -106.054733 1.054832
v 78.791115 -105.744789 2.570621
v 79.367126 -105.183075 3.906942
v 80.264366 -104.424644 4.932987
v 81.395020 -103.543678 5.548325
v 82.648369 -102.626427 5.692719
v 83.901726 -101.762718 5.352032
v 85.032425 -101.037033 4.559616
v 85.929810 -100.520447 3.393036
v 86.505989 -100.263512 1.966486
v 86.704613 -100.291397 0.419609
v 78.035309 -86.732780 -5.572844
v 78.913834 -85.876144 -3.534794
v 76.666924 -87.889473 -7.137684
v 74.942566 -89.233047 -8.076147
v 73.031059 -90.631958 -8.296360
v 71.119492 -91.949249 -7.776773
v 69.395058 -93.055984 -6.568243
v 68.026459 -93.843857 -4.789074
v 67.147705 -94.235733 -2.613417
v 66.844803 -94.193207 -0.254244
v 67.147423 -93.720505 2.057510
v 68.025932 -92.863853 4.095558
v 69.394302 -91.707123 5.660404
v 71.118645 -90.363564 6.598866
v 73.030136 -88.964668 6.819077
v 74.941696 -87.647369 6.299492
v 76.666168 -86.540611 5.090961
v 78.034790 -85.752785 3.311789
v 78.913544 -85.360924 1.136133
v 79.216438 -85.403435 -1.223040
v 67.691513 -72.348824 -7.160069
v 68.570045 -71.492188 -5.122015
v 66.323135 -73.505531 -8.724911
v 64.598785 -74.849098 -9.663372
v 62.687275 -76.248016 -9.883587
v 60.775738 -77.565308 -9.364000
v 59.051254 -78.672043 -8.155468
v 57.682663 -79.459915 -6.376301
v 56.803890 -79.851784 -4.200640
v 56.501003 -79.809258 -1.841469
v 56.803612 -79.336555 0.470287
v 57.682125 -78.479919 2.508335
v 59.050526 -77.323181 4.073179
v 60.774876 -75.979630 5.011639
v 62.686356 -74.580727 5.231853
v 64.597916 -73.263428 4.712265
v 66.322380 -72.156662 3.503735
v 67.690979 -71.368820 1.724567
v 68.569756 -70.976967 -0.451090
v 68.872643 -71.019455 -2.810263
v 59.584076 78.795898 -25.140244
v 59.127285 79.105049 -26.228518
v 87.467369 117.660408 -26.809187
v 87.924156 117.351250 -25.720913
v 58.420063 79.595802 -27.093142
v 86.760147 118.151161 -27.673811
v 57.531639 80.220108 -27.649481
v 85.871727 118.775467 -28.230152
v 56.548977 80.916870 -27.843079
v 84.889069 119.472214 -28.423748
v 55.568264 81.617859 -27.654982
v 83.908356 120.173203 -28.235651
v 54.685497 82.254478 -27.103603
v 83.025589 120.809837 -27.684273
v 53.987103 82.764404 -26.242916
v 82.327187 121.319756 -26.823586
v 53.541424 83.097733 -25.157171
v 81.881508 121.653084 -25.737841
v 53.392101 83.221817 -23.952648
v 81.732178 121.777161 -24.533318
v 53.553738 83.124519 -22.747253
v 81.893829 121.679871 -23.327923
v 54.010532 82.815369 -21.658979
v 82.350616 121.370712 -22.239649
v 54.717751 82.324615 -20.794355
v 83.057838 120.879967 -21.375025
v 55.606174 81.700302 -20.238016
v 83.946259 120.255653 -20.818686
v 56.588840 81.003548 -20.044418
v 84.928932 119.558899 -20.625088
v 57.569550 80.302551 -20.232515
v 85.909645 118.857903 -20.813185
v 58.452312 79.665939 -20.783894
v 86.792397 118.221291 -21.364563
v 59.150715 79.156013 -21.644581
v 87.490807 117.711349 -22.225250
v 59.596390 78.822685 -22.730326
v 87.936478 117.378044 -23.310995
v 59.745712 78.698601 -23.934849
v 88.085800 117.253952 -24.515518
v 87.906464 118.413765 -26.762331
v 88.351799 118.112350 -25.701342
v 87.216980 118.892212 -27.605276
v 86.350822 119.500854 -28.147667
v 85.392799 120.180153 -28.336411
v 84.436684 120.863564 -28.153030
v 83.576050 121.484230 -27.615477
v 82.895164 121.981361 -26.776369
v 82.460648 122.306328 -25.717846
v 82.315079 122.427299 -24.543524
v 82.472656 122.332451 -23.368351
v 82.917999 122.031036 -22.307364
v 83.607483 121.552597 -21.464417
v 84.473633 120.943947 -20.922026
v 85.431664 120.264648 -20.733282
v 86.387787 119.581245 -20.916662
v 87.248413 118.960571 -21.454216
v 87.929306 118.463440 -22.293324
v 88.363808 118.138474 -23.351847
v 88.509384 118.017509 -24.526169
v 88.195259 119.222366 -26.603256
v 88.606796 118.943825 -25.622757
v 87.558067 119.664513 -27.382256
v 86.757622 120.226997 -27.883501
v 85.872284 120.854744 -28.057926
v 84.988686 121.486320 -27.888456
v 84.193344 122.059891 -27.391684
v 83.564110 122.519318 -26.616232
v 83.162575 122.819641 -25.638008
v 83.028038 122.931435 -24.552771
v 83.173660 122.843773 -23.466749
v 83.585220 122.565231 -22.486248
v 84.222404 122.123077 -21.707249
v 85.022850 121.560593 -21.206003
v 85.908188 120.932846 -21.031578
v 86.791779 120.301270 -21.201048
v 87.587120 119.727699 -21.697823
v 88.216362 119.268272 -22.473274
v 88.617897 118.967957 -23.451496
v 88.752441 118.856163 -24.536734
v 88.319252 120.045670 -26.339943
v 88.676384 119.803970 -25.489096
v 87.766335 120.429359 -27.015932
v 87.071732 120.917450 -27.450897
v 86.303459 121.462204 -27.602257
v 85.536697 122.010262 -27.455196
v 84.846527 122.507988 -27.024113
v 84.300491 122.906662 -26.351200
v 83.952057 123.167274 -25.502331
v 83.835312 123.264290 -24.560596
v 83.961693 123.188210 -23.618181
v 84.318825 122.946503 -22.767336
v 84.871742 122.562813 -22.091345
v 85.566345 122.074707 -21.656382
v 86.334618 121.529976 -21.505020
v 87.101379 120.981911 -21.652081
v 87.791534 120.484184 -22.083166
v 88.337578 120.085503 -22.756077
v 88.686020 119.824913 -23.604946
v 88.802765 119.727898 -24.546680
v 88.272255 120.842400 -25.985590
v 88.557053 120.649651 -25.307062
v 87.831306 121.148384 -26.524673
v 87.277382 121.537628 -26.871546
v 86.664703 121.972038 -26.992252
v 86.053238 122.409103 -26.874975
v 85.502846 122.806030 -26.531197
v 85.067398 123.123962 -25.994568
v 84.789520 123.331795 -25.317617
v 84.696434 123.409149 -24.566608
v 84.797211 123.348488 -23.815058
v 85.082008 123.155739 -23.136532
v 85.522949 122.849762 -22.597446
v 86.076881 122.460503 -22.250574
v 86.689560 122.026085 -22.129869
v 87.301025 121.589027 -22.247145
v 87.851418 121.192093 -22.590923
v 88.286865 120.874168 -23.127552
v 88.564743 120.666344 -23.804502
v 88.657837 120.588974 -24.555511
v 88.056595 121.572571 -25.557968
v 88.254799 121.438446 -25.085783
v 87.749741 121.785507 -25.933113
v 87.364281 122.056389 -26.174500
v 86.937912 122.358696 -26.258499
v 86.512398 122.662849 -26.176888
v 86.129387 122.939056 -25.937653
v 85.826363 123.160316 -25.564215
v 85.632988 123.304932 -25.093128
v 85.568192 123.358772 -24.570505
v 85.638329 123.316551 -24.047504
v 85.836517 123.182426 -23.575321
v 86.143372 122.969482 -23.200174
v 86.528854 122.698616 -22.958788
v 86.955208 122.396309 -22.874788
v 87.380730 122.092148 -22.956400
v 87.763741 121.815941 -23.195635
v 88.066772 121.594688 -23.569073
v 88.260139 121.450066 -24.040159
v 88.324921 121.396233 -24.562782
v 87.683113 122.199638 -25.078518
v 87.784767 122.130829 -24.836355
v 87.525749 122.308830 -25.270916
v 87.328049 122.447746 -25.394712
v 87.109398 122.602791 -25.437792
v 86.891167 122.758774 -25.395937
v 86.694733 122.900444 -25.273243
v 86.539322 123.013916 -25.081722
v 86.440140 123.088081 -24.840122
v 86.406921 123.115700 -24.572090
v 86.442894 123.094048 -24.303865
v 86.544525 123.025246 -24.061701
v 86.701912 122.916054 -23.869305
v 86.899597 122.777130 -23.745508
v 87.118256 122.622086 -23.702429
v 87.336487 122.466103 -23.744284
v 87.532928 122.324432 -23.866976
v 87.688332 122.210968 -24.058496
v 87.787498 122.136803 -24.300098
v 87.820724 122.109184 -24.568130
v 87.170525 122.692085 -24.571285
v -27.770472 106.341583 -29.393404
v -31.059402 102.503113 -40.647858
v -34.936146 107.307434 -41.070259
v -31.687704 111.098648 -29.954372
v -37.146523 96.977486 -49.847214
v -40.948318 101.849846 -50.156349
v -45.435970 90.305588 -56.090973
v -49.135700 95.260094 -56.323242
v -55.116329 83.140518 -58.767952
v -58.696861 88.183243 -58.967262
v -65.239998 76.183647 -57.616116
v -68.695892 81.312027 -57.829609
v -74.816002 70.115936 -52.748211
v -78.154015 75.319023 -53.021637
v -82.907005 65.531372 -44.640739
v -86.145386 70.790894 -45.013985
v -88.720978 62.878696 -34.087322
v -91.887779 68.170883 -34.590504
v -91.688828 62.417576 -22.121000
v -94.819084 67.715439 -22.771509
v -91.520004 64.193146 -9.913116
v -94.652344 69.469154 -10.713928
v -88.231071 68.031616 1.341331
v -91.403900 73.260361 0.401957
v -82.143959 73.557251 10.540680
v -85.391739 78.717957 9.488052
v -73.854515 80.229126 16.784439
v -77.204353 85.307701 15.654938
v -64.174164 87.394196 19.461422
v -67.643188 92.384552 18.298962
v -54.050491 94.351074 18.309586
v -57.644157 99.255783 17.161304
v -44.474472 100.418777 13.441681
v -48.186039 105.248779 12.353336
v -36.383484 105.003349 5.334217
v -40.194660 109.776901 4.345686
v -30.569515 107.656021 -5.219200
v -34.452271 112.396927 -6.077797
v -27.601677 108.117142 -17.185520
v -31.520967 112.852364 -17.896793
v -39.421280 111.569077 -40.965313
v -36.293327 115.219673 -30.261700
v -45.210480 106.313911 -49.714417
v -53.094208 99.968559 -55.652580
v -62.300758 93.154182 -58.198547
v -71.928947 86.537796 -57.103081
v -81.036263 80.767059 -52.473434
v -88.731270 76.406876 -44.762775
v -94.260666 73.884041 -34.725883
v -97.083260 73.445488 -23.345236
v -96.922722 75.134155 -11.734851
v -93.794754 78.784752 -1.031239
v -88.005554 84.039940 7.717865
v -80.121841 90.385277 13.656029
v -70.915268 97.199669 16.201996
v -61.287090 103.816048 15.106529
v -52.179764 109.586761 10.476883
v -44.484772 113.946960 2.766226
v -38.955349 116.469803 -7.270666
v -36.132774 116.908356 -18.651316
v -44.404411 115.183075 -40.335594
v -41.473942 118.603180 -30.307810
v -49.828060 110.259720 -48.532280
v -57.214016 104.315018 -54.095505
v -65.839264 97.930901 -56.480713
v -74.859512 91.732277 -55.454418
v -83.391808 86.325920 -51.117088
v -90.600945 82.241028 -43.893284
v -95.781235 79.877480 -34.490124
v -98.425583 79.466621 -23.828054
v -98.275169 81.048668 -12.950753
v -95.344719 84.468773 -2.922968
v -89.921051 89.392143 5.273712
v -82.535103 95.336823 10.836941
v -73.909851 101.720955 13.222157
v -64.889595 107.919579 12.195854
v -56.357315 113.325935 7.858528
v -49.148182 117.410820 0.634722
v -43.967899 119.774376 -8.768440
v -41.323532 120.185234 -19.430510
v -49.762814 118.060463 -39.196609
v -47.102009 121.165848 -30.091570
v -54.687386 113.590134 -46.639038
v -61.393688 108.192467 -51.690346
v -69.225250 102.395798 -53.856071
v -77.415474 96.767578 -52.924217
v -85.162636 91.858704 -48.986000
v -91.708389 88.149704 -42.426922
v -96.411987 86.003654 -33.889030
v -98.813019 85.630600 -24.208076
v -98.676445 87.067062 -14.331694
v -96.015640 90.172455 -5.226654
v -91.091072 94.642776 2.215775
v -84.384766 100.040451 7.267086
v -76.553192 105.837097 9.432808
v -68.362984 111.465340 8.500954
v -60.615818 116.374214 4.562737
v -54.070061 120.083214 -1.996342
v -49.366470 122.229279 -10.534229
v -46.965431 122.602325 -20.215187
v -55.364548 120.130371 -37.576401
v -53.038925 122.844566 -29.618305
v -59.668785 116.223160 -44.081326
v -65.530312 111.505424 -48.496323
v -72.375343 106.438957 -50.389240
v -79.533859 101.519699 -49.574768
v -86.305130 97.229187 -46.132645
v -92.026329 93.987419 -40.399796
v -96.137428 92.111679 -32.937408
v -98.235992 91.785622 -24.475941
v -98.116623 93.041138 -15.843666
v -95.791000 95.755356 -7.885571
v -91.486771 99.662552 -1.380648
v -85.625244 104.380295 3.034353
v -78.780212 109.446770 4.927269
v -71.621696 114.366013 4.112797
v -64.850418 118.656525 0.670671
v -59.129238 121.898308 -5.062174
v -55.018124 123.774040 -12.524564
v -52.919556 124.100090 -20.986031
v -61.071693 121.341827 -35.514862
v -59.138504 123.598022 -28.899668
v -64.649620 118.093956 -40.922108
v -69.522018 114.172302 -44.592094
v -75.211990 109.960793 -46.165588
v -81.162537 105.871635 -45.488556
v -86.791161 102.305130 -42.627274
v -91.546944 99.610397 -37.861824
v -94.964317 98.051201 -31.658686
v -96.708755 97.780159 -24.625059
v -96.609535 98.823807 -17.449446
v -94.676353 101.080002 -10.834248
v -91.098427 104.327881 -5.427006
v -86.226013 108.249519 -1.757017
v -80.536049 112.461044 -0.183527
v -74.585518 116.550194 -0.860558
v -68.956863 120.116707 -3.721838
v -64.201096 122.811447 -8.487288
v -60.783741 124.370644 -14.690430
v -59.039284 124.641678 -21.724056
v -66.743713 121.665009 -33.062763
v -65.250572 123.407639 -27.953352
v -69.507210 119.156433 -37.239182
v -73.270538 116.127464 -40.073784
v -77.665329 112.874588 -41.289112
v -82.261360 109.716240 -40.766190
v -86.608795 106.961555 -38.556210
v -90.282028 104.880203 -34.875496
v -92.921509 103.675911 -30.084347
v -94.268883 103.466576 -24.651752
v -94.192253 104.272659 -19.109489
v -92.699097 106.015289 -14.000078
v -89.935616 108.523865 -9.823662
v -86.172279 111.552849 -6.989054
v -81.777489 114.805717 -5.773727
v -77.181442 117.964081 -6.296652
v -72.834023 120.718750 -8.506632
v -69.160797 122.800102 -12.187346
v -66.521309 124.004402 -16.978493
v -65.173943 124.213737 -22.411091
v -72.240952 121.091980 -30.280476
v -71.224609 122.278122 -26.802662
v -74.121971 119.384460 -33.123230
v -76.683548 117.322731 -35.052658
v -79.674942 115.108604 -35.879890
v -82.803329 112.958824 -35.523956
v -85.762474 111.083794 -34.019691
v -88.262741 109.667091 -31.514347
v -90.059349 108.847359 -28.253162
v -90.976463 108.704865 -24.555367
v -90.924301 109.253548 -20.782925
v -89.907959 110.439705 -17.305107
v -88.026932 112.147217 -14.462353
v -85.465363 114.208939 -12.532926
v -82.473961 116.423073 -11.705692
v -79.345581 118.572853 -12.061629
v -76.386436 120.447884 -13.565892
v -73.886185 121.864586 -16.071238
v -72.089554 122.684311 -19.332422
v -71.172447 122.826813 -23.030218
v -77.428024 119.636810 -27.236511
v -76.913528 120.237282 -25.475929
v -78.380264 118.772408 -28.675608
v -79.677025 117.728706 -29.652346
v -81.191368 116.607834 -30.071117
v -82.775055 115.519547 -29.890932
v -84.273071 114.570351 -29.129425
v -85.538780 113.853149 -27.861137
v -86.448280 113.438194 -26.210220
v -86.912567 113.366058 -24.338276
v -86.886147 113.643814 -22.428541
v -86.371643 114.244278 -20.667959
v -85.419403 115.108673 -19.228863
v -84.122665 116.152390 -18.252125
v -82.608322 117.273262 -17.833351
v -81.024628 118.361549 -18.013538
v -79.526604 119.310738 -18.775045
v -78.260895 120.027939 -20.043335
v -77.351402 120.442902 -21.694250
v -76.887123 120.515045 -23.566196
v -82.177254 117.335358 -24.005821
v 4.084340 92.784035 -21.332623
v 3.474347 92.655846 -22.522913
v 3.474347 116.610237 -25.102865
v 4.084340 116.738434 -23.912571
v 2.524260 92.554115 -23.467539
v 2.524260 116.508499 -26.047487
v 1.327082 92.488777 -24.074024
v 1.327082 116.443192 -26.653975
v 0.000000 92.466278 -24.283005
v 0.000000 116.420670 -26.862953
v -1.327082 92.488777 -24.074024
v -1.327082 116.443192 -26.653975
v -2.524260 92.554115 -23.467539
v -2.524260 116.508499 -26.047487
v -3.474345 92.655846 -22.522913
v -3.474345 116.610237 -25.102865
v -4.084337 92.784035 -21.332621
v -4.084337 116.738434 -23.912571
v -4.294527 92.926147 -20.013172
v -4.294527 116.880539 -22.593121
v -4.084337 93.068245 -18.693718
v -4.084337 117.022644 -21.273668
v -3.474345 93.196449 -17.503426
v -3.474345 117.150848 -20.083376
v -2.524259 93.298203 -16.558804
v -2.524259 117.252579 -19.138752
v -1.327082 93.363510 -15.952317
v -1.327082 117.317902 -18.532269
v 0.000000 93.386002 -15.743337
v 0.000000 117.340416 -18.323288
v 1.327081 93.363510 -15.952320
v 1.327081 117.317902 -18.532269
v 2.524259 93.298203 -16.558804
v 2.524259 117.252579 -19.138752
v 3.474344 93.196449 -17.503426
v 3.474344 117.150848 -20.083376
v 4.084336 93.068245 -18.693718
v 4.084336 117.022644 -21.273670
v 4.294526 92.926147 -20.013172
v 4.294526 116.880539 -22.593121
v -3.401113 119.332474 -12.329134
v 0.000000 119.390175 -11.793547
v -0.000001 124.943306 -12.831795
v -3.375711 124.886047 -13.363366
v -6.469288 119.165077 -13.883460
v -6.421013 124.719879 -14.906102
v -8.904216 118.904343 -16.304382
v -8.837792 124.461090 -17.308998
v -10.467532 118.575798 -19.354927
v -10.389435 124.134987 -20.336788
v -11.006217 118.211586 -22.736475
v -10.924093 123.773483 -23.693104
v -10.467531 117.847366 -26.118032
v -10.389421 123.412003 -27.049389
v -8.904214 117.518837 -29.168571
v -8.837770 123.085899 -30.077168
v -6.469296 117.258095 -31.589487
v -6.421037 122.827103 -32.480003
v -3.401115 117.090691 -33.143822
v -3.375738 122.660980 -34.022755
v 0.000000 117.033012 -33.679409
v 0.000000 122.603706 -34.554352
v 3.401115 117.090691 -33.143822
v 3.375732 122.660965 -34.022755
v 6.469287 117.258102 -31.589497
v 6.421022 122.827103 -32.480026
v 8.904214 117.518837 -29.168579
v 8.837784 123.085930 -30.077150
v 10.467538 117.847382 -26.118023
v 10.389443 123.412010 -27.049349
v 11.006214 118.211578 -22.736465
v 10.924084 123.773476 -23.693098
v 10.467533 118.575798 -19.354935
v 10.389440 124.134987 -20.336792
v 8.904218 118.904343 -16.304386
v 8.837795 124.461090 -17.308998
v 6.469288 119.165077 -13.883463
v 6.421004 124.719864 -14.906095
v 3.401112 119.332474 -12.329134
v 3.375701 124.886032 -13.363374
v -79.326096 117.251343 -29.017769
v -83.857986 114.137733 -29.060442
v -85.430939 116.446899 -29.278221
v -80.899055 119.560524 -29.235548
v -86.363831 112.865067 -24.334021
v -87.936798 115.174248 -24.551798
v -84.337807 114.706017 -19.564926
v -85.910774 117.015190 -19.782703
v -79.805923 117.819633 -19.522253
v -81.378891 120.128799 -19.740032
v -77.300064 119.092285 -24.248676
v -78.873032 121.401474 -24.466454
v -84.755592 117.060570 -27.688522
v -81.734352 119.136292 -27.660072
v -86.426178 116.212112 -24.537575
v -85.075485 117.439407 -21.358179
v -82.054230 119.515160 -21.329731
v -80.383659 120.363609 -24.480679
v -54.545933 82.363808 -25.140244
v -54.989197 82.035568 -26.228518
v -81.949379 121.568138 -26.809187
v -81.506111 121.896385 -25.720913
v -55.686905 81.531380 -27.093142
v -82.647095 121.063950 -27.673811
v -56.570747 80.900597 -27.649481
v -83.530930 120.433159 -28.230152
v -57.554211 80.204971 -27.843079
v -84.514397 119.737556 -28.423748
v -58.541031 79.512611 -27.654982
v -85.501221 119.045174 -28.235651
v -59.434616 78.891251 -27.103603
v -86.394791 118.423836 -27.684273
v -60.147480 78.401756 -26.242916
v -87.107674 117.934311 -26.823586
v -60.609852 78.092018 -25.157171
v -87.570038 117.624588 -25.737841
v -60.776474 77.992355 -23.952648
v -87.736649 117.524925 -24.533318
v -60.631027 78.112518 -22.747253
v -87.591217 117.645096 -23.327923
v -60.187763 78.440773 -21.658979
v -87.147942 117.973351 -22.239649
v -59.490059 78.944962 -20.794355
v -86.450249 118.477531 -21.375025
v -58.606216 79.575737 -20.238016
v -85.566391 119.108315 -20.818686
v -57.622753 80.271355 -20.044418
v -84.582939 119.803932 -20.625088
v -56.635925 80.963722 -20.232515
v -83.596115 120.496300 -20.813185
v -55.742359 81.585075 -20.783894
v -82.702538 121.117653 -21.364563
v -55.029488 82.074570 -21.644581
v -81.989662 121.607155 -22.225250
v -54.567116 82.384315 -22.730326
v -81.527306 121.916901 -23.310995
v -54.400501 82.483986 -23.934849
v -81.360680 122.016563 -24.515518
v -82.514244 122.232422 -26.762331
v -82.082085 122.552437 -25.701342
v -83.194458 121.740875 -27.605276
v -84.056137 121.125923 -28.147667
v -85.014938 120.447746 -28.336411
v -85.977028 119.772736 -28.153030
v -86.848206 119.166962 -27.615477
v -87.543190 118.689735 -26.776369
v -87.993965 118.387749 -25.717846
v -88.156403 118.290588 -24.543524
v -88.014618 118.407745 -23.368351
v -87.582466 118.727768 -22.307364
v -86.902252 119.219315 -21.464417
v -86.040573 119.834274 -20.922026
v -85.081757 120.512444 -20.733282
v -84.119675 121.187477 -20.916662
v -83.248505 121.793228 -21.454216
v -82.553513 122.270470 -22.293324
v -82.102737 122.572433 -23.351847
v -81.940292 122.669601 -24.526169
v -83.181114 122.773270 -26.603256
v -82.781738 123.069016 -25.622757
v -83.809708 122.319023 -27.382256
v -84.606033 121.750710 -27.883501
v -85.492104 121.123978 -28.057926
v -86.381195 120.500160 -27.888456
v -87.186279 119.940361 -27.391684
v -87.828552 119.499329 -26.616232
v -88.245148 119.220268 -25.638008
v -88.395264 119.130478 -24.552771
v -88.264214 119.238747 -23.466749
v -87.864861 119.534492 -22.486248
v -87.236237 119.988739 -21.707249
v -86.439919 120.557060 -21.206003
v -85.553856 121.183784 -21.031578
v -84.664764 121.807594 -21.201048
v -83.859673 122.367409 -21.697823
v -83.217407 122.808434 -22.473274
v -82.800827 123.087494 -23.451496
v -82.650696 123.177299 -24.536734
v -83.916557 123.163574 -26.339943
v -83.570000 123.420219 -25.489096
v -84.462051 122.769386 -27.015932
v -85.153053 122.276215 -27.450897
v -85.921967 121.732368 -27.602257
v -86.693489 121.191055 -27.455196
v -87.392120 120.705261 -27.024113
v -87.949463 120.322540 -26.351200
v -88.310966 120.080383 -25.502331
v -88.441223 120.002464 -24.560596
v -88.327515 120.096428 -23.618181
v -87.980965 120.353065 -22.767336
v -87.435463 120.747246 -22.091345
v -86.744446 121.240410 -21.656382
v -85.975540 121.784271 -21.505020
v -85.204010 122.325577 -21.652081
v -84.505386 122.811371 -22.083166
v -83.948051 123.194084 -22.756077
v -83.586555 123.436249 -23.604946
v -83.456284 123.514168 -24.546680
v -84.683701 123.383728 -25.985590
v -84.407326 123.588402 -25.307062
v -85.118713 123.069389 -26.524673
v -85.669792 122.676102 -26.871546
v -86.282959 122.242393 -26.992252
v -86.898232 121.810699 -26.874975
v -87.455368 121.423302 -26.531197
v -87.899826 121.118095 -25.994568
v -88.188126 120.924980 -25.317617
v -88.292000 120.862839 -24.566608
v -88.201317 120.937759 -23.815058
v -87.924950 121.142433 -23.136532
v -87.489937 121.456779 -22.597446
v -86.938858 121.850067 -22.250574
v -86.325684 122.283783 -22.129869
v -85.710411 122.715462 -22.247145
v -85.153275 123.102859 -22.590923
v -84.708817 123.408066 -23.127552
v -84.420532 123.601189 -23.804502
v -84.316643 123.663338 -24.555511
v -85.444054 123.422722 -25.557968
v -85.251732 123.565147 -25.085783
v -85.746788 123.203972 -25.933113
v -86.130272 122.930290 -26.174500
v -86.556976 122.628464 -26.258499
v -86.985138 122.328049 -26.176888
v -87.372849 122.058472 -25.937653
v -87.682152 121.846077 -25.564215
v -87.882767 121.711685 -25.093128
v -87.955063 121.668434 -24.570505
v -87.891960 121.720581 -24.047504
v -87.699631 121.863014 -23.575321
v -87.396904 122.081772 -23.200174
v -87.013412 122.355453 -22.958788
v -86.586723 122.657272 -22.874788
v -86.158546 122.957672 -22.956400
v -85.770844 123.227272 -23.195635
v -85.461533 123.439659 -23.569073
v -85.260925 123.574036 -24.040159
v -85.188629 123.617287 -24.562782
v -86.159554 123.278595 -25.078518
v -86.060905 123.351639 -24.836355
v -86.314796 123.166405 -25.270916
v -86.511459 123.026039 -25.394712
v -86.730309 122.871254 -25.437792
v -86.949890 122.717194 -25.395937
v -87.148727 122.578918 -25.273243
v -87.307365 122.469994 -25.081722
v -87.410248 122.401077 -24.840122
v -87.447334 122.378899 -24.572090
v -87.414963 122.405640 -24.303865
v -87.316322 122.478683 -24.061701
v -87.161072 122.590881 -23.869305
v -86.964401 122.731239 -23.745508
v -86.745560 122.886032 -23.702429
v -86.525978 123.040085 -23.744284
v -86.327133 123.178360 -23.866976
v -86.168510 123.287285 -24.058496
v -86.065620 123.356201 -24.300098
v -86.028534 123.378372 -24.568130
v -86.794235 122.958572 -24.571285
v -2.240733 -3.749158 11.499577
v -0.381295 -4.345920 11.544636
v -0.381296 -4.192611 13.574947
v -2.240733 -3.595848 13.529884
v 1.553662 -4.079094 11.524490
v 1.553661 -3.925784 13.554798
v 3.180898 -3.001528 11.443119
v 3.180898 -2.848218 13.473431
v 4.178118 -1.326648 11.316650
v 4.178118 -1.173339 13.346958
v 4.347810 0.613814 11.170124
v 4.347811 0.767124 13.200436
v 44.972866 27.639036 9.129448
v 46.100143 30.542049 8.910240
v 46.100143 30.695339 10.940556
v 44.972862 27.792347 11.159756
v 42.865795 30.802919 8.890541
v 42.865784 30.956226 10.920853
v 2.240732 3.777683 10.931217
v 0.381296 4.374445 10.886158
v 0.381295 4.527754 12.916466
v 2.240733 3.930992 12.961525
v -1.553662 4.107618 10.906311
v -1.553663 4.260930 12.936615
v -3.180898 3.030053 10.987671
v -3.180898 3.183362 13.017979
v -4.178118 1.355174 11.114143
v -4.178118 1.508483 13.144455
v -4.347810 -0.585291 11.260666
v -4.347810 -0.431980 13.290977
v -3.656365 -2.407007 11.398228
v -3.656366 -2.253696 13.428539
v 3.656366 2.435528 11.032566
v 3.656365 2.588839 13.062878
v 2.425141 2.146791 13.009026
v 1.295400 2.993570 12.945087
v 1.295400 3.104492 14.414055
v 2.425141 2.257714 14.477993
v -0.090910 3.267706 12.924377
v -0.090911 3.378628 14.393353
v -1.459215 2.914904 12.951015
v -1.459215 3.025827 14.419991
v -2.538504 2.005042 13.019726
v -2.538504 2.115964 14.488697
v -3.115012 0.718327 13.116886
v -3.115011 0.829250 14.585857
v -55.589455 -12.889033 14.144386
v -58.603657 -15.007940 14.304386
v -58.603649 -14.897020 15.773354
v -55.589462 -12.778116 15.613358
v -54.899597 -15.549459 14.345268
v -54.899597 -15.438538 15.814247
v -2.425141 -1.942096 13.317780
v -1.295399 -2.788875 13.381714
v -1.295400 -2.677953 14.850685
v -2.425140 -1.831174 14.786747
v 0.090910 -3.063012 13.402420
v 0.090911 -2.952089 14.871387
v 1.459215 -2.710210 13.375782
v 1.459215 -2.599288 14.844753
v 2.538505 -1.800347 13.307076
v 2.538504 -1.689424 14.776043
v 3.115012 -0.513631 13.209915
v 3.115012 -0.402709 14.678883
v 3.074551 0.895086 13.103542
v 3.074552 1.006009 14.572510
v -3.074552 -0.579468 14.692230
v -3.074552 -0.690390 13.223259
v -10.350986 -97.856819 -37.850712
v -0.477214 -97.856819 -37.840202
v -0.477214 -94.737305 -37.840202
v -10.350986 -94.737305 -37.850712
v -10.399014 -94.737305 -42.653137
v -0.525245 -94.737305 -42.642624
v -0.546307 -113.996429 -64.495819
v -10.420075 -113.996429 -64.506348
v -10.456354 -113.996429 -68.133850
v -0.582588 -113.996429 -68.123352
v -0.582588 -117.115959 -68.123352
v -10.456354 -117.115959 -68.133850
v -10.420075 -117.115959 -64.506348
v -0.546307 -117.115959 -64.495819
v -0.525245 -97.856819 -42.642624
v -10.399014 -97.856819 -42.653137
v 9.348522 -97.856819 -42.632111
v 9.327461 -117.115959 -64.485306
v 9.327461 -113.996429 -64.485306
v 9.348522 -94.737305 -42.632111
v 9.291180 -117.115959 -68.112823
v 9.291180 -113.996429 -68.112823
v -0.546307 -119.848808 -64.495819
v -10.420075 -119.848808 -64.506348
v -10.456354 -119.848808 -68.133850
v -0.582588 -119.848808 -68.123352
v -15.718125 -117.115959 -82.459045
v -0.831772 -117.115959 -93.037872
v -0.831772 -119.848808 -93.037872
v -15.718125 -119.848808 -82.459045
v 9.327461 -119.848808 -64.485306
v 9.291180 -119.848808 -68.112823
v 14.265377 -119.848808 -82.540367
v 14.265377 -117.115959 -82.540367
v 9.396556 -97.856819 -37.829689
v 9.396556 -94.737305 -37.829689
v 6.026622 -0.835516 8.681770
v 5.714684 1.836753 8.479984
v 5.714684 2.048503 11.284214
v 6.026622 -0.623767 11.485996
v 4.270882 4.109424 8.308376
v 4.270882 4.321174 11.112602
v 1.981179 5.532365 8.200924
v 1.981179 5.744114 11.005157
v -0.700919 5.823748 8.178928
v -0.700919 6.035496 10.983154
v -3.244193 4.925857 8.246727
v -3.244193 5.137606 11.050953
v -35.004292 24.663240 6.756348
v -38.413975 23.691664 6.829708
v -38.413975 23.903414 9.633938
v -35.004292 24.874992 9.560570
v -37.786720 20.211329 7.092514
v -37.786720 20.423075 9.896740
v -6.026622 0.473942 8.582893
v -5.714684 -2.198327 8.784679
v -5.714684 -1.986576 11.588909
v -6.026622 0.685691 11.387119
v -4.270881 -4.470996 8.956287
v -4.270881 -4.259247 11.760513
v -1.981179 -5.893938 9.063740
v -1.981179 -5.682189 11.867966
v 0.700920 -6.185320 9.085739
v 0.700921 -5.973569 11.889969
v 3.244194 -5.287430 9.017937
v 3.244194 -5.075682 11.822163
v 5.144916 -3.378106 8.873764
v 5.144916 -3.166358 11.677994
v -5.144915 3.228283 11.195129

# UV coordinates
vt 0.344998 0.863167
vt 0.324545 0.862888
vt 0.324865 0.837935
vt 0.345335 0.838215
vt 0.304104 0.862634
vt 0.304384 0.837681
vt 0.283653 0.862415
vt 0.283891 0.837462
vt 0.263195 0.862242
vt 0.263381 0.837288
vt 0.242734 0.862121
vt 0.242856 0.837168
vt 0.222259 0.862059
vt 0.222344 0.837106
vt 0.201786 0.862013
vt 0.201849 0.837064
vt 0.816032 0.862014
vt 0.795574 0.862118
vt 0.795418 0.837164
vt 0.815894 0.837061
vt 0.775129 0.862236
vt 0.774940 0.837283
vt 0.754697 0.862407
vt 0.754454 0.837454
vt 0.734259 0.862624
vt 0.733973 0.837671
vt 0.713810 0.862878
vt 0.713491 0.837925
vt 0.693351 0.863156
vt 0.693007 0.838203
vt 0.672873 0.863447
vt 0.672524 0.838495
vt 0.652387 0.863739
vt 0.652047 0.838787
vt 0.631897 0.864018
vt 0.631580 0.839066
vt 0.611399 0.864273
vt 0.611121 0.839321
vt 0.590903 0.864492
vt 0.590674 0.839540
vt 0.570409 0.864665
vt 0.570240 0.839713
vt 0.549908 0.864785
vt 0.549804 0.839833
vt 0.529405 0.864847
vt 0.529371 0.839896
vt 0.508903 0.864849
vt 0.508937 0.839897
vt 0.488400 0.864789
vt 0.488503 0.839837
vt 0.467890 0.864671
vt 0.468057 0.839719
vt 0.447386 0.864499
vt 0.447612 0.839547
vt 0.426897 0.864282
vt 0.427170 0.839330
vt 0.406416 0.864029
vt 0.406728 0.839077
vt 0.385936 0.863750
vt 0.386272 0.838798
vt 0.365463 0.863459
vt 0.365807 0.838507
vt 0.321401 0.264180
vt 0.313435 0.277940
vt 0.302782 0.289745
vt 0.289908 0.299076
vt 0.275374 0.305527
vt 0.259817 0.308816
vt 0.243915 0.308798
vt 0.228365 0.305475
vt 0.213846 0.298993
vt 0.200991 0.289633
vt 0.190364 0.277806
vt 0.182429 0.264027
vt 0.177531 0.248901
vt 0.175887 0.233086
vt 0.177566 0.217276
vt 0.182497 0.202160
vt 0.190462 0.188399
vt 0.201115 0.176595
vt 0.213990 0.167263
vt 0.228524 0.160812
vt 0.244081 0.157524
vt 0.259982 0.157541
vt 0.275533 0.160864
vt 0.290052 0.167347
vt 0.302906 0.176706
vt 0.313533 0.188534
vt 0.321469 0.202312
vt 0.326366 0.217439
vt 0.328011 0.233253
vt 0.326331 0.249064
vt 0.325074 0.821668
vt 0.345560 0.821954
vt 0.304578 0.821402
vt 0.284049 0.821170
vt 0.263501 0.820988
vt 0.242937 0.820864
vt 0.222379 0.820811
vt 0.201866 0.820814
vt 0.795332 0.820884
vt 0.815819 0.820818
vt 0.774815 0.820997
vt 0.754297 0.821172
vt 0.733786 0.821393
vt 0.713278 0.821653
vt 0.692783 0.821938
vt 0.672292 0.822237
vt 0.651818 0.822540
vt 0.631370 0.822830
vt 0.610932 0.823095
vt 0.590519 0.823325
vt 0.570129 0.823505
vt 0.549737 0.823626
vt 0.529344 0.823691
vt 0.508961 0.823693
vt 0.488573 0.823628
vt 0.468170 0.823505
vt 0.447760 0.823331
vt 0.427356 0.823110
vt 0.406939 0.822846
vt 0.386497 0.822556
vt 0.366037 0.822254
vt 0.985931 0.592077
vt 0.981503 0.591227
vt 0.983125 0.572132
vt 0.987633 0.572042
vt 0.994778 0.593784
vt 0.990357 0.592930
vt 0.992140 0.571956
vt 0.996642 0.571872
vt 0.980101 0.611317
vt 0.975946 0.609565
vt 0.984254 0.613072
vt 0.988401 0.614825
vt 0.970402 0.628926
vt 0.966702 0.626349
vt 0.974099 0.631506
vt 0.977791 0.634083
vt 0.957251 0.644136
vt 0.954168 0.640846
vt 0.960331 0.647429
vt 0.963406 0.650717
vt 0.941223 0.656278
vt 0.938892 0.652418
vt 0.943550 0.660139
vt 0.945873 0.663996
vt 0.923021 0.664818
vt 0.921544 0.660558
vt 0.924495 0.669079
vt 0.925965 0.673334
vt 0.903445 0.669387
vt 0.902885 0.664913
vt 0.904001 0.673860
vt 0.904555 0.678329
vt 0.883350 0.669787
vt 0.883732 0.665295
vt 0.882966 0.674279
vt 0.882581 0.678765
vt 0.863610 0.666009
vt 0.864916 0.661694
vt 0.862301 0.670324
vt 0.860993 0.674632
vt 0.845082 0.658209
vt 0.847256 0.654259
vt 0.842904 0.662157
vt 0.840729 0.666099
vt 0.828578 0.646723
vt 0.831527 0.643312
vt 0.825628 0.650132
vt 0.822680 0.653535
vt 0.814825 0.632055
vt 0.818419 0.629332
vt 0.811230 0.634775
vt 0.807638 0.637491
vt 0.804422 0.614848
vt 0.808504 0.612932
vt 0.800340 0.616760
vt 0.796262 0.618669
vt 0.797826 0.595852
vt 0.802217 0.594828
vt 0.793435 0.596874
vt 0.789049 0.597892
vt 0.795326 0.575902
vt 0.799834 0.575813
vt 0.790818 0.575988
vt 0.786317 0.576073
vt 0.797028 0.555872
vt 0.801456 0.556721
vt 0.792601 0.555020
vt 0.788180 0.554167
vt 0.802852 0.536632
vt 0.807007 0.538383
vt 0.798699 0.534878
vt 0.794551 0.533126
vt 0.812551 0.519020
vt 0.816251 0.521596
vt 0.808853 0.516440
vt 0.805161 0.513864
vt 0.825703 0.503809
vt 0.828786 0.507099
vt 0.822623 0.500517
vt 0.819547 0.497229
vt 0.841731 0.491668
vt 0.844062 0.495527
vt 0.839403 0.487807
vt 0.837079 0.483950
vt 0.859932 0.483124
vt 0.861409 0.487384
vt 0.858458 0.478863
vt 0.856987 0.474608
vt 0.879512 0.478554
vt 0.880071 0.483028
vt 0.878956 0.474080
vt 0.878403 0.469611
vt 0.899611 0.478156
vt 0.899228 0.482648
vt 0.899997 0.473664
vt 0.900384 0.469178
vt 0.919349 0.481942
vt 0.918042 0.486257
vt 0.920659 0.477629
vt 0.921969 0.473321
vt 0.937872 0.489742
vt 0.935697 0.493692
vt 0.940049 0.485794
vt 0.942225 0.481852
vt 0.954373 0.501224
vt 0.951425 0.504635
vt 0.957324 0.497815
vt 0.960271 0.494411
vt 0.968128 0.515890
vt 0.964535 0.518613
vt 0.971723 0.513169
vt 0.975314 0.510453
vt 0.978531 0.533096
vt 0.974450 0.535013
vt 0.982614 0.531183
vt 0.986691 0.529273
vt 0.985130 0.552090
vt 0.980739 0.553116
vt 0.989521 0.551068
vt 0.993906 0.550049
vt 0.495247 0.882904
vt 0.511126 0.882683
vt 0.511258 0.894630
vt 0.495416 0.894814
vt 0.527057 0.882516
vt 0.527165 0.894457
vt 0.542913 0.882389
vt 0.543002 0.894311
vt 0.558791 0.882277
vt 0.558855 0.894229
vt 0.574740 0.882223
vt 0.574766 0.894183
vt 0.590650 0.882226
vt 0.590634 0.894179
vt 0.606577 0.882266
vt 0.606525 0.894235
vt 0.622526 0.882359
vt 0.622443 0.894328
vt 0.638449 0.882488
vt 0.638339 0.894468
vt 0.654432 0.882653
vt 0.654284 0.894648
vt 0.670386 0.882853
vt 0.670230 0.894852
vt 0.686365 0.883075
vt 0.686201 0.895066
vt 0.702301 0.883322
vt 0.702123 0.895282
vt 0.718183 0.883567
vt 0.718019 0.895499
vt 0.734030 0.883796
vt 0.733869 0.895710
vt 0.749859 0.883999
vt 0.749722 0.895911
vt 0.765693 0.884169
vt 0.765575 0.896087
vt 0.781533 0.884301
vt 0.781448 0.896228
vt 0.797388 0.884390
vt 0.797330 0.896326
vt 0.813263 0.884438
vt 0.813222 0.896385
vt 0.336254 0.884432
vt 0.352160 0.884423
vt 0.352182 0.896393
vt 0.336258 0.896391
vt 0.368077 0.884373
vt 0.368127 0.896353
vt 0.384002 0.884275
vt 0.384090 0.896264
vt 0.399947 0.884136
vt 0.400058 0.896132
vt 0.415894 0.883962
vt 0.416037 0.895962
vt 0.431854 0.883769
vt 0.432006 0.895756
vt 0.447772 0.883565
vt 0.447946 0.895518
vt 0.463645 0.883359
vt 0.463812 0.895262
vt 0.479432 0.883141
vt 0.479599 0.895023
vt 0.969936 0.607031
vt 0.975097 0.589998
vt 0.961350 0.622622
vt 0.949708 0.636087
vt 0.935520 0.646835
vt 0.919407 0.654396
vt 0.902075 0.658442
vt 0.884283 0.658796
vt 0.866804 0.655452
vt 0.850401 0.648545
vt 0.835792 0.638377
vt 0.823617 0.625392
vt 0.814408 0.610160
vt 0.808568 0.593345
vt 0.806355 0.575683
vt 0.807861 0.557950
vt 0.813017 0.540914
vt 0.821604 0.525323
vt 0.833247 0.511858
vt 0.847435 0.501110
vt 0.863547 0.493546
vt 0.880880 0.489500
vt 0.898674 0.489146
vt 0.916151 0.492499
vt 0.932553 0.499405
vt 0.947162 0.509571
vt 0.959337 0.522554
vt 0.968546 0.537786
vt 0.974388 0.554600
vt 0.976604 0.572262
vt 0.965356 0.588119
vt 0.970211 0.589060
vt 0.965352 0.605099
vt 0.960799 0.603171
vt 0.957267 0.619779
vt 0.953211 0.616947
vt 0.946305 0.632456
vt 0.942928 0.628842
vt 0.932947 0.642576
vt 0.930397 0.638337
vt 0.917777 0.649695
vt 0.916164 0.645019
vt 0.901458 0.653505
vt 0.900853 0.648597
vt 0.884704 0.653840
vt 0.885128 0.648914
vt 0.868244 0.650689
vt 0.869681 0.645957
vt 0.852800 0.644186
vt 0.855190 0.639856
vt 0.839045 0.634612
vt 0.842285 0.630875
vt 0.827583 0.622387
vt 0.831529 0.619405
vt 0.818912 0.608045
vt 0.823392 0.605949
vt 0.813414 0.592214
vt 0.818233 0.591096
vt 0.811329 0.575585
vt 0.816273 0.575495
vt 0.812747 0.558886
vt 0.817601 0.559824
vt 0.817603 0.542845
vt 0.822158 0.544771
vt 0.825688 0.528166
vt 0.829743 0.530998
vt 0.836649 0.515489
vt 0.840026 0.519103
vt 0.850008 0.505369
vt 0.852559 0.509606
vt 0.865178 0.498247
vt 0.866793 0.502923
vt 0.881497 0.494437
vt 0.882103 0.499346
vt 0.898251 0.494103
vt 0.897823 0.499030
vt 0.914709 0.497260
vt 0.913270 0.501990
vt 0.930154 0.503764
vt 0.927765 0.508094
vt 0.943909 0.513336
vt 0.940670 0.517075
vt 0.955372 0.525560
vt 0.951426 0.528542
vt 0.964042 0.539901
vt 0.959562 0.541998
vt 0.969542 0.555732
vt 0.964724 0.556851
vt 0.971629 0.572361
vt 0.966683 0.572452
vt 0.344753 0.880622
vt 0.324320 0.880331
vt 0.303903 0.880070
vt 0.283489 0.879848
vt 0.263073 0.879676
vt 0.242646 0.879557
vt 0.222216 0.879502
vt 0.201752 0.879491
vt 0.816110 0.879489
vt 0.795664 0.879552
vt 0.775262 0.879661
vt 0.754864 0.879834
vt 0.734463 0.880059
vt 0.714040 0.880324
vt 0.693595 0.880615
vt 0.673124 0.880919
vt 0.652630 0.881221
vt 0.632123 0.881510
vt 0.611600 0.881772
vt 0.591068 0.881995
vt 0.570532 0.882174
vt 0.549984 0.882300
vt 0.529429 0.882363
vt 0.508879 0.882363
vt 0.488326 0.882304
vt 0.467769 0.882184
vt 0.447221 0.882004
vt 0.426698 0.881776
vt 0.406192 0.881514
vt 0.385696 0.881228
vt 0.365214 0.880927
vt 0.623459 0.683982
vt 0.617598 0.666014
vt 0.615603 0.647221
vt 0.617557 0.628423
vt 0.623378 0.610443
vt 0.632809 0.594065
vt 0.645440 0.580006
vt 0.660718 0.568881
vt 0.677974 0.561175
vt 0.696456 0.557226
vt 0.715355 0.557205
vt 0.733845 0.561114
vt 0.751119 0.568782
vt 0.766422 0.579874
vt 0.779082 0.593905
vt 0.788550 0.610261
vt 0.794410 0.628229
vt 0.796406 0.647023
vt 0.794450 0.665820
vt 0.788631 0.683801
vt 0.779200 0.700178
vt 0.766568 0.714237
vt 0.751292 0.725362
vt 0.734034 0.733068
vt 0.715553 0.737018
vt 0.696653 0.737038
vt 0.678164 0.733129
vt 0.660888 0.725461
vt 0.645588 0.714369
vt 0.632926 0.700339
vt 0.014025 0.550216
vt 0.008438 0.548847
vt 0.015224 0.529947
vt 0.020404 0.532449
vt 0.002871 0.547475
vt 0.010064 0.527449
vt 0.005731 0.568744
vt 0.000000 0.568560
vt 0.011480 0.568922
vt 0.007219 0.588769
vt 0.001575 0.589780
vt 0.012879 0.587748
vt 0.012838 0.608047
vt 0.007528 0.610209
vt 0.018162 0.605871
vt 0.022342 0.625735
vt 0.017598 0.628955
vt 0.027098 0.622500
vt 0.035316 0.641061
vt 0.031345 0.645197
vt 0.039296 0.636908
vt 0.051194 0.653355
vt 0.048169 0.658226
vt 0.054222 0.648465
vt 0.069280 0.662079
vt 0.067335 0.667472
vt 0.071226 0.656666
vt 0.088785 0.666852
vt 0.088003 0.672531
vt 0.089563 0.661153
vt 0.108856 0.667465
vt 0.109272 0.673183
vt 0.108432 0.661728
vt 0.128616 0.663891
vt 0.130211 0.669398
vt 0.127008 0.658368
vt 0.147200 0.656288
vt 0.149906 0.661343
vt 0.144480 0.651220
vt 0.163799 0.644987
vt 0.167496 0.649369
vt 0.160084 0.640595
vt 0.177685 0.630482
vt 0.182213 0.633999
vt 0.173138 0.626959
vt 0.188251 0.613407
vt 0.193412 0.615906
vt 0.183072 0.610905
vt 0.195037 0.594507
vt 0.200604 0.595879
vt 0.189451 0.593138
vt 0.197745 0.574610
vt 0.203475 0.574794
vt 0.191996 0.574432
vt 0.196257 0.554585
vt 0.201900 0.553574
vt 0.190596 0.555606
vt 0.190638 0.535307
vt 0.195948 0.533145
vt 0.185313 0.537483
vt 0.181134 0.517619
vt 0.185878 0.514399
vt 0.176378 0.520854
vt 0.168159 0.502293
vt 0.172130 0.498157
vt 0.164180 0.506446
vt 0.152282 0.489999
vt 0.155306 0.485128
vt 0.149253 0.494889
vt 0.134195 0.481275
vt 0.136141 0.475882
vt 0.132249 0.486688
vt 0.114690 0.476502
vt 0.115472 0.470823
vt 0.113912 0.482202
vt 0.094619 0.475889
vt 0.094203 0.470171
vt 0.095043 0.481626
vt 0.074860 0.479463
vt 0.073264 0.473956
vt 0.076467 0.484985
vt 0.056275 0.487066
vt 0.053569 0.482011
vt 0.058995 0.492134
vt 0.039677 0.498367
vt 0.035979 0.493985
vt 0.043391 0.502759
vt 0.025791 0.512872
vt 0.021263 0.509355
vt 0.030337 0.516396
vt 0.714078 0.000202
vt 0.719483 0.000370
vt 0.719561 0.003109
vt 0.713893 0.003105
vt 0.724564 0.000033
vt 0.724905 0.002608
vt 0.832922 0.000034
vt 0.838306 0.000136
vt 0.838259 0.002880
vt 0.832875 0.002778
vt 0.791490 0.003006
vt 0.797158 0.002976
vt 0.797093 0.005714
vt 0.791689 0.005908
vt 0.802504 0.003451
vt 0.802176 0.006027
vt 0.967404 0.002822
vt 0.972788 0.002866
vt 0.972761 0.005610
vt 0.967377 0.005566
vt 0.163307 0.015799
vt 0.157923 0.015841
vt 0.158808 0.014280
vt 0.162398 0.014252
vt 0.155194 0.011199
vt 0.156989 0.011185
vt 0.157850 0.006514
vt 0.158760 0.008062
vt 0.163235 0.006472
vt 0.162349 0.008034
vt 0.165963 0.011115
vt 0.164168 0.011129
vt 0.389521 0.008753
vt 0.389768 0.009171
vt 0.388559 0.010173
vt 0.388060 0.009333
vt 0.390133 0.009491
vt 0.389292 0.010818
vt 0.390579 0.009684
vt 0.390190 0.011205
vt 0.391062 0.009729
vt 0.391163 0.011296
vt 0.391536 0.009622
vt 0.392117 0.011082
vt 0.391954 0.009375
vt 0.392957 0.010584
vt 0.392275 0.009010
vt 0.393603 0.009850
vt 0.392467 0.008565
vt 0.393990 0.008953
vt 0.392512 0.008081
vt 0.394081 0.007981
vt 0.392406 0.007608
vt 0.393867 0.007028
vt 0.392158 0.007190
vt 0.393368 0.006188
vt 0.391794 0.006870
vt 0.392634 0.005542
vt 0.391347 0.006677
vt 0.391737 0.005155
vt 0.390864 0.006632
vt 0.390764 0.005065
vt 0.390390 0.006739
vt 0.389810 0.005279
vt 0.389972 0.006986
vt 0.388969 0.005777
vt 0.389652 0.007351
vt 0.388324 0.006510
vt 0.389459 0.007796
vt 0.387936 0.007407
vt 0.389414 0.008280
vt 0.387846 0.008380
vt 0.387318 0.011201
vt 0.386563 0.009928
vt 0.388431 0.012179
vt 0.389791 0.012765
vt 0.391266 0.012903
vt 0.392712 0.012579
vt 0.393986 0.011823
vt 0.394964 0.010711
vt 0.395551 0.009352
vt 0.395689 0.007878
vt 0.395364 0.006433
vt 0.394608 0.005159
vt 0.393496 0.004182
vt 0.392136 0.003595
vt 0.390660 0.003458
vt 0.389215 0.003782
vt 0.387941 0.004538
vt 0.386962 0.005649
vt 0.386376 0.007009
vt 0.386238 0.008483
vt 0.386031 0.012268
vt 0.385008 0.010545
vt 0.387536 0.013591
vt 0.389377 0.014385
vt 0.391373 0.014571
vt 0.393329 0.014132
vt 0.395054 0.013110
vt 0.396378 0.011606
vt 0.397172 0.009766
vt 0.397358 0.007771
vt 0.396919 0.005816
vt 0.395896 0.004093
vt 0.394391 0.002769
vt 0.392550 0.001976
vt 0.390553 0.001790
vt 0.388597 0.002229
vt 0.386873 0.003251
vt 0.385549 0.004755
vt 0.384755 0.006595
vt 0.384568 0.008590
vt 0.384676 0.013391
vt 0.383373 0.011194
vt 0.386595 0.015078
vt 0.388941 0.016089
vt 0.391486 0.016326
vt 0.393979 0.015766
vt 0.396177 0.014464
vt 0.397865 0.012546
vt 0.398877 0.010201
vt 0.399114 0.007658
vt 0.398554 0.005167
vt 0.397251 0.002970
vt 0.395332 0.001283
vt 0.392985 0.000272
vt 0.390441 0.000034
vt 0.387948 0.000594
vt 0.385749 0.001897
vt 0.384062 0.003815
vt 0.383050 0.006160
vt 0.382812 0.008702
vt 0.844125 0.000033
vt 0.846719 0.000239
vt 0.846653 0.002076
vt 0.843848 0.001812
vt 0.849557 0.000256
vt 0.849540 0.002150
vt 0.852457 0.000253
vt 0.852453 0.002164
vt 0.855367 0.000249
vt 0.855367 0.002163
vt 0.858275 0.000247
vt 0.858276 0.002159
vt 0.861178 0.000246
vt 0.861179 0.002156
vt 0.864079 0.000244
vt 0.864080 0.002152
vt 0.866977 0.000242
vt 0.866977 0.002148
vt 0.869873 0.000240
vt 0.869873 0.002146
vt 0.872768 0.000238
vt 0.872768 0.002145
vt 0.875664 0.000240
vt 0.875664 0.002146
vt 0.878560 0.000242
vt 0.878559 0.002148
vt 0.881458 0.000244
vt 0.881457 0.002152
vt 0.884358 0.000246
vt 0.884357 0.002156
vt 0.887261 0.000247
vt 0.887260 0.002159
vt 0.890170 0.000249
vt 0.890170 0.002163
vt 0.893080 0.000253
vt 0.893084 0.002164
vt 0.895980 0.000256
vt 0.895997 0.002150
vt 0.898818 0.000239
vt 0.898884 0.002076
vt 0.901412 0.000033
vt 0.901688 0.001812
vt 0.846563 0.003786
vt 0.843573 0.003535
vt 0.849515 0.003863
vt 0.852449 0.003878
vt 0.855369 0.003874
vt 0.858279 0.003867
vt 0.861182 0.003861
vt 0.864081 0.003856
vt 0.866979 0.003852
vt 0.869874 0.003849
vt 0.872768 0.003848
vt 0.875663 0.003849
vt 0.878558 0.003852
vt 0.881455 0.003856
vt 0.884355 0.003861
vt 0.887258 0.003867
vt 0.890168 0.003874
vt 0.893088 0.003878
vt 0.896022 0.003863
vt 0.898974 0.003786
vt 0.901964 0.003535
vt 0.846491 0.005417
vt 0.843361 0.005241
vt 0.849497 0.005466
vt 0.852448 0.005467
vt 0.855372 0.005457
vt 0.858283 0.005446
vt 0.861185 0.005437
vt 0.864084 0.005430
vt 0.866980 0.005426
vt 0.869874 0.005423
vt 0.872768 0.005423
vt 0.875662 0.005423
vt 0.878556 0.005426
vt 0.881453 0.005431
vt 0.884352 0.005437
vt 0.887254 0.005446
vt 0.890164 0.005457
vt 0.893089 0.005467
vt 0.896040 0.005466
vt 0.899046 0.005417
vt 0.902176 0.005241
vt 0.846456 0.007004
vt 0.843239 0.006942
vt 0.849494 0.007002
vt 0.852454 0.006982
vt 0.855380 0.006961
vt 0.858289 0.006946
vt 0.861189 0.006935
vt 0.864087 0.006928
vt 0.866982 0.006923
vt 0.869876 0.006921
vt 0.872768 0.006919
vt 0.875661 0.006921
vt 0.878554 0.006923
vt 0.881450 0.006928
vt 0.884347 0.006935
vt 0.887248 0.006946
vt 0.890157 0.006961
vt 0.893082 0.006982
vt 0.896043 0.007002
vt 0.899081 0.007004
vt 0.902297 0.006942
vt 0.846465 0.008568
vt 0.843221 0.008641
vt 0.849510 0.008506
vt 0.852469 0.008460
vt 0.855391 0.008429
vt 0.858296 0.008409
vt 0.861195 0.008396
vt 0.864090 0.008388
vt 0.866984 0.008383
vt 0.869876 0.008381
vt 0.872769 0.008381
vt 0.875660 0.008381
vt 0.878552 0.008383
vt 0.881446 0.008388
vt 0.884342 0.008396
vt 0.887241 0.008409
vt 0.890146 0.008429
vt 0.893067 0.008460
vt 0.896027 0.008506
vt 0.899072 0.008568
vt 0.902315 0.008641
vt 0.846523 0.010130
vt 0.843312 0.010341
vt 0.849548 0.010007
vt 0.852493 0.009935
vt 0.855406 0.009893
vt 0.858306 0.009869
vt 0.861200 0.009855
vt 0.864094 0.009848
vt 0.866986 0.009843
vt 0.869877 0.009841
vt 0.872768 0.009840
vt 0.875660 0.009841
vt 0.878550 0.009843
vt 0.881443 0.009848
vt 0.884336 0.009855
vt 0.887231 0.009869
vt 0.890131 0.009893
vt 0.893044 0.009935
vt 0.895989 0.010007
vt 0.899014 0.010129
vt 0.902225 0.010341
vt 0.846630 0.011708
vt 0.843512 0.012042
vt 0.849606 0.011532
vt 0.852526 0.011439
vt 0.855425 0.011389
vt 0.858316 0.011363
vt 0.861207 0.011349
vt 0.864098 0.011342
vt 0.866988 0.011338
vt 0.869878 0.011337
vt 0.872768 0.011337
vt 0.875658 0.011337
vt 0.878549 0.011338
vt 0.881439 0.011342
vt 0.884330 0.011349
vt 0.887220 0.011363
vt 0.890112 0.011389
vt 0.893011 0.011439
vt 0.895931 0.011532
vt 0.898907 0.011708
vt 0.902025 0.012042
vt 0.846783 0.013324
vt 0.843815 0.013746
vt 0.849684 0.013112
vt 0.852566 0.013008
vt 0.855446 0.012956
vt 0.858329 0.012930
vt 0.861214 0.012917
vt 0.864101 0.012911
vt 0.866990 0.012909
vt 0.869879 0.012908
vt 0.872768 0.012908
vt 0.875658 0.012908
vt 0.878547 0.012909
vt 0.881435 0.012911
vt 0.884323 0.012917
vt 0.887208 0.012930
vt 0.890091 0.012956
vt 0.892971 0.013008
vt 0.895853 0.013112
vt 0.898754 0.013324
vt 0.901722 0.013746
vt 0.846970 0.015004
vt 0.844205 0.015459
vt 0.849774 0.014788
vt 0.852611 0.014688
vt 0.855469 0.014642
vt 0.858341 0.014621
vt 0.861221 0.014611
vt 0.864105 0.014608
vt 0.866991 0.014607
vt 0.869879 0.014608
vt 0.872768 0.014608
vt 0.875657 0.014608
vt 0.878546 0.014607
vt 0.881432 0.014608
vt 0.884316 0.014611
vt 0.887196 0.014621
vt 0.890067 0.014642
vt 0.892926 0.014688
vt 0.895763 0.014788
vt 0.898566 0.015004
vt 0.901331 0.015459
vt 0.847165 0.016790
vt 0.844646 0.017197
vt 0.849862 0.016618
vt 0.852652 0.016548
vt 0.855490 0.016520
vt 0.858352 0.016509
vt 0.861227 0.016505
vt 0.864108 0.016505
vt 0.866992 0.016507
vt 0.869880 0.016509
vt 0.872768 0.016510
vt 0.875657 0.016509
vt 0.878544 0.016507
vt 0.881429 0.016505
vt 0.884310 0.016505
vt 0.887185 0.016509
vt 0.890047 0.016520
vt 0.892884 0.016548
vt 0.895675 0.016619
vt 0.898371 0.016790
vt 0.900891 0.017197
vt 0.847299 0.018751
vt 0.845040 0.019028
vt 0.849915 0.018703
vt 0.852676 0.018699
vt 0.855501 0.018705
vt 0.858358 0.018711
vt 0.861230 0.018716
vt 0.864109 0.018720
vt 0.866993 0.018726
vt 0.869879 0.018730
vt 0.872768 0.018732
vt 0.875657 0.018730
vt 0.878544 0.018726
vt 0.881428 0.018720
vt 0.884307 0.018716
vt 0.887179 0.018711
vt 0.890035 0.018705
vt 0.892861 0.018699
vt 0.895621 0.018703
vt 0.898238 0.018751
vt 0.900497 0.019028
vt 0.390964 0.008180
vt 0.415590 0.008606
vt 0.414589 0.010293
vt 0.413520 0.009407
vt 0.414300 0.008093
vt 0.413116 0.011589
vt 0.412373 0.010416
vt 0.411314 0.012366
vt 0.410971 0.011021
vt 0.409361 0.012548
vt 0.409450 0.011163
vt 0.407447 0.012118
vt 0.407960 0.010828
vt 0.405760 0.011117
vt 0.406646 0.010049
vt 0.404464 0.009644
vt 0.405637 0.008902
vt 0.403687 0.007843
vt 0.405032 0.007499
vt 0.403505 0.005889
vt 0.404890 0.005978
vt 0.403935 0.003975
vt 0.405225 0.004488
vt 0.404936 0.002288
vt 0.406004 0.003174
vt 0.406409 0.000992
vt 0.407151 0.002165
vt 0.408210 0.000215
vt 0.408554 0.001560
vt 0.410163 0.000033
vt 0.410074 0.001418
vt 0.412077 0.000463
vt 0.411565 0.001753
vt 0.413765 0.001464
vt 0.412878 0.002532
vt 0.415060 0.002937
vt 0.413888 0.003679
vt 0.415837 0.004738
vt 0.414493 0.005082
vt 0.416019 0.006692
vt 0.414634 0.006603
vt 0.011784 0.010823
vt 0.013246 0.010381
vt 0.018381 0.025955
vt 0.016151 0.026630
vt 0.014685 0.009867
vt 0.020575 0.025172
vt 0.016097 0.009284
vt 0.022728 0.024282
vt 0.017478 0.008632
vt 0.024835 0.023288
vt 0.018826 0.007914
vt 0.026891 0.022193
vt 0.020137 0.007130
vt 0.028891 0.020998
vt 0.021409 0.006284
vt 0.030830 0.019706
vt 0.022637 0.005376
vt 0.032703 0.018322
vt 0.023820 0.004409
vt 0.034507 0.016847
vt 0.024954 0.003385
vt 0.036236 0.015286
vt 0.026036 0.002308
vt 0.037887 0.013643
vt 0.027065 0.001178
vt 0.039456 0.011920
vt 0.028037 -0.000000
vt 0.040938 0.010123
vt 0.001194 0.011868
vt 0.002720 0.011942
vt 0.002327 0.028336
vt 0.000000 0.028223
vt 0.004247 0.011941
vt 0.004657 0.028335
vt 0.005773 0.011866
vt 0.006983 0.028220
vt 0.007293 0.011716
vt 0.009302 0.027991
vt 0.008804 0.011492
vt 0.011606 0.027649
vt 0.010302 0.011194
vt 0.013891 0.027195
vt 0.063893 0.024630
vt 0.066223 0.024630
vt 0.066223 0.042049
vt 0.063893 0.042049
vt 0.068553 0.024630
vt 0.068553 0.042049
vt 0.070882 0.024630
vt 0.070882 0.042049
vt 0.073212 0.024630
vt 0.073212 0.042049
vt 0.075542 0.024630
vt 0.075542 0.042049
vt 0.077871 0.024630
vt 0.077871 0.042049
vt 0.080201 0.024630
vt 0.080201 0.042049
vt 0.082530 0.024629
vt 0.082531 0.042049
vt 0.084860 0.024629
vt 0.084860 0.042049
vt 0.087190 0.024629
vt 0.087190 0.042049
vt 0.089519 0.024629
vt 0.089519 0.042049
vt 0.091849 0.024629
vt 0.091849 0.042049
vt 0.094179 0.024629
vt 0.094179 0.042049
vt 0.096508 0.024629
vt 0.096508 0.042049
vt 0.098838 0.024629
vt 0.098838 0.042049
vt 0.101168 0.024629
vt 0.101168 0.042049
vt 0.103497 0.024629
vt 0.103497 0.042049
vt 0.056905 0.024630
vt 0.059234 0.024630
vt 0.059234 0.042049
vt 0.056905 0.042049
vt 0.061564 0.024630
vt 0.061564 0.042049
vt 0.905459 0.987139
vt 0.893139 0.984365
vt 0.894867 0.978435
vt 0.906466 0.981064
vt 0.881222 0.980117
vt 0.883653 0.974430
vt 0.869898 0.974461
vt 0.872997 0.969105
vt 0.859334 0.967484
vt 0.863055 0.962537
vt 0.849684 0.959287
vt 0.853973 0.954821
vt 0.841088 0.949990
vt 0.845884 0.946071
vt 0.833670 0.939728
vt 0.838903 0.936413
vt 0.827539 0.928650
vt 0.833133 0.925985
vt 0.822782 0.916914
vt 0.828656 0.914940
vt 0.819470 0.904692
vt 0.825539 0.903436
vt 0.817651 0.892157
vt 0.823827 0.891640
vt 0.817356 0.879489
vt 0.823549 0.879721
vt 0.818595 0.866872
vt 0.824713 0.867852
vt 0.821361 0.854499
vt 0.827309 0.856212
vt 0.825605 0.842586
vt 0.831294 0.844989
vt 0.831180 0.831368
vt 0.836561 0.834329
vt 0.837633 0.820786
vt 0.842895 0.824078
vt 0.942608 0.987277
vt 0.930374 0.988342
vt 0.930086 0.982252
vt 0.942016 0.981124
vt 0.917958 0.988418
vt 0.918260 0.982305
vt 0.896540 0.972688
vt 0.907446 0.975172
vt 0.886002 0.968919
vt 0.875988 0.963913
vt 0.866647 0.957742
vt 0.858113 0.950494
vt 0.850512 0.942273
vt 0.843953 0.933199
vt 0.838531 0.923403
vt 0.834324 0.913027
vt 0.831395 0.902221
vt 0.829786 0.891140
vt 0.829523 0.879945
vt 0.830613 0.868800
vt 0.833046 0.857872
vt 0.836789 0.847327
vt 0.841797 0.837274
vt 0.848060 0.827575
vt 0.929767 0.976269
vt 0.941210 0.974977
vt 0.918556 0.976355
vt 0.898201 0.967012
vt 0.908421 0.969347
vt 0.888330 0.963477
vt 0.878952 0.958788
vt 0.870204 0.953008
vt 0.862214 0.946220
vt 0.855096 0.938523
vt 0.848954 0.930026
vt 0.843877 0.920854
vt 0.839938 0.911138
vt 0.837194 0.901019
vt 0.835686 0.890644
vt 0.835437 0.880164
vt 0.836453 0.869731
vt 0.838723 0.859504
vt 0.842225 0.849641
vt 0.846957 0.840261
vt 0.853050 0.831321
vt 0.929367 0.970324
vt 0.940093 0.968855
vt 0.918841 0.970458
vt 0.899885 0.961255
vt 0.909410 0.963437
vt 0.890686 0.957960
vt 0.881950 0.953592
vt 0.873802 0.948209
vt 0.866360 0.941889
vt 0.859732 0.934721
vt 0.854012 0.926809
vt 0.849284 0.918268
vt 0.845615 0.909221
vt 0.843060 0.899800
vt 0.841654 0.890139
vt 0.841419 0.880381
vt 0.842358 0.870667
vt 0.844459 0.861147
vt 0.847700 0.851984
vt 0.852097 0.843343
vt 0.857829 0.835309
vt 0.928876 0.964318
vt 0.938654 0.962771
vt 0.919116 0.964478
vt 0.901638 0.955276
vt 0.910442 0.957301
vt 0.893137 0.952231
vt 0.885067 0.948198
vt 0.877542 0.943229
vt 0.870670 0.937394
vt 0.864550 0.930776
vt 0.859269 0.923472
vt 0.854904 0.915586
vt 0.851516 0.907233
vt 0.849156 0.898534
vt 0.847856 0.889614
vt 0.847635 0.880603
vt 0.848493 0.871632
vt 0.850413 0.862839
vt 0.853360 0.854397
vt 0.857316 0.846538
vt 0.862430 0.839473
vt 0.928321 0.958167
vt 0.937002 0.956727
vt 0.919398 0.958287
vt 0.058149 0.435849
vt 0.054476 0.444334
vt 0.049097 0.440924
vt 0.051978 0.434267
vt 0.048360 0.451270
vt 0.044299 0.446365
vt 0.040398 0.455977
vt 0.038052 0.450058
vt 0.031371 0.457996
vt 0.030969 0.451642
vt 0.022161 0.457127
vt 0.023744 0.450961
vt 0.013670 0.453457
vt 0.017083 0.448081
vt 0.006730 0.447344
vt 0.011638 0.443285
vt 0.002020 0.439388
vt 0.007942 0.437043
vt 0.000000 0.430366
vt 0.006358 0.429965
vt 0.000869 0.421162
vt 0.007039 0.422744
vt 0.004541 0.412677
vt 0.009921 0.416087
vt 0.010658 0.405741
vt 0.014719 0.410645
vt 0.018620 0.401033
vt 0.020966 0.406952
vt 0.027647 0.399015
vt 0.028048 0.405369
vt 0.036857 0.399884
vt 0.035274 0.406050
vt 0.045348 0.403554
vt 0.041935 0.408930
vt 0.052288 0.409666
vt 0.047380 0.413725
vt 0.056998 0.417623
vt 0.051076 0.419968
vt 0.059018 0.426645
vt 0.052660 0.427046
vt 0.043984 0.437682
vt 0.046113 0.432763
vt 0.040438 0.441703
vt 0.035822 0.444432
vt 0.030588 0.445602
vt 0.025249 0.445099
vt 0.020326 0.442971
vt 0.016303 0.439427
vt 0.013572 0.434814
vt 0.012401 0.429584
vt 0.012905 0.424248
vt 0.015034 0.419329
vt 0.018580 0.415308
vt 0.023196 0.412579
vt 0.028430 0.411408
vt 0.033769 0.411912
vt 0.038691 0.414039
vt 0.042715 0.417584
vt 0.045446 0.422196
vt 0.046616 0.427427
vt 0.039059 0.434560
vt 0.040463 0.431314
vt 0.036719 0.437212
vt 0.033674 0.439013
vt 0.030221 0.439785
vt 0.026698 0.439453
vt 0.023451 0.438049
vt 0.020796 0.435711
vt 0.018995 0.432668
vt 0.018222 0.429217
vt 0.018554 0.425697
vt 0.019960 0.422451
vt 0.022299 0.419798
vt 0.025344 0.417998
vt 0.028797 0.417226
vt 0.032320 0.417558
vt 0.035567 0.418962
vt 0.038221 0.421300
vt 0.040023 0.424343
vt 0.040796 0.427794
vt 0.034254 0.431514
vt 0.034952 0.429901
vt 0.033092 0.432832
vt 0.031579 0.433726
vt 0.029863 0.434110
vt 0.028112 0.433945
vt 0.026499 0.433247
vt 0.025179 0.432086
vt 0.024284 0.430574
vt 0.023901 0.428859
vt 0.024066 0.427109
vt 0.024764 0.425497
vt 0.025926 0.424179
vt 0.027439 0.423284
vt 0.029155 0.422900
vt 0.030906 0.423065
vt 0.032519 0.423763
vt 0.033838 0.424925
vt 0.034734 0.426437
vt 0.035118 0.428151
vt 0.029509 0.428508
vt 0.048093 0.008753
vt 0.048341 0.009171
vt 0.047132 0.010173
vt 0.046633 0.009333
vt 0.048706 0.009491
vt 0.047865 0.010818
vt 0.049152 0.009684
vt 0.048763 0.011205
vt 0.049635 0.009729
vt 0.049736 0.011296
vt 0.050109 0.009622
vt 0.050690 0.011082
vt 0.050527 0.009375
vt 0.051530 0.010584
vt 0.050848 0.009010
vt 0.052176 0.009850
vt 0.051040 0.008564
vt 0.052563 0.008953
vt 0.051085 0.008081
vt 0.052654 0.007981
vt 0.050979 0.007607
vt 0.052440 0.007028
vt 0.050731 0.007190
vt 0.051941 0.006188
vt 0.050367 0.006870
vt 0.051207 0.005542
vt 0.049920 0.006677
vt 0.050310 0.005156
vt 0.049437 0.006632
vt 0.049336 0.005065
vt 0.048963 0.006739
vt 0.048383 0.005279
vt 0.048545 0.006986
vt 0.047542 0.005777
vt 0.048225 0.007351
vt 0.046897 0.006510
vt 0.048032 0.007797
vt 0.046509 0.007407
vt 0.047987 0.008280
vt 0.046419 0.008380
vt 0.045891 0.011201
vt 0.045136 0.009928
vt 0.047004 0.012179
vt 0.048364 0.012765
vt 0.049839 0.012903
vt 0.051285 0.012578
vt 0.052559 0.011823
vt 0.053537 0.010711
vt 0.054124 0.009352
vt 0.054262 0.007878
vt 0.053937 0.006433
vt 0.053181 0.005159
vt 0.052069 0.004182
vt 0.050708 0.003596
vt 0.049233 0.003458
vt 0.047788 0.003782
vt 0.046513 0.004538
vt 0.045535 0.005649
vt 0.044948 0.007009
vt 0.044811 0.008483
vt 0.044604 0.012268
vt 0.043581 0.010545
vt 0.046109 0.013592
vt 0.047950 0.014385
vt 0.049946 0.014571
vt 0.051902 0.014132
vt 0.053627 0.013110
vt 0.054951 0.011606
vt 0.055745 0.009766
vt 0.055931 0.007771
vt 0.055492 0.005816
vt 0.054469 0.004093
vt 0.052964 0.002769
vt 0.051123 0.001976
vt 0.049126 0.001790
vt 0.047170 0.002229
vt 0.045446 0.003251
vt 0.044122 0.004755
vt 0.043328 0.006595
vt 0.043141 0.008590
vt 0.043249 0.013391
vt 0.041946 0.011194
vt 0.045168 0.015078
vt 0.047514 0.016089
vt 0.050059 0.016326
vt 0.052552 0.015766
vt 0.054750 0.014464
vt 0.056438 0.012546
vt 0.057450 0.010201
vt 0.057687 0.007658
vt 0.057127 0.005167
vt 0.055824 0.002970
vt 0.053905 0.001283
vt 0.051558 0.000272
vt 0.049014 0.000034
vt 0.046521 0.000594
vt 0.044322 0.001897
vt 0.042635 0.003815
vt 0.041623 0.006160
vt 0.041385 0.008703
vt 0.006077 0.064328
vt 0.008671 0.064533
vt 0.008604 0.066371
vt 0.005800 0.066107
vt 0.011509 0.064551
vt 0.011492 0.066445
vt 0.014408 0.064548
vt 0.014405 0.066459
vt 0.017319 0.064544
vt 0.017319 0.066458
vt 0.020227 0.064542
vt 0.020228 0.066454
vt 0.023130 0.064541
vt 0.023131 0.066451
vt 0.026031 0.064539
vt 0.026032 0.066447
vt 0.028929 0.064537
vt 0.028929 0.066443
vt 0.031824 0.064535
vt 0.031825 0.066441
vt 0.034720 0.064533
vt 0.034720 0.066440
vt 0.037616 0.064535
vt 0.037616 0.066441
vt 0.040512 0.064537
vt 0.040511 0.066443
vt 0.043410 0.064539
vt 0.043409 0.066447
vt 0.046310 0.064541
vt 0.046309 0.066451
vt 0.049213 0.064542
vt 0.049212 0.066454
vt 0.052121 0.064544
vt 0.052121 0.066458
vt 0.055032 0.064548
vt 0.055036 0.066459
vt 0.057932 0.064551
vt 0.057949 0.066445
vt 0.060770 0.064533
vt 0.060836 0.066371
vt 0.063363 0.064328
vt 0.063640 0.066107
vt 0.008515 0.068081
vt 0.005525 0.067829
vt 0.011467 0.068158
vt 0.014400 0.068173
vt 0.017320 0.068169
vt 0.020230 0.068162
vt 0.023133 0.068156
vt 0.026033 0.068151
vt 0.028931 0.068147
vt 0.031826 0.068144
vt 0.034720 0.068143
vt 0.037615 0.068144
vt 0.040510 0.068147
vt 0.043407 0.068151
vt 0.046307 0.068156
vt 0.049210 0.068162
vt 0.052120 0.068169
vt 0.055040 0.068173
vt 0.057974 0.068158
vt 0.060925 0.068081
vt 0.063916 0.067829
vt 0.008443 0.069712
vt 0.005313 0.069536
vt 0.011449 0.069761
vt 0.014400 0.069762
vt 0.017324 0.069752
vt 0.020234 0.069741
vt 0.023137 0.069732
vt 0.026036 0.069725
vt 0.028932 0.069721
vt 0.031826 0.069718
vt 0.034720 0.069718
vt 0.037614 0.069718
vt 0.040508 0.069721
vt 0.043404 0.069725
vt 0.046303 0.069732
vt 0.049206 0.069741
vt 0.052116 0.069752
vt 0.055040 0.069762
vt 0.057992 0.069761
vt 0.060997 0.069712
vt 0.064128 0.069536
vt 0.008407 0.071299
vt 0.005191 0.071237
vt 0.011446 0.071297
vt 0.014406 0.071277
vt 0.017332 0.071256
vt 0.020240 0.071241
vt 0.023141 0.071230
vt 0.026039 0.071223
vt 0.028934 0.071218
vt 0.031828 0.071216
vt 0.034720 0.071214
vt 0.037613 0.071216
vt 0.040506 0.071218
vt 0.043402 0.071223
vt 0.046299 0.071230
vt 0.049200 0.071241
vt 0.052109 0.071256
vt 0.055034 0.071277
vt 0.057995 0.071297
vt 0.061033 0.071299
vt 0.064249 0.071237
vt 0.008416 0.072863
vt 0.005173 0.072936
vt 0.011462 0.072801
vt 0.014421 0.072755
vt 0.017342 0.072724
vt 0.020248 0.072704
vt 0.023147 0.072691
vt 0.026042 0.072683
vt 0.028936 0.072678
vt 0.031828 0.072676
vt 0.034720 0.072676
vt 0.037612 0.072676
vt 0.040504 0.072678
vt 0.043398 0.072683
vt 0.046294 0.072691
vt 0.049192 0.072704
vt 0.052098 0.072724
vt 0.055019 0.072755
vt 0.057978 0.072801
vt 0.061024 0.072863
vt 0.064267 0.072936
vt 0.008475 0.074424
vt 0.005264 0.074636
vt 0.011499 0.074302
vt 0.014445 0.074230
vt 0.017357 0.074188
vt 0.020257 0.074164
vt 0.023152 0.074150
vt 0.026046 0.074142
vt 0.028938 0.074138
vt 0.031829 0.074136
vt 0.034720 0.074135
vt 0.037611 0.074136
vt 0.040502 0.074138
vt 0.043395 0.074142
vt 0.046288 0.074150
vt 0.049183 0.074164
vt 0.052083 0.074188
vt 0.054996 0.074230
vt 0.057941 0.074302
vt 0.060966 0.074424
vt 0.064176 0.074636
vt 0.008582 0.076003
vt 0.005464 0.076337
vt 0.011558 0.075827
vt 0.014477 0.075734
vt 0.017376 0.075684
vt 0.020268 0.075658
vt 0.023159 0.075644
vt 0.026049 0.075637
vt 0.028940 0.075633
vt 0.031830 0.075632
vt 0.034720 0.075632
vt 0.037610 0.075632
vt 0.040501 0.075633
vt 0.043391 0.075637
vt 0.046281 0.075644
vt 0.049172 0.075658
vt 0.052064 0.075684
vt 0.054963 0.075734
vt 0.057882 0.075827
vt 0.060858 0.076003
vt 0.063977 0.076337
vt 0.008735 0.077619
vt 0.005767 0.078041
vt 0.011635 0.077407
vt 0.014518 0.077302
vt 0.017398 0.077251
vt 0.020281 0.077225
vt 0.023166 0.077212
vt 0.026053 0.077206
vt 0.028942 0.077204
vt 0.031830 0.077203
vt 0.034720 0.077203
vt 0.037610 0.077203
vt 0.040499 0.077204
vt 0.043387 0.077206
vt 0.046274 0.077212
vt 0.049160 0.077225
vt 0.052042 0.077251
vt 0.054922 0.077302
vt 0.057805 0.077407
vt 0.060706 0.077619
vt 0.063674 0.078041
vt 0.008922 0.079299
vt 0.006157 0.079754
vt 0.011726 0.079083
vt 0.014562 0.078983
vt 0.017421 0.078937
vt 0.020293 0.078916
vt 0.023173 0.078906
vt 0.026056 0.078903
vt 0.028943 0.078902
vt 0.031831 0.078902
vt 0.034720 0.078903
vt 0.037609 0.078902
vt 0.040497 0.078902
vt 0.043384 0.078903
vt 0.046268 0.078906
vt 0.049147 0.078916
vt 0.052019 0.078937
vt 0.054878 0.078983
vt 0.057715 0.079083
vt 0.060518 0.079299
vt 0.063283 0.079754
vt 0.009117 0.081085
vt 0.006598 0.081492
vt 0.011814 0.080913
vt 0.014604 0.080843
vt 0.017442 0.080815
vt 0.020304 0.080804
vt 0.023179 0.080800
vt 0.026060 0.080800
vt 0.028944 0.080802
vt 0.031831 0.080804
vt 0.034720 0.080805
vt 0.037609 0.080804
vt 0.040496 0.080802
vt 0.043381 0.080800
vt 0.046262 0.080800
vt 0.049136 0.080804
vt 0.051999 0.080815
vt 0.054836 0.080843
vt 0.057626 0.080913
vt 0.060323 0.081085
vt 0.062842 0.081492
vt 0.009250 0.083046
vt 0.006991 0.083323
vt 0.011867 0.082998
vt 0.014628 0.082994
vt 0.017453 0.083000
vt 0.020310 0.083006
vt 0.023182 0.083011
vt 0.026061 0.083015
vt 0.028945 0.083020
vt 0.031831 0.083025
vt 0.034720 0.083027
vt 0.037609 0.083025
vt 0.040496 0.083020
vt 0.043379 0.083015
vt 0.046259 0.083011
vt 0.049131 0.083006
vt 0.051987 0.083000
vt 0.054813 0.082994
vt 0.057573 0.082998
vt 0.060190 0.083046
vt 0.062449 0.083323
vt 0.049537 0.008180
vt 0.353512 0.015583
vt 0.352511 0.017271
vt 0.351443 0.016385
vt 0.352222 0.015071
vt 0.351038 0.018566
vt 0.350296 0.017393
vt 0.349236 0.019343
vt 0.348894 0.017998
vt 0.347284 0.019526
vt 0.347372 0.018140
vt 0.345369 0.019095
vt 0.345882 0.017805
vt 0.343682 0.018095
vt 0.344568 0.017026
vt 0.342387 0.016622
vt 0.343559 0.015879
vt 0.341609 0.014820
vt 0.342954 0.014477
vt 0.341427 0.012867
vt 0.342812 0.012956
vt 0.341857 0.010953
vt 0.343147 0.011465
vt 0.342858 0.009266
vt 0.343926 0.010152
vt 0.344331 0.007970
vt 0.345073 0.009143
vt 0.346132 0.007193
vt 0.346476 0.008538
vt 0.348086 0.007011
vt 0.347997 0.008396
vt 0.349999 0.007441
vt 0.349487 0.008731
vt 0.351687 0.008441
vt 0.350801 0.009510
vt 0.352983 0.009914
vt 0.351810 0.010657
vt 0.353760 0.011716
vt 0.352415 0.012059
vt 0.353942 0.013669
vt 0.352557 0.013580
vt 0.115247 0.010823
vt 0.116709 0.010381
vt 0.121844 0.025955
vt 0.119614 0.026630
vt 0.118148 0.009867
vt 0.124038 0.025172
vt 0.119559 0.009284
vt 0.126191 0.024282
vt 0.120941 0.008632
vt 0.128298 0.023288
vt 0.122289 0.007914
vt 0.130353 0.022193
vt 0.123600 0.007130
vt 0.132353 0.020998
vt 0.124872 0.006284
vt 0.134292 0.019706
vt 0.126100 0.005376
vt 0.136166 0.018322
vt 0.127283 0.004409
vt 0.137970 0.016847
vt 0.128416 0.003385
vt 0.139699 0.015286
vt 0.129499 0.002308
vt 0.141350 0.013643
vt 0.130528 0.001178
vt 0.142918 0.011920
vt 0.131500 0.000000
vt 0.144401 0.010123
vt 0.104657 0.011868
vt 0.106183 0.011942
vt 0.105790 0.028336
vt 0.103463 0.028223
vt 0.107710 0.011941
vt 0.108119 0.028335
vt 0.109236 0.011866
vt 0.110446 0.028220
vt 0.110756 0.011716
vt 0.112764 0.027991
vt 0.112267 0.011492
vt 0.115069 0.027649
vt 0.113765 0.011194
vt 0.117354 0.027195
vt 0.607073 0.000036
vt 0.609403 0.000036
vt 0.609402 0.017455
vt 0.607073 0.017455
vt 0.611732 0.000035
vt 0.611732 0.017455
vt 0.614062 0.000035
vt 0.614062 0.017455
vt 0.616391 0.000035
vt 0.616391 0.017455
vt 0.618721 0.000035
vt 0.618721 0.017455
vt 0.621051 0.000035
vt 0.621051 0.017455
vt 0.623380 0.000035
vt 0.623380 0.017455
vt 0.625710 0.000035
vt 0.625710 0.017455
vt 0.628039 0.000035
vt 0.628040 0.017455
vt 0.630369 0.000035
vt 0.630369 0.017455
vt 0.632699 0.000035
vt 0.632699 0.017455
vt 0.635028 0.000035
vt 0.635029 0.017455
vt 0.637358 0.000035
vt 0.637358 0.017455
vt 0.639688 0.000035
vt 0.639688 0.017455
vt 0.642017 0.000035
vt 0.642017 0.017455
vt 0.644347 0.000035
vt 0.644347 0.017455
vt 0.646677 0.000035
vt 0.646677 0.017455
vt 0.600084 0.000035
vt 0.602414 0.000036
vt 0.602414 0.017455
vt 0.600084 0.017455
vt 0.604743 0.000036
vt 0.604743 0.017455
vt 0.419024 0.000148
vt 0.420219 0.000140
vt 0.420219 0.047003
vt 0.419024 0.047011
vt 0.421414 0.000128
vt 0.421414 0.046991
vt 0.422608 0.000111
vt 0.422608 0.046974
vt 0.423803 0.000094
vt 0.423803 0.046956
vt 0.424998 0.000076
vt 0.424998 0.046939
vt 0.426192 0.000059
vt 0.426192 0.046922
vt 0.427387 0.000047
vt 0.427387 0.046910
vt 0.428582 0.000038
vt 0.428582 0.046901
vt 0.429777 0.000035
vt 0.429777 0.046898
vt 0.430971 0.000038
vt 0.430971 0.046901
vt 0.432166 0.000046
vt 0.432166 0.046909
vt 0.433361 0.000059
vt 0.433361 0.046921
vt 0.434555 0.000075
vt 0.434555 0.046937
vt 0.435750 0.000093
vt 0.435750 0.046955
vt 0.436945 0.000111
vt 0.436945 0.046973
vt 0.438140 0.000127
vt 0.438140 0.046989
vt 0.000000 0.064337
vt 0.001195 0.064350
vt 0.001195 0.111213
vt 0.000000 0.111200
vt 0.002390 0.064358
vt 0.002390 0.111221
vt 0.003584 0.064362
vt 0.003584 0.111224
vt 0.004779 0.064359
vt 0.004779 0.111221
vt 0.007033 0.000356
vt 0.008453 0.001158
vt 0.007936 0.001817
vt 0.006745 0.001142
vt 0.009555 0.002361
vt 0.008860 0.002827
vt 0.010232 0.003844
vt 0.009427 0.004074
vt 0.010418 0.005465
vt 0.009581 0.005434
vt 0.010093 0.007064
vt 0.009307 0.006776
vt 0.009291 0.008484
vt 0.008632 0.007967
vt 0.008088 0.009587
vt 0.007622 0.008891
vt 0.006604 0.010263
vt 0.006375 0.009458
vt 0.004983 0.010448
vt 0.005014 0.009612
vt 0.003384 0.010123
vt 0.003673 0.009338
vt 0.001965 0.009320
vt 0.002482 0.008662
vt 0.000863 0.008119
vt 0.001558 0.007652
vt 0.000186 0.006635
vt 0.000991 0.006406
vt 0.000000 0.005014
vt 0.000836 0.005045
vt 0.000324 0.003416
vt 0.001110 0.003704
vt 0.001127 0.001995
vt 0.001786 0.002512
vt 0.002330 0.000893
vt 0.002796 0.001588
vt 0.003814 0.000216
vt 0.004043 0.001021
vt 0.005435 0.000031
vt 0.005403 0.000867
vt 0.007439 0.002451
vt 0.006468 0.001898
vt 0.008192 0.003276
vt 0.008652 0.004294
vt 0.008776 0.005404
vt 0.008551 0.006499
vt 0.007998 0.007470
vt 0.007172 0.008223
vt 0.006155 0.008684
vt 0.005044 0.008807
vt 0.003950 0.008581
vt 0.002979 0.008028
vt 0.002226 0.007203
vt 0.001765 0.006185
vt 0.001641 0.005075
vt 0.001867 0.003980
vt 0.002419 0.003009
vt 0.003245 0.002256
vt 0.004263 0.001796
vt 0.005374 0.001672
vt 0.006949 0.003075
vt 0.006194 0.002643
vt 0.007532 0.003718
vt 0.007889 0.004511
vt 0.007983 0.005375
vt 0.007806 0.006225
vt 0.007374 0.006980
vt 0.006731 0.007564
vt 0.005938 0.007920
vt 0.005074 0.008014
vt 0.004224 0.007836
vt 0.003470 0.007404
vt 0.002885 0.006761
vt 0.002529 0.005968
vt 0.002434 0.005105
vt 0.002612 0.004254
vt 0.003043 0.003500
vt 0.003687 0.002916
vt 0.004479 0.002559
vt 0.005343 0.002465
vt 0.534125 0.004353
vt 0.533656 0.005276
vt 0.532923 0.004747
vt 0.533264 0.004076
vt 0.532925 0.006010
vt 0.532392 0.005280
vt 0.532003 0.006482
vt 0.531721 0.005623
vt 0.530980 0.006646
vt 0.530978 0.005742
vt 0.529956 0.006486
vt 0.530233 0.005627
vt 0.529031 0.006019
vt 0.529562 0.005287
vt 0.528297 0.005289
vt 0.529028 0.004756
vt 0.527824 0.004368
vt 0.528684 0.004086
vt 0.527660 0.003346
vt 0.528565 0.003344
vt 0.527820 0.002323
vt 0.528681 0.002600
vt 0.528288 0.001400
vt 0.529021 0.001929
vt 0.529019 0.000666
vt 0.529553 0.001396
vt 0.529941 0.000195
vt 0.530223 0.001053
vt 0.530965 0.000030
vt 0.530967 0.000934
vt 0.531989 0.000190
vt 0.531711 0.001050
vt 0.532913 0.000658
vt 0.532383 0.001390
vt 0.533647 0.001388
vt 0.532917 0.001920
vt 0.534120 0.002309
vt 0.533260 0.002590
vt 0.534285 0.003331
vt 0.533380 0.003332
vt 0.532245 0.004257
vt 0.532467 0.003819
vt 0.531898 0.004605
vt 0.531461 0.004829
vt 0.530976 0.004907
vt 0.530490 0.004831
vt 0.530052 0.004609
vt 0.529704 0.004263
vt 0.529480 0.003826
vt 0.529401 0.003342
vt 0.529477 0.002857
vt 0.529699 0.002419
vt 0.530046 0.002071
vt 0.530483 0.001847
vt 0.530969 0.001769
vt 0.531454 0.001845
vt 0.531893 0.002067
vt 0.532241 0.002413
vt 0.532465 0.002850
vt 0.532543 0.003334
vt 0.531601 0.003792
vt 0.531710 0.003576
vt 0.531429 0.003964
vt 0.531214 0.004074
vt 0.530974 0.004112
vt 0.530734 0.004075
vt 0.530518 0.003966
vt 0.530346 0.003795
vt 0.530235 0.003579
vt 0.530197 0.003340
vt 0.530234 0.003101
vt 0.530344 0.002884
vt 0.530515 0.002713
vt 0.530731 0.002602
vt 0.530970 0.002564
vt 0.531210 0.002601
vt 0.531427 0.002711
vt 0.531599 0.002882
vt 0.531709 0.003097
vt 0.531748 0.003336
vt 0.530972 0.003338
vt 0.222605 0.918712
vt 0.210284 0.915938
vt 0.212013 0.910008
vt 0.223611 0.912637
vt 0.198368 0.911690
vt 0.200799 0.906003
vt 0.187044 0.906034
vt 0.190142 0.900678
vt 0.176480 0.899057
vt 0.180201 0.894109
vt 0.166830 0.890860
vt 0.171119 0.886394
vt 0.158234 0.881563
vt 0.163030 0.877644
vt 0.150816 0.871301
vt 0.156049 0.867986
vt 0.144685 0.860223
vt 0.150278 0.857558
vt 0.139928 0.848487
vt 0.145802 0.846513
vt 0.136616 0.836265
vt 0.142684 0.835009
vt 0.134797 0.823730
vt 0.140973 0.823213
vt 0.134502 0.811062
vt 0.140695 0.811294
vt 0.135741 0.798445
vt 0.141859 0.799425
vt 0.138507 0.786071
vt 0.144455 0.787785
vt 0.142751 0.774159
vt 0.148440 0.776562
vt 0.148326 0.762941
vt 0.153707 0.765902
vt 0.154779 0.752359
vt 0.160041 0.755651
vt 0.259754 0.918850
vt 0.247520 0.919915
vt 0.247231 0.913825
vt 0.259162 0.912697
vt 0.235104 0.919991
vt 0.235406 0.913878
vt 0.213686 0.904261
vt 0.224592 0.906745
vt 0.203147 0.900492
vt 0.193134 0.895486
vt 0.183793 0.889315
vt 0.175259 0.882067
vt 0.167658 0.873846
vt 0.161099 0.864772
vt 0.155677 0.854976
vt 0.151470 0.844600
vt 0.148541 0.833793
vt 0.146932 0.822713
vt 0.146669 0.811518
vt 0.147759 0.800373
vt 0.150192 0.789445
vt 0.153935 0.778899
vt 0.158942 0.768847
vt 0.165206 0.759148
vt 0.246913 0.907842
vt 0.258356 0.906550
vt 0.235702 0.907928
vt 0.215347 0.898585
vt 0.225567 0.900920
vt 0.205475 0.895050
vt 0.196097 0.890361
vt 0.187350 0.884581
vt 0.179359 0.877793
vt 0.172242 0.870096
vt 0.166100 0.861599
vt 0.161023 0.852427
vt 0.157084 0.842711
vt 0.154340 0.832592
vt 0.152832 0.822217
vt 0.152583 0.811737
vt 0.153599 0.801304
vt 0.155869 0.791077
vt 0.159370 0.781214
vt 0.164103 0.771834
vt 0.170195 0.762893
vt 0.246513 0.901897
vt 0.257239 0.900428
vt 0.235987 0.902031
vt 0.217031 0.892828
vt 0.226556 0.895010
vt 0.207832 0.889533
vt 0.199096 0.885164
vt 0.190948 0.879782
vt 0.183506 0.873462
vt 0.176878 0.866294
vt 0.171158 0.858382
vt 0.166430 0.849841
vt 0.162761 0.840794
vt 0.160206 0.831372
vt 0.158800 0.821712
vt 0.158565 0.811953
vt 0.159504 0.802240
vt 0.161604 0.792720
vt 0.164846 0.783557
vt 0.169243 0.774916
vt 0.174975 0.766882
vt 0.246022 0.895891
vt 0.255800 0.894343
vt 0.236262 0.896051
vt 0.218784 0.886849
vt 0.227588 0.888874
vt 0.210283 0.883804
vt 0.202212 0.879771
vt 0.194688 0.874802
vt 0.187816 0.868967
vt 0.181696 0.862349
vt 0.176415 0.855045
vt 0.172049 0.847159
vt 0.168662 0.838806
vt 0.166302 0.830107
vt 0.165002 0.821187
vt 0.164781 0.812176
vt 0.165639 0.803205
vt 0.167559 0.794412
vt 0.170506 0.785970
vt 0.174462 0.778111
vt 0.179576 0.771046
vt 0.245467 0.889740
vt 0.254148 0.888300
vt 0.236544 0.889860
vt 0.518558 0.105963
vt 0.514886 0.114448
vt 0.509506 0.111038
vt 0.512388 0.104381
vt 0.508769 0.121384
vt 0.504708 0.116480
vt 0.500808 0.126092
vt 0.498461 0.120173
vt 0.491780 0.128110
vt 0.491379 0.121756
vt 0.482570 0.127241
vt 0.484153 0.121075
vt 0.474079 0.123571
vt 0.477492 0.118195
vt 0.467139 0.117459
vt 0.472047 0.113400
vt 0.462429 0.109502
vt 0.468351 0.107157
vt 0.460409 0.100480
vt 0.466767 0.100079
vt 0.461278 0.091276
vt 0.467449 0.092858
vt 0.464951 0.082791
vt 0.470330 0.086201
vt 0.471067 0.075855
vt 0.475129 0.080760
vt 0.479029 0.071148
vt 0.481375 0.077067
vt 0.488057 0.069130
vt 0.488457 0.075483
vt 0.497266 0.069998
vt 0.495683 0.076164
vt 0.505757 0.073668
vt 0.502345 0.079044
vt 0.512697 0.079781
vt 0.507789 0.083839
vt 0.517408 0.087737
vt 0.511485 0.090082
vt 0.519427 0.096759
vt 0.513070 0.097160
vt 0.504393 0.107796
vt 0.506522 0.102877
vt 0.500847 0.111817
vt 0.496231 0.114546
vt 0.490998 0.115716
vt 0.485658 0.115213
vt 0.480736 0.113085
vt 0.476712 0.109541
vt 0.473981 0.104929
vt 0.472810 0.099698
vt 0.473314 0.094362
vt 0.475443 0.089443
vt 0.478989 0.085422
vt 0.483605 0.082693
vt 0.488839 0.081523
vt 0.494178 0.082027
vt 0.499100 0.084154
vt 0.503124 0.087698
vt 0.505855 0.092311
vt 0.507026 0.097541
vt 0.499468 0.104674
vt 0.500872 0.101428
vt 0.497128 0.107327
vt 0.494083 0.109127
vt 0.490630 0.109899
vt 0.487108 0.109567
vt 0.483860 0.108163
vt 0.481205 0.105825
vt 0.479404 0.102782
vt 0.478632 0.099331
vt 0.478964 0.095811
vt 0.480369 0.092565
vt 0.482708 0.089913
vt 0.485753 0.088112
vt 0.489206 0.087340
vt 0.492729 0.087672
vt 0.495976 0.089076
vt 0.498631 0.091414
vt 0.500432 0.094457
vt 0.501205 0.097908
vt 0.494663 0.101628
vt 0.495362 0.100015
vt 0.493501 0.102946
vt 0.491988 0.103841
vt 0.490272 0.104224
vt 0.488522 0.104059
vt 0.486908 0.103362
vt 0.485589 0.102200
vt 0.484694 0.100688
vt 0.484310 0.098973
vt 0.484475 0.097224
vt 0.485173 0.095611
vt 0.486335 0.094293
vt 0.487849 0.093398
vt 0.489564 0.093014
vt 0.491315 0.093180
vt 0.492928 0.093877
vt 0.494247 0.095039
vt 0.495143 0.096551
vt 0.495527 0.098266
vt 0.489918 0.098622
vt 0.398332 0.456352
vt 0.414796 0.456351
vt 0.414796 0.751577
vt 0.398332 0.751577
vt 0.431260 0.456352
vt 0.431260 0.751577
vt 0.447724 0.456352
vt 0.447724 0.751577
vt 0.464188 0.456352
vt 0.464188 0.751577
vt 0.480653 0.456352
vt 0.480653 0.751577
vt 0.497117 0.456352
vt 0.497117 0.751577
vt 0.513581 0.456352
vt 0.513581 0.751577
vt 0.530045 0.456352
vt 0.530045 0.751577
vt 0.546510 0.456352
vt 0.546510 0.751577
vt 0.562974 0.456351
vt 0.562974 0.751577
vt 0.579438 0.456352
vt 0.579438 0.751577
vt 0.595902 0.456352
vt 0.595902 0.751577
vt 0.612367 0.456352
vt 0.612367 0.751577
vt 0.015519 0.673181
vt 0.031984 0.673180
vt 0.031984 0.968406
vt 0.015519 0.968406
vt 0.048448 0.673181
vt 0.048448 0.968407
vt 0.064912 0.673182
vt 0.064912 0.968405
vt 0.081376 0.673181
vt 0.081376 0.968407
vt 0.097841 0.673181
vt 0.097841 0.968406
vt 0.114305 0.673182
vt 0.114305 0.968406
vt 0.130769 0.673181
vt 0.130769 0.968406
vt 0.785658 0.751307
vt 0.827278 0.751258
vt 0.827228 0.820801
vt 0.784372 0.820849
vt 0.743964 0.751354
vt 0.741558 0.820895
vt 0.702139 0.751411
vt 0.698825 0.820951
vt 0.660100 0.751486
vt 0.656233 0.821028
vt 0.617856 0.751572
vt 0.613791 0.821124
vt 0.575405 0.751660
vt 0.571523 0.821213
vt 0.532749 0.751736
vt 0.529458 0.821296
vt 0.489972 0.751788
vt 0.487539 0.821355
vt 0.447061 0.751810
vt 0.445772 0.821380
vt 0.404107 0.751808
vt 0.404062 0.821384
vt 0.361146 0.751741
vt 0.362362 0.821316
vt 0.318232 0.751629
vt 0.320605 0.821196
vt 0.275425 0.751448
vt 0.278717 0.821019
vt 0.232791 0.751230
vt 0.236638 0.820798
vt 0.481951 0.000035
vt 0.524196 0.000138
vt 0.528161 0.069224
vt 0.486249 0.069120
vt 0.439717 0.000135
vt 0.444350 0.069220
vt 0.952478 0.751683
vt 0.994709 0.752170
vt 0.997952 0.821714
vt 0.955575 0.821257
vt 0.910591 0.751433
vt 0.912901 0.820958
vt 0.868895 0.751302
vt 0.870090 0.820868
vt 0.279731 0.159269
vt 0.250391 0.154504
vt 0.250391 0.000032
vt 0.327764 0.012363
vt 0.306195 0.173107
vt 0.397565 0.048146
vt 0.327200 0.194664
vt 0.452959 0.103880
vt 0.340688 0.221822
vt 0.488525 0.174109
vt 0.345334 0.251926
vt 0.500779 0.251961
vt 0.340686 0.282033
vt 0.488521 0.329808
vt 0.327201 0.309193
vt 0.452961 0.400035
vt 0.306197 0.330747
vt 0.397566 0.455774
vt 0.279730 0.344584
vt 0.327763 0.491555
vt 0.250390 0.349352
vt 0.250392 0.503884
vt 0.221052 0.344585
vt 0.173017 0.491558
vt 0.194584 0.330746
vt 0.103213 0.455771
vt 0.173580 0.309192
vt 0.047824 0.400034
vt 0.160093 0.282035
vt 0.012261 0.329811
vt 0.155449 0.251928
vt 0.000000 0.251962
vt 0.160095 0.221821
vt 0.012256 0.174107
vt 0.173581 0.194662
vt 0.047824 0.103879
vt 0.194584 0.173108
vt 0.103217 0.048147
vt 0.221051 0.159270
vt 0.173016 0.012363
vt 0.952425 0.395553
vt 0.897316 0.450663
vt 0.827874 0.486045
vt 0.750898 0.498237
vt 0.673920 0.486045
vt 0.604478 0.450662
vt 0.549369 0.395553
vt 0.513986 0.326111
vt 0.501794 0.249135
vt 0.513986 0.172158
vt 0.549369 0.102716
vt 0.604478 0.047606
vt 0.673921 0.012223
vt 0.750897 0.000032
vt 0.827873 0.012223
vt 0.897316 0.047605
vt 0.952427 0.102716
vt 0.987808 0.172158
vt 1.000000 0.249135
vt 0.987809 0.326110
vt 0.220455 0.675800
vt 0.206545 0.648501
vt 0.201752 0.618239
vt 0.206545 0.587977
vt 0.220455 0.560678
vt 0.242120 0.539013
vt 0.269419 0.525104
vt 0.299680 0.520311
vt 0.329942 0.525104
vt 0.357242 0.539013
vt 0.378907 0.560678
vt 0.392816 0.587977
vt 0.397609 0.618239
vt 0.392816 0.648501
vt 0.378907 0.675800
vt 0.357241 0.697465
vt 0.329943 0.711375
vt 0.299681 0.716168
vt 0.269419 0.711375
vt 0.242119 0.697465
vt 0.698559 0.000202
vt 0.703964 0.000370
vt 0.704041 0.003109
vt 0.698373 0.003105
vt 0.709045 0.000033
vt 0.709385 0.002608
vt 0.056952 0.000034
vt 0.062336 0.000136
vt 0.062289 0.002880
vt 0.056905 0.002778
vt 0.289696 0.002883
vt 0.295363 0.002853
vt 0.295299 0.005591
vt 0.289895 0.005785
vt 0.300710 0.003328
vt 0.300381 0.005904
vt 0.967404 0.000035
vt 0.972788 0.000079
vt 0.972761 0.002823
vt 0.967377 0.002780
vt 0.085710 0.016357
vt 0.080325 0.016399
vt 0.081211 0.014837
vt 0.084800 0.014810
vt 0.077597 0.011756
vt 0.079392 0.011742
vt 0.080253 0.007072
vt 0.081163 0.008619
vt 0.085637 0.007030
vt 0.084752 0.008592
vt 0.088366 0.011673
vt 0.086571 0.011687
vt 0.977723 0.000148
vt 0.978918 0.000140
vt 0.978918 0.047003
vt 0.977723 0.047011
vt 0.980112 0.000128
vt 0.980112 0.046990
vt 0.981307 0.000111
vt 0.981307 0.046974
vt 0.982502 0.000094
vt 0.982502 0.046956
vt 0.983696 0.000076
vt 0.983696 0.046939
vt 0.984891 0.000059
vt 0.984891 0.046922
vt 0.986086 0.000047
vt 0.986086 0.046910
vt 0.987281 0.000038
vt 0.987281 0.046901
vt 0.988475 0.000035
vt 0.988475 0.046898
vt 0.989670 0.000038
vt 0.989670 0.046900
vt 0.990865 0.000046
vt 0.990865 0.046909
vt 0.992059 0.000059
vt 0.992059 0.046921
vt 0.993254 0.000075
vt 0.993254 0.046937
vt 0.994449 0.000093
vt 0.994449 0.046955
vt 0.995644 0.000111
vt 0.995644 0.046973
vt 0.996838 0.000127
vt 0.996838 0.046989
vt 0.993242 0.079383
vt 0.994437 0.079396
vt 0.994437 0.126259
vt 0.993242 0.126246
vt 0.995632 0.079404
vt 0.995632 0.126267
vt 0.996827 0.079408
vt 0.996827 0.126270
vt 0.998021 0.079405
vt 0.998021 0.126267
vt 0.829562 0.000356
vt 0.830982 0.001158
vt 0.830465 0.001817
vt 0.829274 0.001142
vt 0.832084 0.002361
vt 0.831389 0.002827
vt 0.832761 0.003845
vt 0.831956 0.004073
vt 0.832946 0.005465
vt 0.832110 0.005434
vt 0.832622 0.007064
vt 0.831836 0.006776
vt 0.831819 0.008484
vt 0.831161 0.007967
vt 0.830617 0.009587
vt 0.830150 0.008891
vt 0.829132 0.010263
vt 0.828904 0.009458
vt 0.827512 0.010448
vt 0.827543 0.009612
vt 0.825913 0.010123
vt 0.826202 0.009338
vt 0.824494 0.009321
vt 0.825011 0.008662
vt 0.823392 0.008119
vt 0.824087 0.007652
vt 0.822714 0.006635
vt 0.823519 0.006406
vt 0.822529 0.005014
vt 0.823365 0.005045
vt 0.822853 0.003416
vt 0.823639 0.003704
vt 0.823656 0.001995
vt 0.824314 0.002512
vt 0.824859 0.000893
vt 0.825325 0.001588
vt 0.826343 0.000216
vt 0.826572 0.001021
vt 0.827963 0.000031
vt 0.827932 0.000867
vt 0.829968 0.002451
vt 0.828997 0.001898
vt 0.830721 0.003276
vt 0.831181 0.004294
vt 0.831305 0.005404
vt 0.831080 0.006499
vt 0.830527 0.007470
vt 0.829701 0.008223
vt 0.828683 0.008684
vt 0.827573 0.008807
vt 0.826479 0.008581
vt 0.825508 0.008028
vt 0.824755 0.007203
vt 0.824294 0.006185
vt 0.824170 0.005075
vt 0.824396 0.003980
vt 0.824948 0.003009
vt 0.825774 0.002256
vt 0.826792 0.001796
vt 0.827903 0.001672
vt 0.829477 0.003075
vt 0.828723 0.002643
vt 0.830061 0.003718
vt 0.830418 0.004511
vt 0.830512 0.005375
vt 0.830335 0.006226
vt 0.829903 0.006980
vt 0.829260 0.007564
vt 0.828467 0.007920
vt 0.827603 0.008014
vt 0.826753 0.007836
vt 0.825998 0.007404
vt 0.825414 0.006761
vt 0.825057 0.005968
vt 0.824963 0.005105
vt 0.825141 0.004254
vt 0.825572 0.003500
vt 0.826216 0.002916
vt 0.827008 0.002559
vt 0.827872 0.002465
vt 0.378931 0.004353
vt 0.378462 0.005276
vt 0.377729 0.004747
vt 0.378070 0.004076
vt 0.377731 0.006010
vt 0.377198 0.005280
vt 0.376809 0.006482
vt 0.376527 0.005623
vt 0.375786 0.006646
vt 0.375784 0.005742
vt 0.374762 0.006487
vt 0.375039 0.005627
vt 0.373837 0.006019
vt 0.374367 0.005287
vt 0.373103 0.005289
vt 0.373834 0.004756
vt 0.372630 0.004368
vt 0.373490 0.004086
vt 0.372466 0.003346
vt 0.373371 0.003344
vt 0.372626 0.002323
vt 0.373487 0.002600
vt 0.373094 0.001400
vt 0.373827 0.001929
vt 0.373825 0.000667
vt 0.374359 0.001396
vt 0.374747 0.000195
vt 0.375029 0.001053
vt 0.375771 0.000030
vt 0.375773 0.000934
vt 0.376794 0.000190
vt 0.376517 0.001050
vt 0.377719 0.000658
vt 0.377189 0.001390
vt 0.378453 0.001388
vt 0.377723 0.001920
vt 0.378926 0.002309
vt 0.378066 0.002590
vt 0.379090 0.003331
vt 0.378186 0.003333
vt 0.377051 0.004257
vt 0.377273 0.003819
vt 0.376704 0.004605
vt 0.376267 0.004829
vt 0.375782 0.004907
vt 0.375296 0.004831
vt 0.374858 0.004609
vt 0.374510 0.004263
vt 0.374285 0.003826
vt 0.374207 0.003342
vt 0.374283 0.002857
vt 0.374505 0.002419
vt 0.374852 0.002071
vt 0.375289 0.001847
vt 0.375775 0.001769
vt 0.376260 0.001845
vt 0.376698 0.002067
vt 0.377047 0.002413
vt 0.377271 0.002850
vt 0.377349 0.003334
vt 0.376406 0.003792
vt 0.376516 0.003576
vt 0.376235 0.003964
vt 0.376019 0.004074
vt 0.375780 0.004113
vt 0.375540 0.004075
vt 0.375324 0.003966
vt 0.375152 0.003795
vt 0.375041 0.003579
vt 0.375003 0.003340
vt 0.375040 0.003100
vt 0.375150 0.002884
vt 0.375321 0.002713
vt 0.375537 0.002602
vt 0.375776 0.002564
vt 0.376016 0.002601
vt 0.376233 0.002711
vt 0.376404 0.002881
vt 0.376515 0.003097
vt 0.376554 0.003336
vt 0.375778 0.003338
vt 0.528187 0.130165
vt 0.526259 0.130256
vt 0.526177 0.128260
vt 0.528081 0.128169
vt 0.524318 0.130305
vt 0.524291 0.128310
vt 0.522376 0.130289
vt 0.522407 0.128294
vt 0.520446 0.130234
vt 0.520517 0.128236
vt 0.518566 0.130186
vt 0.518575 0.128193
vt 0.036212 0.006269
vt 0.036269 0.003214
vt 0.038262 0.003250
vt 0.038205 0.006305
vt 0.036324 0.000035
vt 0.038318 0.000071
vt 0.480373 0.132337
vt 0.478430 0.132304
vt 0.478492 0.130310
vt 0.480375 0.130343
vt 0.476536 0.132257
vt 0.476560 0.130263
vt 0.474653 0.132245
vt 0.474618 0.130251
vt 0.472766 0.132300
vt 0.472679 0.130307
vt 0.470864 0.132394
vt 0.470755 0.130400
vt 0.121022 0.000059
vt 0.120994 0.001976
vt 0.119000 0.001952
vt 0.119020 0.000035
vt 0.120967 0.003884
vt 0.118982 0.003862
vt 0.145229 0.006018
vt 0.144848 0.004144
vt 0.145317 0.002290
vt 0.146545 0.000823
vt 0.148288 0.000034
vt 0.150200 0.000079
vt 0.151903 0.000949
vt 0.153060 0.002473
vt 0.153442 0.004347
vt 0.152972 0.006201
vt 0.151745 0.007668
vt 0.150002 0.008457
vt 0.148090 0.008412
vt 0.146386 0.007542
vt 0.565036 0.073051
vt 0.563843 0.074545
vt 0.562118 0.075374
vt 0.560205 0.075375
vt 0.558482 0.074543
vt 0.557291 0.073048
vt 0.556866 0.071183
vt 0.557293 0.069318
vt 0.558487 0.067824
vt 0.560211 0.066995
vt 0.562124 0.066998
vt 0.563847 0.067829
vt 0.565039 0.069325
vt 0.565463 0.071188
vt 0.203323 0.005526
vt 0.200785 0.007230
vt 0.509463 0.072920
vt 0.506967 0.071154
vt 0.470755 0.130032
vt 0.470760 0.128039
vt 0.200873 0.003502
vt 0.528193 0.130305
vt 0.528197 0.132298
vt 0.509466 0.069190
vt 0.530822 0.133964
vt 0.529422 0.134035
vt 0.529361 0.132591
vt 0.530736 0.132517
vt 0.528014 0.134079
vt 0.527989 0.132634
vt 0.526602 0.134076
vt 0.526620 0.132629
vt 0.525195 0.134012
vt 0.525245 0.132571
vt 0.523827 0.133972
vt 0.523832 0.132530
vt 0.594911 0.007313
vt 0.594954 0.003671
vt 0.596397 0.003682
vt 0.596377 0.007323
vt 0.594991 0.000035
vt 0.596410 0.000047
vt 0.193192 0.317358
vt 0.191786 0.317279
vt 0.191830 0.315836
vt 0.193192 0.315916
vt 0.190415 0.317236
vt 0.190432 0.315793
vt 0.189053 0.317238
vt 0.189027 0.315796
vt 0.187687 0.317286
vt 0.187625 0.315843
vt 0.186311 0.317369
vt 0.186233 0.315927
vt 0.141218 0.000087
vt 0.141163 0.001474
vt 0.139722 0.001420
vt 0.139770 0.000034
vt 0.141110 0.002853
vt 0.139675 0.002801
vt 0.993253 0.079516
vt 0.992395 0.080601
vt 0.991150 0.081206
vt 0.989766 0.081214
vt 0.988516 0.080618
vt 0.987649 0.079541
vt 0.987335 0.078193
vt 0.987638 0.076842
vt 0.988496 0.075758
vt 0.989741 0.075152
vt 0.991125 0.075148
vt 0.992374 0.075743
vt 0.993242 0.076820
vt 0.993555 0.078167
vt 0.170714 0.002734
vt 0.171031 0.001387
vt 0.227197 0.001771
vt 0.223809 0.003024
vt 0.934549 0.079693
vt 0.931165 0.078432
vt 0.470755 0.133835
vt 0.470758 0.132393
vt 0.170732 0.000035
vt 0.223828 0.000325
vt 0.246283 0.315807
vt 0.246286 0.317249
vt 0.934538 0.076994
vt 0.946684 0.067183
vt 0.971894 0.067183
vt 0.971894 0.075148
vt 0.946684 0.075148
vt 0.948904 0.401254
vt 0.973361 0.401457
vt 0.973314 0.475549
vt 0.947588 0.475197
vt 0.697062 0.008000
vt 0.671852 0.008000
vt 0.671852 0.000035
vt 0.697062 0.000035
vt 0.527096 0.449616
vt 0.502878 0.449258
vt 0.503009 0.375389
vt 0.528787 0.375962
vt 0.012268 0.056367
vt 0.067743 0.007050
vt 0.067773 0.015003
vt 0.012298 0.064320
vt 0.368962 0.007013
vt 0.424757 0.056185
vt 0.424757 0.064150
vt 0.368961 0.014978
vt 0.973216 0.485223
vt 0.946684 0.484708
vt 0.077024 0.007031
vt 0.077037 0.015020
vt 0.938046 0.000062
vt 0.963209 0.000089
vt 0.963310 0.009351
vt 0.938120 0.009324
vt 0.359699 0.014978
vt 0.359699 0.007013
vt 0.542524 0.082352
vt 0.517314 0.082352
vt 0.517314 0.075375
vt 0.542524 0.075375
vt 0.359699 0.000035
vt 0.368962 0.000035
vt 0.274636 0.315793
vt 0.227993 0.315793
vt 0.227993 0.308816
vt 0.274636 0.308816
vt 0.067752 0.000035
vt 0.077023 0.000038
vt 0.541094 0.000089
vt 0.566304 0.000062
vt 0.565668 0.063674
vt 0.527660 0.036664
vt 0.116042 0.000037
vt 0.116048 0.007031
vt 0.976679 0.045926
vt 0.938617 0.072936
vt 0.320735 0.007013
vt 0.320735 0.000035
vt 0.181060 0.315793
vt 0.181060 0.308816
vt 0.912890 0.009297
vt 0.900126 0.046134
vt 0.912786 0.000035
vt 0.567733 0.082352
vt 0.567733 0.075375
vt 0.478610 0.449439
vt 0.477240 0.375744
vt 0.997104 0.067183
vt 0.997104 0.075148
vt 0.997814 0.401212
vt 0.999043 0.475166
vt 0.999732 0.484698
vt 0.646642 0.008000
vt 0.646642 0.000035
vt 0.591514 0.000035
vt 0.604214 0.036872
vt 0.502902 0.362432
vt 0.529899 0.363246
vt 0.066595 0.054337
vt 0.041385 0.054364
vt 0.041508 0.042103
vt 0.066718 0.042076
vt 0.437020 0.056185
vt 0.437020 0.064150
vt 0.475929 0.363053
vt 0.000007 0.064338
vt 0.000000 0.056351
vt 0.091805 0.054310
vt 0.091927 0.042049
vt 0.318914 0.002855
vt 0.316208 0.002962
vt 0.316102 0.000160
vt 0.318792 0.000048
vt 0.313489 0.003024
vt 0.313455 0.000234
vt 0.310775 0.003008
vt 0.310815 0.000224
vt 0.308096 0.002923
vt 0.308188 0.000161
vt 0.305493 0.002866
vt 0.305507 0.000122
vt 0.010346 0.000035
vt 0.013819 0.000035
vt 0.013819 0.002789
vt 0.010346 0.002789
vt 0.017292 0.000035
vt 0.017292 0.002789
vt 0.784067 0.002937
vt 0.781386 0.002883
vt 0.781483 0.000132
vt 0.784081 0.000184
vt 0.778763 0.002811
vt 0.778809 0.000056
vt 0.776170 0.002792
vt 0.776135 0.000035
vt 0.773558 0.002859
vt 0.773452 0.000109
vt 0.770931 0.002980
vt 0.770797 0.000225
vt 0.807009 0.003009
vt 0.809651 0.003009
vt 0.809651 0.005763
vt 0.807009 0.005763
vt 0.812294 0.003009
vt 0.812294 0.005763
vt 0.080712 0.062692
vt 0.079065 0.064757
vt 0.076684 0.065904
vt 0.074042 0.065905
vt 0.071662 0.064761
vt 0.070015 0.062695
vt 0.069427 0.060118
vt 0.070015 0.057542
vt 0.071662 0.055476
vt 0.074042 0.054331
vt 0.076684 0.054333
vt 0.079065 0.055480
vt 0.080712 0.057544
vt 0.081300 0.060118
vt 0.033368 0.062694
vt 0.031039 0.060118
vt 0.269003 0.002778
vt 0.269003 0.000035
vt 0.820721 0.000263
vt 0.820721 0.003017
vt 0.033368 0.057542

# vertex normals
vn 0.977920 0.207423 -0.025473
vn 0.913101 0.404685 -0.049773
vn 0.913100 0.404686 -0.049772
vn 0.977920 0.207422 -0.025472
vn 0.808373 0.584264 -0.071897
vn 0.808373 0.584264 -0.071896
vn 0.668315 0.738306 -0.090880
vn 0.668315 0.738306 -0.090879
vn 0.499050 0.860079 -0.105890
vn 0.307974 0.944263 -0.116272
vn 0.307974 0.944263 -0.116273
vn 0.103439 0.987178 -0.121573
vn -0.105617 0.986949 -0.121560
vn -0.105617 0.986949 -0.121561
vn -0.310058 0.943585 -0.116235
vn -0.500948 0.858983 -0.105830
vn -0.500948 0.858983 -0.105829
vn -0.669945 0.736837 -0.090799
vn -0.669945 0.736838 -0.090798
vn -0.809661 0.582490 -0.071800
vn -0.809660 0.582490 -0.071800
vn -0.913991 0.402684 -0.049663
vn -0.978375 0.205278 -0.025355
vn -0.978375 0.205278 -0.025356
vn -0.999999 -0.001099 0.000060
vn -0.999999 -0.001098 0.000059
vn -0.977919 -0.207424 0.025473
vn -0.977919 -0.207425 0.025472
vn -0.913101 -0.404685 0.049773
vn -0.913100 -0.404686 0.049772
vn -0.808373 -0.584264 0.071898
vn -0.808373 -0.584264 0.071897
vn -0.668315 -0.738306 0.090880
vn -0.668315 -0.738306 0.090879
vn -0.499049 -0.860080 0.105890
vn -0.499049 -0.860080 0.105889
vn -0.307974 -0.944263 0.116272
vn -0.307975 -0.944263 0.116271
vn -0.103441 -0.987178 0.121572
vn 0.105618 -0.986949 0.121560
vn 0.105619 -0.986949 0.121560
vn 0.310058 -0.943586 0.116235
vn 0.500948 -0.858983 0.105830
vn 0.669946 -0.736837 0.090798
vn 0.669946 -0.736837 0.090799
vn 0.809661 -0.582490 0.071799
vn 0.809660 -0.582490 0.071800
vn 0.913991 -0.402684 0.049662
vn 0.978375 -0.205279 0.025355
vn 0.978375 -0.205278 0.025356
vn 0.999999 0.001096 -0.000060
vn 0.999999 0.001096 -0.000059
vn -0.000074 0.122236 0.992501
vn 0.911676 0.410871 0.005631
vn 0.976395 0.213913 0.029891
vn 0.807112 0.590169 -0.016458
vn 0.667272 0.743972 -0.035409
vn 0.498270 0.865556 -0.050394
vn 0.307491 0.949609 -0.060761
vn 0.103275 0.992457 -0.066054
vn -0.105457 0.992228 -0.066042
vn -0.309581 0.948932 -0.060724
vn -0.500174 0.864461 -0.050335
vn -0.668907 0.742506 -0.035329
vn -0.808405 0.588399 -0.016361
vn -0.912574 0.408871 0.005743
vn -0.976858 0.211774 0.030013
vn -0.998448 0.005719 0.055388
vn -0.976403 -0.200288 0.080761
vn -0.911684 -0.397243 0.105023
vn -0.807120 -0.576541 0.127114
vn -0.667280 -0.730344 0.146065
vn -0.498278 -0.851929 0.161049
vn -0.307500 -0.935982 0.171413
vn -0.103283 -0.978830 0.176705
vn 0.105450 -0.978601 0.176694
vn 0.309572 -0.935305 0.171377
vn 0.500165 -0.850833 0.160990
vn 0.668899 -0.728878 0.145982
vn 0.808397 -0.574771 0.127012
vn 0.912565 -0.395244 0.104912
vn 0.976850 -0.198144 0.080643
vn 0.998440 0.007908 0.055265
vn 0.504122 0.211678 0.837289
vn 0.115607 0.145914 0.982519
vn 0.118219 0.121507 0.985525
vn 0.515505 0.105302 0.850392
vn 0.851462 0.240720 0.465903
vn 0.870688 0.061065 0.488030
vn 0.470701 0.313382 0.824762
vn 0.107939 0.169250 0.979645
vn 0.795020 0.412483 0.444749
vn 0.416707 0.405965 0.813356
vn 0.095551 0.190492 0.977028
vn 0.703830 0.568844 0.425488
vn 0.344498 0.485385 0.803569
vn 0.078984 0.208714 0.974782
vn 0.581880 0.702971 0.408959
vn 0.257232 0.548169 0.795828
vn 0.058961 0.223119 0.973006
vn 0.434497 0.809002 0.395889
vn 0.079231 0.361259 0.929093
vn 0.036358 0.233078 0.971778
vn 0.268124 0.882302 0.386849
vn 0.217121 0.752536 0.621730
vn 0.026564 0.372309 0.927729
vn 0.012163 0.238155 0.971151
vn 0.090032 0.919670 0.382233
vn 0.072891 0.782797 0.617993
vn -0.027268 0.372249 0.927732
vn -0.012568 0.238128 0.971152
vn -0.092000 0.919471 0.382243
vn -0.074531 0.782635 0.618003
vn -0.079911 0.361085 0.929103
vn -0.036752 0.232998 0.971782
vn -0.270012 0.881712 0.386881
vn -0.218697 0.752055 0.621760
vn -0.258338 0.547603 0.795859
vn -0.059333 0.222990 0.973013
vn -0.436223 0.808046 0.395944
vn -0.345467 0.484628 0.803610
vn -0.079324 0.208541 0.974791
vn -0.472471 0.606261 0.639702
vn -0.646896 0.743267 0.170529
vn -0.417498 0.405050 0.813406
vn -0.095852 0.190283 0.977039
vn -0.705023 0.567299 0.425575
vn -0.235422 0.221805 0.946245
vn -0.108194 0.169013 0.979657
vn -0.795866 0.410739 0.444850
vn -0.644565 0.370628 0.668709
vn -0.504484 0.210574 0.837349
vn -0.115809 0.145661 0.982533
vn -0.851930 0.238854 0.466009
vn -0.515635 0.104172 0.850452
vn -0.118366 0.121248 0.985540
vn -0.870760 0.059157 0.488136
vn -0.504250 -0.002205 0.863555
vn -0.115755 0.096840 0.988546
vn -0.851532 -0.120498 0.510268
vn -0.470829 -0.103907 0.876084
vn -0.108088 0.073506 0.991420
vn -0.795091 -0.292256 0.531429
vn -0.416835 -0.196490 0.887491
vn -0.095698 0.052263 0.994037
vn -0.703902 -0.448616 0.550695
vn -0.344625 -0.275908 0.897278
vn -0.079131 0.034041 0.996283
vn -0.581951 -0.582743 0.567224
vn -0.257357 -0.338690 0.905017
vn -0.059108 0.019636 0.998058
vn -0.434570 -0.688774 0.580293
vn -0.158845 -0.382090 0.910371
vn -0.036505 0.009678 0.999287
vn -0.268196 -0.762076 0.589331
vn -0.053393 -0.404214 0.913105
vn -0.012310 0.004601 0.999914
vn -0.072993 -0.609443 0.789463
vn -0.099897 -0.921394 0.375571
vn 0.054389 -0.404097 0.913098
vn 0.012420 0.004629 0.999912
vn 0.074424 -0.609285 0.789451
vn 0.101963 -0.921173 0.375559
vn 0.159792 -0.381741 0.910352
vn 0.036604 0.009759 0.999282
vn 0.269939 -0.761489 0.589294
vn 0.258209 -0.338123 0.904987
vn 0.059185 0.019766 0.998051
vn 0.436150 -0.687822 0.580237
vn 0.345336 -0.275149 0.897238
vn 0.079176 0.034215 0.996273
vn 0.472364 -0.432915 0.767761
vn 0.646860 -0.679668 0.345865
vn 0.417368 -0.195573 0.887443
vn 0.095704 0.052473 0.994026
vn 0.704951 -0.447072 0.550609
vn 0.471159 -0.102873 0.876029
vn 0.108046 0.073742 0.991407
vn 0.795794 -0.290512 0.531333
vn 0.504357 -0.001098 0.863495
vn 0.115661 0.097094 0.988532
vn 0.851857 -0.118628 0.510164
vn -0.906691 -0.387378 0.166881
vn -0.802701 -0.565692 0.188847
vn -0.808374 -0.584263 0.071898
vn -0.913100 -0.404687 0.049777
vn -0.663627 -0.718653 0.207695
vn -0.495552 -0.839570 0.222601
vn -0.499050 -0.860079 0.105891
vn -0.305820 -0.923161 0.232911
vn -0.307975 -0.944263 0.116272
vn -0.102721 -0.965775 0.238173
vn -0.103439 -0.987178 0.121573
vn 0.104867 -0.965548 0.238161
vn 0.105618 -0.986949 0.121562
vn 0.307871 -0.922489 0.232872
vn 0.310058 -0.943585 0.116236
vn 0.497420 -0.838481 0.222540
vn 0.500948 -0.858983 0.105829
vn 0.665228 -0.717194 0.207616
vn 0.669945 -0.736838 0.090798
vn 0.803963 -0.563930 0.188749
vn 0.809661 -0.582489 0.071798
vn 0.907559 -0.385390 0.166765
vn 0.913990 -0.402686 0.049657
vn 0.971491 -0.189374 0.142628
vn 0.978375 -0.205282 0.025347
vn 0.992964 0.015554 0.117391
vn 0.999999 0.001096 -0.000067
vn 0.971038 0.220435 0.092158
vn 0.977919 0.207427 -0.025476
vn 0.906674 0.416310 0.068030
vn 0.913099 0.404688 -0.049773
vn 0.802685 0.594622 0.046060
vn 0.808374 0.584262 -0.071896
vn 0.663611 0.747583 0.027211
vn 0.668316 0.738306 -0.090879
vn 0.495535 0.868501 0.012307
vn 0.499050 0.860079 -0.105891
vn 0.305802 0.952093 0.001997
vn 0.307975 0.944262 -0.116275
vn 0.102702 0.994707 -0.003269
vn 0.103438 0.987178 -0.121577
vn -0.104884 0.994479 -0.003256
vn -0.105618 0.986948 -0.121564
vn -0.307888 0.951420 0.002032
vn -0.310058 0.943585 -0.116238
vn -0.497437 0.867412 0.012365
vn -0.500949 0.858982 -0.105830
vn -0.665246 0.746125 0.027292
vn -0.669945 0.736837 -0.090797
vn -0.803981 0.592861 0.046159
vn -0.809662 0.582488 -0.071798
vn -0.907577 0.414320 0.068141
vn -0.913991 0.402684 -0.049662
vn -0.971508 0.218305 0.092278
vn -0.978374 0.205282 -0.025353
vn -0.992981 0.013379 0.117517
vn -0.999999 -0.001095 0.000065
vn -0.971056 -0.191501 0.142753
vn -0.977919 -0.207424 0.025479
vn -0.136802 0.060259 0.988764
vn -0.146508 0.089798 0.985125
vn -0.121121 0.033368 0.992077
vn -0.100148 0.010302 0.994919
vn -0.074802 -0.007932 0.997167
vn -0.046190 -0.020537 0.998721
vn -0.015562 -0.026964 0.999515
vn 0.015742 -0.026930 0.999513
vn 0.046356 -0.020437 0.998716
vn 0.074940 -0.007768 0.997158
vn 0.100245 0.010523 0.994907
vn 0.121166 0.033636 0.992062
vn 0.136788 0.060560 0.988747
vn 0.146429 0.090119 0.985108
vn 0.149669 0.121022 0.981302
vn 0.146362 0.151918 0.977496
vn 0.136655 0.181456 0.973858
vn 0.120973 0.208346 0.970545
vn 0.100000 0.231412 0.967703
vn 0.074656 0.249648 0.965454
vn 0.046043 0.262253 0.963900
vn 0.015416 0.268680 0.963106
vn -0.015889 0.268644 0.963108
vn -0.046502 0.262152 0.963906
vn -0.075087 0.249484 0.965463
vn -0.100393 0.231194 0.967714
vn -0.121314 0.208082 0.970559
vn -0.136937 0.181157 0.973874
vn -0.146577 0.151597 0.977514
vn -0.149817 0.120694 0.981319
vn -0.902776 -0.144482 0.405118
vn -0.842938 -0.326582 0.427550
vn -0.372554 0.034015 0.927387
vn -0.347862 -0.041121 0.936644
vn -0.746263 -0.492354 0.447973
vn -0.307974 -0.109522 0.945070
vn -0.616971 -0.634557 0.465493
vn -0.254627 -0.168195 0.952300
vn -0.460718 -0.746968 0.479351
vn -0.190154 -0.214576 0.958018
vn -0.284329 -0.824679 0.488939
vn -0.117374 -0.246642 0.961972
vn -0.095516 -0.864297 0.493830
vn -0.039468 -0.262989 0.963991
vn 0.097470 -0.864086 0.493816
vn 0.040160 -0.262901 0.963987
vn 0.286197 -0.824057 0.488899
vn 0.118032 -0.246385 0.961958
vn 0.462413 -0.745956 0.479295
vn 0.190741 -0.214163 0.957994
vn 0.618418 -0.633199 0.465423
vn 0.255110 -0.167637 0.952269
vn 0.747395 -0.490714 0.447884
vn 0.308323 -0.108843 0.945035
vn 0.843704 -0.324731 0.427450
vn 0.348059 -0.040356 0.936604
vn 0.903137 -0.142503 0.405014
vn 0.372584 0.034833 0.927345
vn 0.923101 0.048009 0.381550
vn 0.380824 0.113439 0.917663
vn 0.902719 0.238479 0.358087
vn 0.372414 0.192028 0.907983
vn 0.842883 0.420579 0.335650
vn 0.347722 0.267164 0.898729
vn 0.746210 0.586350 0.315223
vn 0.307833 0.335562 0.890302
vn 0.616917 0.728552 0.297700
vn 0.254487 0.394237 0.883071
vn 0.460661 0.840964 0.283850
vn 0.190018 0.440622 0.877351
vn 0.284272 0.918677 0.274267
vn 0.117238 0.472689 0.873396
vn 0.095458 0.958294 0.269369
vn 0.039330 0.489033 0.871378
vn -0.097528 0.958083 0.269379
vn -0.040297 0.488942 0.871385
vn -0.286253 0.918053 0.274295
vn -0.118169 0.472428 0.873412
vn -0.462471 0.839954 0.283898
vn -0.190879 0.440207 0.877373
vn -0.618478 0.727197 0.297775
vn -0.255249 0.393682 0.883098
vn -0.747454 0.584711 0.315319
vn -0.308464 0.334889 0.890337
vn -0.843762 0.418728 0.335756
vn -0.348202 0.266402 0.898769
vn -0.903198 0.236500 0.358191
vn -0.372727 0.191212 0.908027
vn -0.923160 0.045988 0.381654
vn -0.380968 0.112605 0.917706
vn 0.973624 0.195057 -0.118356
vn 0.909090 0.391452 -0.142549
vn 0.804824 0.570240 -0.164577
vn 0.665382 0.723605 -0.183475
vn 0.496861 0.844843 -0.198418
vn 0.306626 0.928656 -0.208753
vn 0.102992 0.971382 -0.214030
vn -0.105145 0.971154 -0.214018
vn -0.308687 0.927981 -0.208717
vn -0.498737 0.843750 -0.198359
vn -0.666990 0.722143 -0.183396
vn -0.806092 0.568474 -0.164479
vn -0.909963 0.389460 -0.142439
vn -0.974064 0.192922 -0.118237
vn -0.995593 -0.012546 -0.092932
vn -0.973611 -0.217964 -0.067630
vn -0.909077 -0.414358 -0.043440
vn -0.804810 -0.593146 -0.021414
vn -0.665368 -0.746511 -0.002515
vn -0.496846 -0.867750 0.012429
vn -0.306612 -0.951562 0.022766
vn -0.102978 -0.994288 0.028043
vn 0.105160 -0.994060 0.028031
vn 0.308701 -0.950888 0.022728
vn 0.498751 -0.866657 0.012367
vn 0.667005 -0.745049 -0.002598
vn 0.806106 -0.591380 -0.021512
vn 0.909977 -0.412366 -0.043551
vn 0.974078 -0.215830 -0.067752
vn 0.995607 -0.010363 -0.093055
vn 0.001795 -0.121473 -0.992593
vn 0.001917 -0.121845 -0.992547
vn 0.001959 -0.122234 -0.992499
vn 0.001918 -0.122623 -0.992451
vn 0.001797 -0.122995 -0.992406
vn 0.001600 -0.123333 -0.992364
vn 0.001337 -0.123624 -0.992328
vn 0.001018 -0.123854 -0.992300
vn 0.000659 -0.124014 -0.992280
vn 0.000273 -0.124096 -0.992270
vn -0.000121 -0.124096 -0.992270
vn -0.000506 -0.124015 -0.992280
vn -0.000866 -0.123857 -0.992300
vn -0.001185 -0.123627 -0.992328
vn -0.001449 -0.123337 -0.992364
vn -0.001647 -0.122998 -0.992406
vn -0.001769 -0.122627 -0.992451
vn -0.001810 -0.122238 -0.992499
vn -0.001770 -0.121849 -0.992547
vn -0.001648 -0.121477 -0.992593
vn -0.001452 -0.121138 -0.992635
vn -0.001188 -0.120847 -0.992670
vn -0.000870 -0.120617 -0.992699
vn -0.000510 -0.120457 -0.992718
vn -0.000125 -0.120376 -0.992728
vn 0.000269 -0.120375 -0.992728
vn 0.000655 -0.120456 -0.992718
vn 0.001015 -0.120615 -0.992699
vn 0.001334 -0.120844 -0.992671
vn 0.001598 -0.121135 -0.992635
vn 0.372554 -0.034014 -0.927387
vn 0.380964 -0.112605 -0.917707
vn 0.902781 0.144482 -0.405107
vn 0.923162 -0.045986 -0.381650
vn 0.842943 0.326584 -0.427539
vn 0.347863 0.041122 -0.936643
vn 0.746264 0.492356 -0.447968
vn 0.307971 0.109519 -0.945071
vn 0.616971 0.634555 -0.465495
vn 0.254624 0.168192 -0.952301
vn 0.460717 0.746969 -0.479350
vn 0.190153 0.214575 -0.958018
vn 0.284331 0.824686 -0.488927
vn 0.117374 0.246640 -0.961973
vn 0.095517 0.864303 -0.493818
vn 0.039468 0.262985 -0.963992
vn -0.097471 0.864088 -0.493813
vn -0.040161 0.262899 -0.963987
vn -0.286197 0.824057 -0.488898
vn -0.118030 0.246382 -0.961959
vn -0.462414 0.745955 -0.479295
vn -0.190738 0.214156 -0.957996
vn -0.618419 0.633198 -0.465423
vn -0.255107 0.167633 -0.952271
vn -0.747394 0.490718 -0.447882
vn -0.308322 0.108842 -0.945035
vn -0.843706 0.324735 -0.427444
vn -0.348059 0.040356 -0.936604
vn -0.903143 0.142503 -0.405000
vn -0.372584 -0.034833 -0.927345
vn -0.923108 -0.048009 -0.381533
vn -0.380822 -0.113440 -0.917663
vn -0.902725 -0.238477 -0.358074
vn -0.372413 -0.192029 -0.907983
vn -0.842885 -0.420577 -0.335650
vn -0.347724 -0.267164 -0.898728
vn -0.746206 -0.586350 -0.315230
vn -0.307832 -0.335560 -0.890303
vn -0.616914 -0.728553 -0.297704
vn -0.254485 -0.394234 -0.883072
vn -0.460660 -0.840966 -0.283846
vn -0.190017 -0.440621 -0.877352
vn -0.284273 -0.918679 -0.274260
vn -0.117238 -0.472688 -0.873396
vn -0.095461 -0.958295 -0.269365
vn -0.039331 -0.489033 -0.871378
vn 0.097528 -0.958083 -0.269379
vn 0.040298 -0.488944 -0.871384
vn 0.286254 -0.918051 -0.274300
vn 0.118168 -0.472426 -0.873413
vn 0.462470 -0.839951 -0.283909
vn 0.190876 -0.440202 -0.877376
vn 0.618476 -0.727196 -0.297781
vn 0.255245 -0.393678 -0.883101
vn 0.747454 -0.584713 -0.315315
vn 0.308462 -0.334887 -0.890338
vn 0.843765 -0.418729 -0.335747
vn 0.348199 -0.266401 -0.898770
vn 0.903200 -0.236497 -0.358188
vn 0.372724 -0.191211 -0.908028
vn 0.367975 -0.353996 -0.859815
vn -0.437819 0.238289 -0.866910
vn -0.209438 0.497533 -0.841782
vn 0.548349 -0.058511 -0.834200
vn -0.805767 0.592178 -0.008011
vn -0.556140 0.830392 -0.034024
vn -0.369303 0.354884 0.858879
vn -0.145019 0.607178 0.781220
vn 0.436547 -0.237263 0.867832
vn 0.612762 0.051121 0.788612
vn 0.805770 -0.592175 0.008033
vn 0.959332 -0.281638 -0.019054
vn 0.588181 0.804988 -0.077702
vn 0.588180 0.804988 -0.077706
vn 0.588182 0.804987 -0.077699
vn 0.588183 0.804987 -0.077701
vn 0.588182 0.804987 -0.077702
vn 0.588180 0.804988 -0.077704
vn -0.511539 -0.858649 0.032403
vn -0.532739 -0.845904 -0.025205
vn -0.427757 -0.898547 -0.098171
vn -0.392463 -0.919765 -0.002269
vn -0.565769 -0.821369 -0.072521
vn -0.482742 -0.857703 -0.176933
vn -0.607375 -0.787460 -0.104892
vn -0.552018 -0.801245 -0.230830
vn -0.653497 -0.747490 -0.119167
vn -0.628812 -0.734694 -0.254599
vn -0.699628 -0.705361 -0.113955
vn -0.705613 -0.664557 -0.245915
vn -0.741244 -0.665209 -0.089747
vn -0.774896 -0.597709 -0.205624
vn -0.774270 -0.630961 -0.048935
vn -0.829881 -0.540687 -0.137676
vn -0.795478 -0.605966 0.004507
vn -0.865188 -0.499076 -0.048708
vn -0.802792 -0.592670 0.065332
vn -0.877356 -0.476953 0.052560
vn -0.795489 -0.592384 0.127582
vn -0.865200 -0.476474 0.156211
vn -0.774286 -0.605134 0.185185
vn -0.829906 -0.497690 0.252111
vn -0.741262 -0.629667 0.232488
vn -0.774929 -0.538531 0.330862
vn -0.699649 -0.663579 0.264867
vn -0.705650 -0.594994 0.384760
vn -0.653522 -0.703555 0.279142
vn -0.628853 -0.661548 0.408532
vn -0.607402 -0.745674 0.273923
vn -0.552058 -0.731679 0.399848
vn -0.565789 -0.785825 0.249724
vn -0.482771 -0.798529 0.359561
vn -0.532756 -0.820079 0.208905
vn -0.427782 -0.855552 0.291605
vn -0.511547 -0.845074 0.155467
vn -0.392477 -0.897162 0.202638
vn -0.504237 -0.858362 0.094654
vn -0.380308 -0.919287 0.101379
vn -0.304749 -0.936193 -0.175129
vn -0.254943 -0.966137 -0.039796
vn -0.382336 -0.878560 -0.286273
vn -0.480101 -0.798883 -0.362337
vn -0.588478 -0.704962 -0.395881
vn -0.696860 -0.605985 -0.383624
vn -0.794633 -0.511646 -0.326767
vn -0.872227 -0.431181 -0.230874
vn -0.922051 -0.372462 -0.105326
vn -0.939225 -0.341240 0.037583
vn -0.922068 -0.340565 0.183864
vn -0.872261 -0.370505 0.319196
vn -0.794678 -0.428136 0.430333
vn -0.696912 -0.507812 0.506400
vn -0.588534 -0.601736 0.539946
vn -0.480156 -0.700712 0.527687
vn -0.382381 -0.795052 0.470826
vn -0.304782 -0.875521 0.374928
vn -0.254961 -0.934239 0.249385
vn -0.237789 -0.965463 0.106479
vn -0.172338 -0.952913 -0.249511
vn -0.108892 -0.991058 -0.077118
vn -0.271169 -0.879499 -0.391087
vn -0.395708 -0.778003 -0.487982
vn -0.533762 -0.658363 -0.530713
vn -0.671825 -0.532282 -0.515099
vn -0.796374 -0.412107 -0.442670
vn -0.895217 -0.309608 -0.320516
vn -0.958685 -0.234807 -0.160590
vn -0.980563 -0.195029 0.021451
vn -0.958707 -0.194176 0.207790
vn -0.895258 -0.232323 0.380183
vn -0.796429 -0.305733 0.521754
vn -0.671890 -0.407227 0.618652
vn -0.533835 -0.526868 0.661385
vn -0.395777 -0.652946 0.645773
vn -0.271228 -0.773122 0.573340
vn -0.172382 -0.875625 0.451181
vn -0.108915 -0.950424 0.291259
vn -0.087039 -0.990200 0.109218
vn -0.034939 -0.947272 -0.318521
vn 0.040746 -0.992773 -0.112881
vn -0.152833 -0.859698 -0.487403
vn -0.301394 -0.738623 -0.602991
vn -0.466075 -0.595905 -0.653966
vn -0.630763 -0.445510 -0.635342
vn -0.779338 -0.302155 -0.548939
vn -0.897250 -0.179882 -0.403219
vn -0.972958 -0.090654 -0.212448
vn -0.999055 -0.043204 0.004702
vn -0.972985 -0.042181 0.226981
vn -0.897299 -0.087685 0.432627
vn -0.779406 -0.175259 0.601506
vn -0.630847 -0.296332 0.717091
vn -0.466163 -0.439051 0.768067
vn -0.301474 -0.589445 0.749445
vn -0.152901 -0.732798 0.663044
vn -0.034990 -0.855074 0.517325
vn 0.040718 -0.944302 0.326552
vn 0.066817 -0.991750 0.109397
vn 0.103706 -0.919085 -0.380168
vn 0.189866 -0.970884 -0.146064
vn -0.030504 -0.819391 -0.572423
vn -0.199627 -0.681560 -0.704006
vn -0.387101 -0.519088 -0.762037
vn -0.574580 -0.347878 -0.740837
vn -0.743716 -0.184685 -0.642478
vn -0.877949 -0.045484 -0.476589
vn -0.964136 0.056093 -0.259414
vn -0.993845 0.110108 -0.012207
vn -0.964166 0.111274 0.240836
vn -0.878005 0.059474 0.474942
vn -0.743795 -0.040222 0.667197
vn -0.574674 -0.178053 0.798779
vn -0.387199 -0.340525 0.856808
vn -0.199719 -0.511737 0.835606
vn -0.030583 -0.674929 0.737248
vn 0.103648 -0.814127 0.571361
vn 0.189837 -0.915705 0.354185
vn 0.219547 -0.969719 0.106976
vn 0.240072 -0.868921 -0.432829
vn 0.334666 -0.925792 -0.175807
vn 0.092725 -0.759469 -0.643901
vn -0.092950 -0.608149 -0.788362
vn -0.298775 -0.429775 -0.852072
vn -0.504606 -0.241806 -0.828796
vn -0.690295 -0.062641 -0.720811
vn -0.837666 0.090183 -0.538686
vn -0.932290 0.201704 -0.300252
vn -0.964907 0.261004 -0.028849
vn -0.932323 0.262281 0.248961
vn -0.837729 0.205411 0.505981
vn -0.690383 0.095961 0.717052
vn -0.504709 -0.055358 0.861513
vn -0.298884 -0.233734 0.925223
vn -0.093052 -0.421705 0.901946
vn 0.092637 -0.600870 0.793961
vn 0.240007 -0.753692 0.611838
vn 0.334631 -0.865212 0.373403
vn 0.367249 -0.924513 0.101999
vn 0.370786 -0.797952 -0.475174
vn 0.471557 -0.858536 -0.201369
vn 0.213817 -0.681354 -0.700028
vn 0.016018 -0.520152 -0.853923
vn -0.203248 -0.330130 -0.921794
vn -0.422523 -0.129884 -0.896998
vn -0.620337 0.060982 -0.781961
vn -0.777331 0.223784 -0.587943
vn -0.878134 0.342584 -0.333940
vn -0.912881 0.405758 -0.044812
vn -0.878169 0.407122 0.251139
vn -0.777398 0.346538 0.524941
vn -0.620429 0.229940 0.749797
vn -0.422632 0.068739 0.903691
vn -0.203363 -0.121286 0.971562
vn 0.015910 -0.321529 0.946766
vn 0.213725 -0.512395 0.831729
vn 0.370717 -0.675197 0.637713
vn 0.471520 -0.794001 0.383708
vn 0.506267 -0.857175 0.094579
vn 0.492664 -0.707872 -0.506162
vn 0.597203 -0.770721 -0.222119
vn 0.329830 -0.586910 -0.739425
vn 0.124636 -0.419681 -0.899074
vn -0.102830 -0.222553 -0.969482
vn -0.330303 -0.014820 -0.943759
vn -0.535513 0.183184 -0.824420
vn -0.698376 0.352074 -0.623149
vn -0.802949 0.475317 -0.359648
vn -0.838996 0.540852 -0.059709
vn -0.802986 0.542266 0.247308
vn -0.698447 0.479417 0.531349
vn -0.535610 0.358458 0.764611
vn -0.330416 0.191228 0.924260
vn -0.102949 -0.005901 0.994669
vn 0.124522 -0.213632 0.968946
vn 0.329734 -0.411635 0.849607
vn 0.492597 -0.580525 0.648336
vn 0.597170 -0.703769 0.384834
vn 0.633214 -0.769307 0.084895
vn 0.602772 -0.600832 -0.525040
vn 0.708577 -0.664444 -0.237556
vn 0.437962 -0.478406 -0.761129
vn 0.230282 -0.309153 -0.922711
vn 0.000060 -0.109638 -0.993972
vn -0.230167 0.100611 -0.967936
vn -0.437865 0.301009 -0.847153
vn -0.602701 0.471944 -0.643444
vn -0.708540 0.596683 -0.376750
vn -0.745023 0.663013 -0.073179
vn -0.708577 0.664443 0.237557
vn -0.602771 0.600833 0.525041
vn -0.437962 0.478409 0.761127
vn -0.230282 0.309155 0.922710
vn -0.000060 0.109638 0.993972
vn 0.230168 -0.100610 0.967936
vn 0.437865 -0.301010 0.847152
vn 0.602701 -0.471946 0.643443
vn 0.708540 -0.596683 0.376749
vn 0.745022 -0.663014 0.073178
vn 0.698450 -0.479411 -0.531349
vn 0.802989 -0.542260 -0.247309
vn 0.535611 -0.358454 -0.764612
vn 0.330415 -0.191227 -0.924261
vn 0.102949 0.005900 -0.994669
vn -0.124523 0.213632 -0.968946
vn -0.329736 0.411634 -0.849607
vn -0.492599 0.580522 -0.648337
vn -0.597172 0.703767 -0.384835
vn -0.633218 0.769303 -0.084895
vn -0.597207 0.770717 0.222122
vn -0.492668 0.707868 0.506163
vn -0.329832 0.586909 0.739424
vn -0.124637 0.419681 0.899074
vn 0.102831 0.222552 0.969483
vn 0.330301 0.014822 0.943759
vn 0.535514 -0.183179 0.824421
vn 0.698378 -0.352071 0.623148
vn 0.802950 -0.475315 0.359648
vn 0.838997 -0.540850 0.059708
vn 0.777398 -0.346540 -0.524941
vn 0.878168 -0.407123 -0.251140
vn 0.620431 -0.229940 -0.749796
vn 0.422632 -0.068739 -0.903691
vn 0.203364 0.121285 -0.971562
vn -0.015909 0.321530 -0.946766
vn -0.213724 0.512397 -0.831728
vn -0.370717 0.675198 -0.637712
vn -0.471520 0.794000 -0.383710
vn -0.506268 0.857174 -0.094580
vn -0.471558 0.858534 0.201375
vn -0.370787 0.797951 0.475176
vn -0.213819 0.681354 0.700028
vn -0.016019 0.520152 0.853923
vn 0.203248 0.330129 0.921795
vn 0.422522 0.129882 0.896998
vn 0.620337 -0.060981 0.781961
vn 0.777331 -0.223783 0.587944
vn 0.878133 -0.342586 0.333941
vn 0.912880 -0.405760 0.044812
vn 0.837729 -0.205413 -0.505981
vn 0.932323 -0.262284 -0.248961
vn 0.690384 -0.095959 -0.717051
vn 0.504709 0.055361 -0.861512
vn 0.298884 0.233734 -0.925223
vn 0.093052 0.421704 -0.901946
vn -0.092637 0.600870 -0.793961
vn -0.240006 0.753692 -0.611837
vn -0.334630 0.865211 -0.373406
vn -0.367247 0.924514 -0.102001
vn -0.334665 0.925791 0.175812
vn -0.240071 0.868921 0.432830
vn -0.092723 0.759472 0.643898
vn 0.092950 0.608153 0.788359
vn 0.298775 0.429776 0.852072
vn 0.504606 0.241806 0.828796
vn 0.690297 0.062641 0.720809
vn 0.837665 -0.090183 0.538687
vn 0.932290 -0.201702 0.300254
vn 0.964907 -0.261004 0.028849
vn 0.878004 -0.059469 -0.474944
vn 0.964167 -0.111269 -0.240836
vn 0.743795 0.040225 -0.667196
vn 0.574676 0.178054 -0.798777
vn 0.387200 0.340526 -0.856807
vn 0.199717 0.511739 -0.835605
vn 0.030585 0.674931 -0.737247
vn -0.103646 0.814127 -0.571362
vn -0.189836 0.915704 -0.354187
vn -0.219546 0.969719 -0.106978
vn -0.189865 0.970884 0.146065
vn -0.103703 0.919084 0.380171
vn 0.030506 0.819391 0.572423
vn 0.199623 0.681563 0.704005
vn 0.387100 0.519089 0.762037
vn 0.574583 0.347876 0.740835
vn 0.743717 0.184685 0.642477
vn 0.877948 0.045488 0.476591
vn 0.964136 -0.056089 0.259415
vn 0.993845 -0.110103 0.012207
vn 0.897298 0.087684 -0.432629
vn 0.972985 0.042183 -0.226982
vn 0.779406 0.175256 -0.601508
vn 0.630847 0.296330 -0.717092
vn 0.466162 0.439052 -0.768067
vn 0.301474 0.589449 -0.749442
vn 0.152903 0.732800 -0.663043
vn 0.034992 0.855074 -0.517325
vn -0.040717 0.944301 -0.326553
vn -0.066814 0.991750 -0.109399
vn -0.040744 0.992773 0.112881
vn 0.034942 0.947270 0.318527
vn 0.152832 0.859697 0.487405
vn 0.301391 0.738626 0.602989
vn 0.466076 0.595905 0.653965
vn 0.630765 0.445507 0.635341
vn 0.779336 0.302157 0.548941
vn 0.897248 0.179883 0.403223
vn 0.972958 0.090654 0.212449
vn 0.999055 0.043206 -0.004704
vn 0.898689 0.172898 -0.403068
vn 0.967405 0.131586 -0.216362
vn 0.791655 0.252407 -0.556393
vn 0.656777 0.362327 -0.661335
vn 0.507259 0.491902 -0.707616
vn 0.357737 0.628449 -0.690707
vn 0.222849 0.758597 -0.612266
vn 0.115800 0.869612 -0.479964
vn 0.047064 0.950622 -0.306762
vn 0.023368 0.993700 -0.109610
vn 0.047035 0.994629 0.092203
vn 0.115750 0.953316 0.278908
vn 0.222785 0.873810 0.432231
vn 0.357664 0.763889 0.537169
vn 0.507183 0.634311 0.583451
vn 0.656703 0.497767 0.566541
vn 0.791590 0.367620 0.488100
vn 0.898642 0.256605 0.355804
vn 0.967381 0.175591 0.182598
vn 0.991074 0.132514 -0.014555
vn -0.667037 -0.740537 0.081646
vn 0.667041 0.740534 -0.081646
vn 0.667040 0.740534 -0.081646
vn 0.667041 0.740533 -0.081650
vn 0.667048 0.740528 -0.081641
vn 0.667036 0.740538 -0.081647
vn 0.667037 0.740537 -0.081648
vn 0.667043 0.740532 -0.081646
vn 0.667028 0.740545 -0.081652
vn 0.667034 0.740540 -0.081645
vn 0.667041 0.740534 -0.081648
vn 0.667039 0.740537 -0.081635
vn 0.667032 0.740542 -0.081644
vn 0.667040 0.740536 -0.081636
vn 0.667035 0.740539 -0.081643
vn 0.667040 0.740535 -0.081643
vn 0.667042 0.740534 -0.081636
vn 0.667040 0.740535 -0.081639
vn 0.667044 0.740532 -0.081638
vn 0.667049 0.740528 -0.081638
vn 0.667040 0.740534 -0.081647
vn 0.667039 0.740535 -0.081647
vn 0.595580 -0.772047 -0.221872
vn 0.491075 -0.709219 -0.505820
vn 0.555962 -0.649853 -0.518264
vn 0.661522 -0.713316 -0.231449
vn 0.328292 -0.588299 -0.739005
vn 0.391535 -0.527712 -0.753804
vn 0.123167 -0.421126 -0.898600
vn 0.184337 -0.358851 -0.915011
vn -0.104224 -0.224063 -0.968986
vn -0.045350 -0.159798 -0.986107
vn -0.331620 -0.016401 -0.943271
vn -0.275044 0.049963 -0.960133
vn -0.536765 0.181536 -0.823971
vn -0.482261 0.249899 -0.839628
vn -0.699573 0.350369 -0.622768
vn -0.646712 0.420436 -0.636393
vn -0.804110 0.473573 -0.359354
vn -0.752307 0.544885 -0.370318
vn -0.840144 0.539088 -0.059512
vn -0.788704 0.611062 -0.067448
vn -0.804147 0.540500 0.247402
vn -0.752343 0.612488 0.242566
vn -0.699643 0.477672 0.531346
vn -0.646784 0.549025 0.529379
vn -0.536860 0.356752 0.764532
vn -0.482357 0.426885 0.764919
vn -0.331734 0.189579 0.924128
vn -0.275158 0.258023 0.926127
vn -0.104343 -0.007483 0.994513
vn -0.045471 0.058971 0.997224
vn 0.123054 -0.215147 0.968798
vn 0.184223 -0.150791 0.971249
vn 0.328197 -0.413083 0.849499
vn 0.391439 -0.350726 0.850745
vn 0.491005 -0.581916 0.648297
vn 0.555891 -0.521264 0.647510
vn 0.595544 -0.705121 0.384880
vn 0.661485 -0.645713 0.381434
vn 0.631578 -0.770635 0.085039
vn 0.697883 -0.711889 0.078564
vn 0.602771 -0.600833 -0.525040
vn 0.708577 -0.664443 -0.237559
vn 0.437962 -0.478409 -0.761127
vn 0.230281 -0.309154 -0.922710
vn 0.000061 -0.109639 -0.993971
vn -0.230168 0.100611 -0.967936
vn -0.437867 0.301012 -0.847151
vn -0.602700 0.471944 -0.643445
vn -0.708540 0.596683 -0.376749
vn -0.745023 0.663013 -0.073175
vn -0.708577 0.664443 0.237559
vn -0.602772 0.600833 0.525039
vn -0.437963 0.478409 0.761126
vn -0.000061 0.109638 0.993972
vn 0.230167 -0.100610 0.967936
vn 0.437865 -0.301010 0.847153
vn 0.602700 -0.471945 0.643445
vn 0.708540 -0.596683 0.376751
vn 0.745022 -0.663014 0.073176
vn 0.815388 -0.519777 -0.254901
vn 0.696248 -0.473560 -0.539425
vn 0.734206 -0.407465 -0.543060
vn 0.852285 -0.453269 -0.261072
vn 0.513388 -0.374775 -0.771995
vn 0.552976 -0.309560 -0.773557
vn 0.284710 -0.233093 -0.929843
vn 0.326336 -0.169139 -0.929998
vn 0.032595 -0.062380 -0.997520
vn 0.076470 0.000052 -0.997072
vn -0.218274 0.120653 -0.968400
vn -0.172164 0.181453 -0.968212
vn -0.443342 0.298088 -0.845335
vn -0.395227 0.357307 -0.846243
vn -0.620579 0.452558 -0.640369
vn -0.570884 0.510400 -0.643105
vn -0.732634 0.568940 -0.373569
vn -0.681940 0.625746 -0.378682
vn -0.768540 0.635845 -0.071047
vn -0.717525 0.692054 -0.078857
vn -0.724780 0.646721 0.237582
vn -0.674156 0.702834 0.227021
vn -0.605640 0.600505 0.522105
vn -0.556078 0.657030 0.509009
vn -0.422781 0.501721 0.754674
vn -0.374848 0.559126 0.739505
vn -0.194102 0.360037 0.912523
vn -0.148207 0.418705 0.895947
vn 0.058011 0.189324 0.980200
vn 0.101659 0.249513 0.963021
vn 0.308881 0.006291 0.951080
vn 0.350292 0.068111 0.934161
vn 0.533948 -0.171145 0.828015
vn 0.573355 -0.107742 0.812192
vn 0.711185 -0.325615 0.623050
vn 0.749012 -0.260836 0.609054
vn 0.823241 -0.441998 0.356248
vn 0.860068 -0.376182 0.344630
vn 0.859146 -0.508902 0.053727
vn 0.895653 -0.442490 0.044806
vn 0.797874 -0.266501 -0.540716
vn 0.911697 -0.310653 -0.268892
vn 0.623177 -0.172125 -0.762905
vn 0.404705 -0.036766 -0.913708
vn 0.163845 0.126328 -0.978364
vn -0.075827 0.301191 -0.950544
vn -0.290850 0.470707 -0.832972
vn -0.460175 0.618281 -0.637155
vn -0.567229 0.729470 -0.382262
vn -0.601532 0.793388 -0.093244
vn -0.559725 0.803780 0.201608
vn -0.445902 0.759627 0.473432
vn -0.271205 0.665251 0.695621
vn -0.052733 0.529892 0.846424
vn 0.188127 0.366798 0.911080
vn 0.427799 0.191935 0.883261
vn 0.642821 0.022419 0.765688
vn 0.812147 -0.125155 0.569871
vn 0.919201 -0.236344 0.314979
vn 0.953503 -0.300262 0.025961
vn 0.842440 -0.119202 -0.525439
vn 0.949285 -0.160649 -0.270277
vn 0.678451 -0.030612 -0.734008
vn 0.473371 0.096450 -0.875567
vn 0.247276 0.249546 -0.936259
vn 0.022296 0.413690 -0.910145
vn -0.179546 0.572814 -0.799780
vn -0.338492 0.711343 -0.615966
vn -0.438983 0.815716 -0.376698
vn -0.471183 0.875716 -0.105397
vn -0.431940 0.885470 0.171381
vn -0.325094 0.844023 0.426542
vn -0.161105 0.755433 0.635111
vn 0.043974 0.628371 0.776670
vn 0.270070 0.475275 0.837362
vn 0.495049 0.311131 0.811248
vn 0.696891 0.152007 0.700883
vn 0.855837 0.013478 0.517069
vn 0.956329 -0.090894 0.277801
vn 0.988529 -0.150894 0.006500
vn 0.866848 0.030847 -0.497618
vn 0.964167 -0.006904 -0.265205
vn 0.717479 0.111539 -0.687592
vn 0.530683 0.227273 -0.816531
vn 0.324744 0.366720 -0.871813
vn 0.119821 0.516231 -0.848026
vn -0.064026 0.661169 -0.747500
vn -0.208801 0.787347 -0.580074
vn -0.300333 0.882415 -0.362138
vn -0.329662 0.937066 -0.115024
vn -0.293918 0.945950 0.137079
vn -0.196598 0.908199 0.369492
vn -0.047229 0.827507 0.559466
vn 0.139567 0.711773 0.688405
vn 0.345506 0.572326 0.743686
vn 0.550428 0.422816 0.719900
vn 0.734275 0.277878 0.619374
vn 0.879051 0.151699 0.451948
vn 0.970583 0.056631 0.234012
vn 0.999912 0.001981 -0.013102
vn 0.870561 0.179951 -0.457976
vn 0.956049 0.146789 -0.253818
vn 0.739351 0.250833 -0.624854
vn 0.575265 0.352497 -0.738117
vn 0.394364 0.474990 -0.786678
vn 0.214355 0.606324 -0.765783
vn 0.052859 0.733641 -0.677478
vn -0.074315 0.844479 -0.530408
vn -0.154720 0.927989 -0.338967
vn -0.180483 0.975996 -0.121895
vn -0.149084 0.983800 0.099557
vn -0.063595 0.950638 0.303715
vn 0.067614 0.879756 0.470593
vn 0.231700 0.778093 0.583855
vn 0.412601 0.655599 0.632416
vn 0.592610 0.524266 0.611521
vn 0.754106 0.396948 0.523217
vn 0.881280 0.286110 0.376146
vn 0.961684 0.202601 0.184706
vn 0.987448 0.154593 -0.032365
vn 0.853622 0.324339 -0.407595
vn 0.925287 0.296539 -0.236448
vn 0.743629 0.383760 -0.547490
vn 0.606075 0.468985 -0.642438
vn 0.454424 0.571672 -0.683147
vn 0.303521 0.681770 -0.665631
vn 0.168138 0.788501 -0.591605
vn 0.061527 0.881417 -0.468315
vn -0.005876 0.951424 -0.307829
vn -0.027474 0.991668 -0.125856
vn -0.001152 0.998210 0.059789
vn 0.070513 0.970411 0.230935
vn 0.180507 0.910990 0.370829
vn 0.318061 0.825765 0.465778
vn 0.469712 0.723078 0.506487
vn 0.620615 0.612980 0.488972
vn 0.755998 0.506249 0.414946
vn 0.862609 0.413333 0.291655
vn 0.930012 0.343326 0.131169
vn 0.951610 0.303081 -0.050803
vn 0.816803 0.460129 -0.348014
vn 0.873062 0.438306 -0.213659
vn 0.730455 0.506777 -0.457835
vn 0.622472 0.573681 -0.532372
vn 0.503422 0.654293 -0.564329
vn 0.384960 0.740722 -0.550579
vn 0.278681 0.824508 -0.492467
vn 0.194988 0.897450 -0.395680
vn 0.142075 0.952407 -0.269695
vn 0.125120 0.984000 -0.126842
vn 0.145784 0.989136 0.018894
vn 0.202043 0.967313 0.153248
vn 0.288390 0.920666 0.263070
vn 0.396374 0.853761 0.337608
vn 0.515424 0.773150 0.369565
vn 0.633886 0.686720 0.355814
vn 0.740165 0.602934 0.297701
vn 0.823858 0.529992 0.200915
vn 0.876771 0.475035 0.074929
vn 0.893726 0.443442 -0.067923
vn 0.762143 0.582932 -0.281654
vn 0.802008 0.567467 -0.186450
vn 0.700956 0.615986 -0.359474
vn 0.624437 0.663395 -0.412292
vn 0.540079 0.720517 -0.434937
vn 0.456136 0.781761 -0.425194
vn 0.380825 0.841133 -0.384015
vn 0.321520 0.892820 -0.315431
vn 0.284025 0.931763 -0.226156
vn 0.272011 0.954150 -0.124930
vn 0.286654 0.957789 -0.021661
vn 0.326519 0.942325 0.073543
vn 0.387705 0.909271 0.151363
vn 0.464224 0.861862 0.204181
vn 0.548583 0.804740 0.226826
vn 0.632527 0.743495 0.217083
vn 0.707837 0.684123 0.175904
vn 0.767142 0.632437 0.107320
vn 0.804636 0.593494 0.018046
vn 0.816651 0.571106 -0.083179
vn 0.696521 0.684627 -0.214814
vn 0.720466 0.675338 -0.157629
vn 0.659770 0.704481 -0.261555
vn 0.613811 0.732955 -0.293280
vn 0.563141 0.767265 -0.306882
vn 0.512721 0.804051 -0.301030
vn 0.467486 0.839713 -0.276294
vn 0.431865 0.870759 -0.235099
vn 0.409344 0.894150 -0.181478
vn 0.402128 0.907596 -0.120677
vn 0.410923 0.909782 -0.058651
vn 0.434868 0.900493 -0.001468
vn 0.471619 0.880639 0.045275
vn 0.517578 0.852164 0.077000
vn 0.568249 0.817854 0.090603
vn 0.618669 0.781068 0.084750
vn 0.663903 0.745406 0.060016
vn 0.699525 0.714360 0.018822
vn 0.722045 0.690970 -0.034800
vn 0.729261 0.677524 -0.095599
vn 0.577403 0.808964 -0.110378
vn 0.724750 -0.688875 0.013755
vn 0.701596 -0.711454 -0.039954
vn 0.767767 -0.627822 -0.127957
vn 0.806309 -0.590238 -0.038542
vn 0.665527 -0.741943 -0.081205
vn 0.707725 -0.678578 -0.196615
vn 0.620095 -0.777341 -0.105936
vn 0.632078 -0.737519 -0.237787
vn 0.569732 -0.814200 -0.111735
vn 0.548219 -0.798889 -0.247451
vn 0.519355 -0.848916 -0.098044
vn 0.464352 -0.856683 -0.224657
vn 0.473909 -0.878082 -0.066195
vn 0.388699 -0.905237 -0.171635
vn 0.437848 -0.898842 -0.019315
vn 0.328656 -0.939802 -0.093578
vn 0.414692 -0.909167 0.038026
vn 0.290103 -0.956994 0.001872
vn 0.406708 -0.908047 0.100196
vn 0.276816 -0.955128 0.105375
vn 0.414682 -0.895592 0.161101
vn 0.290092 -0.934390 0.206792
vn 0.437834 -0.873018 0.214803
vn 0.328631 -0.896809 0.296202
vn 0.473896 -0.842535 0.256041
vn 0.388664 -0.846062 0.364856
vn 0.519330 -0.807132 0.280775
vn 0.464319 -0.787116 0.406025
vn 0.569702 -0.770270 0.286572
vn 0.548178 -0.725745 0.415686
vn 0.620071 -0.735560 0.272880
vn 0.632036 -0.667957 0.392892
vn 0.665508 -0.706399 0.241037
vn 0.707697 -0.619397 0.339872
vn 0.701579 -0.685633 0.194151
vn 0.767742 -0.584829 0.261816
vn 0.724740 -0.675303 0.136816
vn 0.806295 -0.567636 0.166366
vn 0.732722 -0.676420 0.074658
vn 0.819582 -0.569502 0.062870
vn 0.822896 -0.523634 -0.220565
vn 0.877284 -0.470600 -0.094386
vn 0.738172 -0.595253 -0.317453
vn 0.631416 -0.678434 -0.375555
vn 0.513072 -0.765042 -0.389187
vn 0.394720 -0.846601 -0.357019
vn 0.287957 -0.915121 -0.282195
vn 0.203226 -0.963898 -0.172046
vn 0.148820 -0.988159 -0.037350
vn 0.130068 -0.985527 0.108713
vn 0.148803 -0.956260 0.251841
vn 0.203192 -0.903224 0.378020
vn 0.287909 -0.831611 0.474901
vn 0.394666 -0.748429 0.533004
vn 0.513013 -0.661819 0.546639
vn 0.631360 -0.580263 0.514470
vn 0.738130 -0.511741 0.439643
vn 0.822864 -0.462960 0.329489
vn 0.877266 -0.438701 0.194795
vn 0.896018 -0.441335 0.048737
vn 0.860055 -0.405340 -0.309847
vn 0.929337 -0.337784 -0.149116
vn 0.752132 -0.496569 -0.433263
vn 0.616139 -0.602531 -0.507276
vn 0.465388 -0.712856 -0.524643
vn 0.314629 -0.816748 -0.483664
vn 0.178627 -0.904034 -0.388348
vn 0.070694 -0.966168 -0.248037
vn 0.001388 -0.997072 -0.076454
vn -0.022503 -0.993720 0.109606
vn 0.001367 -0.956440 0.291927
vn 0.070653 -0.888879 0.452661
vn 0.178571 -0.797655 0.576072
vn 0.314562 -0.691691 0.650088
vn 0.465313 -0.581364 0.667457
vn 0.616069 -0.477475 0.626479
vn 0.752076 -0.390191 0.531161
vn 0.860012 -0.328056 0.390843
vn 0.929313 -0.297153 0.219265
vn 0.953202 -0.300505 0.033206
vn 0.877183 -0.276665 -0.392437
vn 0.959829 -0.196076 -0.200705
vn 0.748448 -0.385485 -0.539655
vn 0.586221 -0.511886 -0.627947
vn 0.406391 -0.643489 -0.648667
vn 0.226558 -0.767419 -0.599783
vn 0.064323 -0.871543 -0.486082
vn -0.064432 -0.945663 -0.318702
vn -0.147104 -0.982527 -0.114023
vn -0.175601 -0.978528 0.107922
vn -0.147131 -0.934057 0.325408
vn -0.064483 -0.853465 0.517146
vn 0.064253 -0.744643 0.664363
vn 0.226477 -0.618242 0.752652
vn 0.406308 -0.486637 0.773368
vn 0.586139 -0.362709 0.724488
vn 0.748378 -0.258585 0.610790
vn 0.877132 -0.184467 0.443408
vn 0.959802 -0.147605 0.238731
vn 0.988299 -0.151602 0.016783
vn 0.873505 -0.141017 -0.465944
vn 0.967590 -0.049272 -0.247674
vn 0.726951 -0.264900 -0.633538
vn 0.542273 -0.408795 -0.734048
vn 0.337555 -0.558614 -0.757633
vn 0.132833 -0.699694 -0.701986
vn -0.051858 -0.818227 -0.572552
vn -0.198435 -0.902605 -0.382004
vn -0.292548 -0.944572 -0.148996
vn -0.324990 -0.940018 0.103668
vn -0.292581 -0.889391 0.351254
vn -0.198494 -0.797646 0.569526
vn -0.051938 -0.673763 0.737120
vn 0.132738 -0.529868 0.837628
vn 0.337457 -0.380049 0.861212
vn 0.542180 -0.238969 0.805565
vn 0.726871 -0.120436 0.676131
vn 0.873446 -0.036059 0.485584
vn 0.967559 0.005907 0.252577
vn 0.999999 0.001357 -0.000089
vn 0.848972 -0.001812 -0.528435
vn 0.952267 0.098912 -0.288799
vn 0.688074 -0.137821 -0.712432
vn 0.485321 -0.295801 -0.822779
vn 0.260564 -0.460285 -0.848672
vn 0.035802 -0.615173 -0.787579
vn -0.166965 -0.745306 -0.645478
vn -0.327887 -0.837944 -0.436280
vn -0.431213 -0.884018 -0.180463
vn -0.466829 -0.879020 0.096931
vn -0.431247 -0.823438 0.368749
vn -0.327950 -0.722713 0.608387
vn -0.167052 -0.586704 0.792384
vn 0.035698 -0.428726 0.902729
vn 0.260456 -0.264242 0.928622
vn 0.485218 -0.109354 0.867528
vn 0.687987 0.020778 0.725425
vn 0.848909 0.113417 0.516226
vn 0.952233 0.159492 0.260413
vn 0.987848 0.154495 -0.016981
vn 0.804126 0.137525 -0.578332
vn 0.914167 0.244826 -0.323047
vn 0.632721 -0.007366 -0.774345
vn 0.416727 -0.175660 -0.891898
vn 0.177294 -0.350884 -0.919482
vn -0.062146 -0.515890 -0.854398
vn -0.278154 -0.654520 -0.703018
vn -0.449585 -0.753208 -0.480158
vn -0.559657 -0.802292 -0.207636
vn -0.597594 -0.796969 0.087871
vn -0.559690 -0.737757 0.377440
vn -0.449651 -0.630452 0.632728
vn -0.278246 -0.485560 0.828741
vn -0.062255 -0.317267 0.946291
vn 0.177179 -0.142041 0.973875
vn 0.416618 0.022963 0.908792
vn 0.632627 0.161595 0.757410
vn 0.804058 0.260281 0.534550
vn 0.914131 0.309362 0.262029
vn 0.952072 0.304037 -0.033478
vn 0.740026 0.273613 -0.614408
vn 0.854182 0.384929 -0.349575
vn 0.562209 0.123307 -0.817751
vn 0.338141 -0.051279 -0.939697
vn 0.089756 -0.233058 -0.968312
vn -0.158638 -0.404232 -0.900794
vn -0.382724 -0.548045 -0.743753
vn -0.560564 -0.650422 -0.512562
vn -0.674751 -0.701342 -0.229850
vn -0.714109 -0.695819 0.076708
vn -0.674787 -0.634392 0.377105
vn -0.560632 -0.523077 0.641936
vn -0.382819 -0.372770 0.845276
vn -0.158750 -0.198183 0.967224
vn 0.089636 -0.016406 0.995839
vn 0.338028 0.154770 0.928323
vn 0.562112 0.298585 0.771283
vn 0.739955 0.400961 0.540089
vn 0.854145 0.451878 0.257378
vn 0.893504 0.446354 -0.049179
vn 0.658205 0.403173 -0.635782
vn 0.773745 0.515835 -0.367740
vn 0.478235 0.251044 -0.841587
vn 0.251454 0.074341 -0.965010
vn -0.251343 -0.282885 -0.925636
vn -0.478140 -0.428441 -0.766695
vn -0.658136 -0.532058 -0.532702
vn -0.773709 -0.583593 -0.246565
vn -0.813545 -0.578001 0.063707
vn -0.773745 -0.515833 0.367742
vn -0.658206 -0.403171 0.635781
vn -0.478238 -0.251044 0.841585
vn -0.251456 -0.074340 0.965010
vn -0.000060 0.109639 0.993971
vn 0.251340 0.282886 0.925637
vn 0.478138 0.428441 0.766696
vn 0.658135 0.532059 0.532701
vn 0.773707 0.583595 0.246565
vn 0.813544 0.578004 -0.063705
vn 0.560629 0.523081 -0.641936
vn 0.674786 0.634395 -0.377104
vn 0.382815 0.372770 -0.845278
vn 0.158749 0.198182 -0.967224
vn -0.089637 0.016405 -0.995839
vn -0.338029 -0.154770 -0.928322
vn -0.562113 -0.298586 -0.771281
vn -0.739955 -0.400962 -0.540089
vn -0.854143 -0.451881 -0.257378
vn -0.893502 -0.446359 0.049180
vn -0.854179 -0.384933 0.349578
vn -0.740025 -0.273617 0.614408
vn -0.562211 -0.123308 0.817749
vn -0.338142 0.051279 0.939697
vn -0.089755 0.233058 0.968312
vn 0.158636 0.404230 0.900796
vn 0.382719 0.548043 0.743757
vn 0.560561 0.650424 0.512562
vn 0.674749 0.701343 0.229850
vn 0.714111 0.695817 -0.076707
vn 0.449651 0.630453 -0.632727
vn 0.559693 0.737755 -0.377442
vn 0.278245 0.485562 -0.828740
vn 0.062255 0.317267 -0.946291
vn -0.177179 0.142041 -0.973875
vn -0.416618 -0.022964 -0.908792
vn -0.632627 -0.161595 -0.757410
vn -0.804057 -0.260283 -0.534551
vn -0.914129 -0.309367 -0.262031
vn -0.952070 -0.304044 0.033479
vn -0.914164 -0.244831 0.323051
vn -0.804124 -0.137526 0.578336
vn -0.632721 0.007364 0.774345
vn -0.416727 0.175659 0.891898
vn -0.177293 0.350883 0.919483
vn 0.062147 0.515887 0.854400
vn 0.278152 0.654520 0.703019
vn 0.449582 0.753209 0.480158
vn 0.559655 0.802292 0.207639
vn 0.597598 0.796967 -0.087870
vn 0.327949 0.722712 -0.608389
vn 0.431244 0.823438 -0.368752
vn 0.167050 0.586705 -0.792383
vn -0.035700 0.428726 -0.902729
vn -0.260457 0.264241 -0.928622
vn -0.485218 0.109353 -0.867528
vn -0.687985 -0.020779 -0.725428
vn -0.848908 -0.113419 -0.516229
vn -0.952232 -0.159495 -0.260415
vn -0.987848 -0.154494 0.016980
vn -0.952266 -0.098910 0.288803
vn -0.848970 0.001814 0.528437
vn -0.688074 0.137823 0.712432
vn -0.485323 0.295801 0.822778
vn -0.260564 0.460283 0.848673
vn -0.035802 0.615172 0.787580
vn 0.166963 0.745308 0.645476
vn 0.327885 0.837945 0.436280
vn 0.431210 0.884019 0.180467
vn 0.466826 0.879021 -0.096929
vn 0.198492 0.797646 -0.569527
vn 0.292577 0.889393 -0.351254
vn 0.051938 0.673764 -0.737119
vn -0.132738 0.529871 -0.837626
vn -0.337459 0.380051 -0.861210
vn -0.542183 0.238971 -0.805562
vn -0.726871 0.120441 -0.676131
vn -0.873446 0.036060 -0.485584
vn -0.967558 -0.005910 -0.252579
vn -0.999999 -0.001355 0.000088
vn -0.967589 0.049273 0.247677
vn -0.873503 0.141017 0.465947
vn -0.726950 0.264900 0.633539
vn -0.542276 0.408793 0.734047
vn -0.337557 0.558614 0.757631
vn -0.132831 0.699696 0.701984
vn 0.051859 0.818227 0.572551
vn 0.198434 0.902604 0.382007
vn 0.292547 0.944572 0.148999
vn 0.324986 0.940020 -0.103667
vn 0.064483 0.853465 -0.517145
vn 0.147130 0.934057 -0.325408
vn -0.064252 0.744644 -0.664363
vn -0.226476 0.618243 -0.752651
vn -0.406308 0.486637 -0.773368
vn -0.586141 0.362710 -0.724486
vn -0.748376 0.258590 -0.610790
vn -0.877131 0.184469 -0.443409
vn -0.959802 0.147606 -0.238732
vn -0.988299 0.151604 -0.016782
vn -0.959829 0.196072 0.200707
vn -0.877182 0.276662 0.392441
vn -0.748446 0.385485 0.539658
vn -0.586225 0.511884 0.627946
vn -0.406394 0.643490 0.648663
vn -0.226559 0.767422 0.599779
vn -0.064322 0.871542 0.486083
vn 0.064433 0.945662 0.318703
vn 0.147104 0.982527 0.114023
vn 0.175599 0.978528 -0.107924
vn -0.014716 0.876731 -0.480756
vn 0.060323 0.949900 -0.306678
vn -0.131593 0.777931 -0.614416
vn -0.278872 0.663172 -0.694575
vn -0.442140 0.543685 -0.713385
vn -0.605413 0.431171 -0.669004
vn -0.752708 0.336638 -0.565779
vn -0.869604 0.269345 -0.413815
vn -0.944660 0.235879 -0.227987
vn -0.970533 0.239508 -0.026478
vn -0.944687 0.279879 0.170983
vn -0.869651 0.353045 0.345061
vn -0.752771 0.451847 0.478718
vn -0.605489 0.566607 0.558873
vn -0.442219 0.686094 0.577683
vn -0.278947 0.798611 0.533300
vn -0.131656 0.893142 0.430074
vn -0.014760 0.960436 0.278110
vn 0.060299 0.993906 0.092278
vn 0.086170 0.990275 -0.109225
vn 0.581506 -0.808634 0.089230
vn -0.581502 0.808637 -0.089231
vn -0.581499 0.808638 -0.089237
vn -0.581500 0.808638 -0.089231
vn -0.581508 0.808633 -0.089229
vn -0.581508 0.808632 -0.089232
vn -0.581506 0.808633 -0.089237
vn -0.581508 0.808631 -0.089238
vn -0.581515 0.808628 -0.089226
vn -0.581501 0.808637 -0.089235
vn -0.581497 0.808641 -0.089225
vn -0.581510 0.808630 -0.089237
vn -0.581500 0.808639 -0.089225
vn -0.581508 0.808632 -0.089234
vn -0.581505 0.808635 -0.089226
vn -0.581505 0.808636 -0.089224
vn -0.581502 0.808637 -0.089225
vn -0.581503 0.808637 -0.089225
vn -0.581506 0.808635 -0.089222
vn -0.581509 0.808631 -0.089235
vn -0.581509 0.808631 -0.089235
vn -0.581505 0.808635 -0.089231
vn -0.581504 0.808635 -0.089231
vn 0.855141 0.383072 -0.349271
vn 0.741023 0.271794 -0.614014
vn 0.696266 0.347187 -0.628231
vn 0.811536 0.459588 -0.360816
vn 0.563269 0.121537 -0.817286
vn 0.516716 0.195412 -0.833558
vn 0.339276 -0.052993 -0.939193
vn 0.290460 0.019119 -0.956696
vn 0.090970 -0.234711 -0.967799
vn 0.039648 -0.164434 -0.985591
vn -0.157339 -0.405828 -0.900304
vn -0.211171 -0.337280 -0.917414
vn -0.381350 -0.549594 -0.743316
vn -0.437444 -0.482499 -0.758839
vn -0.559130 -0.651936 -0.512204
vn -0.617019 -0.585875 -0.525393
vn -0.673282 -0.702839 -0.229583
vn -0.732324 -0.637292 -0.239918
vn -0.712628 -0.697317 0.076875
vn -0.772068 -0.631714 0.069635
vn -0.673318 -0.635912 0.377171
vn -0.732361 -0.569689 0.372965
vn -0.559202 -0.524635 0.641913
vn -0.617091 -0.457287 0.640381
vn -0.381446 -0.374377 0.845187
vn -0.437541 -0.305512 0.845707
vn -0.157452 -0.199847 0.967094
vn -0.211285 -0.129219 0.968845
vn 0.090852 -0.018130 0.995699
vn 0.039527 0.054334 0.997740
vn 0.339163 0.152988 0.928204
vn 0.290346 0.227179 0.929564
vn 0.563172 0.296754 0.771216
vn 0.516618 0.372399 0.770989
vn 0.740953 0.399096 0.540102
vn 0.696196 0.475775 0.537541
vn 0.855105 0.449998 0.257483
vn 0.811499 0.527191 0.252069
vn 0.894451 0.444477 -0.048973
vn 0.851243 0.521614 -0.057484
vn 0.658206 0.403172 -0.635781
vn 0.773743 0.515835 -0.367745
vn 0.478237 0.251044 -0.841586
vn 0.251455 0.074340 -0.965010
vn 0.000061 -0.109638 -0.993972
vn -0.251342 -0.282886 -0.925636
vn -0.478141 -0.428444 -0.766692
vn -0.658133 -0.532060 -0.532703
vn -0.773706 -0.583597 -0.246564
vn -0.813542 -0.578006 0.063708
vn -0.773743 -0.515836 0.367743
vn -0.658205 -0.403173 0.635782
vn -0.478239 -0.251045 0.841584
vn -0.251457 -0.074342 0.965009
vn 0.251341 0.282885 0.925637
vn 0.478140 0.428442 0.766694
vn 0.658134 0.532060 0.532702
vn 0.773706 0.583596 0.246566
vn 0.813543 0.578005 -0.063707
vn 0.764612 -0.566651 -0.307043
vn 0.648427 -0.485458 -0.586407
vn 0.650535 -0.484284 -0.585042
vn 0.766147 -0.565018 -0.306226
vn 0.468648 -0.356652 -0.808188
vn 0.471460 -0.356068 -0.806809
vn 0.242976 -0.192917 -0.950655
vn 0.246343 -0.192840 -0.949804
vn -0.006414 -0.010344 -0.999926
vn -0.002863 -0.010517 -0.999941
vn -0.255066 0.173159 -0.951292
vn -0.251788 0.173071 -0.952181
vn -0.478654 0.339641 -0.809651
vn -0.476016 0.339921 -0.811087
vn -0.655379 0.472866 -0.588962
vn -0.653514 0.473641 -0.590410
vn -0.768057 0.559878 -0.310846
vn -0.766814 0.561070 -0.311764
vn -0.805761 0.592236 -0.002451
vn -0.804756 0.593600 -0.002501
vn -0.764840 0.566807 0.306186
vn -0.763603 0.568027 0.307011
vn -0.649262 0.486050 0.584991
vn -0.647407 0.486871 0.586362
vn -0.470238 0.357798 0.806757
vn -0.467611 0.358124 0.808138
vn -0.245173 0.194519 0.949764
vn -0.241904 0.194456 0.950615
vn 0.003983 0.012132 0.999918
vn 0.007530 0.011954 0.999900
vn 0.252864 -0.171527 0.952176
vn 0.256233 -0.171485 0.951282
vn 0.477058 -0.338446 0.811092
vn 0.479875 -0.337913 0.809651
vn 0.654534 -0.472223 0.590416
vn 0.656648 -0.471100 0.588964
vn 0.767822 -0.559691 0.311761
vn 0.769361 -0.558089 0.310837
vn 0.805761 -0.592236 0.002479
vn 0.807077 -0.590441 0.002423
vn 0.766382 -0.287397 -0.574511
vn 0.880720 -0.364783 -0.302104
vn 0.589355 -0.164558 -0.790937
vn 0.366974 -0.008287 -0.930194
vn 0.121003 0.166118 -0.978654
vn -0.124480 0.341584 -0.931571
vn -0.345445 0.500938 -0.793554
vn -0.520260 0.628579 -0.578116
vn -0.631816 0.712011 -0.306348
vn -0.669195 0.743071 -0.004841
vn -0.628736 0.718715 0.296883
vn -0.514397 0.641332 0.569288
vn -0.337373 0.518492 0.785713
vn -0.114991 0.362223 0.924971
vn 0.130980 0.187817 0.973432
vn 0.376463 0.012350 0.926349
vn 0.597429 -0.147005 0.788333
vn 0.772247 -0.274643 0.572893
vn 0.883804 -0.358075 0.301120
vn 0.921180 -0.389137 -0.000385
vn 0.840052 -0.085503 -0.535725
vn 0.946138 -0.157309 -0.282979
vn 0.675800 0.028473 -0.736535
vn 0.469467 0.173466 -0.865743
vn 0.241246 0.335286 -0.910705
vn 0.013478 0.498091 -0.867020
vn -0.191541 0.645946 -0.738963
vn -0.353744 0.764373 -0.539072
vn -0.457254 0.841784 -0.286913
vn -0.491933 0.870604 -0.007163
vn -0.454390 0.848009 0.272783
vn -0.348302 0.776208 0.525535
vn -0.184053 0.662233 0.726342
vn 0.022282 0.517239 0.855551
vn 0.250502 0.355420 0.900514
vn 0.478270 0.192616 0.856830
vn 0.683292 0.044759 0.728772
vn 0.845495 -0.073671 0.528877
vn 0.949001 -0.151078 0.276719
vn 0.983680 -0.179901 -0.003030
vn 0.873627 0.120005 -0.471567
vn 0.966440 0.057187 -0.250446
vn 0.729930 0.219718 -0.647246
vn 0.549415 0.346566 -0.760286
vn 0.349749 0.488138 -0.799623
vn 0.150483 0.630568 -0.761406
vn -0.028883 0.759922 -0.649372
vn -0.170789 0.863532 -0.474494
vn -0.261344 0.931258 -0.253885
vn -0.291685 0.956471 -0.009139
vn -0.258841 0.936702 0.235776
vn -0.166027 0.873888 0.456897
vn -0.022328 0.774172 0.632581
vn 0.158185 0.647321 0.745623
vn 0.357849 0.505750 0.784959
vn 0.557119 0.363321 0.746737
vn 0.736484 0.233966 0.634706
vn 0.878388 0.130356 0.459828
vn 0.968943 0.062632 0.239221
vn 0.999284 0.037419 -0.005523
vn 0.865899 0.318644 -0.385596
vn 0.941148 0.267721 -0.206317
vn 0.749396 0.399485 -0.528031
vn 0.603037 0.502335 -0.619682
vn 0.441153 0.617116 -0.651576
vn 0.279595 0.732593 -0.620591
vn 0.134172 0.837469 -0.529759
vn 0.019120 0.921472 -0.387974
vn -0.054297 0.976383 -0.209111
vn -0.078895 0.996826 -0.010679
vn -0.052270 0.980798 0.187889
vn 0.022980 0.929870 0.367171
vn 0.139487 0.849021 0.509615
vn 0.285839 0.746176 0.601263
vn 0.447724 0.631394 0.633155
vn 0.609286 0.515916 0.602163
vn 0.754708 0.411041 0.511333
vn 0.869757 0.327039 0.369551
vn 0.943179 0.272127 0.190686
vn 0.967778 0.251686 -0.007744
vn 0.818766 0.499228 -0.283538
vn 0.873324 0.462308 -0.153547
vn 0.734296 0.557844 -0.386807
vn 0.628177 0.632419 -0.453254
vn 0.510802 0.715641 -0.476382
vn 0.393664 0.799366 -0.453918
vn 0.288228 0.875404 -0.388063
vn 0.204810 0.936312 -0.285258
vn 0.151575 0.976127 -0.155567
vn 0.133737 0.990948 -0.011705
vn 0.153043 0.979328 0.132265
vn 0.207604 0.942402 0.262259
vn 0.292080 0.883782 0.365539
vn 0.398194 0.809214 0.431989
vn 0.515569 0.725992 0.455109
vn 0.632710 0.642261 0.432643
vn 0.738145 0.566222 0.366790
vn 0.821565 0.505314 0.263987
vn 0.874800 0.465500 0.134297
vn 0.892634 0.450681 -0.009571
vn 0.742314 0.646015 -0.177859
vn 0.775571 0.623508 -0.098627
vn 0.690834 0.681741 -0.240785
vn 0.626162 0.727188 -0.281280
vn 0.554627 0.777907 -0.295381
vn 0.483233 0.828937 -0.281692
vn 0.418971 0.875278 -0.241560
vn 0.368135 0.912400 -0.178893
vn 0.335686 0.936667 -0.099846
vn 0.324813 0.945700 -0.012175
vn 0.336580 0.938618 0.075571
vn 0.369834 0.916111 0.154802
vn 0.421319 0.880383 0.217753
vn 0.485996 0.834934 0.258251
vn 0.557528 0.784216 0.272339
vn 0.628920 0.733187 0.258644
vn 0.693186 0.686838 0.218513
vn 0.744024 0.649721 0.155857
vn 0.776469 0.625457 0.076802
vn 0.787340 0.616424 -0.010876
vn 0.579940 0.814571 -0.012014
vn 0.760994 0.596585 -0.254901
vn 0.677846 0.499545 -0.539425
vn 0.628100 0.557293 -0.543060
vn 0.710507 0.653469 -0.261071
vn 0.523958 0.359851 -0.771994
vn 0.475583 0.418845 -0.773556
vn 0.314392 0.191178 -0.929843
vn 0.267885 0.251676 -0.929998
vn 0.069663 0.010037 -0.997520
vn 0.025338 0.072150 -0.997072
vn -0.186273 -0.165840 -0.968400
vn -0.228318 -0.102160 -0.968212
vn -0.428365 -0.319238 -0.845335
vn -0.468252 -0.254191 -0.846243
vn -0.632913 -0.435141 -0.640370
vn -0.670977 -0.369060 -0.643105
vn -0.779897 -0.502203 -0.373568
vn -0.816651 -0.435525 -0.378681
vn -0.854927 -0.513860 -0.071047
vn -0.891012 -0.447078 -0.078857
vn -0.850660 -0.468971 0.237581
vn -0.886782 -0.402591 0.227021
vn -0.767512 -0.371931 0.522105
vn -0.804375 -0.306415 0.509009
vn -0.613623 -0.232238 0.754674
vn -0.651859 -0.167967 0.739505
vn -0.404056 -0.063566 0.912523
vn -0.444160 -0.000798 0.895947
vn -0.159327 0.117574 0.980200
vn -0.201612 0.178728 0.963021
vn 0.096610 0.293450 0.951080
vn 0.052044 0.353037 0.934161
vn 0.338702 0.446848 0.828015
vn 0.291978 0.505068 0.812192
vn 0.543251 0.562751 0.623049
vn 0.494704 0.619938 0.609053
vn 0.690234 0.629813 0.356248
vn 0.640377 0.686402 0.344630
vn 0.765263 0.641472 0.053727
vn 0.714738 0.697956 0.044806
vn 0.516268 0.664149 -0.540716
vn 0.595705 0.756857 -0.268892
vn 0.369249 0.530690 -0.762905
vn 0.169037 0.369546 -0.913708
vn -0.064769 0.196491 -0.978364
vn -0.309282 0.028465 -0.950544
vn -0.540568 -0.118086 -0.832972
vn -0.735987 -0.228816 -0.637155
vn -0.876410 -0.292885 -0.382262
vn -0.948091 -0.304022 -0.093244
vn -0.944013 -0.261138 0.201608
vn -0.864577 -0.168429 0.473433
vn -0.717557 -0.034971 0.695621
vn -0.517346 0.126174 0.846424
vn -0.283540 0.299229 0.911080
vn -0.039027 0.467256 0.883260
vn 0.192259 0.613807 0.765688
vn 0.387678 0.724536 0.569871
vn 0.528101 0.788605 0.314978
vn 0.599782 0.799742 0.025961
vn 0.392119 0.755087 -0.525439
vn 0.466686 0.842113 -0.270277
vn 0.254111 0.629810 -0.734007
vn 0.066173 0.478544 -0.875566
vn -0.153301 0.316097 -0.936259
vn -0.382825 0.158370 -0.910145
vn -0.599933 0.020803 -0.799780
vn -0.783373 -0.083140 -0.615966
vn -0.915188 -0.143281 -0.376698
vn -0.982475 -0.153735 -0.105397
vn -0.978648 -0.113479 0.171381
vn -0.904081 -0.026453 0.426542
vn -0.766073 0.098824 0.635111
vn -0.578134 0.250090 0.776670
vn -0.358661 0.412537 0.837362
vn -0.129136 0.570264 0.811248
vn 0.087972 0.707831 0.700883
vn 0.271412 0.811772 0.517070
vn 0.403227 0.871914 0.277802
vn 0.470514 0.882369 0.006500
vn 0.258683 0.827925 -0.497618
vn 0.326602 0.907192 -0.265204
vn 0.132979 0.713816 -0.687592
vn -0.038205 0.576037 -0.816531
vn -0.238112 0.428072 -0.871813
vn -0.447173 0.284407 -0.848026
vn -0.644926 0.159104 -0.747500
vn -0.812011 0.064429 -0.580075
vn -0.932074 0.009649 -0.362138
vn -0.993363 0.000127 -0.115024
vn -0.989877 0.036793 0.137078
vn -0.921958 0.116061 0.369492
vn -0.796254 0.230170 0.559466
vn -0.625070 0.367949 0.688405
vn -0.425163 0.515913 0.743687
vn -0.216101 0.659579 0.719900
vn -0.018349 0.784882 0.619374
vn 0.148737 0.879557 0.451948
vn 0.268800 0.934337 0.234012
vn 0.330088 0.943859 -0.013103
vn 0.119268 0.880928 -0.457976
vn 0.178930 0.950558 -0.253818
vn 0.008847 0.780691 -0.624854
vn -0.141525 0.659663 -0.738116
vn -0.317128 0.529687 -0.786677
vn -0.500773 0.403488 -0.765783
vn -0.674484 0.293420 -0.677478
vn -0.821256 0.210254 -0.530408
vn -0.926722 0.162134 -0.338967
vn -0.980559 0.153769 -0.121896
vn -0.977497 0.185978 0.099557
vn -0.917835 0.255609 0.303714
vn -0.807414 0.355845 0.470593
vn -0.657042 0.476874 0.583855
vn -0.481439 0.606850 0.632416
vn -0.297794 0.733048 0.611522
vn -0.124084 0.843117 0.523218
vn 0.022688 0.926282 0.376147
vn 0.128155 0.974402 0.184706
vn 0.181992 0.982767 -0.032366
vn -0.022554 0.912885 -0.407594
vn 0.027461 0.971256 -0.236448
vn -0.115122 0.828856 -0.547490
vn -0.241179 0.727396 -0.642439
vn -0.388387 0.618437 -0.683147
vn -0.542339 0.512644 -0.665631
vn -0.687961 0.420373 -0.591605
vn -0.811001 0.350655 -0.468315
vn -0.899414 0.310315 -0.307828
vn -0.944546 0.303303 -0.125856
vn -0.941979 0.330304 0.059789
vn -0.891964 0.388676 0.230935
vn -0.799397 0.472705 0.370830
vn -0.673340 0.574164 0.465778
vn -0.526131 0.683123 0.506487
vn -0.372180 0.788916 0.488972
vn -0.226557 0.881188 0.414946
vn -0.103517 0.950906 0.291655
vn -0.015104 0.991245 0.131169
vn 0.030028 0.998257 -0.050803
vn -0.162867 0.923234 -0.348013
vn -0.123604 0.969057 -0.213659
vn -0.235535 0.857270 -0.457834
vn -0.334493 0.777621 -0.532372
vn -0.450056 0.692086 -0.564329
vn -0.570911 0.609035 -0.550579
vn -0.685228 0.536600 -0.492467
vn -0.781818 0.481869 -0.395680
vn -0.851224 0.450202 -0.269694
vn -0.886654 0.444698 -0.126842
vn -0.884639 0.465894 0.018894
vn -0.845375 0.511718 0.153249
vn -0.772708 0.577682 0.263070
vn -0.673750 0.657330 0.337607
vn -0.558188 0.742865 0.369564
vn -0.437332 0.825916 0.355813
vn -0.323014 0.898352 0.297701
vn -0.226426 0.953082 0.200914
vn -0.157019 0.984749 0.074929
vn -0.121589 0.990254 -0.067922
vn -0.296850 0.912442 -0.281656
vn -0.269028 0.944913 -0.186449
vn -0.348343 0.865699 -0.359475
vn -0.418466 0.809260 -0.412292
vn -0.500354 0.748649 -0.434937
vn -0.585993 0.689798 -0.425194
vn -0.667000 0.638470 -0.384015
vn -0.735444 0.599688 -0.315431
vn -0.784626 0.577248 -0.226157
vn -0.809731 0.573348 -0.124932
vn -0.808303 0.588368 -0.021661
vn -0.780481 0.620839 0.073544
vn -0.728989 0.667581 0.151363
vn -0.658866 0.724020 0.204181
vn -0.576978 0.784632 0.226826
vn -0.491339 0.843482 0.217082
vn -0.410332 0.894810 0.175904
vn -0.341889 0.933592 0.107320
vn -0.292707 0.956032 0.018046
vn -0.267600 0.959933 -0.083179
vn -0.414563 0.884303 -0.214815
vn -0.397852 0.903807 -0.157630
vn -0.445491 0.856228 -0.261555
vn -0.487609 0.822329 -0.293279
vn -0.536795 0.785923 -0.306882
vn -0.588234 0.750574 -0.301030
vn -0.636891 0.719744 -0.276295
vn -0.678001 0.696450 -0.235100
vn -0.707541 0.682972 -0.181479
vn -0.722621 0.680629 -0.120678
vn -0.721763 0.689651 -0.058648
vn -0.705051 0.709155 -0.001465
vn -0.674123 0.737230 0.045275
vn -0.632005 0.771129 0.077000
vn -0.582818 0.807536 0.090602
vn -0.531380 0.842884 0.084750
vn -0.482725 0.873713 0.060016
vn -0.441614 0.897008 0.018823
vn -0.412073 0.910486 -0.034798
vn -0.396994 0.912829 -0.095601
vn -0.571394 0.813219 -0.110376
vn 0.951057 -0.033091 -0.307240
vn 0.809017 -0.062942 -0.584406
vn 0.951057 -0.033090 -0.307239
vn 0.587785 -0.086632 -0.804365
vn 0.587785 -0.086632 -0.804366
vn 0.309016 -0.101842 -0.945588
vn 0.309017 -0.101842 -0.945588
vn 0.000000 -0.107083 -0.994250
vn -0.309016 -0.101842 -0.945588
vn -0.309017 -0.101842 -0.945588
vn -0.587785 -0.086632 -0.804365
vn -0.809017 -0.062942 -0.584405
vn -0.951056 -0.033091 -0.307240
vn -0.951057 -0.033091 -0.307240
vn -1.000000 0.000000 0.000000
vn -0.951056 0.033091 0.307241
vn -0.951057 0.033091 0.307240
vn -0.809017 0.062942 0.584405
vn -0.587785 0.086632 0.804366
vn -0.587784 0.086632 0.804366
vn -0.309016 0.101842 0.945588
vn 0.000000 0.107083 0.994250
vn 0.309016 0.101842 0.945588
vn 0.587785 0.086632 0.804366
vn 0.587784 0.086632 0.804366
vn 0.809017 0.062942 0.584405
vn 0.951056 0.033091 0.307241
vn 0.951057 0.033091 0.307240
vn 1.000000 0.000000 0.000001
vn -0.306308 0.175635 0.935590
vn 0.000001 0.183780 0.982967
vn 0.000000 0.183780 0.982967
vn -0.309982 0.175433 0.934417
vn -0.583519 0.151939 0.797759
vn -0.589480 0.151208 0.793504
vn -0.804923 0.114870 0.582154
vn -0.810903 0.113481 0.574071
vn -0.948627 0.067906 0.309025
vn -0.952336 0.065981 0.297829
vn -0.999868 0.015562 0.004645
vn -0.999880 0.013431 -0.007751
vn -0.952873 -0.037021 -0.301101
vn -0.949180 -0.038949 -0.312314
vn -0.811785 -0.084612 -0.577794
vn -0.805806 -0.086007 -0.585901
vn -0.590366 -0.122456 -0.797792
vn -0.584393 -0.123191 -0.802066
vn -0.310535 -0.146775 -0.939162
vn -0.306847 -0.146978 -0.940342
vn -0.000000 -0.155159 -0.987890
vn -0.000001 -0.155159 -0.987890
vn 0.310535 -0.146776 -0.939162
vn 0.306846 -0.146979 -0.940342
vn 0.590367 -0.122456 -0.797792
vn 0.584394 -0.123191 -0.802065
vn 0.811785 -0.084612 -0.577795
vn 0.805806 -0.086007 -0.585901
vn 0.952874 -0.037021 -0.301100
vn 0.949181 -0.038949 -0.312313
vn 0.999868 0.015563 0.004647
vn 0.999880 0.013431 -0.007749
vn 0.948627 0.067906 0.309023
vn 0.952337 0.065981 0.297828
vn 0.804924 0.114870 0.582153
vn 0.810904 0.113480 0.574071
vn 0.583519 0.151940 0.797759
vn 0.589479 0.151208 0.793505
vn 0.306308 0.175636 0.935589
vn 0.309983 0.175434 0.934416
vn -0.060445 -0.955122 0.289981
vn 0.000000 -0.954096 0.299500
vn -0.114978 -0.958096 0.262357
vn -0.114978 -0.958096 0.262357
vn -0.158254 -0.962731 0.219330
vn -0.186038 -0.968570 0.165112
vn -0.195611 -0.975043 0.105016
vn -0.186036 -0.981516 0.044917
vn -0.158252 -0.987355 -0.009303
vn -0.114976 -0.991989 -0.052329
vn -0.060446 -0.994964 -0.079952
vn -0.000000 -0.995989 -0.089471
vn -0.000000 -0.995989 -0.089471
vn 0.060447 -0.994964 -0.079953
vn 0.114977 -0.991989 -0.052328
vn 0.158253 -0.987355 -0.009303
vn 0.186037 -0.981516 0.044913
vn 0.195611 -0.975043 0.105015
vn 0.186038 -0.968570 0.165114
vn 0.158254 -0.962731 0.219329
vn 0.114978 -0.958097 0.262356
vn 0.060445 -0.955121 0.289982
vn 0.000000 0.994250 -0.107085
vn 0.000000 -0.994250 0.107082
vn 0.456080 0.229583 -0.859815
vn -0.370124 -0.333879 -0.866910
vn -0.538845 -0.032385 -0.841782
vn 0.237237 0.497824 -0.834200
vn -0.826095 -0.563474 -0.008012
vn -0.967926 -0.248919 -0.034025
vn -0.457360 -0.230543 0.858878
vn -0.620887 0.064781 0.781219
vn 0.368736 0.333021 0.867831
vn 0.155209 0.594981 0.788611
vn 0.826093 0.563477 0.008034
vn 0.584150 0.811422 -0.019052
vn -0.564066 0.822066 -0.077702
vn -0.564065 0.822066 -0.077706
vn -0.564065 0.822066 -0.077702
vn -0.564065 0.822067 -0.077702
vn -0.564065 0.822066 -0.077701
vn -0.564065 0.822066 -0.077705
vn 0.788354 0.533126 -0.307043
vn 0.673190 0.450484 -0.586412
vn 0.672782 0.452863 -0.585047
vn 0.787323 0.535116 -0.306226
vn 0.492006 0.323665 -0.808190
vn 0.492388 0.326512 -0.806811
vn 0.262640 0.165150 -0.950655
vn 0.263686 0.168352 -0.949804
vn 0.007627 -0.009486 -0.999926
vn 0.008970 -0.006194 -0.999941
vn -0.248018 -0.183114 -0.951292
vn -0.246846 -0.180052 -0.952181
vn -0.479282 -0.338751 -0.809652
vn -0.478671 -0.336169 -0.811088
vn -0.663622 -0.461224 -0.588964
vn -0.663734 -0.459207 -0.590412
vn -0.783110 -0.538625 -0.310841
vn -0.783821 -0.537057 -0.311759
vn -0.826148 -0.563447 -0.002449
vn -0.827101 -0.562048 -0.002499
vn -0.788576 -0.533291 0.306185
vn -0.789316 -0.531719 0.307010
vn -0.674029 -0.451077 0.584991
vn -0.674187 -0.449055 0.586363
vn -0.493618 -0.324785 0.806757
vn -0.493052 -0.322198 0.808139
vn -0.264882 -0.166692 0.949764
vn -0.263737 -0.163628 0.950615
vn -0.010122 0.007784 0.999918
vn -0.008777 0.011071 0.999900
vn 0.245746 0.181578 0.952176
vn 0.246825 0.184770 0.951282
vn 0.477627 0.337643 0.811091
vn 0.478060 0.340477 0.809651
vn 0.662736 0.460641 0.590416
vn 0.662379 0.463008 0.588963
vn 0.782854 0.538465 0.311761
vn 0.781854 0.540448 0.310838
vn 0.826148 0.563448 0.002483
vn 0.824892 0.565286 0.002427
vn 0.525523 0.627507 -0.574509
vn 0.636477 0.709668 -0.302105
vn 0.350880 0.501300 -0.790937
vn 0.129648 0.343411 -0.930194
vn -0.116527 0.169288 -0.978654
vn -0.363537 -0.004019 -0.931571
vn -0.587210 -0.159551 -0.793554
vn -0.765646 -0.282073 -0.578118
vn -0.881384 -0.359605 -0.306344
vn -0.923090 -0.384553 -0.004840
vn -0.886685 -0.354472 0.296882
vn -0.775730 -0.272309 0.569290
vn -0.601087 -0.146107 0.785714
vn -0.379853 0.011783 0.924972
vn -0.133681 0.185903 0.973432
vn 0.113330 0.359212 0.926349
vn 0.337003 0.514741 0.788334
vn 0.515442 0.637271 0.572892
vn 0.631179 0.714800 0.301121
vn 0.672885 0.739747 -0.000384
vn 0.359539 0.764022 -0.535727
vn 0.462487 0.840255 -0.282981
vn 0.197498 0.646926 -0.736534
vn -0.007773 0.500432 -0.865741
vn -0.236180 0.338871 -0.910706
vn -0.465365 0.178069 -0.867022
vn -0.672899 0.033766 -0.738964
vn -0.838458 -0.079921 -0.539074
vn -0.945843 -0.151861 -0.286912
vn -0.984541 -0.175007 -0.007161
vn -0.950763 -0.147097 0.272785
vn -0.847815 -0.070860 0.525537
vn -0.685774 0.046237 0.726344
vn -0.480506 0.192733 0.855551
vn -0.252098 0.354289 0.900514
vn -0.022911 0.515090 0.856830
vn 0.184621 0.659397 0.728773
vn 0.350184 0.773083 0.528879
vn 0.457569 0.845020 0.276717
vn 0.496267 0.868165 -0.003034
vn 0.176835 0.863917 -0.471569
vn 0.266901 0.930612 -0.250450
vn 0.035071 0.761474 -0.647246
vn -0.144510 0.633314 -0.760283
vn -0.344340 0.491967 -0.799624
vn -0.544847 0.351280 -0.761409
vn -0.726412 0.225035 -0.649373
vn -0.871255 0.125577 -0.474495
vn -0.965204 0.062643 -0.253883
vn -0.999059 0.042395 -0.009134
vn -0.969508 0.066813 0.235777
vn -0.879442 0.133506 0.456901
vn -0.737675 0.235952 0.632584
vn -0.558093 0.364117 0.745621
vn -0.358266 0.505457 0.784958
vn -0.157756 0.646138 0.746739
vn 0.023805 0.772388 0.634705
vn 0.168651 0.871845 0.459830
vn 0.262599 0.934781 0.239221
vn 0.296456 0.955031 -0.005528
vn -0.013107 0.922575 -0.385596
vn 0.059913 0.976648 -0.206322
vn -0.128040 0.839516 -0.528032
vn -0.273643 0.735604 -0.619683
vn -0.435659 0.621009 -0.651575
vn -0.598228 0.506946 -0.620588
vn -0.745432 0.404586 -0.529755
vn -0.862863 0.323950 -0.387973
vn -0.939035 0.272927 -0.209103
vn -0.966482 0.256512 -0.010666
vn -0.942523 0.276309 0.187891
vn -0.869503 0.330383 0.367166
vn -0.754561 0.413442 0.509612
vn -0.608960 0.517350 0.601263
vn -0.446948 0.631942 0.633157
vn -0.284379 0.746003 0.602169
vn -0.137177 0.848363 0.511334
vn -0.019744 0.929000 0.369552
vn 0.056428 0.980028 0.190686
vn 0.083877 0.996446 -0.007752
vn -0.199094 0.938068 -0.283532
vn -0.146154 0.977272 -0.153551
vn -0.282430 0.877846 -0.386807
vn -0.388004 0.802502 -0.453258
vn -0.505475 0.719415 -0.476379
vn -0.623343 0.636715 -0.453915
vn -0.730070 0.562502 -0.388059
vn -0.815216 0.504034 -0.285260
vn -0.870444 0.467039 -0.155568
vn -0.890349 0.455129 -0.011688
vn -0.872979 0.469479 0.132278
vn -0.820034 0.508689 0.262258
vn -0.736689 0.568920 0.365540
vn -0.631125 0.644255 0.431990
vn -0.513657 0.727346 0.455110
vn -0.395779 0.810047 0.432646
vn -0.289054 0.884258 0.366791
vn -0.203906 0.942726 0.263989
vn -0.148686 0.979723 0.134293
vn -0.128784 0.991626 -0.009582
vn -0.362933 0.914684 -0.177854
vn -0.330662 0.938581 -0.098634
vn -0.413725 0.877982 -0.240790
vn -0.478065 0.832063 -0.281292
vn -0.549659 0.781424 -0.295383
vn -0.621500 0.731016 -0.281696
vn -0.686546 0.685785 -0.241563
vn -0.738441 0.650153 -0.178905
vn -0.772101 0.627605 -0.099861
vn -0.784230 0.620351 -0.012170
vn -0.773645 0.629096 0.075584
vn -0.741380 0.652987 0.154803
vn -0.690580 0.689698 0.217751
vn -0.626243 0.735614 0.258247
vn -0.554645 0.786261 0.272329
vn -0.482804 0.836664 0.258637
vn -0.417765 0.881889 0.218506
vn -0.365864 0.917527 0.155843
vn -0.332201 0.940077 0.076799
vn -0.320074 0.947330 -0.010873
vn -0.575842 0.817473 -0.012023
vn -0.510512 -0.857430 0.064745
vn -0.086871 -0.993391 0.075012
vn -0.086872 -0.993391 0.075012
vn 0.353975 -0.932600 0.070421
vn 0.724712 -0.687096 0.051883
vn 0.724712 -0.687095 0.051883
vn 0.951911 -0.305504 0.023069
vn 0.996220 -0.086625 0.006541
vn 0.932532 -0.360063 0.027187
vn 0.833037 0.551647 -0.041652
vn 0.833042 0.551639 -0.041652
vn 0.080625 0.993915 -0.075046
vn 0.306373 0.949209 -0.071675
vn 0.086871 0.993391 -0.075012
vn 0.086871 0.993391 -0.075012
vn -0.353975 0.932600 -0.070421
vn -0.724712 0.687095 -0.051883
vn -0.951912 0.305503 -0.023069
vn -0.990573 -0.136597 0.010315
vn -0.833040 -0.551643 0.041655
vn 0.000000 -0.075296 -0.997161
vn 0.000000 0.075296 0.997161
vn 0.000001 -0.075297 -0.997161
vn 0.554967 -0.829511 0.062638
vn -0.554966 0.829511 -0.062638
vn -0.554967 0.829511 -0.062638
vn -0.000001 0.075297 0.997161
vn 0.763663 0.643783 -0.048612
vn 0.407913 0.910429 -0.068747
vn 0.407914 0.910429 -0.068747
vn 0.763662 0.643783 -0.048612
vn -0.028628 0.996753 -0.075265
vn -0.459498 0.885658 -0.066876
vn -0.459498 0.885657 -0.066876
vn -0.799360 0.599147 -0.045242
vn -0.799360 0.599147 -0.045242
vn -0.913021 0.406756 -0.030714
vn -0.576189 0.814997 -0.061538
vn -0.968158 -0.249628 0.018851
vn -0.968157 -0.249631 0.018852
vn -0.576189 0.814996 -0.061538
vn -0.145062 -0.986614 0.074499
vn -0.600853 -0.797091 0.060189
vn -0.407914 -0.910429 0.068747
vn 0.028627 -0.996753 0.075265
vn 0.459498 -0.885657 0.066876
vn 0.799360 -0.599147 0.045242
vn 0.980899 -0.193968 0.014647
vn 0.968158 0.249629 -0.018850
vn 0.968158 0.249628 -0.018850
vn -0.251681 0.965063 -0.072871
vn -0.000000 -0.075294 -0.997161
vn 0.251681 -0.965063 0.072872
vn 0.000000 0.075297 0.997161
vn -0.255113 -0.811378 0.525912
vn -0.000580 -0.838605 0.544739
vn -0.000580 0.838606 0.544739
vn -0.255113 0.811379 0.525911
vn -0.156991 0.800385 -0.578565
vn 0.000624 0.810565 -0.585648
vn 0.000642 0.797761 -0.602974
vn -0.331223 0.753342 -0.568125
vn -0.233558 0.736166 -0.635225
vn 0.000694 0.758197 -0.652025
vn 0.000126 0.992935 -0.118663
vn -0.187725 0.980926 -0.050425
vn -0.187088 -0.691979 0.697254
vn -0.000756 -0.704864 0.709342
vn -0.000624 -0.810565 0.585649
vn -0.332957 -0.763598 0.553225
vn 0.332185 -0.765254 0.551398
vn 0.185534 -0.693066 0.696589
vn 0.331922 0.751920 -0.569600
vn 0.158096 0.800500 -0.578105
vn 0.190437 0.980177 -0.054660
vn 0.232362 0.738494 -0.632957
vn -0.000641 -0.798705 0.601723
vn -0.215256 -0.780927 0.586360
vn -0.138359 -0.989540 0.040832
vn 0.000000 -1.000000 0.000000
vn -0.219729 0.971858 -0.084918
vn -0.000684 0.967675 -0.252198
vn -0.000684 -0.967675 -0.252198
vn -0.219729 -0.971858 -0.084918
vn 0.216460 -0.778810 0.588727
vn 0.140105 -0.989395 0.038317
vn 0.218277 -0.971852 -0.088651
vn 0.218277 0.971852 -0.088650
vn 0.257127 -0.809881 0.527236
vn 0.257127 0.809881 0.527236
vn 0.994117 -0.108000 0.008155
vn 0.942662 0.332802 -0.025130
vn 0.704500 0.707689 -0.053438
vn 0.326804 0.942409 -0.071162
vn -0.115620 0.990474 -0.074791
vn -0.333750 0.939986 -0.070979
vn -0.274759 0.958784 -0.072399
vn -0.848675 0.527412 -0.039825
vn -0.848675 0.527413 -0.039825
vn -0.984232 -0.176380 0.013318
vn -0.993293 -0.115292 0.008706
vn -0.942662 -0.332802 0.025130
vn -0.704501 -0.707689 0.053438
vn -0.326804 -0.942409 0.071162
vn 0.115620 -0.990474 0.074792
vn 0.535144 -0.842363 0.063607
vn 0.848676 -0.527412 0.039825
vn 0.528913 0.846267 -0.063903
vn -0.528913 -0.846267 0.063902

# Mesh
g polySurface2
usemtl initialShadingGroup
f 4/4/4 1/1/1 2/2/2
f 2/2/2 3/3/3 4/4/4
f 3/3/3 2/2/2 5/5/5
f 5/5/5 6/6/6 3/3/3
f 6/6/6 5/5/5 7/7/7
f 7/7/7 8/8/8 6/6/6
f 8/8/8 7/7/7 9/9/9
f 9/9/9 10/10/9 8/8/8
f 10/10/9 9/9/9 11/11/10
f 11/11/10 12/12/11 10/10/9
f 12/12/11 11/11/10 13/13/12
f 13/13/12 14/14/12 12/12/11
f 14/14/12 13/13/12 15/15/13
f 15/15/13 16/16/14 14/14/12
f 16/20/14 15/17/13 17/18/15
f 17/18/15 18/19/15 16/20/14
f 18/19/15 17/18/15 19/21/16
f 19/21/16 20/22/17 18/19/15
f 20/22/17 19/21/16 21/23/18
f 21/23/18 22/24/19 20/22/17
f 22/24/19 21/23/18 23/25/20
f 23/25/20 24/26/21 22/24/19
f 24/26/21 23/25/20 25/27/22
f 25/27/22 26/28/22 24/26/21
f 26/28/22 25/27/22 27/29/23
f 27/29/23 28/30/24 26/28/22
f 28/30/24 27/29/23 29/31/25
f 29/31/25 30/32/26 28/30/24
f 30/32/26 29/31/25 31/33/27
f 31/33/27 32/34/28 30/32/26
f 32/34/28 31/33/27 33/35/29
f 33/35/29 34/36/30 32/34/28
f 34/36/30 33/35/29 35/37/31
f 35/37/31 36/38/32 34/36/30
f 36/38/32 35/37/31 37/39/33
f 37/39/33 38/40/34 36/38/32
f 38/40/34 37/39/33 39/41/35
f 39/41/35 40/42/36 38/40/34
f 40/42/36 39/41/35 41/43/37
f 41/43/37 42/44/38 40/42/36
f 42/44/38 41/43/37 43/45/39
f 43/45/39 44/46/39 42/44/38
f 44/46/39 43/45/39 45/47/40
f 45/47/40 46/48/41 44/46/39
f 46/48/41 45/47/40 47/49/42
f 47/49/42 48/50/42 46/48/41
f 48/50/42 47/49/42 49/51/43
f 49/51/43 50/52/43 48/50/42
f 50/52/43 49/51/43 51/53/44
f 51/53/44 52/54/45 50/52/43
f 52/54/45 51/53/44 53/55/46
f 53/55/46 54/56/47 52/54/45
f 54/56/47 53/55/46 55/57/48
f 55/57/48 56/58/48 54/56/47
f 56/58/48 55/57/48 57/59/49
f 57/59/49 58/60/50 56/58/48
f 58/60/50 57/59/49 59/61/51
f 59/61/51 60/62/52 58/60/50
f 60/62/52 59/61/51 1/1/1
f 1/1/1 4/4/4 60/62/52
f 90/92/53 61/63/53 62/64/53
f 90/92/53 62/64/53 63/65/53
f 90/92/53 63/65/53 64/66/53
f 90/92/53 64/66/53 65/67/53
f 90/92/53 65/67/53 66/68/53
f 90/92/53 66/68/53 67/69/53
f 90/92/53 67/69/53 68/70/53
f 90/92/53 68/70/53 69/71/53
f 90/92/53 69/71/53 70/72/53
f 90/92/53 70/72/53 71/73/53
f 90/92/53 71/73/53 72/74/53
f 90/92/53 72/74/53 73/75/53
f 90/92/53 73/75/53 74/76/53
f 90/92/53 74/76/53 75/77/53
f 90/92/53 75/77/53 76/78/53
f 90/92/53 76/78/53 77/79/53
f 90/92/53 77/79/53 78/80/53
f 90/92/53 78/80/53 79/81/53
f 90/92/53 79/81/53 80/82/53
f 90/92/53 80/82/53 81/83/53
f 90/92/53 81/83/53 82/84/53
f 90/92/53 82/84/53 83/85/53
f 90/92/53 83/85/53 84/86/53
f 90/92/53 84/86/53 85/87/53
f 90/92/53 85/87/53 86/88/53
f 90/92/53 86/88/53 87/89/53
f 90/92/53 87/89/53 88/90/53
f 88/90/53 89/91/53 90/92/53
f 92/94/55 4/4/4 3/3/3
f 3/3/3 91/93/54 92/94/55
f 91/93/54 3/3/3 6/6/6
f 6/6/6 93/95/56 91/93/54
f 93/95/56 6/6/6 8/8/8
f 8/8/8 94/96/57 93/95/56
f 94/96/57 8/8/8 10/10/9
f 10/10/9 95/97/58 94/96/57
f 95/97/58 10/10/9 12/12/11
f 12/12/11 96/98/59 95/97/58
f 96/98/59 12/12/11 14/14/12
f 14/14/12 97/99/60 96/98/59
f 97/99/60 14/14/12 16/16/14
f 16/16/14 98/100/61 97/99/60
f 98/102/61 16/20/14 18/19/15
f 18/19/15 99/101/62 98/102/61
f 99/101/62 18/19/15 20/22/17
f 20/22/17 100/103/63 99/101/62
f 100/103/63 20/22/17 22/24/19
f 22/24/19 101/104/64 100/103/63
f 101/104/64 22/24/19 24/26/21
f 24/26/21 102/105/65 101/104/64
f 102/105/65 24/26/21 26/28/22
f 26/28/22 103/106/66 102/105/65
f 103/106/66 26/28/22 28/30/24
f 28/30/24 104/107/67 103/106/66
f 104/107/67 28/30/24 30/32/26
f 30/32/26 105/108/68 104/107/67
f 105/108/68 30/32/26 32/34/28
f 32/34/28 106/109/69 105/108/68
f 106/109/69 32/34/28 34/36/30
f 34/36/30 107/110/70 106/109/69
f 107/110/70 34/36/30 36/38/32
f 36/38/32 108/111/71 107/110/70
f 108/111/71 36/38/32 38/40/34
f 38/40/34 109/112/72 108/111/71
f 109/112/72 38/40/34 40/42/36
f 40/42/36 110/113/73 109/112/72
f 110/113/73 40/42/36 42/44/38
f 42/44/38 111/114/74 110/113/73
f 111/114/74 42/44/38 44/46/39
f 44/46/39 112/115/75 111/114/74
f 112/115/75 44/46/39 46/48/41
f 46/48/41 113/116/76 112/115/75
f 113/116/76 46/48/41 48/50/42
f 48/50/42 114/117/77 113/116/76
f 114/117/77 48/50/42 50/52/43
f 50/52/43 115/118/78 114/117/77
f 115/118/78 50/52/43 52/54/45
f 52/54/45 116/119/79 115/118/78
f 116/119/79 52/54/45 54/56/47
f 54/56/47 117/120/80 116/119/79
f 117/120/80 54/56/47 56/58/48
f 56/58/48 118/121/81 117/120/80
f 118/121/81 56/58/48 58/60/50
f 58/60/50 119/122/82 118/121/81
f 119/122/82 58/60/50 60/62/52
f 60/62/52 120/123/83 119/122/82
f 120/123/83 60/62/52 4/4/4
f 4/4/4 92/94/55 120/123/83
f 124/127/87 121/124/84 122/125/85
f 122/125/85 123/126/86 124/127/87
f 120/131/83 92/128/55 125/129/88
f 125/129/88 126/130/89 120/131/83
f 126/130/89 125/129/88 121/124/84
f 121/124/84 124/127/87 126/130/89
f 128/133/91 122/125/85 121/124/84
f 121/124/84 127/132/90 128/133/91
f 127/132/90 121/124/84 125/129/88
f 125/129/88 129/134/92 127/132/90
f 129/134/92 125/129/88 92/128/55
f 92/128/55 91/135/54 129/134/92
f 131/137/94 128/133/91 127/132/90
f 127/132/90 130/136/93 131/137/94
f 130/136/93 127/132/90 129/134/92
f 129/134/92 132/138/95 130/136/93
f 132/138/95 129/134/92 91/135/54
f 91/135/54 93/139/56 132/138/95
f 134/141/97 131/137/94 130/136/93
f 130/136/93 133/140/96 134/141/97
f 133/140/96 130/136/93 132/138/95
f 132/138/95 135/142/98 133/140/96
f 135/142/98 132/138/95 93/139/56
f 93/139/56 94/143/57 135/142/98
f 137/145/100 134/141/97 133/140/96
f 133/140/96 136/144/99 137/145/100
f 136/144/99 133/140/96 135/142/98
f 135/142/98 138/146/101 136/144/99
f 138/146/101 135/142/98 94/143/57
f 94/143/57 95/147/58 138/146/101
f 140/149/103 137/145/100 136/144/99
f 136/144/99 139/148/102 140/149/103
f 139/148/105 136/144/99 138/146/101
f 138/146/101 141/150/104 139/148/105
f 141/150/104 138/146/101 95/147/58
f 95/147/58 96/151/59 141/150/104
f 143/153/107 140/149/103 139/148/102
f 139/148/102 142/152/106 143/153/107
f 142/152/109 139/148/105 141/150/104
f 141/150/104 144/154/108 142/152/109
f 144/154/108 141/150/104 96/151/59
f 96/151/59 97/155/60 144/154/108
f 146/157/111 143/153/107 142/152/106
f 142/152/106 145/156/110 146/157/111
f 145/156/113 142/152/109 144/154/108
f 144/154/108 147/158/112 145/156/113
f 147/158/112 144/154/108 97/155/60
f 97/155/60 98/159/61 147/158/112
f 149/161/115 146/157/111 145/156/110
f 145/156/110 148/160/114 149/161/115
f 148/160/117 145/156/113 147/158/112
f 147/158/112 150/162/116 148/160/117
f 150/162/116 147/158/112 98/159/61
f 98/159/61 99/163/62 150/162/116
f 152/165/119 149/161/115 148/160/114
f 148/160/114 151/164/118 152/165/119
f 151/164/118 148/160/117 150/162/116
f 150/162/116 153/166/120 151/164/118
f 153/166/120 150/162/116 99/163/62
f 99/163/62 100/167/63 153/166/120
f 155/169/122 152/165/119 151/164/118
f 151/164/118 154/168/121 155/169/122
f 154/168/121 151/164/118 153/166/120
f 153/166/120 156/170/123 154/168/121
f 156/170/124 153/166/120 100/167/63
f 100/167/63 101/171/64 156/170/124
f 158/173/126 155/169/122 154/168/121
f 154/168/121 157/172/125 158/173/126
f 157/172/125 154/168/121 156/170/123
f 156/170/123 159/174/127 157/172/125
f 159/174/127 156/170/124 101/171/64
f 101/171/64 102/175/65 159/174/127
f 161/177/129 158/173/126 157/172/125
f 157/172/125 160/176/128 161/177/129
f 160/176/131 157/172/125 159/174/127
f 159/174/127 162/178/130 160/176/131
f 162/178/130 159/174/127 102/175/65
f 102/175/65 103/179/66 162/178/130
f 164/181/133 161/177/129 160/176/128
f 160/176/128 163/180/132 164/181/133
f 163/180/132 160/176/131 162/178/130
f 162/178/130 165/182/134 163/180/132
f 165/182/134 162/178/130 103/179/66
f 103/179/66 104/183/67 165/182/134
f 167/185/136 164/181/133 163/180/132
f 163/180/132 166/184/135 167/185/136
f 166/184/135 163/180/132 165/182/134
f 165/182/134 168/186/137 166/184/135
f 168/186/137 165/182/134 104/183/67
f 104/183/67 105/187/68 168/186/137
f 170/189/139 167/185/136 166/184/135
f 166/184/135 169/188/138 170/189/139
f 169/188/138 166/184/135 168/186/137
f 168/186/137 171/190/140 169/188/138
f 171/190/140 168/186/137 105/187/68
f 105/187/68 106/191/69 171/190/140
f 173/193/142 170/189/139 169/188/138
f 169/188/138 172/192/141 173/193/142
f 172/192/141 169/188/138 171/190/140
f 171/190/140 174/194/143 172/192/141
f 174/194/143 171/190/140 106/191/69
f 106/191/69 107/195/70 174/194/143
f 176/197/145 173/193/142 172/192/141
f 172/192/141 175/196/144 176/197/145
f 175/196/144 172/192/141 174/194/143
f 174/194/143 177/198/146 175/196/144
f 177/198/146 174/194/143 107/195/70
f 107/195/70 108/199/71 177/198/146
f 179/201/148 176/197/145 175/196/144
f 175/196/144 178/200/147 179/201/148
f 178/200/147 175/196/144 177/198/146
f 177/198/146 180/202/149 178/200/147
f 180/202/149 177/198/146 108/199/71
f 108/199/71 109/203/72 180/202/149
f 182/205/151 179/201/148 178/200/147
f 178/200/147 181/204/150 182/205/151
f 181/204/150 178/200/147 180/202/149
f 180/202/149 183/206/152 181/204/150
f 183/206/152 180/202/149 109/203/72
f 109/203/72 110/207/73 183/206/152
f 185/209/154 182/205/151 181/204/150
f 181/204/150 184/208/153 185/209/154
f 184/208/153 181/204/150 183/206/152
f 183/206/152 186/210/155 184/208/153
f 186/210/155 183/206/152 110/207/73
f 110/207/73 111/211/74 186/210/155
f 188/213/157 185/209/154 184/208/153
f 184/208/153 187/212/156 188/213/157
f 187/212/156 184/208/153 186/210/155
f 186/210/155 189/214/158 187/212/156
f 189/214/159 186/210/155 111/211/74
f 111/211/74 112/215/75 189/214/159
f 191/217/161 188/213/157 187/212/156
f 187/212/156 190/216/160 191/217/161
f 190/216/160 187/212/156 189/214/158
f 189/214/158 192/218/162 190/216/160
f 192/218/163 189/214/159 112/215/75
f 112/215/75 113/219/76 192/218/163
f 194/221/165 191/217/161 190/216/160
f 190/216/160 193/220/164 194/221/165
f 193/220/164 190/216/160 192/218/162
f 192/218/162 195/222/166 193/220/164
f 195/222/166 192/218/163 113/219/76
f 113/219/76 114/223/77 195/222/166
f 197/225/168 194/221/165 193/220/164
f 193/220/164 196/224/167 197/225/168
f 196/224/167 193/220/164 195/222/166
f 195/222/166 198/226/169 196/224/167
f 198/226/169 195/222/166 114/223/77
f 114/223/77 115/227/78 198/226/169
f 200/229/171 197/225/168 196/224/167
f 196/224/167 199/228/170 200/229/171
f 199/228/170 196/224/167 198/226/169
f 198/226/169 201/230/172 199/228/170
f 201/230/173 198/226/169 115/227/78
f 115/227/78 116/231/79 201/230/173
f 203/233/175 200/229/171 199/228/170
f 199/228/170 202/232/174 203/233/175
f 202/232/174 199/228/170 201/230/172
f 201/230/172 204/234/176 202/232/174
f 204/234/176 201/230/173 116/231/79
f 116/231/79 117/235/80 204/234/176
f 206/237/178 203/233/175 202/232/174
f 202/232/174 205/236/177 206/237/178
f 205/236/177 202/232/174 204/234/176
f 204/234/176 207/238/179 205/236/177
f 207/238/179 204/234/176 117/235/80
f 117/235/80 118/239/81 207/238/179
f 209/241/181 206/237/178 205/236/177
f 205/236/177 208/240/180 209/241/181
f 208/240/180 205/236/177 207/238/179
f 207/238/179 210/242/182 208/240/180
f 210/242/182 207/238/179 118/239/81
f 118/239/81 119/243/82 210/242/182
f 123/126/86 209/241/181 208/240/180
f 208/240/180 124/127/87 123/126/86
f 124/127/87 208/240/180 210/242/182
f 210/242/182 126/130/89 124/127/87
f 126/130/89 210/242/182 119/243/82
f 119/243/82 120/131/83 126/130/89
f 61/247/186 211/244/183 212/245/184
f 212/245/184 62/246/185 61/247/186
f 62/246/185 212/245/184 213/248/187
f 213/248/187 63/249/33 62/246/185
f 63/249/33 213/248/187 214/250/188
f 214/250/188 64/251/189 63/249/33
f 64/251/189 214/250/188 215/252/190
f 215/252/190 65/253/191 64/251/189
f 65/253/191 215/252/190 216/254/192
f 216/254/192 66/255/193 65/253/191
f 66/255/193 216/254/192 217/256/194
f 217/256/194 67/257/195 66/255/193
f 67/257/195 217/256/194 218/258/196
f 218/258/196 68/259/197 67/257/195
f 68/259/197 218/258/196 219/260/198
f 219/260/198 69/261/199 68/259/197
f 69/261/199 219/260/198 220/262/200
f 220/262/200 70/263/201 69/261/199
f 70/263/201 220/262/200 221/264/202
f 221/264/202 71/265/203 70/263/201
f 71/265/203 221/264/202 222/266/204
f 222/266/204 72/267/205 71/265/203
f 72/267/205 222/266/204 223/268/206
f 223/268/206 73/269/207 72/267/205
f 73/269/207 223/268/206 224/270/208
f 224/270/208 74/271/209 73/269/207
f 74/271/209 224/270/208 225/272/210
f 225/272/210 75/273/211 74/271/209
f 75/273/211 225/272/210 226/274/212
f 226/274/212 76/275/213 75/273/211
f 76/275/213 226/274/212 227/276/214
f 227/276/214 77/277/215 76/275/213
f 77/277/215 227/276/214 228/278/216
f 228/278/216 78/279/217 77/277/215
f 78/279/217 228/278/216 229/280/218
f 229/280/218 79/281/219 78/279/217
f 79/281/219 229/280/218 230/282/220
f 230/282/220 80/283/221 79/281/219
f 80/283/221 230/282/220 231/284/222
f 231/284/222 81/285/223 80/283/221
f 81/289/223 231/286/222 232/287/224
f 232/287/224 82/288/225 81/289/223
f 82/288/225 232/287/224 233/290/226
f 233/290/226 83/291/227 82/288/225
f 83/291/227 233/290/226 234/292/228
f 234/292/228 84/293/229 83/291/227
f 84/293/229 234/292/228 235/294/230
f 235/294/230 85/295/231 84/293/229
f 85/295/231 235/294/230 236/296/232
f 236/296/232 86/297/233 85/295/231
f 86/297/233 236/296/232 237/298/234
f 237/298/234 87/299/235 86/297/233
f 87/299/235 237/298/234 238/300/236
f 238/300/236 88/301/237 87/299/235
f 88/301/237 238/300/236 239/302/238
f 239/302/238 89/303/239 88/301/237
f 89/303/239 239/302/238 240/304/240
f 240/304/240 90/305/241 89/303/239
f 90/305/241 240/304/240 211/244/183
f 211/244/183 61/247/186 90/305/241
f 242/307/243 122/125/85 128/133/91
f 128/133/91 241/306/242 242/307/243
f 241/306/242 128/133/91 131/137/94
f 131/137/94 243/308/244 241/306/242
f 243/308/244 131/137/94 134/141/97
f 134/141/97 244/309/245 243/308/244
f 244/309/245 134/141/97 137/145/100
f 137/145/100 245/310/246 244/309/245
f 245/310/246 137/145/100 140/149/103
f 140/149/103 246/311/247 245/310/246
f 246/311/247 140/149/103 143/153/107
f 143/153/107 247/312/248 246/311/247
f 247/312/248 143/153/107 146/157/111
f 146/157/111 248/313/249 247/312/248
f 248/313/249 146/157/111 149/161/115
f 149/161/115 249/314/250 248/313/249
f 249/314/250 149/161/115 152/165/119
f 152/165/119 250/315/251 249/314/250
f 250/315/251 152/165/119 155/169/122
f 155/169/122 251/316/252 250/315/251
f 251/316/252 155/169/122 158/173/126
f 158/173/126 252/317/253 251/316/252
f 252/317/253 158/173/126 161/177/129
f 161/177/129 253/318/254 252/317/253
f 253/318/254 161/177/129 164/181/133
f 164/181/133 254/319/255 253/318/254
f 254/319/255 164/181/133 167/185/136
f 167/185/136 255/320/256 254/319/255
f 255/320/256 167/185/136 170/189/139
f 170/189/139 256/321/257 255/320/256
f 256/321/257 170/189/139 173/193/142
f 173/193/142 257/322/258 256/321/257
f 257/322/258 173/193/142 176/197/145
f 176/197/145 258/323/259 257/322/258
f 258/323/259 176/197/145 179/201/148
f 179/201/148 259/324/260 258/323/259
f 259/324/260 179/201/148 182/205/151
f 182/205/151 260/325/261 259/324/260
f 260/325/261 182/205/151 185/209/154
f 185/209/154 261/326/262 260/325/261
f 261/326/262 185/209/154 188/213/157
f 188/213/157 262/327/263 261/326/262
f 262/327/263 188/213/157 191/217/161
f 191/217/161 263/328/264 262/327/263
f 263/328/264 191/217/161 194/221/165
f 194/221/165 264/329/265 263/328/264
f 264/329/265 194/221/165 197/225/168
f 197/225/168 265/330/266 264/329/265
f 265/330/266 197/225/168 200/229/171
f 200/229/171 266/331/267 265/330/266
f 266/331/267 200/229/171 203/233/175
f 203/233/175 267/332/268 266/331/267
f 267/332/268 203/233/175 206/237/178
f 206/237/178 268/333/269 267/332/268
f 268/333/269 206/237/178 209/241/181
f 209/241/181 269/334/270 268/333/269
f 269/334/270 209/241/181 123/126/86
f 123/126/86 270/335/271 269/334/270
f 270/335/271 123/126/86 122/125/85
f 122/125/85 242/307/243 270/335/271
f 211/339/183 240/336/240 271/337/272
f 271/337/272 272/338/273 211/339/183
f 272/338/275 271/337/274 242/307/243
f 242/307/243 241/306/242 272/338/275
f 212/341/184 211/339/183 272/338/273
f 272/338/273 273/340/276 212/341/184
f 273/340/277 272/338/275 241/306/242
f 241/306/242 243/308/244 273/340/277
f 213/343/187 212/341/184 273/340/276
f 273/340/276 274/342/278 213/343/187
f 274/342/279 273/340/277 243/308/244
f 243/308/244 244/309/245 274/342/279
f 214/345/188 213/343/187 274/342/278
f 274/342/278 275/344/280 214/345/188
f 275/344/281 274/342/279 244/309/245
f 244/309/245 245/310/246 275/344/281
f 215/347/190 214/345/188 275/344/280
f 275/344/280 276/346/282 215/347/190
f 276/346/283 275/344/281 245/310/246
f 245/310/246 246/311/247 276/346/283
f 216/349/192 215/347/190 276/346/282
f 276/346/282 277/348/284 216/349/192
f 277/348/285 276/346/283 246/311/247
f 246/311/247 247/312/248 277/348/285
f 217/351/194 216/349/192 277/348/284
f 277/348/284 278/350/286 217/351/194
f 278/350/287 277/348/285 247/312/248
f 247/312/248 248/313/249 278/350/287
f 218/353/196 217/351/194 278/350/286
f 278/350/286 279/352/288 218/353/196
f 279/352/289 278/350/287 248/313/249
f 248/313/249 249/314/250 279/352/289
f 219/355/198 218/353/196 279/352/288
f 279/352/288 280/354/290 219/355/198
f 280/354/291 279/352/289 249/314/250
f 249/314/250 250/315/251 280/354/291
f 220/357/200 219/355/198 280/354/290
f 280/354/290 281/356/292 220/357/200
f 281/356/293 280/354/291 250/315/251
f 250/315/251 251/316/252 281/356/293
f 221/359/202 220/357/200 281/356/292
f 281/356/292 282/358/294 221/359/202
f 282/358/295 281/356/293 251/316/252
f 251/316/252 252/317/253 282/358/295
f 222/361/204 221/359/202 282/358/294
f 282/358/294 283/360/296 222/361/204
f 283/360/297 282/358/295 252/317/253
f 252/317/253 253/318/254 283/360/297
f 223/363/206 222/361/204 283/360/296
f 283/360/296 284/362/298 223/363/206
f 284/362/299 283/360/297 253/318/254
f 253/318/254 254/319/255 284/362/299
f 224/365/208 223/363/206 284/362/298
f 284/362/298 285/364/300 224/365/208
f 285/364/301 284/362/299 254/319/255
f 254/319/255 255/320/256 285/364/301
f 225/367/210 224/365/208 285/364/300
f 285/364/300 286/366/302 225/367/210
f 286/366/303 285/364/301 255/320/256
f 255/320/256 256/321/257 286/366/303
f 226/369/212 225/367/210 286/366/302
f 286/366/302 287/368/304 226/369/212
f 287/368/305 286/366/303 256/321/257
f 256/321/257 257/322/258 287/368/305
f 227/371/214 226/369/212 287/368/304
f 287/368/304 288/370/306 227/371/214
f 288/370/307 287/368/305 257/322/258
f 257/322/258 258/323/259 288/370/307
f 228/373/216 227/371/214 288/370/306
f 288/370/306 289/372/308 228/373/216
f 289/372/309 288/370/307 258/323/259
f 258/323/259 259/324/260 289/372/309
f 229/375/218 228/373/216 289/372/308
f 289/372/308 290/374/310 229/375/218
f 290/374/311 289/372/309 259/324/260
f 259/324/260 260/325/261 290/374/311
f 230/377/220 229/375/218 290/374/310
f 290/374/310 291/376/312 230/377/220
f 291/376/313 290/374/311 260/325/261
f 260/325/261 261/326/262 291/376/313
f 231/379/222 230/377/220 291/376/312
f 291/376/312 292/378/314 231/379/222
f 292/378/315 291/376/313 261/326/262
f 261/326/262 262/327/263 292/378/315
f 232/381/224 231/379/222 292/378/314
f 292/378/314 293/380/316 232/381/224
f 293/380/317 292/378/315 262/327/263
f 262/327/263 263/328/264 293/380/317
f 233/383/226 232/381/224 293/380/316
f 293/380/316 294/382/318 233/383/226
f 294/382/319 293/380/317 263/328/264
f 263/328/264 264/329/265 294/382/319
f 234/385/228 233/383/226 294/382/318
f 294/382/318 295/384/320 234/385/228
f 295/384/321 294/382/319 264/329/265
f 264/329/265 265/330/266 295/384/321
f 235/387/230 234/385/228 295/384/320
f 295/384/320 296/386/322 235/387/230
f 296/386/323 295/384/321 265/330/266
f 265/330/266 266/331/267 296/386/323
f 236/389/232 235/387/230 296/386/322
f 296/386/322 297/388/324 236/389/232
f 297/388/325 296/386/323 266/331/267
f 266/331/267 267/332/268 297/388/325
f 237/391/234 236/389/232 297/388/324
f 297/388/324 298/390/326 237/391/234
f 298/390/327 297/388/325 267/332/268
f 267/332/268 268/333/269 298/390/327
f 238/393/236 237/391/234 298/390/326
f 298/390/326 299/392/328 238/393/236
f 299/392/329 298/390/327 268/333/269
f 268/333/269 269/334/270 299/392/329
f 239/395/238 238/393/236 299/392/328
f 299/392/328 300/394/330 239/395/238
f 300/394/331 299/392/329 269/334/270
f 269/334/270 270/335/271 300/394/331
f 270/335/271 242/307/243 271/337/274
f 271/337/274 300/394/331 270/335/271
f 300/394/330 271/337/272 240/336/240
f 240/336/240 239/395/238 300/394/330
f 1/1/1 301/396/332 302/397/333
f 302/397/333 2/2/2 1/1/1
f 2/2/2 302/397/333 303/398/334
f 303/398/334 5/5/5 2/2/2
f 5/5/5 303/398/334 304/399/335
f 304/399/335 7/7/7 5/5/5
f 7/7/7 304/399/335 305/400/336
f 305/400/336 9/9/9 7/7/7
f 9/9/9 305/400/336 306/401/337
f 306/401/337 11/11/10 9/9/9
f 11/11/10 306/401/337 307/402/338
f 307/402/338 13/13/12 11/11/10
f 13/13/12 307/402/338 308/403/339
f 308/403/339 15/15/13 13/13/12
f 15/17/13 308/404/339 309/405/340
f 309/405/340 17/18/15 15/17/13
f 17/18/15 309/405/340 310/406/341
f 310/406/341 19/21/16 17/18/15
f 19/21/16 310/406/341 311/407/342
f 311/407/342 21/23/18 19/21/16
f 21/23/18 311/407/342 312/408/343
f 312/408/343 23/25/20 21/23/18
f 23/25/20 312/408/343 313/409/344
f 313/409/344 25/27/22 23/25/20
f 25/27/22 313/409/344 314/410/345
f 314/410/345 27/29/23 25/27/22
f 27/29/23 314/410/345 315/411/346
f 315/411/346 29/31/25 27/29/23
f 29/31/25 315/411/346 316/412/347
f 316/412/347 31/33/27 29/31/25
f 31/33/27 316/412/347 317/413/348
f 317/413/348 33/35/29 31/33/27
f 33/35/29 317/413/348 318/414/349
f 318/414/349 35/37/31 33/35/29
f 35/37/31 318/414/349 319/415/350
f 319/415/350 37/39/33 35/37/31
f 37/39/33 319/415/350 320/416/351
f 320/416/351 39/41/35 37/39/33
f 39/41/35 320/416/351 321/417/352
f 321/417/352 41/43/37 39/41/35
f 41/43/37 321/417/352 322/418/353
f 322/418/353 43/45/39 41/43/37
f 43/45/39 322/418/353 323/419/354
f 323/419/354 45/47/40 43/45/39
f 45/47/40 323/419/354 324/420/355
f 324/420/355 47/49/42 45/47/40
f 47/49/42 324/420/355 325/421/356
f 325/421/356 49/51/43 47/49/42
f 49/51/43 325/421/356 326/422/357
f 326/422/357 51/53/44 49/51/43
f 51/53/44 326/422/357 327/423/358
f 327/423/358 53/55/46 51/53/44
f 53/55/46 327/423/358 328/424/359
f 328/424/359 55/57/48 53/55/46
f 55/57/48 328/424/359 329/425/360
f 329/425/360 57/59/49 55/57/48
f 57/59/49 329/425/360 330/426/361
f 330/426/361 59/61/51 57/59/49
f 59/61/51 330/426/361 301/396/332
f 301/396/332 1/1/1 59/61/51
f 360/456/391 331/427/362 332/428/363
f 360/456/391 332/428/363 333/429/364
f 360/456/391 333/429/364 334/430/365
f 360/456/391 334/430/365 335/431/366
f 360/456/391 335/431/366 336/432/367
f 360/456/391 336/432/367 337/433/368
f 360/456/391 337/433/368 338/434/369
f 360/456/391 338/434/369 339/435/370
f 360/456/391 339/435/370 340/436/371
f 360/456/391 340/436/371 341/437/372
f 360/456/391 341/437/372 342/438/373
f 360/456/391 342/438/373 343/439/374
f 360/456/391 343/439/374 344/440/375
f 360/456/391 344/440/375 345/441/376
f 360/456/391 345/441/376 346/442/377
f 360/456/391 346/442/377 347/443/378
f 360/456/391 347/443/378 348/444/379
f 360/456/391 348/444/379 349/445/380
f 360/456/391 349/445/380 350/446/381
f 360/456/391 350/446/381 351/447/382
f 360/456/391 351/447/382 352/448/383
f 360/456/391 352/448/383 353/449/384
f 360/456/391 353/449/384 354/450/385
f 360/456/391 354/450/385 355/451/386
f 360/456/391 355/451/386 356/452/387
f 360/456/391 356/452/387 357/453/388
f 360/456/391 357/453/388 358/454/389
f 358/454/389 359/455/390 360/456/391
f 333/460/364 332/457/363 361/458/392
f 361/458/392 362/459/393 333/460/364
f 362/459/395 361/458/394 301/461/332
f 301/461/332 330/462/361 362/459/395
f 302/464/333 301/461/332 361/458/394
f 361/458/394 363/463/396 302/464/333
f 363/463/397 361/458/392 332/457/363
f 332/457/363 331/465/362 363/463/397
f 303/467/334 302/464/333 363/463/396
f 363/463/396 364/466/398 303/467/334
f 364/466/399 363/463/397 331/465/362
f 331/465/362 360/468/391 364/466/399
f 304/470/335 303/467/334 364/466/398
f 364/466/398 365/469/400 304/470/335
f 365/469/401 364/466/399 360/468/391
f 360/468/391 359/471/390 365/469/401
f 305/473/336 304/470/335 365/469/400
f 365/469/400 366/472/402 305/473/336
f 366/472/403 365/469/401 359/471/390
f 359/471/390 358/474/389 366/472/403
f 306/476/337 305/473/336 366/472/402
f 366/472/402 367/475/404 306/476/337
f 367/475/405 366/472/403 358/474/389
f 358/474/389 357/477/388 367/475/405
f 307/479/338 306/476/337 367/475/404
f 367/475/404 368/478/406 307/479/338
f 368/478/407 367/475/405 357/477/388
f 357/477/388 356/480/387 368/478/407
f 308/482/339 307/479/338 368/478/406
f 368/478/406 369/481/408 308/482/339
f 369/481/409 368/478/407 356/480/387
f 356/480/387 355/483/386 369/481/409
f 309/485/340 308/482/339 369/481/408
f 369/481/408 370/484/410 309/485/340
f 370/484/411 369/481/409 355/483/386
f 355/483/386 354/486/385 370/484/411
f 310/488/341 309/485/340 370/484/410
f 370/484/410 371/487/412 310/488/341
f 371/487/413 370/484/411 354/486/385
f 354/486/385 353/489/384 371/487/413
f 311/491/342 310/488/341 371/487/412
f 371/487/412 372/490/414 311/491/342
f 372/490/415 371/487/413 353/489/384
f 353/489/384 352/492/383 372/490/415
f 312/494/343 311/491/342 372/490/414
f 372/490/414 373/493/416 312/494/343
f 373/493/417 372/490/415 352/492/383
f 352/492/383 351/495/382 373/493/417
f 313/497/344 312/494/343 373/493/416
f 373/493/416 374/496/418 313/497/344
f 374/496/419 373/493/417 351/495/382
f 351/495/382 350/498/381 374/496/419
f 314/500/345 313/497/344 374/496/418
f 374/496/418 375/499/420 314/500/345
f 375/499/421 374/496/419 350/498/381
f 350/498/381 349/501/380 375/499/421
f 315/503/346 314/500/345 375/499/420
f 375/499/420 376/502/422 315/503/346
f 376/502/423 375/499/421 349/501/380
f 349/501/380 348/504/379 376/502/423
f 316/506/347 315/503/346 376/502/422
f 376/502/422 377/505/424 316/506/347
f 377/505/425 376/502/423 348/504/379
f 348/504/379 347/507/378 377/505/425
f 317/509/348 316/506/347 377/505/424
f 377/505/424 378/508/426 317/509/348
f 378/508/427 377/505/425 347/507/378
f 347/507/378 346/510/377 378/508/427
f 318/512/349 317/509/348 378/508/426
f 378/508/426 379/511/428 318/512/349
f 379/511/429 378/508/427 346/510/377
f 346/510/377 345/513/376 379/511/429
f 319/515/350 318/512/349 379/511/428
f 379/511/428 380/514/430 319/515/350
f 380/514/431 379/511/429 345/513/376
f 345/513/376 344/516/375 380/514/431
f 320/518/351 319/515/350 380/514/430
f 380/514/430 381/517/432 320/518/351
f 381/517/433 380/514/431 344/516/375
f 344/516/375 343/519/374 381/517/433
f 321/521/352 320/518/351 381/517/432
f 381/517/432 382/520/434 321/521/352
f 382/520/435 381/517/433 343/519/374
f 343/519/374 342/522/373 382/520/435
f 322/524/353 321/521/352 382/520/434
f 382/520/434 383/523/436 322/524/353
f 383/523/437 382/520/435 342/522/373
f 342/522/373 341/525/372 383/523/437
f 323/527/354 322/524/353 383/523/436
f 383/523/436 384/526/438 323/527/354
f 384/526/439 383/523/437 341/525/372
f 341/525/372 340/528/371 384/526/439
f 324/530/355 323/527/354 384/526/438
f 384/526/438 385/529/440 324/530/355
f 385/529/441 384/526/439 340/528/371
f 340/528/371 339/531/370 385/529/441
f 325/533/356 324/530/355 385/529/440
f 385/529/440 386/532/442 325/533/356
f 386/532/443 385/529/441 339/531/370
f 339/531/370 338/534/369 386/532/443
f 326/536/357 325/533/356 386/532/442
f 386/532/442 387/535/444 326/536/357
f 387/535/445 386/532/443 338/534/369
f 338/534/369 337/537/368 387/535/445
f 327/539/358 326/536/357 387/535/444
f 387/535/444 388/538/446 327/539/358
f 388/538/447 387/535/445 337/537/368
f 337/537/368 336/540/367 388/538/447
f 328/542/359 327/539/358 388/538/446
f 388/538/446 389/541/448 328/542/359
f 389/541/449 388/538/447 336/540/367
f 336/540/367 335/543/366 389/541/449
f 329/545/360 328/542/359 389/541/448
f 389/541/448 390/544/450 329/545/360
f 390/544/451 389/541/449 335/543/366
f 335/543/366 334/546/365 390/544/451
f 330/462/361 329/545/360 390/544/450
f 390/544/450 362/459/395 330/462/361
f 362/459/393 390/544/451 334/546/365
f 334/546/365 333/460/364 362/459/393
f 394/550/455 391/547/452 392/548/453
f 392/548/453 393/549/454 394/550/455
f 393/549/454 392/548/453 395/551/456
f 395/551/456 396/552/457 393/549/454
f 396/556/457 395/553/456 397/554/458
f 397/554/458 398/555/459 396/556/457
f 398/560/459 397/557/458 399/558/460
f 399/558/460 400/559/461 398/560/459
f 400/559/461 399/558/460 401/561/462
f 401/561/462 402/562/463 400/559/461
f 402/566/463 401/563/462 391/564/452
f 391/564/452 394/565/455 402/566/463
f 404/570/465 394/567/455 393/568/454
f 393/568/454 403/569/464 404/570/465
f 403/569/464 393/568/454 396/571/457
f 396/571/457 405/572/466 403/569/464
f 405/572/466 396/571/457 398/573/459
f 398/573/459 406/574/467 405/572/466
f 406/574/467 398/573/459 400/575/461
f 400/575/461 407/576/468 406/574/467
f 407/576/468 400/575/461 402/577/463
f 402/577/463 408/578/469 407/576/468
f 408/578/469 402/577/463 394/567/455
f 394/567/455 404/570/465 408/578/469
f 412/582/473 409/579/470 410/580/471
f 410/580/471 411/581/472 412/582/473
f 411/581/472 410/580/471 413/583/474
f 413/583/474 414/584/475 411/581/472
f 414/584/475 413/583/474 415/585/476
f 415/585/476 416/586/477 414/584/475
f 416/586/477 415/585/476 417/587/478
f 417/587/478 418/588/479 416/586/477
f 418/588/479 417/587/478 419/589/480
f 419/589/480 420/590/481 418/588/479
f 420/590/481 419/589/480 421/591/482
f 421/591/482 422/592/483 420/590/481
f 422/592/483 421/591/482 423/593/484
f 423/593/484 424/594/485 422/592/483
f 424/594/485 423/593/484 425/595/486
f 425/595/486 426/596/487 424/594/485
f 426/596/487 425/595/486 427/597/488
f 427/597/488 428/598/489 426/596/487
f 428/598/489 427/597/488 429/599/490
f 429/599/490 430/600/491 428/598/489
f 430/600/491 429/599/490 431/601/492
f 431/601/492 432/602/493 430/600/491
f 432/602/493 431/601/492 433/603/494
f 433/603/494 434/604/495 432/602/493
f 434/604/495 433/603/494 435/605/496
f 435/605/496 436/606/497 434/604/495
f 436/606/497 435/605/496 437/607/498
f 437/607/498 438/608/499 436/606/497
f 438/608/499 437/607/498 439/609/500
f 439/609/500 440/610/501 438/608/499
f 440/610/501 439/609/500 441/611/502
f 441/611/502 442/612/503 440/610/501
f 442/612/503 441/611/502 443/613/504
f 443/613/504 444/614/505 442/612/503
f 444/614/505 443/613/504 445/615/506
f 445/615/506 446/616/507 444/614/505
f 446/616/507 445/615/506 447/617/508
f 447/617/508 448/618/509 446/616/507
f 448/618/509 447/617/508 409/579/470
f 409/579/470 412/582/473 448/618/509
f 450/620/511 412/582/473 411/581/472
f 411/581/472 449/619/510 450/620/511
f 449/619/510 411/581/472 414/584/475
f 414/584/475 451/621/512 449/619/510
f 451/621/512 414/584/475 416/586/477
f 416/586/477 452/622/513 451/621/512
f 452/622/513 416/586/477 418/588/479
f 418/588/479 453/623/514 452/622/513
f 453/623/514 418/588/479 420/590/481
f 420/590/481 454/624/515 453/623/514
f 454/624/515 420/590/481 422/592/483
f 422/592/483 455/625/516 454/624/515
f 455/625/516 422/592/483 424/594/485
f 424/594/485 456/626/517 455/625/516
f 456/626/517 424/594/485 426/596/487
f 426/596/487 457/627/518 456/626/517
f 457/627/518 426/596/487 428/598/489
f 428/598/489 458/628/519 457/627/518
f 458/628/519 428/598/489 430/600/491
f 430/600/491 459/629/520 458/628/519
f 459/629/520 430/600/491 432/602/493
f 432/602/493 460/630/521 459/629/520
f 460/630/521 432/602/493 434/604/495
f 434/604/495 461/631/522 460/630/521
f 461/631/522 434/604/495 436/606/497
f 436/606/497 462/632/523 461/631/522
f 462/632/523 436/606/497 438/608/499
f 438/608/499 463/633/524 462/632/523
f 463/633/524 438/608/499 440/610/501
f 440/610/501 464/634/525 463/633/524
f 464/634/525 440/610/501 442/612/503
f 442/612/503 465/635/526 464/634/525
f 465/635/526 442/612/503 444/614/505
f 444/614/505 466/636/527 465/635/526
f 466/636/527 444/614/505 446/616/507
f 446/616/507 467/637/528 466/636/527
f 467/637/528 446/616/507 448/618/509
f 448/618/509 468/638/529 467/637/528
f 468/638/529 448/618/509 412/582/473
f 412/582/473 450/620/511 468/638/529
f 470/640/531 450/620/511 449/619/510
f 449/619/510 469/639/530 470/640/531
f 469/639/530 449/619/510 451/621/512
f 451/621/512 471/641/532 469/639/530
f 471/641/532 451/621/512 452/622/513
f 452/622/513 472/642/533 471/641/532
f 472/642/533 452/622/513 453/623/514
f 453/623/514 473/643/534 472/642/533
f 473/643/534 453/623/514 454/624/515
f 454/624/515 474/644/535 473/643/534
f 474/644/535 454/624/515 455/625/516
f 455/625/516 475/645/536 474/644/535
f 475/645/536 455/625/516 456/626/517
f 456/626/517 476/646/537 475/645/536
f 476/646/537 456/626/517 457/627/518
f 457/627/518 477/647/538 476/646/537
f 477/647/538 457/627/518 458/628/519
f 458/628/519 478/648/539 477/647/538
f 478/648/539 458/628/519 459/629/520
f 459/629/520 479/649/540 478/648/539
f 479/649/540 459/629/520 460/630/521
f 460/630/521 480/650/541 479/649/540
f 480/650/541 460/630/521 461/631/522
f 461/631/522 481/651/542 480/650/541
f 481/651/542 461/631/522 462/632/523
f 462/632/523 482/652/543 481/651/542
f 482/652/543 462/632/523 463/633/524
f 463/633/524 483/653/544 482/652/543
f 483/653/544 463/633/524 464/634/525
f 464/634/525 484/654/545 483/653/544
f 484/654/545 464/634/525 465/635/526
f 465/635/526 485/655/546 484/654/545
f 485/655/546 465/635/526 466/636/527
f 466/636/527 486/656/547 485/655/546
f 486/656/547 466/636/527 467/637/528
f 467/637/528 487/657/548 486/656/547
f 487/657/548 467/637/528 468/638/529
f 468/638/529 488/658/549 487/657/548
f 488/658/549 468/638/529 450/620/511
f 450/620/511 470/640/531 488/658/549
f 490/660/551 470/640/531 469/639/530
f 469/639/530 489/659/550 490/660/551
f 489/659/550 469/639/530 471/641/532
f 471/641/532 491/661/552 489/659/550
f 491/661/552 471/641/532 472/642/533
f 472/642/533 492/662/553 491/661/552
f 492/662/553 472/642/533 473/643/534
f 473/643/534 493/663/554 492/662/553
f 493/663/554 473/643/534 474/644/535
f 474/644/535 494/664/555 493/663/554
f 494/664/555 474/644/535 475/645/536
f 475/645/536 495/665/556 494/664/555
f 495/665/556 475/645/536 476/646/537
f 476/646/537 496/666/557 495/665/556
f 496/666/557 476/646/537 477/647/538
f 477/647/538 497/667/558 496/666/557
f 497/667/558 477/647/538 478/648/539
f 478/648/539 498/668/559 497/667/558
f 498/668/559 478/648/539 479/649/540
f 479/649/540 499/669/560 498/668/559
f 499/669/560 479/649/540 480/650/541
f 480/650/541 500/670/561 499/669/560
f 500/670/561 480/650/541 481/651/542
f 481/651/542 501/671/562 500/670/561
f 501/671/562 481/651/542 482/652/543
f 482/652/543 502/672/563 501/671/562
f 502/672/563 482/652/543 483/653/544
f 483/653/544 503/673/564 502/672/563
f 503/673/564 483/653/544 484/654/545
f 484/654/545 504/674/565 503/673/564
f 504/674/565 484/654/545 485/655/546
f 485/655/546 505/675/566 504/674/565
f 505/675/566 485/655/546 486/656/547
f 486/656/547 506/676/567 505/675/566
f 506/676/567 486/656/547 487/657/548
f 487/657/548 507/677/568 506/676/567
f 507/677/568 487/657/548 488/658/549
f 488/658/549 508/678/569 507/677/568
f 508/678/569 488/658/549 470/640/531
f 470/640/531 490/660/551 508/678/569
f 510/682/571 490/679/551 489/680/550
f 489/680/550 509/681/570 510/682/571
f 509/681/570 489/680/550 491/683/552
f 491/683/552 511/684/572 509/681/570
f 511/684/572 491/683/552 492/685/553
f 492/685/553 512/686/573 511/684/572
f 512/686/573 492/685/553 493/687/554
f 493/687/554 513/688/574 512/686/573
f 513/688/574 493/687/554 494/689/555
f 494/689/555 514/690/575 513/688/574
f 514/690/575 494/689/555 495/691/556
f 495/691/556 515/692/576 514/690/575
f 515/692/576 495/691/556 496/693/557
f 496/693/557 516/694/577 515/692/576
f 516/694/577 496/693/557 497/695/558
f 497/695/558 517/696/578 516/694/577
f 517/696/578 497/695/558 498/697/559
f 498/697/559 518/698/579 517/696/578
f 518/698/579 498/697/559 499/699/560
f 499/699/560 519/700/580 518/698/579
f 519/700/580 499/699/560 500/701/561
f 500/701/561 520/702/581 519/700/580
f 520/702/581 500/701/561 501/703/562
f 501/703/562 521/704/582 520/702/581
f 521/704/582 501/703/562 502/705/563
f 502/705/563 522/706/583 521/704/582
f 522/706/583 502/705/563 503/707/564
f 503/707/564 523/708/584 522/706/583
f 523/708/584 503/707/564 504/709/565
f 504/709/565 524/710/585 523/708/584
f 524/710/585 504/709/565 505/711/566
f 505/711/566 525/712/586 524/710/585
f 525/712/586 505/711/566 506/713/567
f 506/713/567 526/714/587 525/712/586
f 526/714/587 506/713/567 507/715/568
f 507/715/568 527/716/588 526/714/587
f 527/716/588 507/715/568 508/717/569
f 508/717/569 528/718/589 527/716/588
f 528/718/589 508/717/569 490/719/551
f 490/719/551 510/720/571 528/718/589
f 530/722/591 510/682/571 509/681/570
f 509/681/570 529/721/590 530/722/591
f 529/721/590 509/681/570 511/684/572
f 511/684/572 531/723/592 529/721/590
f 531/723/592 511/684/572 512/686/573
f 512/686/573 532/724/593 531/723/592
f 532/724/593 512/686/573 513/688/574
f 513/688/574 533/725/594 532/724/593
f 533/725/594 513/688/574 514/690/575
f 514/690/575 534/726/595 533/725/594
f 534/726/595 514/690/575 515/692/576
f 515/692/576 535/727/596 534/726/595
f 535/727/596 515/692/576 516/694/577
f 516/694/577 536/728/597 535/727/596
f 536/728/597 516/694/577 517/696/578
f 517/696/578 537/729/598 536/728/597
f 537/729/598 517/696/578 518/698/579
f 518/698/579 538/730/599 537/729/598
f 538/730/599 518/698/579 519/700/580
f 519/700/580 539/731/600 538/730/599
f 539/731/600 519/700/580 520/702/581
f 520/702/581 540/732/601 539/731/600
f 540/732/601 520/702/581 521/704/582
f 521/704/582 541/733/602 540/732/601
f 541/733/602 521/704/582 522/706/583
f 522/706/583 542/734/603 541/733/602
f 542/734/603 522/706/583 523/708/584
f 523/708/584 543/735/604 542/734/603
f 543/735/604 523/708/584 524/710/585
f 524/710/585 544/736/605 543/735/604
f 544/736/605 524/710/585 525/712/586
f 525/712/586 545/737/606 544/736/605
f 545/737/606 525/712/586 526/714/587
f 526/714/587 546/738/607 545/737/606
f 546/738/607 526/714/587 527/716/588
f 527/716/588 547/739/608 546/738/607
f 547/739/608 527/716/588 528/718/589
f 528/718/589 548/740/609 547/739/608
f 548/740/609 528/718/589 510/720/571
f 510/720/571 530/741/591 548/740/609
f 550/743/611 530/722/591 529/721/590
f 529/721/590 549/742/610 550/743/611
f 549/742/610 529/721/590 531/723/592
f 531/723/592 551/744/612 549/742/610
f 551/744/612 531/723/592 532/724/593
f 532/724/593 552/745/613 551/744/612
f 552/745/613 532/724/593 533/725/594
f 533/725/594 553/746/614 552/745/613
f 553/746/614 533/725/594 534/726/595
f 534/726/595 554/747/615 553/746/614
f 554/747/615 534/726/595 535/727/596
f 535/727/596 555/748/616 554/747/615
f 555/748/616 535/727/596 536/728/597
f 536/728/597 556/749/617 555/748/616
f 556/749/617 536/728/597 537/729/598
f 537/729/598 557/750/618 556/749/617
f 557/750/618 537/729/598 538/730/599
f 538/730/599 558/751/619 557/750/618
f 558/751/619 538/730/599 539/731/600
f 539/731/600 559/752/620 558/751/619
f 559/752/620 539/731/600 540/732/601
f 540/732/601 560/753/621 559/752/620
f 560/753/621 540/732/601 541/733/602
f 541/733/602 561/754/622 560/753/621
f 561/754/622 541/733/602 542/734/603
f 542/734/603 562/755/623 561/754/622
f 562/755/623 542/734/603 543/735/604
f 543/735/604 563/756/624 562/755/623
f 563/756/624 543/735/604 544/736/605
f 544/736/605 564/757/625 563/756/624
f 564/757/625 544/736/605 545/737/606
f 545/737/606 565/758/626 564/757/625
f 565/758/626 545/737/606 546/738/607
f 546/738/607 566/759/627 565/758/626
f 566/759/627 546/738/607 547/739/608
f 547/739/608 567/760/628 566/759/627
f 567/760/628 547/739/608 548/740/609
f 548/740/609 568/761/629 567/760/628
f 568/761/629 548/740/609 530/741/591
f 530/741/591 550/762/611 568/761/629
f 570/764/631 550/743/611 549/742/610
f 549/742/610 569/763/630 570/764/631
f 569/763/630 549/742/610 551/744/612
f 551/744/612 571/765/632 569/763/630
f 571/765/632 551/744/612 552/745/613
f 552/745/613 572/766/633 571/765/632
f 572/766/633 552/745/613 553/746/614
f 553/746/614 573/767/634 572/766/633
f 573/767/634 553/746/614 554/747/615
f 554/747/615 574/768/635 573/767/634
f 574/768/635 554/747/615 555/748/616
f 555/748/616 575/769/636 574/768/635
f 575/769/636 555/748/616 556/749/617
f 556/749/617 576/770/637 575/769/636
f 576/770/637 556/749/617 557/750/618
f 557/750/618 577/771/638 576/770/637
f 577/771/638 557/750/618 558/751/619
f 558/751/619 578/772/639 577/771/638
f 578/772/639 558/751/619 559/752/620
f 559/752/620 579/773/640 578/772/639
f 579/773/640 559/752/620 560/753/621
f 560/753/621 580/774/641 579/773/640
f 580/774/641 560/753/621 561/754/622
f 561/754/622 581/775/642 580/774/641
f 581/775/642 561/754/622 562/755/623
f 562/755/623 582/776/643 581/775/642
f 582/776/643 562/755/623 563/756/624
f 563/756/624 583/777/644 582/776/643
f 583/777/644 563/756/624 564/757/625
f 564/757/625 584/778/645 583/777/644
f 584/778/645 564/757/625 565/758/626
f 565/758/626 585/779/646 584/778/645
f 585/779/646 565/758/626 566/759/627
f 566/759/627 586/780/647 585/779/646
f 586/780/647 566/759/627 567/760/628
f 567/760/628 587/781/648 586/780/647
f 587/781/648 567/760/628 568/761/629
f 568/761/629 588/782/649 587/781/648
f 588/782/649 568/761/629 550/762/611
f 550/762/611 570/783/631 588/782/649
f 590/785/651 570/764/631 569/763/630
f 569/763/630 589/784/650 590/785/651
f 589/784/650 569/763/630 571/765/632
f 571/765/632 591/786/652 589/784/650
f 591/786/652 571/765/632 572/766/633
f 572/766/633 592/787/653 591/786/652
f 592/787/653 572/766/633 573/767/634
f 573/767/634 593/788/654 592/787/653
f 593/788/654 573/767/634 574/768/635
f 574/768/635 594/789/655 593/788/654
f 594/789/655 574/768/635 575/769/636
f 575/769/636 595/790/656 594/789/655
f 595/790/656 575/769/636 576/770/637
f 576/770/637 596/791/657 595/790/656
f 596/791/657 576/770/637 577/771/638
f 577/771/638 597/792/658 596/791/657
f 597/792/658 577/771/638 578/772/639
f 578/772/639 598/793/659 597/792/658
f 598/793/659 578/772/639 579/773/640
f 579/773/640 599/794/660 598/793/659
f 599/794/660 579/773/640 580/774/641
f 580/774/641 600/795/661 599/794/660
f 600/795/661 580/774/641 581/775/642
f 581/775/642 601/796/662 600/795/661
f 601/796/662 581/775/642 582/776/643
f 582/776/643 602/797/663 601/796/662
f 602/797/663 582/776/643 583/777/644
f 583/777/644 603/798/664 602/797/663
f 603/798/664 583/777/644 584/778/645
f 584/778/645 604/799/665 603/798/664
f 604/799/665 584/778/645 585/779/646
f 585/779/646 605/800/666 604/799/665
f 605/800/666 585/779/646 586/780/647
f 586/780/647 606/801/667 605/800/666
f 606/801/667 586/780/647 587/781/648
f 587/781/648 607/802/668 606/801/667
f 607/802/668 587/781/648 588/782/649
f 588/782/649 608/803/669 607/802/668
f 608/803/669 588/782/649 570/783/631
f 570/783/631 590/804/651 608/803/669
f 610/806/671 590/785/651 589/784/650
f 589/784/650 609/805/670 610/806/671
f 609/805/670 589/784/650 591/786/652
f 591/786/652 611/807/672 609/805/670
f 611/807/672 591/786/652 592/787/653
f 592/787/653 612/808/673 611/807/672
f 612/808/673 592/787/653 593/788/654
f 593/788/654 613/809/674 612/808/673
f 613/809/674 593/788/654 594/789/655
f 594/789/655 614/810/675 613/809/674
f 614/810/675 594/789/655 595/790/656
f 595/790/656 615/811/676 614/810/675
f 615/811/676 595/790/656 596/791/657
f 596/791/657 616/812/677 615/811/676
f 616/812/677 596/791/657 597/792/658
f 597/792/658 617/813/678 616/812/677
f 617/813/678 597/792/658 598/793/659
f 598/793/659 618/814/679 617/813/678
f 618/814/679 598/793/659 599/794/660
f 599/794/660 619/815/680 618/814/679
f 619/815/680 599/794/660 600/795/661
f 600/795/661 620/816/681 619/815/680
f 620/816/681 600/795/661 601/796/662
f 601/796/662 621/817/682 620/816/681
f 621/817/682 601/796/662 602/797/663
f 602/797/663 622/818/683 621/817/682
f 622/818/683 602/797/663 603/798/664
f 603/798/664 623/819/684 622/818/683
f 623/819/684 603/798/664 604/799/665
f 604/799/665 624/820/685 623/819/684
f 624/820/685 604/799/665 605/800/666
f 605/800/666 625/821/686 624/820/685
f 625/821/686 605/800/666 606/801/667
f 606/801/667 626/822/687 625/821/686
f 626/822/687 606/801/667 607/802/668
f 607/802/668 627/823/688 626/822/687
f 627/823/688 607/802/668 608/803/669
f 608/803/669 628/824/689 627/823/688
f 628/824/689 608/803/669 590/804/651
f 590/804/651 610/825/671 628/824/689
f 630/827/691 610/806/671 609/805/670
f 609/805/670 629/826/690 630/827/691
f 629/826/690 609/805/670 611/807/672
f 611/807/672 631/828/692 629/826/690
f 631/828/692 611/807/672 612/808/673
f 612/808/673 632/829/693 631/828/692
f 632/829/693 612/808/673 613/809/674
f 613/809/674 633/830/694 632/829/693
f 633/830/694 613/809/674 614/810/675
f 614/810/675 634/831/695 633/830/694
f 634/831/695 614/810/675 615/811/676
f 615/811/676 635/832/696 634/831/695
f 635/832/696 615/811/676 616/812/677
f 616/812/677 636/833/697 635/832/696
f 636/833/697 616/812/677 617/813/678
f 617/813/678 637/834/698 636/833/697
f 637/834/698 617/813/678 618/814/679
f 618/814/679 638/835/699 637/834/698
f 638/835/699 618/814/679 619/815/680
f 619/815/680 639/836/700 638/835/699
f 639/836/700 619/815/680 620/816/681
f 620/816/681 640/837/701 639/836/700
f 640/837/701 620/816/681 621/817/682
f 621/817/682 641/838/702 640/837/701
f 641/838/702 621/817/682 622/818/683
f 622/818/683 642/839/703 641/838/702
f 642/839/703 622/818/683 623/819/684
f 623/819/684 643/840/704 642/839/703
f 643/840/704 623/819/684 624/820/685
f 624/820/685 644/841/705 643/840/704
f 644/841/705 624/820/685 625/821/686
f 625/821/686 645/842/706 644/841/705
f 645/842/706 625/821/686 626/822/687
f 626/822/687 646/843/707 645/842/706
f 646/843/707 626/822/687 627/823/688
f 627/823/688 647/844/708 646/843/707
f 647/844/708 627/823/688 628/824/689
f 628/824/689 648/845/709 647/844/708
f 648/845/709 628/824/689 610/825/671
f 610/825/671 630/846/691 648/845/709
f 650/848/711 630/827/691 629/826/690
f 629/826/690 649/847/710 650/848/711
f 649/847/710 629/826/690 631/828/692
f 631/828/692 651/849/712 649/847/710
f 651/849/712 631/828/692 632/829/693
f 632/829/693 652/850/713 651/849/712
f 652/850/713 632/829/693 633/830/694
f 633/830/694 653/851/714 652/850/713
f 653/851/714 633/830/694 634/831/695
f 634/831/695 654/852/715 653/851/714
f 654/852/715 634/831/695 635/832/696
f 635/832/696 655/853/716 654/852/715
f 655/853/716 635/832/696 636/833/697
f 636/833/697 656/854/717 655/853/716
f 656/854/717 636/833/697 637/834/698
f 637/834/698 657/855/718 656/854/717
f 657/855/718 637/834/698 638/835/699
f 638/835/699 658/856/719 657/855/718
f 658/856/719 638/835/699 639/836/700
f 639/836/700 659/857/720 658/856/719
f 659/857/720 639/836/700 640/837/701
f 640/837/701 660/858/721 659/857/720
f 660/858/721 640/837/701 641/838/702
f 641/838/702 661/859/722 660/858/721
f 661/859/722 641/838/702 642/839/703
f 642/839/703 662/860/723 661/859/722
f 662/860/723 642/839/703 643/840/704
f 643/840/704 663/861/724 662/860/723
f 663/861/724 643/840/704 644/841/705
f 644/841/705 664/862/725 663/861/724
f 664/862/725 644/841/705 645/842/706
f 645/842/706 665/863/726 664/862/725
f 665/863/726 645/842/706 646/843/707
f 646/843/707 666/864/727 665/863/726
f 666/864/727 646/843/707 647/844/708
f 647/844/708 667/865/728 666/864/727
f 667/865/728 647/844/708 648/845/709
f 648/845/709 668/866/729 667/865/728
f 668/866/729 648/845/709 630/846/691
f 630/846/691 650/867/711 668/866/729
f 670/869/731 650/848/711 649/847/710
f 649/847/710 669/868/730 670/869/731
f 669/868/730 649/847/710 651/849/712
f 651/849/712 671/870/732 669/868/730
f 671/870/732 651/849/712 652/850/713
f 652/850/713 672/871/733 671/870/732
f 672/871/733 652/850/713 653/851/714
f 653/851/714 673/872/734 672/871/733
f 673/872/734 653/851/714 654/852/715
f 654/852/715 674/873/735 673/872/734
f 674/873/735 654/852/715 655/853/716
f 655/853/716 675/874/736 674/873/735
f 675/874/736 655/853/716 656/854/717
f 656/854/717 676/875/737 675/874/736
f 676/875/737 656/854/717 657/855/718
f 657/855/718 677/876/738 676/875/737
f 677/876/738 657/855/718 658/856/719
f 658/856/719 678/877/739 677/876/738
f 678/877/739 658/856/719 659/857/720
f 659/857/720 679/878/740 678/877/739
f 679/878/740 659/857/720 660/858/721
f 660/858/721 680/879/741 679/878/740
f 680/879/741 660/858/721 661/859/722
f 661/859/722 681/880/742 680/879/741
f 681/880/742 661/859/722 662/860/723
f 662/860/723 682/881/743 681/880/742
f 682/881/743 662/860/723 663/861/724
f 663/861/724 683/882/744 682/881/743
f 683/882/744 663/861/724 664/862/725
f 664/862/725 684/883/745 683/882/744
f 684/883/745 664/862/725 665/863/726
f 665/863/726 685/884/746 684/883/745
f 685/884/746 665/863/726 666/864/727
f 666/864/727 686/885/747 685/884/746
f 686/885/747 666/864/727 667/865/728
f 667/865/728 687/886/748 686/885/747
f 687/886/748 667/865/728 668/866/729
f 668/866/729 688/887/749 687/886/748
f 688/887/749 668/866/729 650/867/711
f 650/867/711 670/888/731 688/887/749
f 690/890/751 670/869/731 669/868/730
f 669/868/730 689/889/750 690/890/751
f 689/889/750 669/868/730 671/870/732
f 671/870/732 691/891/752 689/889/750
f 691/891/752 671/870/732 672/871/733
f 672/871/733 692/892/753 691/891/752
f 692/892/753 672/871/733 673/872/734
f 673/872/734 693/893/754 692/892/753
f 693/893/754 673/872/734 674/873/735
f 674/873/735 694/894/755 693/893/754
f 694/894/755 674/873/735 675/874/736
f 675/874/736 695/895/756 694/894/755
f 695/895/756 675/874/736 676/875/737
f 676/875/737 696/896/757 695/895/756
f 696/896/757 676/875/737 677/876/738
f 677/876/738 697/897/758 696/896/757
f 697/897/758 677/876/738 678/877/739
f 678/877/739 698/898/759 697/897/758
f 698/898/759 678/877/739 679/878/740
f 679/878/740 699/899/760 698/898/759
f 699/899/760 679/878/740 680/879/741
f 680/879/741 700/900/761 699/899/760
f 700/900/761 680/879/741 681/880/742
f 681/880/742 701/901/762 700/900/761
f 701/901/762 681/880/742 682/881/743
f 682/881/743 702/902/763 701/901/762
f 702/902/763 682/881/743 683/882/744
f 683/882/744 703/903/764 702/902/763
f 703/903/764 683/882/744 684/883/745
f 684/883/745 704/904/765 703/903/764
f 704/904/765 684/883/745 685/884/746
f 685/884/746 705/905/766 704/904/765
f 705/905/766 685/884/746 686/885/747
f 686/885/747 706/906/767 705/905/766
f 706/906/767 686/885/747 687/886/748
f 687/886/748 707/907/768 706/906/767
f 707/907/768 687/886/748 688/887/749
f 688/887/749 708/908/769 707/907/768
f 708/908/769 688/887/749 670/888/731
f 670/888/731 690/909/751 708/908/769
f 710/911/771 690/890/751 689/889/750
f 689/889/750 709/910/770 710/911/771
f 709/910/770 689/889/750 691/891/752
f 691/891/752 711/912/772 709/910/770
f 711/912/772 691/891/752 692/892/753
f 692/892/753 712/913/773 711/912/772
f 712/913/773 692/892/753 693/893/754
f 693/893/754 713/914/774 712/913/773
f 713/914/774 693/893/754 694/894/755
f 694/894/755 714/915/775 713/914/774
f 714/915/775 694/894/755 695/895/756
f 695/895/756 715/916/776 714/915/775
f 715/916/776 695/895/756 696/896/757
f 696/896/757 716/917/777 715/916/776
f 716/917/777 696/896/757 697/897/758
f 697/897/758 717/918/778 716/917/777
f 717/918/778 697/897/758 698/898/759
f 698/898/759 718/919/779 717/918/778
f 718/919/779 698/898/759 699/899/760
f 699/899/760 719/920/780 718/919/779
f 719/920/780 699/899/760 700/900/761
f 700/900/761 720/921/781 719/920/780
f 720/921/781 700/900/761 701/901/762
f 701/901/762 721/922/782 720/921/781
f 721/922/782 701/901/762 702/902/763
f 702/902/763 722/923/783 721/922/782
f 722/923/783 702/902/763 703/903/764
f 703/903/764 723/924/784 722/923/783
f 723/924/784 703/903/764 704/904/765
f 704/904/765 724/925/785 723/924/784
f 724/925/785 704/904/765 705/905/766
f 705/905/766 725/926/786 724/925/785
f 725/926/786 705/905/766 706/906/767
f 706/906/767 726/927/787 725/926/786
f 726/927/787 706/906/767 707/907/768
f 707/907/768 727/928/788 726/927/787
f 727/928/788 707/907/768 708/908/769
f 708/908/769 728/929/789 727/928/788
f 728/929/789 708/908/769 690/909/751
f 690/909/751 710/930/771 728/929/789
f 410/580/471 409/579/470 729/931/790
f 413/583/474 410/580/471 729/931/790
f 415/585/476 413/583/474 729/931/790
f 417/587/478 415/585/476 729/931/790
f 419/589/480 417/587/478 729/931/790
f 421/591/482 419/589/480 729/931/790
f 423/593/484 421/591/482 729/931/790
f 425/595/486 423/593/484 729/931/790
f 427/597/488 425/595/486 729/931/790
f 429/599/490 427/597/488 729/931/790
f 431/601/492 429/599/490 729/931/790
f 433/603/494 431/601/492 729/931/790
f 435/605/496 433/603/494 729/931/790
f 437/607/498 435/605/496 729/931/790
f 439/609/500 437/607/498 729/931/790
f 441/611/502 439/609/500 729/931/790
f 443/613/504 441/611/502 729/931/790
f 445/615/506 443/613/504 729/931/790
f 447/617/508 445/615/506 729/931/790
f 409/579/470 447/617/508 729/931/790
f 731/935/791 710/932/791 709/933/792
f 709/933/792 730/934/792 731/935/791
f 730/934/793 709/933/793 711/936/793
f 711/936/793 732/937/793 730/934/793
f 732/937/794 711/936/794 712/938/794
f 712/938/794 733/939/794 732/937/794
f 733/939/795 712/938/795 713/940/795
f 713/940/795 734/941/795 733/939/795
f 734/941/796 713/940/796 714/942/796
f 714/942/796 735/943/796 734/941/796
f 735/943/797 714/942/797 715/944/797
f 715/944/797 736/945/797 735/943/797
f 736/945/798 715/944/798 716/946/798
f 716/946/798 737/947/798 736/945/798
f 737/947/799 716/946/799 717/948/799
f 717/948/799 738/949/799 737/947/799
f 738/949/800 717/948/800 718/950/800
f 718/950/800 739/951/800 738/949/800
f 739/951/801 718/950/801 719/952/801
f 719/952/801 740/953/801 739/951/801
f 740/953/802 719/952/802 720/954/802
f 720/954/802 741/955/802 740/953/802
f 741/955/803 720/954/803 721/956/803
f 721/956/803 742/957/803 741/955/803
f 742/957/804 721/956/804 722/958/804
f 722/958/804 743/959/804 742/957/804
f 743/959/805 722/958/805 723/960/805
f 723/960/805 744/961/805 743/959/805
f 744/961/806 723/960/806 724/962/806
f 724/962/806 745/963/806 744/961/806
f 745/963/807 724/962/807 725/964/807
f 725/964/807 746/965/807 745/963/807
f 746/965/808 725/964/808 726/966/808
f 726/966/808 747/967/808 746/965/808
f 747/967/809 726/966/809 727/968/809
f 727/968/809 748/969/809 747/967/809
f 748/969/810 727/968/810 728/970/810
f 728/970/810 749/971/810 748/969/810
f 749/971/811 728/970/811 710/932/811
f 710/932/811 731/935/811 749/971/811
f 751/975/815 731/972/812 730/973/813
f 730/973/813 750/974/814 751/975/815
f 750/974/814 730/973/813 732/976/816
f 732/976/816 752/977/817 750/974/814
f 752/977/817 732/976/816 733/978/818
f 733/978/818 753/979/819 752/977/817
f 753/979/819 733/978/818 734/980/820
f 734/980/820 754/981/821 753/979/819
f 754/981/821 734/980/820 735/982/822
f 735/982/822 755/983/823 754/981/821
f 755/983/823 735/982/822 736/984/824
f 736/984/824 756/985/825 755/983/823
f 756/985/825 736/984/824 737/986/826
f 737/986/826 757/987/827 756/985/825
f 757/987/827 737/986/826 738/988/828
f 738/988/828 758/989/829 757/987/827
f 758/989/829 738/988/828 739/990/830
f 739/990/830 759/991/831 758/989/829
f 759/991/831 739/990/830 740/992/832
f 740/992/832 760/993/833 759/991/831
f 760/993/833 740/992/832 741/994/834
f 741/994/834 761/995/835 760/993/833
f 761/995/835 741/994/834 742/996/836
f 742/996/836 762/997/837 761/995/835
f 762/997/837 742/996/836 743/998/838
f 743/998/838 763/999/839 762/997/837
f 763/1003/839 743/1000/838 744/1001/840
f 744/1001/840 764/1002/841 763/1003/839
f 764/1002/841 744/1001/840 745/1004/842
f 745/1004/842 765/1005/843 764/1002/841
f 765/1005/843 745/1004/842 746/1006/844
f 746/1006/844 766/1007/845 765/1005/843
f 766/1007/845 746/1006/844 747/1008/846
f 747/1008/846 767/1009/847 766/1007/845
f 767/1009/847 747/1008/846 748/1010/848
f 748/1010/848 768/1011/849 767/1009/847
f 768/1011/849 748/1010/848 749/1012/850
f 749/1012/850 769/1013/851 768/1011/849
f 769/1013/851 749/1012/850 731/972/812
f 731/972/812 751/975/815 769/1013/851
f 771/1017/853 751/1014/815 750/1015/814
f 750/1015/814 770/1016/852 771/1017/853
f 770/1016/852 750/1015/814 752/1018/817
f 752/1018/817 772/1019/854 770/1016/852
f 772/1019/854 752/1018/817 753/1020/819
f 753/1020/819 773/1021/855 772/1019/854
f 773/1021/855 753/1020/819 754/1022/821
f 754/1022/821 774/1023/856 773/1021/855
f 774/1023/856 754/1022/821 755/1024/823
f 755/1024/823 775/1025/857 774/1023/856
f 775/1025/857 755/1024/823 756/1026/825
f 756/1026/825 776/1027/858 775/1025/857
f 776/1027/858 756/1026/825 757/1028/827
f 757/1028/827 777/1029/859 776/1027/858
f 777/1029/859 757/1028/827 758/1030/829
f 758/1030/829 778/1031/860 777/1029/859
f 778/1031/860 758/1030/829 759/1032/831
f 759/1032/831 779/1033/861 778/1031/860
f 779/1033/861 759/1032/831 760/1034/833
f 760/1034/833 780/1035/862 779/1033/861
f 780/1035/862 760/1034/833 761/1036/835
f 761/1036/835 781/1037/863 780/1035/862
f 781/1037/863 761/1036/835 762/1038/837
f 762/1038/837 782/1039/864 781/1037/863
f 782/1039/864 762/1038/837 763/1040/839
f 763/1040/839 783/1041/663 782/1039/864
f 783/1041/663 763/1040/839 764/1042/841
f 764/1042/841 784/1043/865 783/1041/663
f 784/1043/865 764/1042/841 765/1044/843
f 765/1044/843 785/1045/866 784/1043/865
f 785/1045/866 765/1044/843 766/1046/845
f 766/1046/845 786/1047/867 785/1045/866
f 786/1047/867 766/1046/845 767/1048/847
f 767/1048/847 787/1049/868 786/1047/867
f 787/1053/868 767/1050/847 768/1051/849
f 768/1051/849 788/1052/869 787/1053/868
f 788/1052/869 768/1051/849 769/1054/851
f 769/1054/851 789/1055/870 788/1052/869
f 789/1055/870 769/1054/851 751/1014/815
f 751/1014/815 771/1017/853 789/1055/870
f 793/1059/874 790/1056/871 791/1057/872
f 791/1057/872 792/1058/873 793/1059/874
f 792/1058/873 791/1057/872 794/1060/875
f 794/1060/875 795/1061/876 792/1058/873
f 795/1061/876 794/1060/875 796/1062/877
f 796/1062/877 797/1063/878 795/1061/876
f 797/1063/878 796/1062/877 798/1064/879
f 798/1064/879 799/1065/880 797/1063/878
f 799/1065/880 798/1064/879 800/1066/881
f 800/1066/881 801/1067/882 799/1065/880
f 801/1067/882 800/1066/881 802/1068/883
f 802/1068/883 803/1069/884 801/1067/882
f 803/1069/884 802/1068/883 804/1070/885
f 804/1070/885 805/1071/886 803/1069/884
f 805/1071/886 804/1070/885 806/1072/887
f 806/1072/887 807/1073/888 805/1071/886
f 807/1073/888 806/1072/887 808/1074/889
f 808/1074/889 809/1075/890 807/1073/888
f 809/1075/890 808/1074/889 810/1076/891
f 810/1076/891 811/1077/892 809/1075/890
f 811/1077/892 810/1076/891 812/1078/893
f 812/1078/893 813/1079/894 811/1077/892
f 813/1079/894 812/1078/893 814/1080/895
f 814/1080/895 815/1081/896 813/1079/894
f 815/1081/896 814/1080/895 816/1082/897
f 816/1082/897 817/1083/898 815/1081/896
f 817/1083/898 816/1082/897 818/1084/899
f 818/1084/899 819/1085/900 817/1083/898
f 819/1085/900 818/1084/899 820/1086/901
f 820/1086/901 821/1087/902 819/1085/900
f 821/1087/902 820/1086/901 822/1088/903
f 822/1088/903 823/1089/904 821/1087/902
f 823/1089/904 822/1088/903 824/1090/905
f 824/1090/905 825/1091/906 823/1089/904
f 825/1095/906 824/1092/905 826/1093/907
f 826/1093/907 827/1094/908 825/1095/906
f 827/1094/908 826/1093/907 828/1096/909
f 828/1096/909 829/1097/910 827/1094/908
f 829/1097/910 828/1096/909 790/1056/871
f 790/1056/871 793/1059/874 829/1097/910
f 831/1099/912 793/1059/874 792/1058/873
f 792/1058/873 830/1098/911 831/1099/912
f 830/1098/911 792/1058/873 795/1061/876
f 795/1061/876 832/1100/913 830/1098/911
f 832/1100/913 795/1061/876 797/1063/878
f 797/1063/878 833/1101/914 832/1100/913
f 833/1101/914 797/1063/878 799/1065/880
f 799/1065/880 834/1102/915 833/1101/914
f 834/1102/915 799/1065/880 801/1067/882
f 801/1067/882 835/1103/916 834/1102/915
f 835/1103/916 801/1067/882 803/1069/884
f 803/1069/884 836/1104/917 835/1103/916
f 836/1104/917 803/1069/884 805/1071/886
f 805/1071/886 837/1105/918 836/1104/917
f 837/1105/918 805/1071/886 807/1073/888
f 807/1073/888 838/1106/919 837/1105/918
f 838/1106/919 807/1073/888 809/1075/890
f 809/1075/890 839/1107/920 838/1106/919
f 839/1107/920 809/1075/890 811/1077/892
f 811/1077/892 840/1108/921 839/1107/920
f 840/1108/921 811/1077/892 813/1079/894
f 813/1079/894 841/1109/922 840/1108/921
f 841/1109/922 813/1079/894 815/1081/896
f 815/1081/896 842/1110/923 841/1109/922
f 842/1110/923 815/1081/896 817/1083/898
f 817/1083/898 843/1111/924 842/1110/923
f 843/1111/924 817/1083/898 819/1085/900
f 819/1085/900 844/1112/925 843/1111/924
f 844/1112/925 819/1085/900 821/1087/902
f 821/1087/902 845/1113/926 844/1112/925
f 845/1113/926 821/1087/902 823/1089/904
f 823/1089/904 846/1114/927 845/1113/926
f 846/1114/927 823/1089/904 825/1091/906
f 825/1091/906 847/1115/928 846/1114/927
f 847/1117/928 825/1095/906 827/1094/908
f 827/1094/908 848/1116/929 847/1117/928
f 848/1116/929 827/1094/908 829/1097/910
f 829/1097/910 849/1118/930 848/1116/929
f 849/1118/930 829/1097/910 793/1059/874
f 793/1059/874 831/1099/912 849/1118/930
f 851/1120/932 831/1099/912 830/1098/911
f 830/1098/911 850/1119/931 851/1120/932
f 850/1119/931 830/1098/911 832/1100/913
f 832/1100/913 852/1121/933 850/1119/931
f 852/1121/933 832/1100/913 833/1101/914
f 833/1101/914 853/1122/934 852/1121/933
f 853/1122/934 833/1101/914 834/1102/915
f 834/1102/915 854/1123/935 853/1122/934
f 854/1123/935 834/1102/915 835/1103/916
f 835/1103/916 855/1124/936 854/1123/935
f 855/1124/936 835/1103/916 836/1104/917
f 836/1104/917 856/1125/937 855/1124/936
f 856/1125/937 836/1104/917 837/1105/918
f 837/1105/918 857/1126/938 856/1125/937
f 857/1126/938 837/1105/918 838/1106/919
f 838/1106/919 858/1127/939 857/1126/938
f 858/1127/939 838/1106/919 839/1107/920
f 839/1107/920 859/1128/940 858/1127/939
f 859/1128/940 839/1107/920 840/1108/921
f 840/1108/921 860/1129/941 859/1128/940
f 860/1129/941 840/1108/921 841/1109/922
f 841/1109/922 861/1130/942 860/1129/941
f 861/1130/942 841/1109/922 842/1110/923
f 842/1110/923 862/1131/943 861/1130/942
f 862/1131/943 842/1110/923 843/1111/924
f 843/1111/924 863/1132/944 862/1131/943
f 863/1132/944 843/1111/924 844/1112/925
f 844/1112/925 864/1133/945 863/1132/944
f 864/1133/945 844/1112/925 845/1113/926
f 845/1113/926 865/1134/946 864/1133/945
f 865/1134/946 845/1113/926 846/1114/927
f 846/1114/927 866/1135/947 865/1134/946
f 866/1135/947 846/1114/927 847/1115/928
f 847/1115/928 867/1136/948 866/1135/947
f 867/1138/948 847/1117/928 848/1116/929
f 848/1116/929 868/1137/949 867/1138/948
f 868/1137/949 848/1116/929 849/1118/930
f 849/1118/930 869/1139/950 868/1137/949
f 869/1139/950 849/1118/930 831/1099/912
f 831/1099/912 851/1120/932 869/1139/950
f 871/1141/952 851/1120/932 850/1119/931
f 850/1119/931 870/1140/951 871/1141/952
f 870/1140/951 850/1119/931 852/1121/933
f 852/1121/933 872/1142/953 870/1140/951
f 872/1142/953 852/1121/933 853/1122/934
f 853/1122/934 873/1143/954 872/1142/953
f 873/1143/954 853/1122/934 854/1123/935
f 854/1123/935 874/1144/955 873/1143/954
f 874/1144/955 854/1123/935 855/1124/936
f 855/1124/936 875/1145/956 874/1144/955
f 875/1145/956 855/1124/936 856/1125/937
f 856/1125/937 876/1146/957 875/1145/956
f 876/1146/957 856/1125/937 857/1126/938
f 857/1126/938 877/1147/958 876/1146/957
f 877/1147/958 857/1126/938 858/1127/939
f 858/1127/939 878/1148/959 877/1147/958
f 878/1148/959 858/1127/939 859/1128/940
f 859/1128/940 879/1149/960 878/1148/959
f 879/1149/960 859/1128/940 860/1129/941
f 860/1129/941 880/1150/961 879/1149/960
f 880/1150/961 860/1129/941 861/1130/942
f 861/1130/942 881/1151/962 880/1150/961
f 881/1151/962 861/1130/942 862/1131/943
f 862/1131/943 882/1152/963 881/1151/962
f 882/1152/963 862/1131/943 863/1132/944
f 863/1132/944 883/1153/964 882/1152/963
f 883/1153/964 863/1132/944 864/1133/945
f 864/1133/945 884/1154/965 883/1153/964
f 884/1154/965 864/1133/945 865/1134/946
f 865/1134/946 885/1155/966 884/1154/965
f 885/1155/966 865/1134/946 866/1135/947
f 866/1135/947 886/1156/967 885/1155/966
f 886/1156/967 866/1135/947 867/1136/948
f 867/1136/948 887/1157/968 886/1156/967
f 887/1159/968 867/1138/948 868/1137/949
f 868/1137/949 888/1158/969 887/1159/968
f 888/1158/969 868/1137/949 869/1139/950
f 869/1139/950 889/1160/970 888/1158/969
f 889/1160/970 869/1139/950 851/1120/932
f 851/1120/932 871/1141/952 889/1160/970
f 891/1162/972 871/1141/952 870/1140/951
f 870/1140/951 890/1161/971 891/1162/972
f 890/1161/971 870/1140/951 872/1142/953
f 872/1142/953 892/1163/973 890/1161/971
f 892/1163/973 872/1142/953 873/1143/954
f 873/1143/954 893/1164/974 892/1163/973
f 893/1164/974 873/1143/954 874/1144/955
f 874/1144/955 894/1165/975 893/1164/974
f 894/1165/975 874/1144/955 875/1145/956
f 875/1145/956 895/1166/976 894/1165/975
f 895/1166/976 875/1145/956 876/1146/957
f 876/1146/957 896/1167/977 895/1166/976
f 896/1167/977 876/1146/957 877/1147/958
f 877/1147/958 897/1168/978 896/1167/977
f 897/1168/978 877/1147/958 878/1148/959
f 878/1148/959 898/1169/979 897/1168/978
f 898/1169/979 878/1148/959 879/1149/960
f 879/1149/960 899/1170/980 898/1169/979
f 899/1170/980 879/1149/960 880/1150/961
f 880/1150/961 900/1171/981 899/1170/980
f 900/1171/981 880/1150/961 881/1151/962
f 881/1151/962 901/1172/982 900/1171/981
f 901/1172/982 881/1151/962 882/1152/963
f 882/1152/963 902/1173/983 901/1172/982
f 902/1173/983 882/1152/963 883/1153/964
f 883/1153/964 903/1174/984 902/1173/983
f 903/1174/984 883/1153/964 884/1154/965
f 884/1154/965 904/1175/985 903/1174/984
f 904/1175/985 884/1154/965 885/1155/966
f 885/1155/966 905/1176/986 904/1175/985
f 905/1176/986 885/1155/966 886/1156/967
f 886/1156/967 906/1177/987 905/1176/986
f 906/1177/987 886/1156/967 887/1157/968
f 887/1157/968 907/1178/988 906/1177/987
f 907/1180/988 887/1159/968 888/1158/969
f 888/1158/969 908/1179/989 907/1180/988
f 908/1179/989 888/1158/969 889/1160/970
f 889/1160/970 909/1181/990 908/1179/989
f 909/1181/990 889/1160/970 871/1141/952
f 871/1141/952 891/1162/972 909/1181/990
f 911/1185/992 891/1182/972 890/1183/971
f 890/1183/971 910/1184/991 911/1185/992
f 910/1184/991 890/1183/971 892/1186/973
f 892/1186/973 912/1187/993 910/1184/991
f 912/1187/993 892/1186/973 893/1188/974
f 893/1188/974 913/1189/994 912/1187/993
f 913/1189/994 893/1188/974 894/1190/975
f 894/1190/975 914/1191/995 913/1189/994
f 914/1191/995 894/1190/975 895/1192/976
f 895/1192/976 915/1193/996 914/1191/995
f 915/1193/996 895/1192/976 896/1194/977
f 896/1194/977 916/1195/997 915/1193/996
f 916/1195/997 896/1194/977 897/1196/978
f 897/1196/978 917/1197/998 916/1195/997
f 917/1197/998 897/1196/978 898/1198/979
f 898/1198/979 918/1199/999 917/1197/998
f 918/1199/999 898/1198/979 899/1200/980
f 899/1200/980 919/1201/1000 918/1199/999
f 919/1201/1000 899/1200/980 900/1202/981
f 900/1202/981 920/1203/1001 919/1201/1000
f 920/1203/1001 900/1202/981 901/1204/982
f 901/1204/982 921/1205/1002 920/1203/1001
f 921/1205/1002 901/1204/982 902/1206/983
f 902/1206/983 922/1207/1003 921/1205/1002
f 922/1207/1003 902/1206/983 903/1208/984
f 903/1208/984 923/1209/1004 922/1207/1003
f 923/1209/1004 903/1208/984 904/1210/985
f 904/1210/985 924/1211/1005 923/1209/1004
f 924/1211/1005 904/1210/985 905/1212/986
f 905/1212/986 925/1213/1006 924/1211/1005
f 925/1213/1006 905/1212/986 906/1214/987
f 906/1214/987 926/1215/1007 925/1213/1006
f 926/1215/1007 906/1214/987 907/1216/988
f 907/1216/988 927/1217/1008 926/1215/1007
f 927/1217/1008 907/1216/988 908/1218/989
f 908/1218/989 928/1219/1009 927/1217/1008
f 928/1219/1009 908/1218/989 909/1220/990
f 909/1220/990 929/1221/1010 928/1219/1009
f 929/1221/1010 909/1220/990 891/1182/972
f 891/1182/972 911/1185/992 929/1221/1010
f 931/1223/1012 911/1185/992 910/1184/991
f 910/1184/991 930/1222/1011 931/1223/1012
f 930/1222/1011 910/1184/991 912/1187/993
f 912/1187/993 932/1224/1013 930/1222/1011
f 932/1224/1013 912/1187/993 913/1189/994
f 913/1189/994 933/1225/1014 932/1224/1013
f 933/1225/1014 913/1189/994 914/1191/995
f 914/1191/995 934/1226/1015 933/1225/1014
f 934/1226/1015 914/1191/995 915/1193/996
f 915/1193/996 935/1227/1016 934/1226/1015
f 935/1227/1016 915/1193/996 916/1195/997
f 916/1195/997 936/1228/1017 935/1227/1016
f 936/1228/1017 916/1195/997 917/1197/998
f 917/1197/998 937/1229/1018 936/1228/1017
f 937/1229/1018 917/1197/998 918/1199/999
f 918/1199/999 938/1230/1019 937/1229/1018
f 938/1230/1019 918/1199/999 919/1201/1000
f 919/1201/1000 939/1231/1020 938/1230/1019
f 939/1231/1020 919/1201/1000 920/1203/1001
f 920/1203/1001 940/1232/1021 939/1231/1020
f 940/1232/1021 920/1203/1001 921/1205/1002
f 921/1205/1002 941/1233/1022 940/1232/1021
f 941/1233/1022 921/1205/1002 922/1207/1003
f 922/1207/1003 942/1234/1023 941/1233/1022
f 942/1234/1023 922/1207/1003 923/1209/1004
f 923/1209/1004 943/1235/1024 942/1234/1023
f 943/1235/1024 923/1209/1004 924/1211/1005
f 924/1211/1005 944/1236/1025 943/1235/1024
f 944/1236/1025 924/1211/1005 925/1213/1006
f 925/1213/1006 945/1237/1026 944/1236/1025
f 945/1237/1026 925/1213/1006 926/1215/1007
f 926/1215/1007 946/1238/1027 945/1237/1026
f 946/1238/1027 926/1215/1007 927/1217/1008
f 927/1217/1008 947/1239/1028 946/1238/1027
f 947/1239/1028 927/1217/1008 928/1219/1009
f 928/1219/1009 948/1240/1029 947/1239/1028
f 948/1240/1029 928/1219/1009 929/1221/1010
f 929/1221/1010 949/1241/1030 948/1240/1029
f 949/1241/1030 929/1221/1010 911/1185/992
f 911/1185/992 931/1223/1012 949/1241/1030
f 951/1243/1032 931/1223/1012 930/1222/1011
f 930/1222/1011 950/1242/1031 951/1243/1032
f 950/1242/1031 930/1222/1011 932/1224/1013
f 932/1224/1013 952/1244/1033 950/1242/1031
f 952/1244/1033 932/1224/1013 933/1225/1014
f 933/1225/1014 953/1245/1034 952/1244/1033
f 953/1245/1034 933/1225/1014 934/1226/1015
f 934/1226/1015 954/1246/1035 953/1245/1034
f 954/1246/1035 934/1226/1015 935/1227/1016
f 935/1227/1016 955/1247/1036 954/1246/1035
f 955/1247/1036 935/1227/1016 936/1228/1017
f 936/1228/1017 956/1248/1037 955/1247/1036
f 956/1248/1037 936/1228/1017 937/1229/1018
f 937/1229/1018 957/1249/1038 956/1248/1037
f 957/1249/1038 937/1229/1018 938/1230/1019
f 938/1230/1019 958/1250/1039 957/1249/1038
f 958/1250/1039 938/1230/1019 939/1231/1020
f 939/1231/1020 959/1251/1040 958/1250/1039
f 959/1251/1040 939/1231/1020 940/1232/1021
f 940/1232/1021 960/1252/1041 959/1251/1040
f 960/1252/1041 940/1232/1021 941/1233/1022
f 941/1233/1022 961/1253/1042 960/1252/1041
f 961/1253/1042 941/1233/1022 942/1234/1023
f 942/1234/1023 962/1254/1043 961/1253/1042
f 962/1254/1043 942/1234/1023 943/1235/1024
f 943/1235/1024 963/1255/1044 962/1254/1043
f 963/1255/1044 943/1235/1024 944/1236/1025
f 944/1236/1025 964/1256/1045 963/1255/1044
f 964/1256/1045 944/1236/1025 945/1237/1026
f 945/1237/1026 965/1257/1046 964/1256/1045
f 965/1257/1046 945/1237/1026 946/1238/1027
f 946/1238/1027 966/1258/1047 965/1257/1046
f 966/1258/1047 946/1238/1027 947/1239/1028
f 947/1239/1028 967/1259/1048 966/1258/1047
f 967/1259/1048 947/1239/1028 948/1240/1029
f 948/1240/1029 968/1260/1049 967/1259/1048
f 968/1260/1049 948/1240/1029 949/1241/1030
f 949/1241/1030 969/1261/1050 968/1260/1049
f 969/1261/1050 949/1241/1030 931/1223/1012
f 931/1223/1012 951/1243/1032 969/1261/1050
f 971/1263/1052 951/1243/1032 950/1242/1031
f 950/1242/1031 970/1262/1051 971/1263/1052
f 970/1262/1051 950/1242/1031 952/1244/1033
f 952/1244/1033 972/1264/1053 970/1262/1051
f 972/1264/1053 952/1244/1033 953/1245/1034
f 953/1245/1034 973/1265/1054 972/1264/1053
f 973/1265/1054 953/1245/1034 954/1246/1035
f 954/1246/1035 974/1266/1055 973/1265/1054
f 974/1266/1055 954/1246/1035 955/1247/1036
f 955/1247/1036 975/1267/1056 974/1266/1055
f 975/1267/1056 955/1247/1036 956/1248/1037
f 956/1248/1037 976/1268/1057 975/1267/1056
f 976/1268/1057 956/1248/1037 957/1249/1038
f 957/1249/1038 977/1269/1058 976/1268/1057
f 977/1269/1058 957/1249/1038 958/1250/1039
f 958/1250/1039 978/1270/1059 977/1269/1058
f 978/1270/1059 958/1250/1039 959/1251/1040
f 959/1251/1040 979/1271/1060 978/1270/1059
f 979/1271/1060 959/1251/1040 960/1252/1041
f 960/1252/1041 980/1272/1061 979/1271/1060
f 980/1272/1061 960/1252/1041 961/1253/1042
f 961/1253/1042 981/1273/1062 980/1272/1061
f 981/1273/1062 961/1253/1042 962/1254/1043
f 962/1254/1043 982/1274/1063 981/1273/1062
f 982/1274/1063 962/1254/1043 963/1255/1044
f 963/1255/1044 983/1275/1064 982/1274/1063
f 983/1275/1064 963/1255/1044 964/1256/1045
f 964/1256/1045 984/1276/1065 983/1275/1064
f 984/1276/1065 964/1256/1045 965/1257/1046
f 965/1257/1046 985/1277/1066 984/1276/1065
f 985/1277/1066 965/1257/1046 966/1258/1047
f 966/1258/1047 986/1278/1067 985/1277/1066
f 986/1278/1067 966/1258/1047 967/1259/1048
f 967/1259/1048 987/1279/1068 986/1278/1067
f 987/1279/1068 967/1259/1048 968/1260/1049
f 968/1260/1049 988/1280/1069 987/1279/1068
f 988/1280/1069 968/1260/1049 969/1261/1050
f 969/1261/1050 989/1281/1070 988/1280/1069
f 989/1281/1070 969/1261/1050 951/1243/1032
f 951/1243/1032 971/1263/1052 989/1281/1070
f 971/1263/1052 970/1262/1051 990/1282/1071
f 970/1262/1051 972/1264/1053 990/1282/1071
f 972/1264/1053 973/1265/1054 990/1282/1071
f 973/1265/1054 974/1266/1055 990/1282/1071
f 974/1266/1055 975/1267/1056 990/1282/1071
f 975/1267/1056 976/1268/1057 990/1282/1071
f 976/1268/1057 977/1269/1058 990/1282/1071
f 977/1269/1058 978/1270/1059 990/1282/1071
f 978/1270/1059 979/1271/1060 990/1282/1071
f 979/1271/1060 980/1272/1061 990/1282/1071
f 980/1272/1061 981/1273/1062 990/1282/1071
f 981/1273/1062 982/1274/1063 990/1282/1071
f 982/1274/1063 983/1275/1064 990/1282/1071
f 983/1275/1064 984/1276/1065 990/1282/1071
f 984/1276/1065 985/1277/1066 990/1282/1071
f 985/1277/1066 986/1278/1067 990/1282/1071
f 986/1278/1067 987/1279/1068 990/1282/1071
f 987/1279/1068 988/1280/1069 990/1282/1071
f 988/1280/1069 989/1281/1070 990/1282/1071
f 989/1281/1070 971/1263/1052 990/1282/1071
f 994/1286/1075 991/1283/1072 992/1284/1073
f 992/1284/1073 993/1285/1074 994/1286/1075
f 993/1285/1074 992/1284/1073 995/1287/1076
f 995/1287/1076 996/1288/1077 993/1285/1074
f 996/1288/1077 995/1287/1076 997/1289/1078
f 997/1289/1078 998/1290/1079 996/1288/1077
f 998/1290/1079 997/1289/1078 999/1291/1080
f 999/1291/1080 1000/1292/1081 998/1290/1079
f 1000/1292/1081 999/1291/1080 1001/1293/1082
f 1001/1293/1082 1002/1294/1083 1000/1292/1081
f 1002/1294/1083 1001/1293/1082 1003/1295/1084
f 1003/1295/1084 1004/1296/1085 1002/1294/1083
f 1004/1296/1085 1003/1295/1084 1005/1297/1086
f 1005/1297/1086 1006/1298/1087 1004/1296/1085
f 1006/1298/1087 1005/1297/1086 1007/1299/1088
f 1007/1299/1088 1008/1300/1089 1006/1298/1087
f 1008/1300/1089 1007/1299/1088 1009/1301/1090
f 1009/1301/1090 1010/1302/1091 1008/1300/1089
f 1010/1302/1091 1009/1301/1090 1011/1303/1092
f 1011/1303/1092 1012/1304/1093 1010/1302/1091
f 1012/1304/1093 1011/1303/1092 1013/1305/1094
f 1013/1305/1094 1014/1306/1095 1012/1304/1093
f 1014/1306/1095 1013/1305/1094 1015/1307/1096
f 1015/1307/1096 1016/1308/1097 1014/1306/1095
f 1016/1308/1097 1015/1307/1096 1017/1309/1098
f 1017/1309/1098 1018/1310/1099 1016/1308/1097
f 1018/1310/1099 1017/1309/1098 1019/1311/1100
f 1019/1311/1100 1020/1312/1101 1018/1310/1099
f 1020/1312/1101 1019/1311/1100 1021/1313/1102
f 1021/1313/1102 1022/1314/1103 1020/1312/1101
f 1022/1314/1103 1021/1313/1102 1023/1315/1104
f 1023/1315/1104 1024/1316/1105 1022/1314/1103
f 1024/1316/1105 1023/1315/1104 1025/1317/1106
f 1025/1317/1106 1026/1318/1107 1024/1316/1105
f 1026/1318/1107 1025/1317/1106 1027/1319/1108
f 1027/1319/1108 1028/1320/1109 1026/1318/1107
f 1028/1320/1109 1027/1319/1108 1029/1321/1110
f 1029/1321/1110 1030/1322/1111 1028/1320/1109
f 1030/1322/1111 1029/1321/1110 991/1283/1072
f 991/1283/1072 994/1286/1075 1030/1322/1111
f 1032/1324/1113 994/1286/1075 993/1285/1074
f 993/1285/1074 1031/1323/1112 1032/1324/1113
f 1031/1323/1112 993/1285/1074 996/1288/1077
f 996/1288/1077 1033/1325/1114 1031/1323/1112
f 1033/1325/1114 996/1288/1077 998/1290/1079
f 998/1290/1079 1034/1326/1115 1033/1325/1114
f 1034/1326/1115 998/1290/1079 1000/1292/1081
f 1000/1292/1081 1035/1327/1116 1034/1326/1115
f 1035/1327/1116 1000/1292/1081 1002/1294/1083
f 1002/1294/1083 1036/1328/1117 1035/1327/1116
f 1036/1328/1117 1002/1294/1083 1004/1296/1085
f 1004/1296/1085 1037/1329/1118 1036/1328/1117
f 1037/1329/1118 1004/1296/1085 1006/1298/1087
f 1006/1298/1087 1038/1330/1119 1037/1329/1118
f 1038/1330/1119 1006/1298/1087 1008/1300/1089
f 1008/1300/1089 1039/1331/1120 1038/1330/1119
f 1039/1331/1120 1008/1300/1089 1010/1302/1091
f 1010/1302/1091 1040/1332/1121 1039/1331/1120
f 1040/1332/1121 1010/1302/1091 1012/1304/1093
f 1012/1304/1093 1041/1333/1122 1040/1332/1121
f 1041/1333/1122 1012/1304/1093 1014/1306/1095
f 1014/1306/1095 1042/1334/1123 1041/1333/1122
f 1042/1334/1123 1014/1306/1095 1016/1308/1097
f 1016/1308/1097 1043/1335/1124 1042/1334/1123
f 1043/1335/1124 1016/1308/1097 1018/1310/1099
f 1018/1310/1099 1044/1336/1125 1043/1335/1124
f 1044/1336/1125 1018/1310/1099 1020/1312/1101
f 1020/1312/1101 1045/1337/1126 1044/1336/1125
f 1045/1337/1126 1020/1312/1101 1022/1314/1103
f 1022/1314/1103 1046/1338/1127 1045/1337/1126
f 1046/1338/1127 1022/1314/1103 1024/1316/1105
f 1024/1316/1105 1047/1339/1128 1046/1338/1127
f 1047/1339/1128 1024/1316/1105 1026/1318/1107
f 1026/1318/1107 1048/1340/1129 1047/1339/1128
f 1048/1340/1129 1026/1318/1107 1028/1320/1109
f 1028/1320/1109 1049/1341/1130 1048/1340/1129
f 1049/1341/1130 1028/1320/1109 1030/1322/1111
f 1030/1322/1111 1050/1342/1131 1049/1341/1130
f 1050/1342/1131 1030/1322/1111 994/1286/1075
f 994/1286/1075 1032/1324/1113 1050/1342/1131
f 1052/1344/1133 1032/1324/1113 1031/1323/1112
f 1031/1323/1112 1051/1343/1132 1052/1344/1133
f 1051/1343/1132 1031/1323/1112 1033/1325/1114
f 1033/1325/1114 1053/1345/1134 1051/1343/1132
f 1053/1345/1134 1033/1325/1114 1034/1326/1115
f 1034/1326/1115 1054/1346/1135 1053/1345/1134
f 1054/1346/1135 1034/1326/1115 1035/1327/1116
f 1035/1327/1116 1055/1347/1136 1054/1346/1135
f 1055/1347/1136 1035/1327/1116 1036/1328/1117
f 1036/1328/1117 1056/1348/1137 1055/1347/1136
f 1056/1348/1137 1036/1328/1117 1037/1329/1118
f 1037/1329/1118 1057/1349/1138 1056/1348/1137
f 1057/1349/1138 1037/1329/1118 1038/1330/1119
f 1038/1330/1119 1058/1350/1139 1057/1349/1138
f 1058/1350/1139 1038/1330/1119 1039/1331/1120
f 1039/1331/1120 1059/1351/1140 1058/1350/1139
f 1059/1351/1140 1039/1331/1120 1040/1332/1121
f 1040/1332/1121 1060/1352/1141 1059/1351/1140
f 1060/1352/1141 1040/1332/1121 1041/1333/1122
f 1041/1333/1122 1061/1353/1142 1060/1352/1141
f 1061/1353/1142 1041/1333/1122 1042/1334/1123
f 1042/1334/1123 1062/1354/1143 1061/1353/1142
f 1062/1354/1143 1042/1334/1123 1043/1335/1124
f 1043/1335/1124 1063/1355/1144 1062/1354/1143
f 1063/1355/1144 1043/1335/1124 1044/1336/1125
f 1044/1336/1125 1064/1356/1145 1063/1355/1144
f 1064/1356/1145 1044/1336/1125 1045/1337/1126
f 1045/1337/1126 1065/1357/1146 1064/1356/1145
f 1065/1357/1146 1045/1337/1126 1046/1338/1127
f 1046/1338/1127 1066/1358/1147 1065/1357/1146
f 1066/1358/1147 1046/1338/1127 1047/1339/1128
f 1047/1339/1128 1067/1359/1148 1066/1358/1147
f 1067/1359/1148 1047/1339/1128 1048/1340/1129
f 1048/1340/1129 1068/1360/1149 1067/1359/1148
f 1068/1360/1149 1048/1340/1129 1049/1341/1130
f 1049/1341/1130 1069/1361/1150 1068/1360/1149
f 1069/1361/1150 1049/1341/1130 1050/1342/1131
f 1050/1342/1131 1070/1362/1151 1069/1361/1150
f 1070/1362/1151 1050/1342/1131 1032/1324/1113
f 1032/1324/1113 1052/1344/1133 1070/1362/1151
f 1072/1364/1153 1052/1344/1133 1051/1343/1132
f 1051/1343/1132 1071/1363/1152 1072/1364/1153
f 1071/1363/1152 1051/1343/1132 1053/1345/1134
f 1053/1345/1134 1073/1365/1154 1071/1363/1152
f 1073/1365/1154 1053/1345/1134 1054/1346/1135
f 1054/1346/1135 1074/1366/1155 1073/1365/1154
f 1074/1366/1155 1054/1346/1135 1055/1347/1136
f 1055/1347/1136 1075/1367/1156 1074/1366/1155
f 1075/1367/1156 1055/1347/1136 1056/1348/1137
f 1056/1348/1137 1076/1368/1157 1075/1367/1156
f 1076/1368/1157 1056/1348/1137 1057/1349/1138
f 1057/1349/1138 1077/1369/1158 1076/1368/1157
f 1077/1369/1158 1057/1349/1138 1058/1350/1139
f 1058/1350/1139 1078/1370/1159 1077/1369/1158
f 1078/1370/1159 1058/1350/1139 1059/1351/1140
f 1059/1351/1140 1079/1371/1160 1078/1370/1159
f 1079/1371/1160 1059/1351/1140 1060/1352/1141
f 1060/1352/1141 1080/1372/1161 1079/1371/1160
f 1080/1372/1161 1060/1352/1141 1061/1353/1142
f 1061/1353/1142 1081/1373/1162 1080/1372/1161
f 1081/1373/1162 1061/1353/1142 1062/1354/1143
f 1062/1354/1143 1082/1374/1163 1081/1373/1162
f 1082/1374/1163 1062/1354/1143 1063/1355/1144
f 1063/1355/1144 1083/1375/1164 1082/1374/1163
f 1083/1375/1164 1063/1355/1144 1064/1356/1145
f 1064/1356/1145 1084/1376/1165 1083/1375/1164
f 1084/1376/1165 1064/1356/1145 1065/1357/1146
f 1065/1357/1146 1085/1377/1166 1084/1376/1165
f 1085/1377/1166 1065/1357/1146 1066/1358/1147
f 1066/1358/1147 1086/1378/1167 1085/1377/1166
f 1086/1378/1167 1066/1358/1147 1067/1359/1148
f 1067/1359/1148 1087/1379/1168 1086/1378/1167
f 1087/1379/1168 1067/1359/1148 1068/1360/1149
f 1068/1360/1149 1088/1380/1169 1087/1379/1168
f 1088/1380/1169 1068/1360/1149 1069/1361/1150
f 1069/1361/1150 1089/1381/1170 1088/1380/1169
f 1089/1381/1170 1069/1361/1150 1070/1362/1151
f 1070/1362/1151 1090/1382/1171 1089/1381/1170
f 1090/1382/1171 1070/1362/1151 1052/1344/1133
f 1052/1344/1133 1072/1364/1153 1090/1382/1171
f 1092/1386/1173 1072/1383/1153 1071/1384/1152
f 1071/1384/1152 1091/1385/1172 1092/1386/1173
f 1091/1385/1172 1071/1384/1152 1073/1387/1154
f 1073/1387/1154 1093/1388/1174 1091/1385/1172
f 1093/1388/1174 1073/1387/1154 1074/1389/1155
f 1074/1389/1155 1094/1390/1175 1093/1388/1174
f 1094/1390/1175 1074/1389/1155 1075/1391/1156
f 1075/1391/1156 1095/1392/1176 1094/1390/1175
f 1095/1392/1176 1075/1391/1156 1076/1393/1157
f 1076/1393/1157 1096/1394/1177 1095/1392/1176
f 1096/1394/1177 1076/1393/1157 1077/1395/1158
f 1077/1395/1158 1097/1396/1178 1096/1394/1177
f 1097/1396/1178 1077/1395/1158 1078/1397/1159
f 1078/1397/1159 1098/1398/1179 1097/1396/1178
f 1098/1398/1179 1078/1397/1159 1079/1399/1160
f 1079/1399/1160 1099/1400/1180 1098/1398/1179
f 1099/1400/1180 1079/1399/1160 1080/1401/1161
f 1080/1401/1161 1100/1402/1181 1099/1400/1180
f 1100/1402/1181 1080/1401/1161 1081/1403/1162
f 1081/1403/1162 1101/1404/1182 1100/1402/1181
f 1101/1404/1182 1081/1403/1162 1082/1405/1163
f 1082/1405/1163 1102/1406/1183 1101/1404/1182
f 1102/1406/1183 1082/1405/1163 1083/1407/1164
f 1083/1407/1164 1103/1408/1184 1102/1406/1183
f 1103/1408/1184 1083/1407/1164 1084/1409/1165
f 1084/1409/1165 1104/1410/1185 1103/1408/1184
f 1104/1410/1185 1084/1409/1165 1085/1411/1166
f 1085/1411/1166 1105/1412/1186 1104/1410/1185
f 1105/1412/1186 1085/1411/1166 1086/1413/1167
f 1086/1413/1167 1106/1414/1187 1105/1412/1186
f 1106/1414/1187 1086/1413/1167 1087/1415/1168
f 1087/1415/1168 1107/1416/1188 1106/1414/1187
f 1107/1416/1188 1087/1415/1168 1088/1417/1169
f 1088/1417/1169 1108/1418/1189 1107/1416/1188
f 1108/1418/1189 1088/1417/1169 1089/1419/1170
f 1089/1419/1170 1109/1420/1190 1108/1418/1189
f 1109/1420/1190 1089/1419/1170 1090/1421/1171
f 1090/1421/1171 1110/1422/1191 1109/1420/1190
f 1110/1422/1191 1090/1421/1171 1072/1423/1153
f 1072/1423/1153 1092/1424/1173 1110/1422/1191
f 1112/1426/1193 1092/1386/1173 1091/1385/1172
f 1091/1385/1172 1111/1425/1192 1112/1426/1193
f 1111/1425/1192 1091/1385/1172 1093/1388/1174
f 1093/1388/1174 1113/1427/1194 1111/1425/1192
f 1113/1427/1194 1093/1388/1174 1094/1390/1175
f 1094/1390/1175 1114/1428/1195 1113/1427/1194
f 1114/1428/1195 1094/1390/1175 1095/1392/1176
f 1095/1392/1176 1115/1429/1196 1114/1428/1195
f 1115/1429/1196 1095/1392/1176 1096/1394/1177
f 1096/1394/1177 1116/1430/1197 1115/1429/1196
f 1116/1430/1197 1096/1394/1177 1097/1396/1178
f 1097/1396/1178 1117/1431/1198 1116/1430/1197
f 1117/1431/1198 1097/1396/1178 1098/1398/1179
f 1098/1398/1179 1118/1432/1199 1117/1431/1198
f 1118/1432/1199 1098/1398/1179 1099/1400/1180
f 1099/1400/1180 1119/1433/1200 1118/1432/1199
f 1119/1433/1200 1099/1400/1180 1100/1402/1181
f 1100/1402/1181 1120/1434/1201 1119/1433/1200
f 1120/1434/1201 1100/1402/1181 1101/1404/1182
f 1101/1404/1182 1121/1435/1202 1120/1434/1201
f 1121/1435/1202 1101/1404/1182 1102/1406/1183
f 1102/1406/1183 1122/1436/1203 1121/1435/1202
f 1122/1436/1203 1102/1406/1183 1103/1408/1184
f 1103/1408/1184 1123/1437/1204 1122/1436/1203
f 1123/1437/1204 1103/1408/1184 1104/1410/1185
f 1104/1410/1185 1124/1438/1205 1123/1437/1204
f 1124/1438/1205 1104/1410/1185 1105/1412/1186
f 1105/1412/1186 1125/1439/1206 1124/1438/1205
f 1125/1439/1206 1105/1412/1186 1106/1414/1187
f 1106/1414/1187 1126/1440/1207 1125/1439/1206
f 1126/1440/1207 1106/1414/1187 1107/1416/1188
f 1107/1416/1188 1127/1441/1208 1126/1440/1207
f 1127/1441/1208 1107/1416/1188 1108/1418/1189
f 1108/1418/1189 1128/1442/1209 1127/1441/1208
f 1128/1442/1209 1108/1418/1189 1109/1420/1190
f 1109/1420/1190 1129/1443/1210 1128/1442/1209
f 1129/1443/1210 1109/1420/1190 1110/1422/1191
f 1110/1422/1191 1130/1444/1211 1129/1443/1210
f 1130/1444/1211 1110/1422/1191 1092/1424/1173
f 1092/1424/1173 1112/1445/1193 1130/1444/1211
f 1132/1447/1213 1112/1426/1193 1111/1425/1192
f 1111/1425/1192 1131/1446/1212 1132/1447/1213
f 1131/1446/1212 1111/1425/1192 1113/1427/1194
f 1113/1427/1194 1133/1448/1214 1131/1446/1212
f 1133/1448/1214 1113/1427/1194 1114/1428/1195
f 1114/1428/1195 1134/1449/1215 1133/1448/1214
f 1134/1449/1215 1114/1428/1195 1115/1429/1196
f 1115/1429/1196 1135/1450/1216 1134/1449/1215
f 1135/1450/1216 1115/1429/1196 1116/1430/1197
f 1116/1430/1197 1136/1451/1217 1135/1450/1216
f 1136/1451/1217 1116/1430/1197 1117/1431/1198
f 1117/1431/1198 1137/1452/1218 1136/1451/1217
f 1137/1452/1218 1117/1431/1198 1118/1432/1199
f 1118/1432/1199 1138/1453/1219 1137/1452/1218
f 1138/1453/1219 1118/1432/1199 1119/1433/1200
f 1119/1433/1200 1139/1454/1220 1138/1453/1219
f 1139/1454/1220 1119/1433/1200 1120/1434/1201
f 1120/1434/1201 1140/1455/1221 1139/1454/1220
f 1140/1455/1221 1120/1434/1201 1121/1435/1202
f 1121/1435/1202 1141/1456/1222 1140/1455/1221
f 1141/1456/1222 1121/1435/1202 1122/1436/1203
f 1122/1436/1203 1142/1457/1223 1141/1456/1222
f 1142/1457/1223 1122/1436/1203 1123/1437/1204
f 1123/1437/1204 1143/1458/1224 1142/1457/1223
f 1143/1458/1224 1123/1437/1204 1124/1438/1205
f 1124/1438/1205 1144/1459/1225 1143/1458/1224
f 1144/1459/1225 1124/1438/1205 1125/1439/1206
f 1125/1439/1206 1145/1460/1226 1144/1459/1225
f 1145/1460/1226 1125/1439/1206 1126/1440/1207
f 1126/1440/1207 1146/1461/1227 1145/1460/1226
f 1146/1461/1227 1126/1440/1207 1127/1441/1208
f 1127/1441/1208 1147/1462/1228 1146/1461/1227
f 1147/1462/1228 1127/1441/1208 1128/1442/1209
f 1128/1442/1209 1148/1463/1229 1147/1462/1228
f 1148/1463/1229 1128/1442/1209 1129/1443/1210
f 1129/1443/1210 1149/1464/1230 1148/1463/1229
f 1149/1464/1230 1129/1443/1210 1130/1444/1211
f 1130/1444/1211 1150/1465/1231 1149/1464/1230
f 1150/1465/1231 1130/1444/1211 1112/1445/1193
f 1112/1445/1193 1132/1466/1213 1150/1465/1231
f 1152/1468/1233 1132/1447/1213 1131/1446/1212
f 1131/1446/1212 1151/1467/1232 1152/1468/1233
f 1151/1467/1232 1131/1446/1212 1133/1448/1214
f 1133/1448/1214 1153/1469/1234 1151/1467/1232
f 1153/1469/1234 1133/1448/1214 1134/1449/1215
f 1134/1449/1215 1154/1470/1235 1153/1469/1234
f 1154/1470/1235 1134/1449/1215 1135/1450/1216
f 1135/1450/1216 1155/1471/1236 1154/1470/1235
f 1155/1471/1236 1135/1450/1216 1136/1451/1217
f 1136/1451/1217 1156/1472/1237 1155/1471/1236
f 1156/1472/1237 1136/1451/1217 1137/1452/1218
f 1137/1452/1218 1157/1473/1238 1156/1472/1237
f 1157/1473/1238 1137/1452/1218 1138/1453/1219
f 1138/1453/1219 1158/1474/1239 1157/1473/1238
f 1158/1474/1239 1138/1453/1219 1139/1454/1220
f 1139/1454/1220 1159/1475/1240 1158/1474/1239
f 1159/1475/1240 1139/1454/1220 1140/1455/1221
f 1140/1455/1221 1160/1476/1241 1159/1475/1240
f 1160/1476/1241 1140/1455/1221 1141/1456/1222
f 1141/1456/1222 1161/1477/1242 1160/1476/1241
f 1161/1477/1242 1141/1456/1222 1142/1457/1223
f 1142/1457/1223 1162/1478/1243 1161/1477/1242
f 1162/1478/1243 1142/1457/1223 1143/1458/1224
f 1143/1458/1224 1163/1479/1244 1162/1478/1243
f 1163/1479/1244 1143/1458/1224 1144/1459/1225
f 1144/1459/1225 1164/1480/1245 1163/1479/1244
f 1164/1480/1245 1144/1459/1225 1145/1460/1226
f 1145/1460/1226 1165/1481/1246 1164/1480/1245
f 1165/1481/1246 1145/1460/1226 1146/1461/1227
f 1146/1461/1227 1166/1482/1247 1165/1481/1246
f 1166/1482/1247 1146/1461/1227 1147/1462/1228
f 1147/1462/1228 1167/1483/1248 1166/1482/1247
f 1167/1483/1248 1147/1462/1228 1148/1463/1229
f 1148/1463/1229 1168/1484/1249 1167/1483/1248
f 1168/1484/1249 1148/1463/1229 1149/1464/1230
f 1149/1464/1230 1169/1485/1250 1168/1484/1249
f 1169/1485/1250 1149/1464/1230 1150/1465/1231
f 1150/1465/1231 1170/1486/1251 1169/1485/1250
f 1170/1486/1251 1150/1465/1231 1132/1466/1213
f 1132/1466/1213 1152/1487/1233 1170/1486/1251
f 1172/1489/1253 1152/1468/1233 1151/1467/1232
f 1151/1467/1232 1171/1488/1252 1172/1489/1253
f 1171/1488/1252 1151/1467/1232 1153/1469/1234
f 1153/1469/1234 1173/1490/1254 1171/1488/1252
f 1173/1490/1254 1153/1469/1234 1154/1470/1235
f 1154/1470/1235 1174/1491/1255 1173/1490/1254
f 1174/1491/1255 1154/1470/1235 1155/1471/1236
f 1155/1471/1236 1175/1492/654 1174/1491/1255
f 1175/1492/654 1155/1471/1236 1156/1472/1237
f 1156/1472/1237 1176/1493/1256 1175/1492/654
f 1176/1493/1256 1156/1472/1237 1157/1473/1238
f 1157/1473/1238 1177/1494/1257 1176/1493/1256
f 1177/1494/1257 1157/1473/1238 1158/1474/1239
f 1158/1474/1239 1178/1495/1258 1177/1494/1257
f 1178/1495/1258 1158/1474/1239 1159/1475/1240
f 1159/1475/1240 1179/1496/1259 1178/1495/1258
f 1179/1496/1259 1159/1475/1240 1160/1476/1241
f 1160/1476/1241 1180/1497/1260 1179/1496/1259
f 1180/1497/1260 1160/1476/1241 1161/1477/1242
f 1161/1477/1242 1181/1498/1261 1180/1497/1260
f 1181/1498/1261 1161/1477/1242 1162/1478/1243
f 1162/1478/1243 1182/1499/1262 1181/1498/1261
f 1182/1499/1262 1162/1478/1243 1163/1479/1244
f 1163/1479/1244 1183/1500/1263 1182/1499/1262
f 1183/1500/1263 1163/1479/1244 1164/1480/1245
f 1164/1480/1245 1184/1501/1264 1183/1500/1263
f 1184/1501/1264 1164/1480/1245 1165/1481/1246
f 1165/1481/1246 1185/1502/1265 1184/1501/1264
f 1185/1502/1265 1165/1481/1246 1166/1482/1247
f 1166/1482/1247 1186/1503/1266 1185/1502/1265
f 1186/1503/1266 1166/1482/1247 1167/1483/1248
f 1167/1483/1248 1187/1504/1267 1186/1503/1266
f 1187/1504/1267 1167/1483/1248 1168/1484/1249
f 1168/1484/1249 1188/1505/1268 1187/1504/1267
f 1188/1505/1268 1168/1484/1249 1169/1485/1250
f 1169/1485/1250 1189/1506/1269 1188/1505/1268
f 1189/1506/1269 1169/1485/1250 1170/1486/1251
f 1170/1486/1251 1190/1507/1270 1189/1506/1269
f 1190/1507/1270 1170/1486/1251 1152/1487/1233
f 1152/1487/1233 1172/1508/1253 1190/1507/1270
f 1192/1510/1272 1172/1489/1253 1171/1488/1252
f 1171/1488/1252 1191/1509/1271 1192/1510/1272
f 1191/1509/1271 1171/1488/1252 1173/1490/1254
f 1173/1490/1254 1193/1511/1273 1191/1509/1271
f 1193/1511/1273 1173/1490/1254 1174/1491/1255
f 1174/1491/1255 1194/1512/1274 1193/1511/1273
f 1194/1512/1274 1174/1491/1255 1175/1492/654
f 1175/1492/654 1195/1513/1275 1194/1512/1274
f 1195/1513/1275 1175/1492/654 1176/1493/1256
f 1176/1493/1256 1196/1514/1276 1195/1513/1275
f 1196/1514/1276 1176/1493/1256 1177/1494/1257
f 1177/1494/1257 1197/1515/1277 1196/1514/1276
f 1197/1515/1277 1177/1494/1257 1178/1495/1258
f 1178/1495/1258 1198/1516/1278 1197/1515/1277
f 1198/1516/1278 1178/1495/1258 1179/1496/1259
f 1179/1496/1259 1199/1517/1279 1198/1516/1278
f 1199/1517/1279 1179/1496/1259 1180/1497/1260
f 1180/1497/1260 1200/1518/1280 1199/1517/1279
f 1200/1518/1280 1180/1497/1260 1181/1498/1261
f 1181/1498/1261 1201/1519/1281 1200/1518/1280
f 1201/1519/1281 1181/1498/1261 1182/1499/1262
f 1182/1499/1262 1202/1520/1282 1201/1519/1281
f 1202/1520/1282 1182/1499/1262 1183/1500/1263
f 1183/1500/1263 1203/1521/1283 1202/1520/1282
f 1203/1521/1283 1183/1500/1263 1184/1501/1264
f 1184/1501/1264 1204/1522/1284 1203/1521/1283
f 1204/1522/1284 1184/1501/1264 1185/1502/1265
f 1185/1502/1265 1205/1523/1285 1204/1522/1284
f 1205/1523/1285 1185/1502/1265 1186/1503/1266
f 1186/1503/1266 1206/1524/1286 1205/1523/1285
f 1206/1524/1286 1186/1503/1266 1187/1504/1267
f 1187/1504/1267 1207/1525/1287 1206/1524/1286
f 1207/1525/1287 1187/1504/1267 1188/1505/1268
f 1188/1505/1268 1208/1526/1288 1207/1525/1287
f 1208/1526/1288 1188/1505/1268 1189/1506/1269
f 1189/1506/1269 1209/1527/1289 1208/1526/1288
f 1209/1527/1289 1189/1506/1269 1190/1507/1270
f 1190/1507/1270 1210/1528/1290 1209/1527/1289
f 1210/1528/1290 1190/1507/1270 1172/1508/1253
f 1172/1508/1253 1192/1529/1272 1210/1528/1290
f 1212/1531/1292 1192/1510/1272 1191/1509/1271
f 1191/1509/1271 1211/1530/1291 1212/1531/1292
f 1211/1530/1291 1191/1509/1271 1193/1511/1273
f 1193/1511/1273 1213/1532/1293 1211/1530/1291
f 1213/1532/1293 1193/1511/1273 1194/1512/1274
f 1194/1512/1274 1214/1533/1294 1213/1532/1293
f 1214/1533/1294 1194/1512/1274 1195/1513/1275
f 1195/1513/1275 1215/1534/1295 1214/1533/1294
f 1215/1534/1295 1195/1513/1275 1196/1514/1276
f 1196/1514/1276 1216/1535/1296 1215/1534/1295
f 1216/1535/1296 1196/1514/1276 1197/1515/1277
f 1197/1515/1277 1217/1536/1297 1216/1535/1296
f 1217/1536/1297 1197/1515/1277 1198/1516/1278
f 1198/1516/1278 1218/1537/1298 1217/1536/1297
f 1218/1537/1298 1198/1516/1278 1199/1517/1279
f 1199/1517/1279 1219/1538/1299 1218/1537/1298
f 1219/1538/1299 1199/1517/1279 1200/1518/1280
f 1200/1518/1280 1220/1539/1300 1219/1538/1299
f 1220/1539/1300 1200/1518/1280 1201/1519/1281
f 1201/1519/1281 1221/1540/1301 1220/1539/1300
f 1221/1540/1301 1201/1519/1281 1202/1520/1282
f 1202/1520/1282 1222/1541/1302 1221/1540/1301
f 1222/1541/1302 1202/1520/1282 1203/1521/1283
f 1203/1521/1283 1223/1542/1303 1222/1541/1302
f 1223/1542/1303 1203/1521/1283 1204/1522/1284
f 1204/1522/1284 1224/1543/1304 1223/1542/1303
f 1224/1543/1304 1204/1522/1284 1205/1523/1285
f 1205/1523/1285 1225/1544/1305 1224/1543/1304
f 1225/1544/1305 1205/1523/1285 1206/1524/1286
f 1206/1524/1286 1226/1545/1306 1225/1544/1305
f 1226/1545/1306 1206/1524/1286 1207/1525/1287
f 1207/1525/1287 1227/1546/1307 1226/1545/1306
f 1227/1546/1307 1207/1525/1287 1208/1526/1288
f 1208/1526/1288 1228/1547/1308 1227/1546/1307
f 1228/1547/1308 1208/1526/1288 1209/1527/1289
f 1209/1527/1289 1229/1548/1309 1228/1547/1308
f 1229/1548/1309 1209/1527/1289 1210/1528/1290
f 1210/1528/1290 1230/1549/1310 1229/1548/1309
f 1230/1549/1310 1210/1528/1290 1192/1529/1272
f 1192/1529/1272 1212/1550/1292 1230/1549/1310
f 1232/1552/1312 1212/1531/1292 1211/1530/1291
f 1211/1530/1291 1231/1551/1311 1232/1552/1312
f 1231/1551/1311 1211/1530/1291 1213/1532/1293
f 1213/1532/1293 1233/1553/1313 1231/1551/1311
f 1233/1553/1313 1213/1532/1293 1214/1533/1294
f 1214/1533/1294 1234/1554/1314 1233/1553/1313
f 1234/1554/1314 1214/1533/1294 1215/1534/1295
f 1215/1534/1295 1235/1555/1315 1234/1554/1314
f 1235/1555/1315 1215/1534/1295 1216/1535/1296
f 1216/1535/1296 1236/1556/1316 1235/1555/1315
f 1236/1556/1316 1216/1535/1296 1217/1536/1297
f 1217/1536/1297 1237/1557/1317 1236/1556/1316
f 1237/1557/1317 1217/1536/1297 1218/1537/1298
f 1218/1537/1298 1238/1558/1318 1237/1557/1317
f 1238/1558/1318 1218/1537/1298 1219/1538/1299
f 1219/1538/1299 1239/1559/1319 1238/1558/1318
f 1239/1559/1319 1219/1538/1299 1220/1539/1300
f 1220/1539/1300 1240/1560/1320 1239/1559/1319
f 1240/1560/1320 1220/1539/1300 1221/1540/1301
f 1221/1540/1301 1241/1561/1321 1240/1560/1320
f 1241/1561/1321 1221/1540/1301 1222/1541/1302
f 1222/1541/1302 1242/1562/1322 1241/1561/1321
f 1242/1562/1322 1222/1541/1302 1223/1542/1303
f 1223/1542/1303 1243/1563/1323 1242/1562/1322
f 1243/1563/1323 1223/1542/1303 1224/1543/1304
f 1224/1543/1304 1244/1564/1324 1243/1563/1323
f 1244/1564/1324 1224/1543/1304 1225/1544/1305
f 1225/1544/1305 1245/1565/1325 1244/1564/1324
f 1245/1565/1325 1225/1544/1305 1226/1545/1306
f 1226/1545/1306 1246/1566/1326 1245/1565/1325
f 1246/1566/1326 1226/1545/1306 1227/1546/1307
f 1227/1546/1307 1247/1567/1327 1246/1566/1326
f 1247/1567/1327 1227/1546/1307 1228/1547/1308
f 1228/1547/1308 1248/1568/1328 1247/1567/1327
f 1248/1568/1328 1228/1547/1308 1229/1548/1309
f 1229/1548/1309 1249/1569/1329 1248/1568/1328
f 1249/1569/1329 1229/1548/1309 1230/1549/1310
f 1230/1549/1310 1250/1570/1330 1249/1569/1329
f 1250/1570/1330 1230/1549/1310 1212/1550/1292
f 1212/1550/1292 1232/1571/1312 1250/1570/1330
f 1252/1573/1332 1232/1552/1312 1231/1551/1311
f 1231/1551/1311 1251/1572/1331 1252/1573/1332
f 1251/1572/1331 1231/1551/1311 1233/1553/1313
f 1233/1553/1313 1253/1574/1333 1251/1572/1331
f 1253/1574/1333 1233/1553/1313 1234/1554/1314
f 1234/1554/1314 1254/1575/1334 1253/1574/1333
f 1254/1575/1334 1234/1554/1314 1235/1555/1315
f 1235/1555/1315 1255/1576/1335 1254/1575/1334
f 1255/1576/1335 1235/1555/1315 1236/1556/1316
f 1236/1556/1316 1256/1577/1336 1255/1576/1335
f 1256/1577/1336 1236/1556/1316 1237/1557/1317
f 1237/1557/1317 1257/1578/1337 1256/1577/1336
f 1257/1578/1337 1237/1557/1317 1238/1558/1318
f 1238/1558/1318 1258/1579/1338 1257/1578/1337
f 1258/1579/1338 1238/1558/1318 1239/1559/1319
f 1239/1559/1319 1259/1580/1339 1258/1579/1338
f 1259/1580/1339 1239/1559/1319 1240/1560/1320
f 1240/1560/1320 1260/1581/1340 1259/1580/1339
f 1260/1581/1340 1240/1560/1320 1241/1561/1321
f 1241/1561/1321 1261/1582/1341 1260/1581/1340
f 1261/1582/1341 1241/1561/1321 1242/1562/1322
f 1242/1562/1322 1262/1583/1342 1261/1582/1341
f 1262/1583/1342 1242/1562/1322 1243/1563/1323
f 1243/1563/1323 1263/1584/1343 1262/1583/1342
f 1263/1584/1343 1243/1563/1323 1244/1564/1324
f 1244/1564/1324 1264/1585/1344 1263/1584/1343
f 1264/1585/1344 1244/1564/1324 1245/1565/1325
f 1245/1565/1325 1265/1586/1345 1264/1585/1344
f 1265/1586/1345 1245/1565/1325 1246/1566/1326
f 1246/1566/1326 1266/1587/1346 1265/1586/1345
f 1266/1587/1346 1246/1566/1326 1247/1567/1327
f 1247/1567/1327 1267/1588/1347 1266/1587/1346
f 1267/1588/1347 1247/1567/1327 1248/1568/1328
f 1248/1568/1328 1268/1589/1348 1267/1588/1347
f 1268/1589/1348 1248/1568/1328 1249/1569/1329
f 1249/1569/1329 1269/1590/1349 1268/1589/1348
f 1269/1590/1349 1249/1569/1329 1250/1570/1330
f 1250/1570/1330 1270/1591/1350 1269/1590/1349
f 1270/1591/1350 1250/1570/1330 1232/1571/1312
f 1232/1571/1312 1252/1592/1332 1270/1591/1350
f 1272/1594/1352 1252/1573/1332 1251/1572/1331
f 1251/1572/1331 1271/1593/1351 1272/1594/1352
f 1271/1593/1351 1251/1572/1331 1253/1574/1333
f 1253/1574/1333 1273/1595/1353 1271/1593/1351
f 1273/1595/1353 1253/1574/1333 1254/1575/1334
f 1254/1575/1334 1274/1596/1354 1273/1595/1353
f 1274/1596/1354 1254/1575/1334 1255/1576/1335
f 1255/1576/1335 1275/1597/1355 1274/1596/1354
f 1275/1597/1355 1255/1576/1335 1256/1577/1336
f 1256/1577/1336 1276/1598/1356 1275/1597/1355
f 1276/1598/1356 1256/1577/1336 1257/1578/1337
f 1257/1578/1337 1277/1599/1357 1276/1598/1356
f 1277/1599/1357 1257/1578/1337 1258/1579/1338
f 1258/1579/1338 1278/1600/1358 1277/1599/1357
f 1278/1600/1358 1258/1579/1338 1259/1580/1339
f 1259/1580/1339 1279/1601/1359 1278/1600/1358
f 1279/1601/1359 1259/1580/1339 1260/1581/1340
f 1260/1581/1340 1280/1602/1360 1279/1601/1359
f 1280/1602/1360 1260/1581/1340 1261/1582/1341
f 1261/1582/1341 1281/1603/1361 1280/1602/1360
f 1281/1603/1361 1261/1582/1341 1262/1583/1342
f 1262/1583/1342 1282/1604/1362 1281/1603/1361
f 1282/1604/1362 1262/1583/1342 1263/1584/1343
f 1263/1584/1343 1283/1605/1363 1282/1604/1362
f 1283/1605/1363 1263/1584/1343 1264/1585/1344
f 1264/1585/1344 1284/1606/1364 1283/1605/1363
f 1284/1606/1364 1264/1585/1344 1265/1586/1345
f 1265/1586/1345 1285/1607/1365 1284/1606/1364
f 1285/1607/1365 1265/1586/1345 1266/1587/1346
f 1266/1587/1346 1286/1608/1366 1285/1607/1365
f 1286/1608/1366 1266/1587/1346 1267/1588/1347
f 1267/1588/1347 1287/1609/1367 1286/1608/1366
f 1287/1609/1367 1267/1588/1347 1268/1589/1348
f 1268/1589/1348 1288/1610/1368 1287/1609/1367
f 1288/1610/1368 1268/1589/1348 1269/1590/1349
f 1269/1590/1349 1289/1611/1369 1288/1610/1368
f 1289/1611/1369 1269/1590/1349 1270/1591/1350
f 1270/1591/1350 1290/1612/1370 1289/1611/1369
f 1290/1612/1370 1270/1591/1350 1252/1592/1332
f 1252/1592/1332 1272/1613/1352 1290/1612/1370
f 1292/1615/1372 1272/1594/1352 1271/1593/1351
f 1271/1593/1351 1291/1614/1371 1292/1615/1372
f 1291/1614/1371 1271/1593/1351 1273/1595/1353
f 1273/1595/1353 1293/1616/1373 1291/1614/1371
f 1293/1616/1373 1273/1595/1353 1274/1596/1354
f 1274/1596/1354 1294/1617/1374 1293/1616/1373
f 1294/1617/1374 1274/1596/1354 1275/1597/1355
f 1275/1597/1355 1295/1618/1375 1294/1617/1374
f 1295/1618/1375 1275/1597/1355 1276/1598/1356
f 1276/1598/1356 1296/1619/1376 1295/1618/1375
f 1296/1619/1376 1276/1598/1356 1277/1599/1357
f 1277/1599/1357 1297/1620/1377 1296/1619/1376
f 1297/1620/1377 1277/1599/1357 1278/1600/1358
f 1278/1600/1358 1298/1621/1378 1297/1620/1377
f 1298/1621/1378 1278/1600/1358 1279/1601/1359
f 1279/1601/1359 1299/1622/1379 1298/1621/1378
f 1299/1622/1379 1279/1601/1359 1280/1602/1360
f 1280/1602/1360 1300/1623/1380 1299/1622/1379
f 1300/1623/1380 1280/1602/1360 1281/1603/1361
f 1281/1603/1361 1301/1624/1381 1300/1623/1380
f 1301/1624/1381 1281/1603/1361 1282/1604/1362
f 1282/1604/1362 1302/1625/1382 1301/1624/1381
f 1302/1625/1382 1282/1604/1362 1283/1605/1363
f 1283/1605/1363 1303/1626/1383 1302/1625/1382
f 1303/1626/1383 1283/1605/1363 1284/1606/1364
f 1284/1606/1364 1304/1627/1384 1303/1626/1383
f 1304/1627/1384 1284/1606/1364 1285/1607/1365
f 1285/1607/1365 1305/1628/1385 1304/1627/1384
f 1305/1628/1385 1285/1607/1365 1286/1608/1366
f 1286/1608/1366 1306/1629/1386 1305/1628/1385
f 1306/1629/1386 1286/1608/1366 1287/1609/1367
f 1287/1609/1367 1307/1630/1387 1306/1629/1386
f 1307/1630/1387 1287/1609/1367 1288/1610/1368
f 1288/1610/1368 1308/1631/1388 1307/1630/1387
f 1308/1631/1388 1288/1610/1368 1289/1611/1369
f 1289/1611/1369 1309/1632/1389 1308/1631/1388
f 1309/1632/1389 1289/1611/1369 1290/1612/1370
f 1290/1612/1370 1310/1633/1390 1309/1632/1389
f 1310/1633/1390 1290/1612/1370 1272/1613/1352
f 1272/1613/1352 1292/1634/1372 1310/1633/1390
f 992/1284/1073 991/1283/1072 1311/1635/1391
f 995/1287/1076 992/1284/1073 1311/1635/1391
f 997/1289/1078 995/1287/1076 1311/1635/1391
f 999/1291/1080 997/1289/1078 1311/1635/1391
f 1001/1293/1082 999/1291/1080 1311/1635/1391
f 1003/1295/1084 1001/1293/1082 1311/1635/1391
f 1005/1297/1086 1003/1295/1084 1311/1635/1391
f 1007/1299/1088 1005/1297/1086 1311/1635/1391
f 1009/1301/1090 1007/1299/1088 1311/1635/1391
f 1011/1303/1092 1009/1301/1090 1311/1635/1391
f 1013/1305/1094 1011/1303/1092 1311/1635/1391
f 1015/1307/1096 1013/1305/1094 1311/1635/1391
f 1017/1309/1098 1015/1307/1096 1311/1635/1391
f 1019/1311/1100 1017/1309/1098 1311/1635/1391
f 1021/1313/1102 1019/1311/1100 1311/1635/1391
f 1023/1315/1104 1021/1313/1102 1311/1635/1391
f 1025/1317/1106 1023/1315/1104 1311/1635/1391
f 1027/1319/1108 1025/1317/1106 1311/1635/1391
f 1029/1321/1110 1027/1319/1108 1311/1635/1391
f 991/1283/1072 1029/1321/1110 1311/1635/1391
f 1313/1639/1392 1292/1636/1392 1291/1637/1392
f 1291/1637/1392 1312/1638/1392 1313/1639/1392
f 1312/1638/1393 1291/1637/1393 1293/1640/1393
f 1293/1640/1393 1314/1641/1393 1312/1638/1393
f 1314/1641/1394 1293/1640/1394 1294/1642/1394
f 1294/1642/1394 1315/1643/1394 1314/1641/1394
f 1315/1643/1395 1294/1642/1395 1295/1644/1395
f 1295/1644/1395 1316/1645/1395 1315/1643/1395
f 1316/1645/1396 1295/1644/1396 1296/1646/1396
f 1296/1646/1396 1317/1647/1396 1316/1645/1396
f 1317/1647/1397 1296/1646/1397 1297/1648/1397
f 1297/1648/1397 1318/1649/1397 1317/1647/1397
f 1318/1649/1398 1297/1648/1398 1298/1650/1398
f 1298/1650/1398 1319/1651/1398 1318/1649/1398
f 1319/1651/1399 1298/1650/1399 1299/1652/1399
f 1299/1652/1399 1320/1653/1399 1319/1651/1399
f 1320/1653/1400 1299/1652/1400 1300/1654/1400
f 1300/1654/1400 1321/1655/1400 1320/1653/1400
f 1321/1655/1401 1300/1654/1401 1301/1656/1401
f 1301/1656/1401 1322/1657/1401 1321/1655/1401
f 1322/1657/1402 1301/1656/1402 1302/1658/1402
f 1302/1658/1402 1323/1659/1402 1322/1657/1402
f 1323/1659/1403 1302/1658/1403 1303/1660/1403
f 1303/1660/1403 1324/1661/1403 1323/1659/1403
f 1324/1661/1404 1303/1660/1404 1304/1662/1404
f 1304/1662/1404 1325/1663/1404 1324/1661/1404
f 1325/1663/1405 1304/1662/1405 1305/1664/1405
f 1305/1664/1405 1326/1665/1405 1325/1663/1405
f 1326/1665/1406 1305/1664/1406 1306/1666/1406
f 1306/1666/1406 1327/1667/1406 1326/1665/1406
f 1327/1667/1407 1306/1666/1407 1307/1668/1407
f 1307/1668/1407 1328/1669/1408 1327/1667/1407
f 1328/1669/1403 1307/1668/1403 1308/1670/1403
f 1308/1670/1403 1329/1671/1403 1328/1669/1403
f 1329/1671/1409 1308/1670/1409 1309/1672/1409
f 1309/1672/1409 1330/1673/1409 1329/1671/1409
f 1330/1673/1411 1309/1672/1410 1310/1674/1411
f 1310/1674/1411 1331/1675/1410 1330/1673/1411
f 1331/1675/1413 1310/1674/1412 1292/1636/1412
f 1292/1636/1412 1313/1639/1413 1331/1675/1413
f 1333/1679/1417 1313/1676/1414 1312/1677/1415
f 1312/1677/1415 1332/1678/1416 1333/1679/1417
f 1332/1678/1416 1312/1677/1415 1314/1680/1418
f 1314/1680/1418 1334/1681/1419 1332/1678/1416
f 1334/1681/1419 1314/1680/1418 1315/1682/1420
f 1315/1682/1420 1335/1683/1421 1334/1681/1419
f 1335/1683/1421 1315/1682/1420 1316/1684/1422
f 1316/1684/1422 1336/1685/1423 1335/1683/1421
f 1336/1685/1423 1316/1684/1422 1317/1686/1424
f 1317/1686/1424 1337/1687/1425 1336/1685/1423
f 1337/1687/1425 1317/1686/1424 1318/1688/1426
f 1318/1688/1426 1338/1689/1427 1337/1687/1425
f 1338/1689/1427 1318/1688/1426 1319/1690/1428
f 1319/1690/1428 1339/1691/1429 1338/1689/1427
f 1339/1691/1429 1319/1690/1428 1320/1692/1430
f 1320/1692/1430 1340/1693/1431 1339/1691/1429
f 1340/1693/1431 1320/1692/1430 1321/1694/1432
f 1321/1694/1432 1341/1695/1433 1340/1693/1431
f 1341/1695/1433 1321/1694/1432 1322/1696/1434
f 1322/1696/1434 1342/1697/1435 1341/1695/1433
f 1342/1697/1435 1322/1696/1434 1323/1698/1436
f 1323/1698/1436 1343/1699/1437 1342/1697/1435
f 1343/1699/1437 1323/1698/1436 1324/1700/1438
f 1324/1700/1438 1344/1701/1439 1343/1699/1437
f 1344/1701/1439 1324/1700/1438 1325/1702/1440
f 1325/1702/1440 1345/1703/1441 1344/1701/1439
f 1345/1707/1441 1325/1704/1440 1326/1705/1442
f 1326/1705/1442 1346/1706/1443 1345/1707/1441
f 1346/1706/1443 1326/1705/1442 1327/1708/1444
f 1327/1708/1444 1347/1709/1445 1346/1706/1443
f 1347/1709/1445 1327/1708/1444 1328/1710/1446
f 1328/1710/1446 1348/1711/1447 1347/1709/1445
f 1348/1711/1447 1328/1710/1446 1329/1712/1448
f 1329/1712/1448 1349/1713/1449 1348/1711/1447
f 1349/1713/1449 1329/1712/1448 1330/1714/1450
f 1330/1714/1450 1350/1715/1451 1349/1713/1449
f 1350/1715/1451 1330/1714/1450 1331/1716/1452
f 1331/1716/1452 1351/1717/1453 1350/1715/1451
f 1351/1717/1453 1331/1716/1452 1313/1676/1414
f 1313/1676/1414 1333/1679/1417 1351/1717/1453
f 1353/1721/1455 1333/1718/1417 1332/1719/1416
f 1332/1719/1416 1352/1720/1454 1353/1721/1455
f 1352/1720/1454 1332/1719/1416 1334/1722/1419
f 1334/1722/1419 1354/1723/1456 1352/1720/1454
f 1354/1723/1456 1334/1722/1419 1335/1724/1421
f 1335/1724/1421 1355/1725/1457 1354/1723/1456
f 1355/1725/1457 1335/1724/1421 1336/1726/1423
f 1336/1726/1423 1356/1727/1458 1355/1725/1457
f 1356/1727/1458 1336/1726/1423 1337/1728/1425
f 1337/1728/1425 1357/1729/1459 1356/1727/1458
f 1357/1729/1459 1337/1728/1425 1338/1730/1427
f 1338/1730/1427 1358/1731/1460 1357/1729/1459
f 1358/1731/1460 1338/1730/1427 1339/1732/1429
f 1339/1732/1429 1359/1733/1461 1358/1731/1460
f 1359/1733/1461 1339/1732/1429 1340/1734/1431
f 1340/1734/1431 1360/1735/1462 1359/1733/1461
f 1360/1735/1462 1340/1734/1431 1341/1736/1433
f 1341/1736/1433 1361/1737/1463 1360/1735/1462
f 1361/1737/1463 1341/1736/1433 1342/1738/1435
f 1342/1738/1435 1362/1739/1464 1361/1737/1463
f 1362/1739/1464 1342/1738/1435 1343/1740/1437
f 1343/1740/1437 1363/1741/1465 1362/1739/1464
f 1363/1741/1465 1343/1740/1437 1344/1742/1439
f 1344/1742/1439 1364/1743/1466 1363/1741/1465
f 1364/1743/1466 1344/1742/1439 1345/1744/1441
f 1345/1744/1441 1365/1745/1467 1364/1743/1466
f 1365/1745/1467 1345/1744/1441 1346/1746/1443
f 1346/1746/1443 1366/1747/664 1365/1745/1467
f 1366/1747/664 1346/1746/1443 1347/1748/1445
f 1347/1748/1445 1367/1749/1468 1366/1747/664
f 1367/1749/1468 1347/1748/1445 1348/1750/1447
f 1348/1750/1447 1368/1751/1469 1367/1749/1468
f 1368/1751/1469 1348/1750/1447 1349/1752/1449
f 1349/1752/1449 1369/1753/1470 1368/1751/1469
f 1369/1757/1470 1349/1754/1449 1350/1755/1451
f 1350/1755/1451 1370/1756/1471 1369/1757/1470
f 1370/1756/1471 1350/1755/1451 1351/1758/1453
f 1351/1758/1453 1371/1759/1472 1370/1756/1471
f 1371/1759/1472 1351/1758/1453 1333/1718/1417
f 1333/1718/1417 1353/1721/1455 1371/1759/1472
f 1375/1763/1476 1372/1760/1473 1373/1761/1474
f 1373/1761/1474 1374/1762/1475 1375/1763/1476
f 1374/1762/1475 1373/1761/1474 1376/1764/1477
f 1376/1764/1477 1377/1765/1478 1374/1762/1475
f 1377/1765/1478 1376/1764/1477 1378/1766/1479
f 1378/1766/1479 1379/1767/1480 1377/1765/1478
f 1379/1767/1480 1378/1766/1479 1380/1768/1481
f 1380/1768/1481 1381/1769/1482 1379/1767/1480
f 1381/1769/1482 1380/1768/1481 1382/1770/1483
f 1382/1770/1483 1383/1771/1484 1381/1769/1482
f 1383/1771/1484 1382/1770/1483 1384/1772/1485
f 1384/1772/1485 1385/1773/1486 1383/1771/1484
f 1385/1773/1486 1384/1772/1485 1386/1774/1487
f 1386/1774/1487 1387/1775/1488 1385/1773/1486
f 1387/1775/1488 1386/1774/1487 1388/1776/1489
f 1388/1776/1489 1389/1777/1490 1387/1775/1488
f 1389/1777/1490 1388/1776/1489 1390/1778/1491
f 1390/1778/1491 1391/1779/1492 1389/1777/1490
f 1391/1779/1492 1390/1778/1491 1392/1780/1493
f 1392/1780/1493 1393/1781/1494 1391/1779/1492
f 1393/1781/1494 1392/1780/1493 1394/1782/1495
f 1394/1782/1495 1395/1783/1496 1393/1781/1494
f 1395/1783/1496 1394/1782/1495 1396/1784/1497
f 1396/1784/1497 1397/1785/1498 1395/1783/1496
f 1397/1785/1498 1396/1784/1497 1398/1786/1499
f 1398/1786/1499 1399/1787/1500 1397/1785/1498
f 1399/1787/1500 1398/1786/1499 1400/1788/1501
f 1400/1788/1501 1401/1789/1502 1399/1787/1500
f 1401/1789/1502 1400/1788/1501 1402/1790/1503
f 1402/1790/1503 1403/1791/1504 1401/1789/1502
f 1403/1791/1504 1402/1790/1503 1404/1792/1505
f 1404/1792/1505 1405/1793/1506 1403/1791/1504
f 1405/1797/1506 1404/1794/1505 1406/1795/1507
f 1406/1795/1507 1407/1796/1508 1405/1797/1506
f 1407/1796/1508 1406/1795/1507 1408/1798/1509
f 1408/1798/1509 1409/1799/1510 1407/1796/1508
f 1409/1799/1510 1408/1798/1509 1410/1800/1511
f 1410/1800/1511 1411/1801/1512 1409/1799/1510
f 1411/1801/1512 1410/1800/1511 1372/1802/1473
f 1372/1802/1473 1375/1803/1476 1411/1801/1512
f 1413/1807/1514 1375/1804/1476 1374/1805/1475
f 1374/1805/1475 1412/1806/1513 1413/1807/1514
f 1412/1806/1513 1374/1805/1475 1377/1808/1478
f 1377/1808/1478 1414/1809/1515 1412/1806/1513
f 1414/1809/1515 1377/1808/1478 1379/1810/1480
f 1379/1810/1480 1415/1811/1516 1414/1809/1515
f 1415/1811/1516 1379/1810/1480 1381/1812/1482
f 1381/1812/1482 1416/1813/1517 1415/1811/1516
f 1416/1813/1517 1381/1812/1482 1383/1814/1484
f 1383/1814/1484 1417/1815/1518 1416/1813/1517
f 1417/1815/1518 1383/1814/1484 1385/1816/1486
f 1385/1816/1486 1418/1817/1519 1417/1815/1518
f 1418/1817/1519 1385/1816/1486 1387/1818/1488
f 1387/1818/1488 1419/1819/1520 1418/1817/1519
f 1419/1819/1520 1387/1818/1488 1389/1820/1490
f 1389/1820/1490 1420/1821/1521 1419/1819/1520
f 1420/1821/1521 1389/1820/1490 1391/1822/1492
f 1391/1822/1492 1421/1823/1522 1420/1821/1521
f 1421/1823/1522 1391/1822/1492 1393/1824/1494
f 1393/1824/1494 1422/1825/1523 1421/1823/1522
f 1422/1825/1523 1393/1824/1494 1395/1826/1496
f 1395/1826/1496 1423/1827/1524 1422/1825/1523
f 1423/1827/1524 1395/1826/1496 1397/1828/1498
f 1397/1828/1498 1424/1829/1525 1423/1827/1524
f 1424/1829/1525 1397/1828/1498 1399/1830/1500
f 1399/1830/1500 1425/1831/1526 1424/1829/1525
f 1425/1831/1526 1399/1830/1500 1401/1832/1502
f 1401/1832/1502 1426/1833/1527 1425/1831/1526
f 1426/1833/1527 1401/1832/1502 1403/1834/1504
f 1403/1834/1504 1427/1835/1528 1426/1833/1527
f 1427/1835/1528 1403/1834/1504 1405/1836/1506
f 1405/1836/1506 1428/1837/1529 1427/1835/1528
f 1428/1837/1529 1405/1836/1506 1407/1838/1508
f 1407/1838/1508 1429/1839/1530 1428/1837/1529
f 1429/1839/1530 1407/1838/1508 1409/1840/1510
f 1409/1840/1510 1430/1841/1531 1429/1839/1530
f 1430/1841/1531 1409/1840/1510 1411/1842/1512
f 1411/1842/1512 1431/1843/1532 1430/1841/1531
f 1431/1843/1532 1411/1842/1512 1375/1804/1476
f 1375/1804/1476 1413/1807/1514 1431/1843/1532
f 1433/1845/1534 1413/1807/1514 1412/1806/1513
f 1412/1806/1513 1432/1844/1533 1433/1845/1534
f 1432/1844/1533 1412/1806/1513 1414/1809/1515
f 1414/1809/1515 1434/1846/1535 1432/1844/1533
f 1434/1846/1535 1414/1809/1515 1415/1811/1516
f 1415/1811/1516 1435/1847/1536 1434/1846/1535
f 1435/1847/1536 1415/1811/1516 1416/1813/1517
f 1416/1813/1517 1436/1848/1537 1435/1847/1536
f 1436/1848/1537 1416/1813/1517 1417/1815/1518
f 1417/1815/1518 1437/1849/1538 1436/1848/1537
f 1437/1849/1538 1417/1815/1518 1418/1817/1519
f 1418/1817/1519 1438/1850/1539 1437/1849/1538
f 1438/1850/1539 1418/1817/1519 1419/1819/1520
f 1419/1819/1520 1439/1851/1540 1438/1850/1539
f 1439/1851/1540 1419/1819/1520 1420/1821/1521
f 1420/1821/1521 1440/1852/1541 1439/1851/1540
f 1440/1852/1541 1420/1821/1521 1421/1823/1522
f 1421/1823/1522 1441/1853/1542 1440/1852/1541
f 1441/1853/1542 1421/1823/1522 1422/1825/1523
f 1422/1825/1523 1442/1854/1543 1441/1853/1542
f 1442/1854/1543 1422/1825/1523 1423/1827/1524
f 1423/1827/1524 1443/1855/1544 1442/1854/1543
f 1443/1855/1544 1423/1827/1524 1424/1829/1525
f 1424/1829/1525 1444/1856/1545 1443/1855/1544
f 1444/1856/1545 1424/1829/1525 1425/1831/1526
f 1425/1831/1526 1445/1857/1546 1444/1856/1545
f 1445/1857/1546 1425/1831/1526 1426/1833/1527
f 1426/1833/1527 1446/1858/1547 1445/1857/1546
f 1446/1858/1547 1426/1833/1527 1427/1835/1528
f 1427/1835/1528 1447/1859/1548 1446/1858/1547
f 1447/1859/1548 1427/1835/1528 1428/1837/1529
f 1428/1837/1529 1448/1860/1549 1447/1859/1548
f 1448/1860/1549 1428/1837/1529 1429/1839/1530
f 1429/1839/1530 1449/1861/1550 1448/1860/1549
f 1449/1861/1550 1429/1839/1530 1430/1841/1531
f 1430/1841/1531 1450/1862/1551 1449/1861/1550
f 1450/1862/1551 1430/1841/1531 1431/1843/1532
f 1431/1843/1532 1451/1863/1552 1450/1862/1551
f 1451/1863/1552 1431/1843/1532 1413/1807/1514
f 1413/1807/1514 1433/1845/1534 1451/1863/1552
f 1453/1865/1554 1433/1845/1534 1432/1844/1533
f 1432/1844/1533 1452/1864/1553 1453/1865/1554
f 1452/1864/1553 1432/1844/1533 1434/1846/1535
f 1434/1846/1535 1454/1866/1555 1452/1864/1553
f 1454/1866/1555 1434/1846/1535 1435/1847/1536
f 1435/1847/1536 1455/1867/1556 1454/1866/1555
f 1455/1867/1556 1435/1847/1536 1436/1848/1537
f 1436/1848/1537 1456/1868/1557 1455/1867/1556
f 1456/1868/1557 1436/1848/1537 1437/1849/1538
f 1437/1849/1538 1457/1869/1558 1456/1868/1557
f 1457/1869/1558 1437/1849/1538 1438/1850/1539
f 1438/1850/1539 1458/1870/1559 1457/1869/1558
f 1458/1870/1559 1438/1850/1539 1439/1851/1540
f 1439/1851/1540 1459/1871/1560 1458/1870/1559
f 1459/1871/1560 1439/1851/1540 1440/1852/1541
f 1440/1852/1541 1460/1872/1561 1459/1871/1560
f 1460/1872/1561 1440/1852/1541 1441/1853/1542
f 1441/1853/1542 1461/1873/1562 1460/1872/1561
f 1461/1873/1562 1441/1853/1542 1442/1854/1543
f 1442/1854/1543 1462/1874/1563 1461/1873/1562
f 1462/1874/1563 1442/1854/1543 1443/1855/1544
f 1443/1855/1544 1463/1875/1564 1462/1874/1563
f 1463/1875/1564 1443/1855/1544 1444/1856/1545
f 1444/1856/1545 1464/1876/1565 1463/1875/1564
f 1464/1876/1565 1444/1856/1545 1445/1857/1546
f 1445/1857/1546 1465/1877/1566 1464/1876/1565
f 1465/1877/1566 1445/1857/1546 1446/1858/1547
f 1446/1858/1547 1466/1878/1567 1465/1877/1566
f 1466/1878/1567 1446/1858/1547 1447/1859/1548
f 1447/1859/1548 1467/1879/1568 1466/1878/1567
f 1467/1879/1568 1447/1859/1548 1448/1860/1549
f 1448/1860/1549 1468/1880/1569 1467/1879/1568
f 1468/1880/1569 1448/1860/1549 1449/1861/1550
f 1449/1861/1550 1469/1881/1570 1468/1880/1569
f 1469/1881/1570 1449/1861/1550 1450/1862/1551
f 1450/1862/1551 1470/1882/1571 1469/1881/1570
f 1470/1882/1571 1450/1862/1551 1451/1863/1552
f 1451/1863/1552 1471/1883/1572 1470/1882/1571
f 1471/1883/1572 1451/1863/1552 1433/1845/1534
f 1433/1845/1534 1453/1865/1554 1471/1883/1572
f 1473/1887/1574 1453/1884/1554 1452/1885/1553
f 1452/1885/1553 1472/1886/1573 1473/1887/1574
f 1472/1886/1573 1452/1885/1553 1454/1888/1555
f 1454/1888/1555 1474/1889/1575 1472/1886/1573
f 1474/1889/1575 1454/1888/1555 1455/1890/1556
f 1455/1890/1556 1475/1891/1576 1474/1889/1575
f 1475/1891/1576 1455/1890/1556 1456/1892/1557
f 1456/1892/1557 1476/1893/1577 1475/1891/1576
f 1476/1893/1577 1456/1892/1557 1457/1894/1558
f 1457/1894/1558 1477/1895/1578 1476/1893/1577
f 1477/1895/1578 1457/1894/1558 1458/1896/1559
f 1458/1896/1559 1478/1897/1579 1477/1895/1578
f 1478/1897/1579 1458/1896/1559 1459/1898/1560
f 1459/1898/1560 1479/1899/1580 1478/1897/1579
f 1479/1899/1580 1459/1898/1560 1460/1900/1561
f 1460/1900/1561 1480/1901/1581 1479/1899/1580
f 1480/1901/1581 1460/1900/1561 1461/1902/1562
f 1461/1902/1562 1481/1903/1582 1480/1901/1581
f 1481/1903/1582 1461/1902/1562 1462/1904/1563
f 1462/1904/1563 1482/1905/1583 1481/1903/1582
f 1482/1905/1583 1462/1904/1563 1463/1906/1564
f 1463/1906/1564 1483/1907/1584 1482/1905/1583
f 1483/1907/1584 1463/1906/1564 1464/1908/1565
f 1464/1908/1565 1484/1909/1585 1483/1907/1584
f 1484/1909/1585 1464/1908/1565 1465/1910/1566
f 1465/1910/1566 1485/1911/1586 1484/1909/1585
f 1485/1911/1586 1465/1910/1566 1466/1912/1567
f 1466/1912/1567 1486/1913/1587 1485/1911/1586
f 1486/1913/1587 1466/1912/1567 1467/1914/1568
f 1467/1914/1568 1487/1915/1588 1486/1913/1587
f 1487/1915/1588 1467/1914/1568 1468/1916/1569
f 1468/1916/1569 1488/1917/1589 1487/1915/1588
f 1488/1917/1589 1468/1916/1569 1469/1918/1570
f 1469/1918/1570 1489/1919/1590 1488/1917/1589
f 1489/1919/1590 1469/1918/1570 1470/1920/1571
f 1470/1920/1571 1490/1921/1591 1489/1919/1590
f 1490/1921/1591 1470/1920/1571 1471/1922/1572
f 1471/1922/1572 1491/1923/1592 1490/1921/1591
f 1491/1923/1592 1471/1922/1572 1453/1884/1554
f 1453/1884/1554 1473/1887/1574 1491/1923/1592
f 1493/1925/1594 1473/1887/1574 1472/1886/1573
f 1472/1886/1573 1492/1924/1593 1493/1925/1594
f 1492/1924/1593 1472/1886/1573 1474/1889/1575
f 1474/1889/1575 1494/1926/1595 1492/1924/1593
f 1494/1926/1595 1474/1889/1575 1475/1891/1576
f 1475/1891/1576 1495/1927/1596 1494/1926/1595
f 1495/1927/1596 1475/1891/1576 1476/1893/1577
f 1476/1893/1577 1496/1928/1597 1495/1927/1596
f 1496/1928/1597 1476/1893/1577 1477/1895/1578
f 1477/1895/1578 1497/1929/1598 1496/1928/1597
f 1497/1929/1598 1477/1895/1578 1478/1897/1579
f 1478/1897/1579 1498/1930/1599 1497/1929/1598
f 1498/1930/1599 1478/1897/1579 1479/1899/1580
f 1479/1899/1580 1499/1931/1600 1498/1930/1599
f 1499/1931/1600 1479/1899/1580 1480/1901/1581
f 1480/1901/1581 1500/1932/1601 1499/1931/1600
f 1500/1932/1601 1480/1901/1581 1481/1903/1582
f 1481/1903/1582 1501/1933/1602 1500/1932/1601
f 1501/1933/1602 1481/1903/1582 1482/1905/1583
f 1482/1905/1583 1502/1934/1603 1501/1933/1602
f 1502/1934/1603 1482/1905/1583 1483/1907/1584
f 1483/1907/1584 1503/1935/1604 1502/1934/1603
f 1503/1935/1604 1483/1907/1584 1484/1909/1585
f 1484/1909/1585 1504/1936/1605 1503/1935/1604
f 1504/1936/1605 1484/1909/1585 1485/1911/1586
f 1485/1911/1586 1505/1937/1606 1504/1936/1605
f 1505/1937/1606 1485/1911/1586 1486/1913/1587
f 1486/1913/1587 1506/1938/1607 1505/1937/1606
f 1506/1938/1607 1486/1913/1587 1487/1915/1588
f 1487/1915/1588 1507/1939/1608 1506/1938/1607
f 1507/1939/1608 1487/1915/1588 1488/1917/1589
f 1488/1917/1589 1508/1940/1609 1507/1939/1608
f 1508/1940/1609 1488/1917/1589 1489/1919/1590
f 1489/1919/1590 1509/1941/1610 1508/1940/1609
f 1509/1941/1610 1489/1919/1590 1490/1921/1591
f 1490/1921/1591 1510/1942/1611 1509/1941/1610
f 1510/1942/1611 1490/1921/1591 1491/1923/1592
f 1491/1923/1592 1511/1943/1612 1510/1942/1611
f 1511/1943/1612 1491/1923/1592 1473/1887/1574
f 1473/1887/1574 1493/1925/1594 1511/1943/1612
f 1513/1945/1614 1493/1925/1594 1492/1924/1593
f 1492/1924/1593 1512/1944/1613 1513/1945/1614
f 1512/1944/1613 1492/1924/1593 1494/1926/1595
f 1494/1926/1595 1514/1946/1615 1512/1944/1613
f 1514/1946/1615 1494/1926/1595 1495/1927/1596
f 1495/1927/1596 1515/1947/1616 1514/1946/1615
f 1515/1947/1616 1495/1927/1596 1496/1928/1597
f 1496/1928/1597 1516/1948/1617 1515/1947/1616
f 1516/1948/1617 1496/1928/1597 1497/1929/1598
f 1497/1929/1598 1517/1949/1618 1516/1948/1617
f 1517/1949/1618 1497/1929/1598 1498/1930/1599
f 1498/1930/1599 1518/1950/1619 1517/1949/1618
f 1518/1950/1619 1498/1930/1599 1499/1931/1600
f 1499/1931/1600 1519/1951/1620 1518/1950/1619
f 1519/1951/1620 1499/1931/1600 1500/1932/1601
f 1500/1932/1601 1520/1952/1621 1519/1951/1620
f 1520/1952/1621 1500/1932/1601 1501/1933/1602
f 1501/1933/1602 1521/1953/1622 1520/1952/1621
f 1521/1953/1622 1501/1933/1602 1502/1934/1603
f 1502/1934/1603 1522/1954/1623 1521/1953/1622
f 1522/1954/1623 1502/1934/1603 1503/1935/1604
f 1503/1935/1604 1523/1955/1624 1522/1954/1623
f 1523/1955/1624 1503/1935/1604 1504/1936/1605
f 1504/1936/1605 1524/1956/1625 1523/1955/1624
f 1524/1956/1625 1504/1936/1605 1505/1937/1606
f 1505/1937/1606 1525/1957/1626 1524/1956/1625
f 1525/1957/1626 1505/1937/1606 1506/1938/1607
f 1506/1938/1607 1526/1958/1627 1525/1957/1626
f 1526/1958/1627 1506/1938/1607 1507/1939/1608
f 1507/1939/1608 1527/1959/1628 1526/1958/1627
f 1527/1959/1628 1507/1939/1608 1508/1940/1609
f 1508/1940/1609 1528/1960/1629 1527/1959/1628
f 1528/1960/1629 1508/1940/1609 1509/1941/1610
f 1509/1941/1610 1529/1961/1630 1528/1960/1629
f 1529/1961/1630 1509/1941/1610 1510/1942/1611
f 1510/1942/1611 1530/1962/1631 1529/1961/1630
f 1530/1962/1631 1510/1942/1611 1511/1943/1612
f 1511/1943/1612 1531/1963/1632 1530/1962/1631
f 1531/1963/1632 1511/1943/1612 1493/1925/1594
f 1493/1925/1594 1513/1945/1614 1531/1963/1632
f 1513/1945/1614 1512/1944/1613 1532/1964/1633
f 1512/1944/1613 1514/1946/1615 1532/1964/1633
f 1514/1946/1615 1515/1947/1616 1532/1964/1633
f 1515/1947/1616 1516/1948/1617 1532/1964/1633
f 1516/1948/1617 1517/1949/1618 1532/1964/1633
f 1517/1949/1618 1518/1950/1619 1532/1964/1633
f 1518/1950/1619 1519/1951/1620 1532/1964/1633
f 1519/1951/1620 1520/1952/1621 1532/1964/1633
f 1520/1952/1621 1521/1953/1622 1532/1964/1633
f 1521/1953/1622 1522/1954/1623 1532/1964/1633
f 1522/1954/1623 1523/1955/1624 1532/1964/1633
f 1523/1955/1624 1524/1956/1625 1532/1964/1633
f 1524/1956/1625 1525/1957/1626 1532/1964/1633
f 1525/1957/1626 1526/1958/1627 1532/1964/1633
f 1526/1958/1627 1527/1959/1628 1532/1964/1633
f 1527/1959/1628 1528/1960/1629 1532/1964/1633
f 1528/1960/1629 1529/1961/1630 1532/1964/1633
f 1529/1961/1630 1530/1962/1631 1532/1964/1633
f 1530/1962/1631 1531/1963/1632 1532/1964/1633
f 1531/1963/1632 1513/1945/1614 1532/1964/1633
f 1536/1968/1637 1533/1965/1634 1534/1966/1635
f 1534/1966/1635 1535/1967/1636 1536/1968/1637
f 1535/1967/1636 1534/1966/1635 1537/1969/1638
f 1537/1969/1638 1538/1970/1639 1535/1967/1636
f 1538/1970/1639 1537/1969/1638 1539/1971/1640
f 1539/1971/1640 1540/1972/1641 1538/1970/1639
f 1540/1972/1641 1539/1971/1640 1541/1973/1642
f 1541/1973/1642 1542/1974/1643 1540/1972/1641
f 1542/1974/1643 1541/1973/1642 1543/1975/1644
f 1543/1975/1644 1544/1976/1645 1542/1974/1643
f 1544/1976/1645 1543/1975/1644 1545/1977/1646
f 1545/1977/1646 1546/1978/1647 1544/1976/1645
f 1546/1978/1647 1545/1977/1646 1547/1979/1648
f 1547/1979/1648 1548/1980/1649 1546/1978/1647
f 1548/1980/1649 1547/1979/1648 1549/1981/1650
f 1549/1981/1650 1550/1982/1651 1548/1980/1649
f 1550/1982/1651 1549/1981/1650 1551/1983/1652
f 1551/1983/1652 1552/1984/1653 1550/1982/1651
f 1552/1984/1653 1551/1983/1652 1553/1985/1654
f 1553/1985/1654 1554/1986/1655 1552/1984/1653
f 1554/1986/1655 1553/1985/1654 1555/1987/1656
f 1555/1987/1656 1556/1988/1657 1554/1986/1655
f 1556/1988/1657 1555/1987/1656 1557/1989/1658
f 1557/1989/1658 1558/1990/1659 1556/1988/1657
f 1558/1990/1659 1557/1989/1658 1559/1991/1660
f 1559/1991/1660 1560/1992/1661 1558/1990/1659
f 1560/1992/1661 1559/1991/1660 1561/1993/1662
f 1561/1993/1662 1562/1994/1663 1560/1992/1661
f 1562/1994/1663 1561/1993/1662 1563/1995/1664
f 1563/1995/1664 1564/1996/1665 1562/1994/1663
f 1564/1996/1665 1563/1995/1664 1565/1997/1666
f 1565/1997/1666 1566/1998/1667 1564/1996/1665
f 1566/1998/1667 1565/1997/1666 1567/1999/1668
f 1567/1999/1668 1568/2000/1669 1566/1998/1667
f 1568/2004/1669 1567/2001/1668 1569/2002/1670
f 1569/2002/1670 1570/2003/1671 1568/2004/1669
f 1570/2003/1671 1569/2002/1670 1571/2005/1672
f 1571/2005/1672 1572/2006/1673 1570/2003/1671
f 1572/2006/1673 1571/2005/1672 1533/1965/1634
f 1533/1965/1634 1536/1968/1637 1572/2006/1673
f 1574/2008/1675 1536/1968/1637 1535/1967/1636
f 1535/1967/1636 1573/2007/1674 1574/2008/1675
f 1573/2007/1674 1535/1967/1636 1538/1970/1639
f 1538/1970/1639 1575/2009/1676 1573/2007/1674
f 1575/2009/1676 1538/1970/1639 1540/1972/1641
f 1540/1972/1641 1576/2010/1677 1575/2009/1676
f 1576/2010/1677 1540/1972/1641 1542/1974/1643
f 1542/1974/1643 1577/2011/1678 1576/2010/1677
f 1577/2011/1678 1542/1974/1643 1544/1976/1645
f 1544/1976/1645 1578/2012/1679 1577/2011/1678
f 1578/2012/1679 1544/1976/1645 1546/1978/1647
f 1546/1978/1647 1579/2013/1680 1578/2012/1679
f 1579/2013/1680 1546/1978/1647 1548/1980/1649
f 1548/1980/1649 1580/2014/1681 1579/2013/1680
f 1580/2014/1681 1548/1980/1649 1550/1982/1651
f 1550/1982/1651 1581/2015/1682 1580/2014/1681
f 1581/2015/1682 1550/1982/1651 1552/1984/1653
f 1552/1984/1653 1582/2016/1683 1581/2015/1682
f 1582/2016/1683 1552/1984/1653 1554/1986/1655
f 1554/1986/1655 1583/2017/1684 1582/2016/1683
f 1583/2017/1684 1554/1986/1655 1556/1988/1657
f 1556/1988/1657 1584/2018/1685 1583/2017/1684
f 1584/2018/1685 1556/1988/1657 1558/1990/1659
f 1558/1990/1659 1585/2019/1686 1584/2018/1685
f 1585/2019/1686 1558/1990/1659 1560/1992/1661
f 1560/1992/1661 1586/2020/1687 1585/2019/1686
f 1586/2020/1687 1560/1992/1661 1562/1994/1663
f 1562/1994/1663 1587/2021/1688 1586/2020/1687
f 1587/2021/1688 1562/1994/1663 1564/1996/1665
f 1564/1996/1665 1588/2022/1689 1587/2021/1688
f 1588/2022/1689 1564/1996/1665 1566/1998/1667
f 1566/1998/1667 1589/2023/1690 1588/2022/1689
f 1589/2023/1690 1566/1998/1667 1568/2000/1669
f 1568/2000/1669 1590/2024/1691 1589/2023/1690
f 1590/2026/1691 1568/2004/1669 1570/2003/1671
f 1570/2003/1671 1591/2025/1692 1590/2026/1691
f 1591/2025/1692 1570/2003/1671 1572/2006/1673
f 1572/2006/1673 1592/2027/1693 1591/2025/1692
f 1592/2027/1693 1572/2006/1673 1536/1968/1637
f 1536/1968/1637 1574/2008/1675 1592/2027/1693
f 1594/2029/1695 1574/2008/1675 1573/2007/1674
f 1573/2007/1674 1593/2028/1694 1594/2029/1695
f 1593/2028/1694 1573/2007/1674 1575/2009/1676
f 1575/2009/1676 1595/2030/1696 1593/2028/1694
f 1595/2030/1696 1575/2009/1676 1576/2010/1677
f 1576/2010/1677 1596/2031/1697 1595/2030/1696
f 1596/2031/1697 1576/2010/1677 1577/2011/1678
f 1577/2011/1678 1597/2032/1698 1596/2031/1697
f 1597/2032/1698 1577/2011/1678 1578/2012/1679
f 1578/2012/1679 1598/2033/1699 1597/2032/1698
f 1598/2033/1699 1578/2012/1679 1579/2013/1680
f 1579/2013/1680 1599/2034/1700 1598/2033/1699
f 1599/2034/1700 1579/2013/1680 1580/2014/1681
f 1580/2014/1681 1600/2035/1701 1599/2034/1700
f 1600/2035/1701 1580/2014/1681 1581/2015/1682
f 1581/2015/1682 1601/2036/1702 1600/2035/1701
f 1601/2036/1702 1581/2015/1682 1582/2016/1683
f 1582/2016/1683 1602/2037/1703 1601/2036/1702
f 1602/2037/1703 1582/2016/1683 1583/2017/1684
f 1583/2017/1684 1603/2038/1704 1602/2037/1703
f 1603/2038/1704 1583/2017/1684 1584/2018/1685
f 1584/2018/1685 1604/2039/1705 1603/2038/1704
f 1604/2039/1705 1584/2018/1685 1585/2019/1686
f 1585/2019/1686 1605/2040/1706 1604/2039/1705
f 1605/2040/1706 1585/2019/1686 1586/2020/1687
f 1586/2020/1687 1606/2041/1707 1605/2040/1706
f 1606/2041/1707 1586/2020/1687 1587/2021/1688
f 1587/2021/1688 1607/2042/1708 1606/2041/1707
f 1607/2042/1708 1587/2021/1688 1588/2022/1689
f 1588/2022/1689 1608/2043/1709 1607/2042/1708
f 1608/2043/1709 1588/2022/1689 1589/2023/1690
f 1589/2023/1690 1609/2044/1710 1608/2043/1709
f 1609/2044/1710 1589/2023/1690 1590/2024/1691
f 1590/2024/1691 1610/2045/1711 1609/2044/1710
f 1610/2047/1711 1590/2026/1691 1591/2025/1692
f 1591/2025/1692 1611/2046/1712 1610/2047/1711
f 1611/2046/1712 1591/2025/1692 1592/2027/1693
f 1592/2027/1693 1612/2048/1713 1611/2046/1712
f 1612/2048/1713 1592/2027/1693 1574/2008/1675
f 1574/2008/1675 1594/2029/1695 1612/2048/1713
f 1614/2050/1715 1594/2029/1695 1593/2028/1694
f 1593/2028/1694 1613/2049/1714 1614/2050/1715
f 1613/2049/1714 1593/2028/1694 1595/2030/1696
f 1595/2030/1696 1615/2051/1716 1613/2049/1714
f 1615/2051/1716 1595/2030/1696 1596/2031/1697
f 1596/2031/1697 1616/2052/1717 1615/2051/1716
f 1616/2052/1717 1596/2031/1697 1597/2032/1698
f 1597/2032/1698 1617/2053/1718 1616/2052/1717
f 1617/2053/1718 1597/2032/1698 1598/2033/1699
f 1598/2033/1699 1618/2054/1719 1617/2053/1718
f 1618/2054/1719 1598/2033/1699 1599/2034/1700
f 1599/2034/1700 1619/2055/1720 1618/2054/1719
f 1619/2055/1720 1599/2034/1700 1600/2035/1701
f 1600/2035/1701 1620/2056/1721 1619/2055/1720
f 1620/2056/1721 1600/2035/1701 1601/2036/1702
f 1601/2036/1702 1621/2057/1722 1620/2056/1721
f 1621/2057/1722 1601/2036/1702 1602/2037/1703
f 1602/2037/1703 1622/2058/1723 1621/2057/1722
f 1622/2058/1723 1602/2037/1703 1603/2038/1704
f 1603/2038/1704 1623/2059/1724 1622/2058/1723
f 1623/2059/1724 1603/2038/1704 1604/2039/1705
f 1604/2039/1705 1624/2060/1725 1623/2059/1724
f 1624/2060/1725 1604/2039/1705 1605/2040/1706
f 1605/2040/1706 1625/2061/1726 1624/2060/1725
f 1625/2061/1726 1605/2040/1706 1606/2041/1707
f 1606/2041/1707 1626/2062/1727 1625/2061/1726
f 1626/2062/1727 1606/2041/1707 1607/2042/1708
f 1607/2042/1708 1627/2063/1728 1626/2062/1727
f 1627/2063/1728 1607/2042/1708 1608/2043/1709
f 1608/2043/1709 1628/2064/1729 1627/2063/1728
f 1628/2064/1729 1608/2043/1709 1609/2044/1710
f 1609/2044/1710 1629/2065/1730 1628/2064/1729
f 1629/2065/1730 1609/2044/1710 1610/2045/1711
f 1610/2045/1711 1630/2066/1731 1629/2065/1730
f 1630/2068/1731 1610/2047/1711 1611/2046/1712
f 1611/2046/1712 1631/2067/1732 1630/2068/1731
f 1631/2067/1732 1611/2046/1712 1612/2048/1713
f 1612/2048/1713 1632/2069/1733 1631/2067/1732
f 1632/2069/1733 1612/2048/1713 1594/2029/1695
f 1594/2029/1695 1614/2050/1715 1632/2069/1733
f 1634/2071/1735 1614/2050/1715 1613/2049/1714
f 1613/2049/1714 1633/2070/1734 1634/2071/1735
f 1633/2070/1734 1613/2049/1714 1615/2051/1716
f 1615/2051/1716 1635/2072/1736 1633/2070/1734
f 1635/2072/1736 1615/2051/1716 1616/2052/1717
f 1616/2052/1717 1636/2073/1737 1635/2072/1736
f 1636/2073/1737 1616/2052/1717 1617/2053/1718
f 1617/2053/1718 1637/2074/1738 1636/2073/1737
f 1637/2074/1738 1617/2053/1718 1618/2054/1719
f 1618/2054/1719 1638/2075/1739 1637/2074/1738
f 1638/2075/1739 1618/2054/1719 1619/2055/1720
f 1619/2055/1720 1639/2076/1740 1638/2075/1739
f 1639/2076/1740 1619/2055/1720 1620/2056/1721
f 1620/2056/1721 1640/2077/1741 1639/2076/1740
f 1640/2077/1741 1620/2056/1721 1621/2057/1722
f 1621/2057/1722 1641/2078/1742 1640/2077/1741
f 1641/2078/1742 1621/2057/1722 1622/2058/1723
f 1622/2058/1723 1642/2079/1743 1641/2078/1742
f 1642/2079/1743 1622/2058/1723 1623/2059/1724
f 1623/2059/1724 1643/2080/1744 1642/2079/1743
f 1643/2080/1744 1623/2059/1724 1624/2060/1725
f 1624/2060/1725 1644/2081/1745 1643/2080/1744
f 1644/2081/1745 1624/2060/1725 1625/2061/1726
f 1625/2061/1726 1645/2082/1746 1644/2081/1745
f 1645/2082/1746 1625/2061/1726 1626/2062/1727
f 1626/2062/1727 1646/2083/1747 1645/2082/1746
f 1646/2083/1747 1626/2062/1727 1627/2063/1728
f 1627/2063/1728 1647/2084/1748 1646/2083/1747
f 1647/2084/1748 1627/2063/1728 1628/2064/1729
f 1628/2064/1729 1648/2085/1749 1647/2084/1748
f 1648/2085/1749 1628/2064/1729 1629/2065/1730
f 1629/2065/1730 1649/2086/1750 1648/2085/1749
f 1649/2086/1750 1629/2065/1730 1630/2066/1731
f 1630/2066/1731 1650/2087/1751 1649/2086/1750
f 1650/2089/1751 1630/2068/1731 1631/2067/1732
f 1631/2067/1732 1651/2088/1752 1650/2089/1751
f 1651/2088/1752 1631/2067/1732 1632/2069/1733
f 1632/2069/1733 1652/2090/1753 1651/2088/1752
f 1652/2090/1753 1632/2069/1733 1614/2050/1715
f 1614/2050/1715 1634/2071/1735 1652/2090/1753
f 1654/2094/1755 1634/2091/1735 1633/2092/1734
f 1633/2092/1734 1653/2093/1754 1654/2094/1755
f 1653/2093/1754 1633/2092/1734 1635/2095/1736
f 1635/2095/1736 1655/2096/1756 1653/2093/1754
f 1655/2096/1756 1635/2095/1736 1636/2097/1737
f 1636/2097/1737 1656/2098/1757 1655/2096/1756
f 1656/2098/1757 1636/2097/1737 1637/2099/1738
f 1637/2099/1738 1657/2100/1758 1656/2098/1757
f 1657/2100/1758 1637/2099/1738 1638/2101/1739
f 1638/2101/1739 1658/2102/1759 1657/2100/1758
f 1658/2102/1759 1638/2101/1739 1639/2103/1740
f 1639/2103/1740 1659/2104/1760 1658/2102/1759
f 1659/2104/1760 1639/2103/1740 1640/2105/1741
f 1640/2105/1741 1660/2106/1761 1659/2104/1760
f 1660/2106/1761 1640/2105/1741 1641/2107/1742
f 1641/2107/1742 1661/2108/1762 1660/2106/1761
f 1661/2108/1762 1641/2107/1742 1642/2109/1743
f 1642/2109/1743 1662/2110/1763 1661/2108/1762
f 1662/2110/1763 1642/2109/1743 1643/2111/1744
f 1643/2111/1744 1663/2112/1764 1662/2110/1763
f 1663/2112/1764 1643/2111/1744 1644/2113/1745
f 1644/2113/1745 1664/2114/1765 1663/2112/1764
f 1664/2114/1765 1644/2113/1745 1645/2115/1746
f 1645/2115/1746 1665/2116/1766 1664/2114/1765
f 1665/2116/1766 1645/2115/1746 1646/2117/1747
f 1646/2117/1747 1666/2118/1767 1665/2116/1766
f 1666/2118/1767 1646/2117/1747 1647/2119/1748
f 1647/2119/1748 1667/2120/1768 1666/2118/1767
f 1667/2120/1768 1647/2119/1748 1648/2121/1749
f 1648/2121/1749 1668/2122/1769 1667/2120/1768
f 1668/2122/1769 1648/2121/1749 1649/2123/1750
f 1649/2123/1750 1669/2124/1770 1668/2122/1769
f 1669/2124/1770 1649/2123/1750 1650/2125/1751
f 1650/2125/1751 1670/2126/1771 1669/2124/1770
f 1670/2126/1771 1650/2125/1751 1651/2127/1752
f 1651/2127/1752 1671/2128/1772 1670/2126/1771
f 1671/2128/1772 1651/2127/1752 1652/2129/1753
f 1652/2129/1753 1672/2130/1773 1671/2128/1772
f 1672/2130/1773 1652/2129/1753 1634/2091/1735
f 1634/2091/1735 1654/2094/1755 1672/2130/1773
f 1674/2132/1775 1654/2094/1755 1653/2093/1754
f 1653/2093/1754 1673/2131/1774 1674/2132/1775
f 1673/2131/1774 1653/2093/1754 1655/2096/1756
f 1655/2096/1756 1675/2133/1776 1673/2131/1774
f 1675/2133/1776 1655/2096/1756 1656/2098/1757
f 1656/2098/1757 1676/2134/1777 1675/2133/1776
f 1676/2134/1777 1656/2098/1757 1657/2100/1758
f 1657/2100/1758 1677/2135/1778 1676/2134/1777
f 1677/2135/1778 1657/2100/1758 1658/2102/1759
f 1658/2102/1759 1678/2136/1779 1677/2135/1778
f 1678/2136/1779 1658/2102/1759 1659/2104/1760
f 1659/2104/1760 1679/2137/1780 1678/2136/1779
f 1679/2137/1780 1659/2104/1760 1660/2106/1761
f 1660/2106/1761 1680/2138/1781 1679/2137/1780
f 1680/2138/1781 1660/2106/1761 1661/2108/1762
f 1661/2108/1762 1681/2139/1782 1680/2138/1781
f 1681/2139/1782 1661/2108/1762 1662/2110/1763
f 1662/2110/1763 1682/2140/1783 1681/2139/1782
f 1682/2140/1783 1662/2110/1763 1663/2112/1764
f 1663/2112/1764 1683/2141/1784 1682/2140/1783
f 1683/2141/1784 1663/2112/1764 1664/2114/1765
f 1664/2114/1765 1684/2142/1785 1683/2141/1784
f 1684/2142/1785 1664/2114/1765 1665/2116/1766
f 1665/2116/1766 1685/2143/1786 1684/2142/1785
f 1685/2143/1786 1665/2116/1766 1666/2118/1767
f 1666/2118/1767 1686/2144/1787 1685/2143/1786
f 1686/2144/1787 1666/2118/1767 1667/2120/1768
f 1667/2120/1768 1687/2145/1788 1686/2144/1787
f 1687/2145/1788 1667/2120/1768 1668/2122/1769
f 1668/2122/1769 1688/2146/1789 1687/2145/1788
f 1688/2146/1789 1668/2122/1769 1669/2124/1770
f 1669/2124/1770 1689/2147/1790 1688/2146/1789
f 1689/2147/1790 1669/2124/1770 1670/2126/1771
f 1670/2126/1771 1690/2148/1791 1689/2147/1790
f 1690/2148/1791 1670/2126/1771 1671/2128/1772
f 1671/2128/1772 1691/2149/1792 1690/2148/1791
f 1691/2149/1792 1671/2128/1772 1672/2130/1773
f 1672/2130/1773 1692/2150/1793 1691/2149/1792
f 1692/2150/1793 1672/2130/1773 1654/2094/1755
f 1654/2094/1755 1674/2132/1775 1692/2150/1793
f 1694/2152/1795 1674/2132/1775 1673/2131/1774
f 1673/2131/1774 1693/2151/1794 1694/2152/1795
f 1693/2151/1794 1673/2131/1774 1675/2133/1776
f 1675/2133/1776 1695/2153/1796 1693/2151/1794
f 1695/2153/1796 1675/2133/1776 1676/2134/1777
f 1676/2134/1777 1696/2154/1797 1695/2153/1796
f 1696/2154/1797 1676/2134/1777 1677/2135/1778
f 1677/2135/1778 1697/2155/1798 1696/2154/1797
f 1697/2155/1798 1677/2135/1778 1678/2136/1779
f 1678/2136/1779 1698/2156/1799 1697/2155/1798
f 1698/2156/1799 1678/2136/1779 1679/2137/1780
f 1679/2137/1780 1699/2157/1800 1698/2156/1799
f 1699/2157/1800 1679/2137/1780 1680/2138/1781
f 1680/2138/1781 1700/2158/1801 1699/2157/1800
f 1700/2158/1801 1680/2138/1781 1681/2139/1782
f 1681/2139/1782 1701/2159/1802 1700/2158/1801
f 1701/2159/1802 1681/2139/1782 1682/2140/1783
f 1682/2140/1783 1702/2160/1803 1701/2159/1802
f 1702/2160/1803 1682/2140/1783 1683/2141/1784
f 1683/2141/1784 1703/2161/1804 1702/2160/1803
f 1703/2161/1804 1683/2141/1784 1684/2142/1785
f 1684/2142/1785 1704/2162/1805 1703/2161/1804
f 1704/2162/1805 1684/2142/1785 1685/2143/1786
f 1685/2143/1786 1705/2163/1806 1704/2162/1805
f 1705/2163/1806 1685/2143/1786 1686/2144/1787
f 1686/2144/1787 1706/2164/1807 1705/2163/1806
f 1706/2164/1807 1686/2144/1787 1687/2145/1788
f 1687/2145/1788 1707/2165/1808 1706/2164/1807
f 1707/2165/1808 1687/2145/1788 1688/2146/1789
f 1688/2146/1789 1708/2166/1809 1707/2165/1808
f 1708/2166/1809 1688/2146/1789 1689/2147/1790
f 1689/2147/1790 1709/2167/1810 1708/2166/1809
f 1709/2167/1810 1689/2147/1790 1690/2148/1791
f 1690/2148/1791 1710/2168/1811 1709/2167/1810
f 1710/2168/1811 1690/2148/1791 1691/2149/1792
f 1691/2149/1792 1711/2169/1812 1710/2168/1811
f 1711/2169/1812 1691/2149/1792 1692/2150/1793
f 1692/2150/1793 1712/2170/1813 1711/2169/1812
f 1712/2170/1813 1692/2150/1793 1674/2132/1775
f 1674/2132/1775 1694/2152/1795 1712/2170/1813
f 1714/2172/1815 1694/2152/1795 1693/2151/1794
f 1693/2151/1794 1713/2171/1814 1714/2172/1815
f 1713/2171/1814 1693/2151/1794 1695/2153/1796
f 1695/2153/1796 1715/2173/1816 1713/2171/1814
f 1715/2173/1816 1695/2153/1796 1696/2154/1797
f 1696/2154/1797 1716/2174/1817 1715/2173/1816
f 1716/2174/1817 1696/2154/1797 1697/2155/1798
f 1697/2155/1798 1717/2175/1818 1716/2174/1817
f 1717/2175/1818 1697/2155/1798 1698/2156/1799
f 1698/2156/1799 1718/2176/1819 1717/2175/1818
f 1718/2176/1819 1698/2156/1799 1699/2157/1800
f 1699/2157/1800 1719/2177/1820 1718/2176/1819
f 1719/2177/1820 1699/2157/1800 1700/2158/1801
f 1700/2158/1801 1720/2178/1821 1719/2177/1820
f 1720/2178/1821 1700/2158/1801 1701/2159/1802
f 1701/2159/1802 1721/2179/1822 1720/2178/1821
f 1721/2179/1822 1701/2159/1802 1702/2160/1803
f 1702/2160/1803 1722/2180/1823 1721/2179/1822
f 1722/2180/1823 1702/2160/1803 1703/2161/1804
f 1703/2161/1804 1723/2181/1824 1722/2180/1823
f 1723/2181/1824 1703/2161/1804 1704/2162/1805
f 1704/2162/1805 1724/2182/1825 1723/2181/1824
f 1724/2182/1825 1704/2162/1805 1705/2163/1806
f 1705/2163/1806 1725/2183/1826 1724/2182/1825
f 1725/2183/1826 1705/2163/1806 1706/2164/1807
f 1706/2164/1807 1726/2184/1827 1725/2183/1826
f 1726/2184/1827 1706/2164/1807 1707/2165/1808
f 1707/2165/1808 1727/2185/1828 1726/2184/1827
f 1727/2185/1828 1707/2165/1808 1708/2166/1809
f 1708/2166/1809 1728/2186/1829 1727/2185/1828
f 1728/2186/1829 1708/2166/1809 1709/2167/1810
f 1709/2167/1810 1729/2187/1830 1728/2186/1829
f 1729/2187/1830 1709/2167/1810 1710/2168/1811
f 1710/2168/1811 1730/2188/1831 1729/2187/1830
f 1730/2188/1831 1710/2168/1811 1711/2169/1812
f 1711/2169/1812 1731/2189/1832 1730/2188/1831
f 1731/2189/1832 1711/2169/1812 1712/2170/1813
f 1712/2170/1813 1732/2190/1833 1731/2189/1832
f 1732/2190/1833 1712/2170/1813 1694/2152/1795
f 1694/2152/1795 1714/2172/1815 1732/2190/1833
f 1714/2172/1815 1713/2171/1814 1733/2191/1834
f 1713/2171/1814 1715/2173/1816 1733/2191/1834
f 1715/2173/1816 1716/2174/1817 1733/2191/1834
f 1716/2174/1817 1717/2175/1818 1733/2191/1834
f 1717/2175/1818 1718/2176/1819 1733/2191/1834
f 1718/2176/1819 1719/2177/1820 1733/2191/1834
f 1719/2177/1820 1720/2178/1821 1733/2191/1834
f 1720/2178/1821 1721/2179/1822 1733/2191/1834
f 1721/2179/1822 1722/2180/1823 1733/2191/1834
f 1722/2180/1823 1723/2181/1824 1733/2191/1834
f 1723/2181/1824 1724/2182/1825 1733/2191/1834
f 1724/2182/1825 1725/2183/1826 1733/2191/1834
f 1725/2183/1826 1726/2184/1827 1733/2191/1834
f 1726/2184/1827 1727/2185/1828 1733/2191/1834
f 1727/2185/1828 1728/2186/1829 1733/2191/1834
f 1728/2186/1829 1729/2187/1830 1733/2191/1834
f 1729/2187/1830 1730/2188/1831 1733/2191/1834
f 1730/2188/1831 1731/2189/1832 1733/2191/1834
f 1731/2189/1832 1732/2190/1833 1733/2191/1834
f 1732/2190/1833 1714/2172/1815 1733/2191/1834
f 1737/2195/1837 1734/2192/1835 1735/2193/1836
f 1735/2193/1836 1736/2194/1836 1737/2195/1837
f 1736/2194/1836 1735/2193/1836 1738/2196/1838
f 1738/2196/1838 1739/2197/1839 1736/2194/1836
f 1739/2197/1839 1738/2196/1838 1740/2198/1840
f 1740/2198/1840 1741/2199/1841 1739/2197/1839
f 1741/2199/1841 1740/2198/1840 1742/2200/1842
f 1742/2200/1842 1743/2201/1842 1741/2199/1841
f 1743/2201/1842 1742/2200/1842 1744/2202/1843
f 1744/2202/1843 1745/2203/1844 1743/2201/1842
f 1745/2203/1844 1744/2202/1843 1746/2204/1845
f 1746/2204/1845 1747/2205/1845 1745/2203/1844
f 1747/2205/1845 1746/2204/1845 1748/2206/1846
f 1748/2206/1846 1749/2207/1846 1747/2205/1845
f 1749/2207/1846 1748/2206/1846 1750/2208/1847
f 1750/2208/1847 1751/2209/1848 1749/2207/1846
f 1751/2209/1848 1750/2208/1847 1752/2210/1849
f 1752/2210/1849 1753/2211/1849 1751/2209/1848
f 1753/2211/1849 1752/2210/1849 1754/2212/1850
f 1754/2212/1850 1755/2213/1851 1753/2211/1849
f 1755/2213/1851 1754/2212/1850 1756/2214/1852
f 1756/2214/1852 1757/2215/1852 1755/2213/1851
f 1757/2215/1852 1756/2214/1852 1758/2216/1853
f 1758/2216/1853 1759/2217/1854 1757/2215/1852
f 1759/2217/1854 1758/2216/1853 1760/2218/1855
f 1760/2218/1855 1761/2219/1855 1759/2217/1854
f 1761/2223/1855 1760/2220/1855 1762/2221/1856
f 1762/2221/1856 1763/2222/1856 1761/2223/1855
f 1763/2222/1856 1762/2221/1856 1764/2224/1857
f 1764/2224/1857 1765/2225/1857 1763/2222/1856
f 1765/2225/1857 1764/2224/1857 1766/2226/1858
f 1766/2226/1858 1767/2227/1859 1765/2225/1857
f 1767/2227/1859 1766/2226/1858 1768/2228/1860
f 1768/2228/1860 1769/2229/1860 1767/2227/1859
f 1769/2229/1860 1768/2228/1860 1770/2230/1861
f 1770/2230/1861 1771/2231/1862 1769/2229/1860
f 1771/2231/1862 1770/2230/1861 1772/2232/1863
f 1772/2232/1863 1773/2233/1863 1771/2231/1862
f 1773/2233/1863 1772/2232/1863 1734/2234/1835
f 1734/2234/1835 1737/2235/1837 1773/2233/1863
f 1777/2239/1867 1774/2236/1864 1775/2237/1865
f 1775/2237/1865 1776/2238/1866 1777/2239/1867
f 1779/2241/1869 1778/2240/1868 1774/2236/1864
f 1774/2236/1864 1777/2239/1867 1779/2241/1869
f 1781/2243/1871 1780/2242/1870 1778/2240/1868
f 1778/2240/1868 1779/2241/1869 1781/2243/1871
f 1783/2245/1873 1782/2244/1872 1780/2242/1870
f 1780/2242/1870 1781/2243/1871 1783/2245/1873
f 1785/2247/1875 1784/2246/1874 1782/2244/1872
f 1782/2244/1872 1783/2245/1873 1785/2247/1875
f 1787/2249/1877 1786/2248/1876 1784/2246/1874
f 1784/2246/1874 1785/2247/1875 1787/2249/1877
f 1789/2251/1879 1788/2250/1878 1786/2248/1876
f 1786/2248/1876 1787/2249/1877 1789/2251/1879
f 1791/2253/1881 1790/2252/1880 1788/2250/1878
f 1788/2250/1878 1789/2251/1879 1791/2253/1881
f 1793/2255/1883 1792/2254/1882 1790/2252/1880
f 1790/2252/1880 1791/2253/1881 1793/2255/1883
f 1795/2257/1885 1794/2256/1884 1792/2254/1882
f 1792/2254/1882 1793/2255/1883 1795/2257/1885
f 1797/2259/1887 1796/2258/1886 1794/2256/1884
f 1794/2256/1884 1795/2257/1885 1797/2259/1887
f 1799/2261/1889 1798/2260/1888 1796/2258/1886
f 1796/2258/1886 1797/2259/1887 1799/2261/1889
f 1801/2263/1891 1800/2262/1890 1798/2260/1888
f 1798/2260/1888 1799/2261/1889 1801/2263/1891
f 1803/2265/1893 1802/2264/1892 1800/2262/1890
f 1800/2262/1890 1801/2263/1891 1803/2265/1893
f 1805/2269/1895 1804/2266/1894 1802/2267/1892
f 1802/2267/1892 1803/2268/1893 1805/2269/1895
f 1807/2271/1897 1806/2270/1896 1804/2266/1894
f 1804/2266/1894 1805/2269/1895 1807/2271/1897
f 1809/2275/1899 1808/2272/1898 1806/2273/1896
f 1806/2273/1896 1807/2274/1897 1809/2275/1899
f 1811/2277/1901 1810/2276/1900 1808/2272/1898
f 1808/2272/1898 1809/2275/1899 1811/2277/1901
f 1813/2279/1903 1812/2278/1902 1810/2276/1900
f 1810/2276/1900 1811/2277/1901 1813/2279/1903
f 1776/2238/1866 1775/2237/1865 1812/2278/1902
f 1812/2278/1902 1813/2279/1903 1776/2238/1866
f 1774/2283/1904 1761/2280/1904 1763/2281/1905
f 1763/2281/1905 1775/2282/1905 1774/2283/1904
f 1778/2285/1907 1759/2284/1906 1761/2280/1904
f 1761/2280/1904 1774/2283/1904 1778/2285/1907
f 1780/2287/1908 1757/2286/1908 1759/2284/1906
f 1759/2284/1906 1778/2285/1907 1780/2287/1908
f 1782/2289/1909 1755/2288/1909 1757/2286/1908
f 1757/2286/1908 1780/2287/1908 1782/2289/1909
f 1784/2291/1910 1753/2290/1910 1755/2288/1909
f 1755/2288/1909 1782/2289/1909 1784/2291/1910
f 1786/2293/1911 1751/2292/1911 1753/2290/1910
f 1753/2290/1910 1784/2291/1910 1786/2293/1911
f 1788/2295/1912 1749/2294/1912 1751/2292/1911
f 1751/2292/1911 1786/2293/1911 1788/2295/1912
f 1790/2297/1913 1747/2296/1913 1749/2294/1912
f 1749/2294/1912 1788/2295/1912 1790/2297/1913
f 1792/2299/1914 1745/2298/1914 1747/2296/1913
f 1747/2296/1913 1790/2297/1913 1792/2299/1914
f 1794/2301/1916 1743/2300/1915 1745/2298/1914
f 1745/2298/1914 1792/2299/1914 1794/2301/1916
f 1796/2303/1917 1741/2302/1917 1743/2300/1915
f 1743/2300/1915 1794/2301/1916 1796/2303/1917
f 1798/2305/1918 1739/2304/1918 1741/2302/1917
f 1741/2302/1917 1796/2303/1917 1798/2305/1918
f 1800/2307/1919 1736/2306/1919 1739/2304/1918
f 1739/2304/1918 1798/2305/1918 1800/2307/1919
f 1802/2309/1920 1737/2308/1920 1736/2306/1919
f 1736/2306/1919 1800/2307/1919 1802/2309/1920
f 1804/2311/1921 1773/2310/1921 1737/2308/1920
f 1737/2308/1920 1802/2309/1920 1804/2311/1921
f 1806/2313/1922 1771/2312/1922 1773/2310/1921
f 1773/2310/1921 1804/2311/1921 1806/2313/1922
f 1808/2315/1923 1769/2314/1923 1771/2312/1922
f 1771/2312/1922 1806/2313/1922 1808/2315/1923
f 1810/2317/1924 1767/2316/1924 1769/2314/1923
f 1769/2314/1923 1808/2315/1923 1810/2317/1924
f 1812/2319/1925 1765/2318/1925 1767/2316/1924
f 1767/2316/1924 1810/2317/1924 1812/2319/1925
f 1775/2282/1905 1763/2281/1905 1765/2318/1925
f 1765/2318/1925 1812/2319/1925 1775/2282/1905
f 1803/2339/1926 1801/2320/1926 1799/2321/1926
f 1803/2339/1926 1799/2321/1926 1797/2322/1926
f 1803/2339/1926 1797/2322/1926 1795/2323/1926
f 1803/2339/1926 1795/2323/1926 1793/2324/1926
f 1803/2339/1926 1793/2324/1926 1791/2325/1926
f 1803/2339/1926 1791/2325/1926 1789/2326/1926
f 1803/2339/1926 1789/2326/1926 1787/2327/1926
f 1803/2339/1926 1787/2327/1926 1785/2328/1926
f 1803/2339/1926 1785/2328/1926 1783/2329/1926
f 1803/2339/1926 1783/2329/1926 1781/2330/1926
f 1803/2339/1926 1781/2330/1926 1779/2331/1926
f 1803/2339/1926 1779/2331/1926 1777/2332/1926
f 1803/2339/1926 1777/2332/1926 1776/2333/1926
f 1803/2339/1926 1776/2333/1926 1813/2334/1926
f 1803/2339/1926 1813/2334/1926 1811/2335/1926
f 1803/2339/1926 1811/2335/1926 1809/2336/1926
f 1803/2339/1926 1809/2336/1926 1807/2337/1926
f 1807/2337/1926 1805/2338/1926 1803/2339/1926
f 1738/2359/1927 1735/2340/1927 1734/2341/1927
f 1738/2359/1927 1734/2341/1927 1772/2342/1927
f 1738/2359/1927 1772/2342/1927 1770/2343/1927
f 1738/2359/1927 1770/2343/1927 1768/2344/1927
f 1738/2359/1927 1768/2344/1927 1766/2345/1927
f 1738/2359/1927 1766/2345/1927 1764/2346/1927
f 1738/2359/1927 1764/2346/1927 1762/2347/1927
f 1738/2359/1927 1762/2347/1927 1760/2348/1927
f 1738/2359/1927 1760/2348/1927 1758/2349/1927
f 1738/2359/1927 1758/2349/1927 1756/2350/1927
f 1738/2359/1927 1756/2350/1927 1754/2351/1927
f 1738/2359/1927 1754/2351/1927 1752/2352/1927
f 1738/2359/1927 1752/2352/1927 1750/2353/1927
f 1738/2359/1927 1750/2353/1927 1748/2354/1927
f 1738/2359/1927 1748/2354/1927 1746/2355/1927
f 1738/2359/1927 1746/2355/1927 1744/2356/1927
f 1738/2359/1927 1744/2356/1927 1742/2357/1927
f 1742/2357/1927 1740/2358/1927 1738/2359/1927
f 1817/2363/1931 1814/2360/1928 1815/2361/1929
f 1815/2361/1929 1816/2362/1930 1817/2363/1931
f 1816/2362/1930 1815/2361/1929 1818/2364/1932
f 1818/2364/1932 1819/2365/1933 1816/2362/1930
f 1819/2369/1933 1818/2366/1932 1820/2367/1934
f 1820/2367/1934 1821/2368/1935 1819/2369/1933
f 1821/2373/1935 1820/2370/1934 1822/2371/1936
f 1822/2371/1936 1823/2372/1937 1821/2373/1935
f 1823/2372/1937 1822/2371/1936 1824/2374/1938
f 1824/2374/1938 1825/2375/1939 1823/2372/1937
f 1825/2379/1939 1824/2376/1938 1814/2377/1928
f 1814/2377/1928 1817/2378/1931 1825/2379/1939
f 1827/2383/1941 1817/2380/1931 1816/2381/1930
f 1816/2381/1930 1826/2382/1940 1827/2383/1941
f 1826/2382/1940 1816/2381/1930 1819/2384/1933
f 1819/2384/1933 1828/2385/1942 1826/2382/1940
f 1828/2385/1942 1819/2384/1933 1821/2386/1935
f 1821/2386/1935 1829/2387/1943 1828/2385/1942
f 1829/2387/1943 1821/2386/1935 1823/2388/1937
f 1823/2388/1937 1830/2389/1944 1829/2387/1943
f 1830/2389/1944 1823/2388/1937 1825/2390/1939
f 1825/2390/1939 1831/2391/1945 1830/2389/1944
f 1831/2391/1945 1825/2390/1939 1817/2380/1931
f 1817/2380/1931 1827/2383/1941 1831/2391/1945
f 1835/2395/1949 1832/2392/1946 1833/2393/1947
f 1833/2393/1947 1834/2394/1948 1835/2395/1949
f 1834/2394/1948 1833/2393/1947 1836/2396/1950
f 1836/2396/1950 1837/2397/1951 1834/2394/1948
f 1837/2397/1951 1836/2396/1950 1838/2398/1952
f 1838/2398/1952 1839/2399/1953 1837/2397/1951
f 1839/2399/1953 1838/2398/1952 1840/2400/1954
f 1840/2400/1954 1841/2401/1955 1839/2399/1953
f 1841/2401/1955 1840/2400/1954 1842/2402/1956
f 1842/2402/1956 1843/2403/1957 1841/2401/1955
f 1843/2403/1957 1842/2402/1956 1844/2404/1958
f 1844/2404/1958 1845/2405/1959 1843/2403/1957
f 1845/2405/1959 1844/2404/1958 1846/2406/1960
f 1846/2406/1960 1847/2407/1961 1845/2405/1959
f 1847/2407/1961 1846/2406/1960 1848/2408/1962
f 1848/2408/1962 1849/2409/1963 1847/2407/1961
f 1849/2409/1963 1848/2408/1962 1850/2410/1964
f 1850/2410/1964 1851/2411/1965 1849/2409/1963
f 1851/2411/1965 1850/2410/1964 1852/2412/1966
f 1852/2412/1966 1853/2413/1967 1851/2411/1965
f 1853/2413/1967 1852/2412/1966 1854/2414/1968
f 1854/2414/1968 1855/2415/1969 1853/2413/1967
f 1855/2415/1969 1854/2414/1968 1856/2416/1970
f 1856/2416/1970 1857/2417/1971 1855/2415/1969
f 1857/2417/1971 1856/2416/1970 1858/2418/1972
f 1858/2418/1972 1859/2419/1973 1857/2417/1971
f 1859/2419/1973 1858/2418/1972 1860/2420/1974
f 1860/2420/1974 1861/2421/1975 1859/2419/1973
f 1861/2421/1975 1860/2420/1974 1862/2422/1976
f 1862/2422/1976 1863/2423/1977 1861/2421/1975
f 1863/2423/1977 1862/2422/1976 1864/2424/1978
f 1864/2424/1978 1865/2425/1979 1863/2423/1977
f 1865/2429/1979 1864/2426/1978 1866/2427/1980
f 1866/2427/1980 1867/2428/1981 1865/2429/1979
f 1867/2428/1981 1866/2427/1980 1868/2430/1982
f 1868/2430/1982 1869/2431/1983 1867/2428/1981
f 1869/2431/1983 1868/2430/1982 1870/2432/1984
f 1870/2432/1984 1871/2433/1985 1869/2431/1983
f 1871/2433/1985 1870/2432/1984 1832/2434/1946
f 1832/2434/1946 1835/2435/1949 1871/2433/1985
f 1873/2439/1987 1835/2436/1949 1834/2437/1948
f 1834/2437/1948 1872/2438/1986 1873/2439/1987
f 1872/2438/1986 1834/2437/1948 1837/2440/1951
f 1837/2440/1951 1874/2441/1988 1872/2438/1986
f 1874/2441/1988 1837/2440/1951 1839/2442/1953
f 1839/2442/1953 1875/2443/1989 1874/2441/1988
f 1875/2443/1989 1839/2442/1953 1841/2444/1955
f 1841/2444/1955 1876/2445/1990 1875/2443/1989
f 1876/2445/1990 1841/2444/1955 1843/2446/1957
f 1843/2446/1957 1877/2447/1991 1876/2445/1990
f 1877/2447/1991 1843/2446/1957 1845/2448/1959
f 1845/2448/1959 1878/2449/1992 1877/2447/1991
f 1878/2449/1992 1845/2448/1959 1847/2450/1961
f 1847/2450/1961 1879/2451/1993 1878/2449/1992
f 1879/2451/1993 1847/2450/1961 1849/2452/1963
f 1849/2452/1963 1880/2453/1994 1879/2451/1993
f 1880/2453/1994 1849/2452/1963 1851/2454/1965
f 1851/2454/1965 1881/2455/1995 1880/2453/1994
f 1881/2455/1995 1851/2454/1965 1853/2456/1967
f 1853/2456/1967 1882/2457/1996 1881/2455/1995
f 1882/2457/1996 1853/2456/1967 1855/2458/1969
f 1855/2458/1969 1883/2459/1997 1882/2457/1996
f 1883/2459/1997 1855/2458/1969 1857/2460/1971
f 1857/2460/1971 1884/2461/1998 1883/2459/1997
f 1884/2461/1998 1857/2460/1971 1859/2462/1973
f 1859/2462/1973 1885/2463/1999 1884/2461/1998
f 1885/2463/1999 1859/2462/1973 1861/2464/1975
f 1861/2464/1975 1886/2465/2000 1885/2463/1999
f 1886/2465/2000 1861/2464/1975 1863/2466/1977
f 1863/2466/1977 1887/2467/2001 1886/2465/2000
f 1887/2467/2001 1863/2466/1977 1865/2468/1979
f 1865/2468/1979 1888/2469/2002 1887/2467/2001
f 1888/2469/2002 1865/2468/1979 1867/2470/1981
f 1867/2470/1981 1889/2471/2003 1888/2469/2002
f 1889/2471/2003 1867/2470/1981 1869/2472/1983
f 1869/2472/1983 1890/2473/2004 1889/2471/2003
f 1890/2473/2004 1869/2472/1983 1871/2474/1985
f 1871/2474/1985 1891/2475/2005 1890/2473/2004
f 1891/2475/2005 1871/2474/1985 1835/2436/1949
f 1835/2436/1949 1873/2439/1987 1891/2475/2005
f 1893/2477/2007 1873/2439/1987 1872/2438/1986
f 1872/2438/1986 1892/2476/2006 1893/2477/2007
f 1892/2476/2006 1872/2438/1986 1874/2441/1988
f 1874/2441/1988 1894/2478/2008 1892/2476/2006
f 1894/2478/2008 1874/2441/1988 1875/2443/1989
f 1875/2443/1989 1895/2479/2009 1894/2478/2008
f 1895/2479/2009 1875/2443/1989 1876/2445/1990
f 1876/2445/1990 1896/2480/2010 1895/2479/2009
f 1896/2480/2010 1876/2445/1990 1877/2447/1991
f 1877/2447/1991 1897/2481/2011 1896/2480/2010
f 1897/2481/2011 1877/2447/1991 1878/2449/1992
f 1878/2449/1992 1898/2482/2012 1897/2481/2011
f 1898/2482/2012 1878/2449/1992 1879/2451/1993
f 1879/2451/1993 1899/2483/2013 1898/2482/2012
f 1899/2483/2013 1879/2451/1993 1880/2453/1994
f 1880/2453/1994 1900/2484/2014 1899/2483/2013
f 1900/2484/2014 1880/2453/1994 1881/2455/1995
f 1881/2455/1995 1901/2485/2015 1900/2484/2014
f 1901/2485/2015 1881/2455/1995 1882/2457/1996
f 1882/2457/1996 1902/2486/2016 1901/2485/2015
f 1902/2486/2016 1882/2457/1996 1883/2459/1997
f 1883/2459/1997 1903/2487/2017 1902/2486/2016
f 1903/2487/2017 1883/2459/1997 1884/2461/1998
f 1884/2461/1998 1904/2488/2018 1903/2487/2017
f 1904/2488/2018 1884/2461/1998 1885/2463/1999
f 1885/2463/1999 1905/2489/2019 1904/2488/2018
f 1905/2489/2019 1885/2463/1999 1886/2465/2000
f 1886/2465/2000 1906/2490/2020 1905/2489/2019
f 1906/2490/2020 1886/2465/2000 1887/2467/2001
f 1887/2467/2001 1907/2491/2021 1906/2490/2020
f 1907/2491/2021 1887/2467/2001 1888/2469/2002
f 1888/2469/2002 1908/2492/2022 1907/2491/2021
f 1908/2492/2022 1888/2469/2002 1889/2471/2003
f 1889/2471/2003 1909/2493/2023 1908/2492/2022
f 1909/2493/2023 1889/2471/2003 1890/2473/2004
f 1890/2473/2004 1910/2494/2024 1909/2493/2023
f 1910/2494/2024 1890/2473/2004 1891/2475/2005
f 1891/2475/2005 1911/2495/2025 1910/2494/2024
f 1911/2495/2025 1891/2475/2005 1873/2439/1987
f 1873/2439/1987 1893/2477/2007 1911/2495/2025
f 1913/2497/2027 1893/2477/2007 1892/2476/2006
f 1892/2476/2006 1912/2496/2026 1913/2497/2027
f 1912/2496/2026 1892/2476/2006 1894/2478/2008
f 1894/2478/2008 1914/2498/2028 1912/2496/2026
f 1914/2498/2028 1894/2478/2008 1895/2479/2009
f 1895/2479/2009 1915/2499/2029 1914/2498/2028
f 1915/2499/2029 1895/2479/2009 1896/2480/2010
f 1896/2480/2010 1916/2500/2030 1915/2499/2029
f 1916/2500/2030 1896/2480/2010 1897/2481/2011
f 1897/2481/2011 1917/2501/2031 1916/2500/2030
f 1917/2501/2031 1897/2481/2011 1898/2482/2012
f 1898/2482/2012 1918/2502/2032 1917/2501/2031
f 1918/2502/2032 1898/2482/2012 1899/2483/2013
f 1899/2483/2013 1919/2503/2033 1918/2502/2032
f 1919/2503/2033 1899/2483/2013 1900/2484/2014
f 1900/2484/2014 1920/2504/2034 1919/2503/2033
f 1920/2504/2034 1900/2484/2014 1901/2485/2015
f 1901/2485/2015 1921/2505/2035 1920/2504/2034
f 1921/2505/2035 1901/2485/2015 1902/2486/2016
f 1902/2486/2016 1922/2506/2036 1921/2505/2035
f 1922/2506/2036 1902/2486/2016 1903/2487/2017
f 1903/2487/2017 1923/2507/2037 1922/2506/2036
f 1923/2507/2037 1903/2487/2017 1904/2488/2018
f 1904/2488/2018 1924/2508/2038 1923/2507/2037
f 1924/2508/2038 1904/2488/2018 1905/2489/2019
f 1905/2489/2019 1925/2509/2039 1924/2508/2038
f 1925/2509/2039 1905/2489/2019 1906/2490/2020
f 1906/2490/2020 1926/2510/2040 1925/2509/2039
f 1926/2510/2040 1906/2490/2020 1907/2491/2021
f 1907/2491/2021 1927/2511/2041 1926/2510/2040
f 1927/2511/2041 1907/2491/2021 1908/2492/2022
f 1908/2492/2022 1928/2512/2042 1927/2511/2041
f 1928/2512/2042 1908/2492/2022 1909/2493/2023
f 1909/2493/2023 1929/2513/2043 1928/2512/2042
f 1929/2513/2043 1909/2493/2023 1910/2494/2024
f 1910/2494/2024 1930/2514/2044 1929/2513/2043
f 1930/2514/2044 1910/2494/2024 1911/2495/2025
f 1911/2495/2025 1931/2515/2045 1930/2514/2044
f 1931/2515/2045 1911/2495/2025 1893/2477/2007
f 1893/2477/2007 1913/2497/2027 1931/2515/2045
f 1933/2519/2047 1913/2516/2027 1912/2517/2026
f 1912/2517/2026 1932/2518/2046 1933/2519/2047
f 1932/2518/2046 1912/2517/2026 1914/2520/2028
f 1914/2520/2028 1934/2521/2048 1932/2518/2046
f 1934/2521/2048 1914/2520/2028 1915/2522/2029
f 1915/2522/2029 1935/2523/2049 1934/2521/2048
f 1935/2523/2049 1915/2522/2029 1916/2524/2030
f 1916/2524/2030 1936/2525/2050 1935/2523/2049
f 1936/2525/2050 1916/2524/2030 1917/2526/2031
f 1917/2526/2031 1937/2527/2051 1936/2525/2050
f 1937/2527/2051 1917/2526/2031 1918/2528/2032
f 1918/2528/2032 1938/2529/2052 1937/2527/2051
f 1938/2529/2052 1918/2528/2032 1919/2530/2033
f 1919/2530/2033 1939/2531/2053 1938/2529/2052
f 1939/2531/2053 1919/2530/2033 1920/2532/2034
f 1920/2532/2034 1940/2533/2054 1939/2531/2053
f 1940/2533/2054 1920/2532/2034 1921/2534/2035
f 1921/2534/2035 1941/2535/2055 1940/2533/2054
f 1941/2535/2055 1921/2534/2035 1922/2536/2036
f 1922/2536/2036 1942/2537/2056 1941/2535/2055
f 1942/2537/2056 1922/2536/2036 1923/2538/2037
f 1923/2538/2037 1943/2539/2057 1942/2537/2056
f 1943/2539/2057 1923/2538/2037 1924/2540/2038
f 1924/2540/2038 1944/2541/2058 1943/2539/2057
f 1944/2541/2058 1924/2540/2038 1925/2542/2039
f 1925/2542/2039 1945/2543/2059 1944/2541/2058
f 1945/2543/2059 1925/2542/2039 1926/2544/2040
f 1926/2544/2040 1946/2545/2060 1945/2543/2059
f 1946/2545/2060 1926/2544/2040 1927/2546/2041
f 1927/2546/2041 1947/2547/2061 1946/2545/2060
f 1947/2547/2061 1927/2546/2041 1928/2548/2042
f 1928/2548/2042 1948/2549/2062 1947/2547/2061
f 1948/2549/2062 1928/2548/2042 1929/2550/2043
f 1929/2550/2043 1949/2551/2063 1948/2549/2062
f 1949/2551/2063 1929/2550/2043 1930/2552/2044
f 1930/2552/2044 1950/2553/2064 1949/2551/2063
f 1950/2553/2064 1930/2552/2044 1931/2554/2045
f 1931/2554/2045 1951/2555/2065 1950/2553/2064
f 1951/2555/2065 1931/2554/2045 1913/2516/2027
f 1913/2516/2027 1933/2519/2047 1951/2555/2065
f 1953/2557/2067 1933/2519/2047 1932/2518/2046
f 1932/2518/2046 1952/2556/2066 1953/2557/2067
f 1952/2556/2066 1932/2518/2046 1934/2521/2048
f 1934/2521/2048 1954/2558/2068 1952/2556/2066
f 1954/2558/2068 1934/2521/2048 1935/2523/2049
f 1935/2523/2049 1955/2559/2069 1954/2558/2068
f 1955/2559/2069 1935/2523/2049 1936/2525/2050
f 1936/2525/2050 1956/2560/2070 1955/2559/2069
f 1956/2560/2070 1936/2525/2050 1937/2527/2051
f 1937/2527/2051 1957/2561/2071 1956/2560/2070
f 1957/2561/2071 1937/2527/2051 1938/2529/2052
f 1938/2529/2052 1958/2562/2072 1957/2561/2071
f 1958/2562/2072 1938/2529/2052 1939/2531/2053
f 1939/2531/2053 1959/2563/2073 1958/2562/2072
f 1959/2563/2073 1939/2531/2053 1940/2533/2054
f 1940/2533/2054 1960/2564/2074 1959/2563/2073
f 1960/2564/2074 1940/2533/2054 1941/2535/2055
f 1941/2535/2055 1961/2565/2075 1960/2564/2074
f 1961/2565/2075 1941/2535/2055 1942/2537/2056
f 1942/2537/2056 1962/2566/2076 1961/2565/2075
f 1962/2566/2076 1942/2537/2056 1943/2539/2057
f 1943/2539/2057 1963/2567/2077 1962/2566/2076
f 1963/2567/2077 1943/2539/2057 1944/2541/2058
f 1944/2541/2058 1964/2568/2078 1963/2567/2077
f 1964/2568/2078 1944/2541/2058 1945/2543/2059
f 1945/2543/2059 1965/2569/2079 1964/2568/2078
f 1965/2569/2079 1945/2543/2059 1946/2545/2060
f 1946/2545/2060 1966/2570/2080 1965/2569/2079
f 1966/2570/2080 1946/2545/2060 1947/2547/2061
f 1947/2547/2061 1967/2571/2081 1966/2570/2080
f 1967/2571/2081 1947/2547/2061 1948/2549/2062
f 1948/2549/2062 1968/2572/2082 1967/2571/2081
f 1968/2572/2082 1948/2549/2062 1949/2551/2063
f 1949/2551/2063 1969/2573/2083 1968/2572/2082
f 1969/2573/2083 1949/2551/2063 1950/2553/2064
f 1950/2553/2064 1970/2574/2084 1969/2573/2083
f 1970/2574/2084 1950/2553/2064 1951/2555/2065
f 1951/2555/2065 1971/2575/2085 1970/2574/2084
f 1971/2575/2085 1951/2555/2065 1933/2519/2047
f 1933/2519/2047 1953/2557/2067 1971/2575/2085
f 1973/2577/2087 1953/2557/2067 1952/2556/2066
f 1952/2556/2066 1972/2576/2086 1973/2577/2087
f 1972/2576/2086 1952/2556/2066 1954/2558/2068
f 1954/2558/2068 1974/2578/2088 1972/2576/2086
f 1974/2578/2088 1954/2558/2068 1955/2559/2069
f 1955/2559/2069 1975/2579/2089 1974/2578/2088
f 1975/2579/2089 1955/2559/2069 1956/2560/2070
f 1956/2560/2070 1976/2580/2090 1975/2579/2089
f 1976/2580/2090 1956/2560/2070 1957/2561/2071
f 1957/2561/2071 1977/2581/2091 1976/2580/2090
f 1977/2581/2091 1957/2561/2071 1958/2562/2072
f 1958/2562/2072 1978/2582/2092 1977/2581/2091
f 1978/2582/2092 1958/2562/2072 1959/2563/2073
f 1959/2563/2073 1979/2583/2093 1978/2582/2092
f 1979/2583/2093 1959/2563/2073 1960/2564/2074
f 1960/2564/2074 1980/2584/2094 1979/2583/2093
f 1980/2584/2094 1960/2564/2074 1961/2565/2075
f 1961/2565/2075 1981/2585/2095 1980/2584/2094
f 1981/2585/2095 1961/2565/2075 1962/2566/2076
f 1962/2566/2076 1982/2586/2096 1981/2585/2095
f 1982/2586/2096 1962/2566/2076 1963/2567/2077
f 1963/2567/2077 1983/2587/2097 1982/2586/2096
f 1983/2587/2097 1963/2567/2077 1964/2568/2078
f 1964/2568/2078 1984/2588/2098 1983/2587/2097
f 1984/2588/2098 1964/2568/2078 1965/2569/2079
f 1965/2569/2079 1985/2589/2099 1984/2588/2098
f 1985/2589/2099 1965/2569/2079 1966/2570/2080
f 1966/2570/2080 1986/2590/2100 1985/2589/2099
f 1986/2590/2100 1966/2570/2080 1967/2571/2081
f 1967/2571/2081 1987/2591/2101 1986/2590/2100
f 1987/2591/2101 1967/2571/2081 1968/2572/2082
f 1968/2572/2082 1988/2592/2102 1987/2591/2101
f 1988/2592/2102 1968/2572/2082 1969/2573/2083
f 1969/2573/2083 1989/2593/2103 1988/2592/2102
f 1989/2593/2103 1969/2573/2083 1970/2574/2084
f 1970/2574/2084 1990/2594/2104 1989/2593/2103
f 1990/2594/2104 1970/2574/2084 1971/2575/2085
f 1971/2575/2085 1991/2595/2105 1990/2594/2104
f 1991/2595/2105 1971/2575/2085 1953/2557/2067
f 1953/2557/2067 1973/2577/2087 1991/2595/2105
f 1973/2577/2087 1972/2576/2086 1992/2596/2106
f 1972/2576/2086 1974/2578/2088 1992/2596/2106
f 1974/2578/2088 1975/2579/2089 1992/2596/2106
f 1975/2579/2089 1976/2580/2090 1992/2596/2106
f 1976/2580/2090 1977/2581/2091 1992/2596/2106
f 1977/2581/2091 1978/2582/2092 1992/2596/2106
f 1978/2582/2092 1979/2583/2093 1992/2596/2106
f 1979/2583/2093 1980/2584/2094 1992/2596/2106
f 1980/2584/2094 1981/2585/2095 1992/2596/2106
f 1981/2585/2095 1982/2586/2096 1992/2596/2106
f 1982/2586/2096 1983/2587/2097 1992/2596/2106
f 1983/2587/2097 1984/2588/2098 1992/2596/2106
f 1984/2588/2098 1985/2589/2099 1992/2596/2106
f 1985/2589/2099 1986/2590/2100 1992/2596/2106
f 1986/2590/2100 1987/2591/2101 1992/2596/2106
f 1987/2591/2101 1988/2592/2102 1992/2596/2106
f 1988/2592/2102 1989/2593/2103 1992/2596/2106
f 1989/2593/2103 1990/2594/2104 1992/2596/2106
f 1990/2594/2104 1991/2595/2105 1992/2596/2106
f 1991/2595/2105 1973/2577/2087 1992/2596/2106
f 1996/2600/2107 1993/2597/2107 1994/2598/2108
f 1994/2598/2108 1995/2599/2109 1996/2600/2107
f 1995/2599/2109 1994/2598/2108 1997/2601/2110
f 1997/2601/2110 1998/2602/2110 1995/2599/2109
f 1998/2602/2110 1997/2601/2110 1999/2603/2111
f 1999/2603/2111 2000/2604/2112 1998/2602/2110
f 2000/2604/2112 1999/2603/2111 2001/2605/2113
f 2001/2605/2113 2002/2606/2113 2000/2604/2112
f 2002/2606/2113 2001/2605/2113 2003/2607/2114
f 2003/2607/2114 2004/2608/2114 2002/2606/2113
f 2008/2612/2115 2005/2609/2115 2006/2610/2116
f 2006/2610/2116 2007/2611/2117 2008/2612/2115
f 2007/2611/2117 2006/2610/2116 2009/2613/2118
f 2009/2613/2118 2010/2614/2118 2007/2611/2117
f 2014/2618/2119 2011/2615/2119 2012/2616/2120
f 2012/2616/2120 2013/2617/2121 2014/2618/2119
f 2013/2617/2121 2012/2616/2120 2015/2619/2122
f 2015/2619/2122 2016/2620/2122 2013/2617/2121
f 2016/2620/2122 2015/2619/2122 2017/2621/2123
f 2017/2621/2123 2018/2622/2123 2016/2620/2122
f 2018/2622/2123 2017/2621/2123 2019/2623/2124
f 2019/2623/2124 2020/2624/2124 2018/2622/2123
f 2020/2624/2124 2019/2623/2124 2021/2625/2125
f 2021/2625/2125 2022/2626/2125 2020/2624/2124
f 2022/2630/2125 2021/2627/2125 2023/2628/2126
f 2023/2628/2126 2024/2629/2126 2022/2630/2125
f 2024/2629/2126 2023/2628/2126 1993/2631/2107
f 1993/2631/2107 1996/2632/2107 2024/2629/2126
f 1994/2646/2127 1993/2633/2127 2023/2634/2127
f 1994/2646/2127 2023/2634/2127 2021/2635/2127
f 1994/2646/2127 2021/2635/2127 2019/2636/2127
f 1994/2646/2127 2019/2636/2127 2017/2637/2127
f 1994/2646/2127 2017/2637/2127 2015/2638/2127
f 1994/2646/2127 2015/2638/2127 2012/2639/2127
f 1994/2646/2127 2012/2639/2127 2011/2640/2127
f 1994/2646/2127 2011/2640/2127 2025/2641/2127
f 1994/2646/2127 2025/2641/2127 2003/2642/2127
f 1994/2646/2127 2003/2642/2127 2001/2643/2127
f 1994/2646/2127 2001/2643/2127 1999/2644/2127
f 1999/2644/2127 1997/2645/2127 1994/2646/2127
f 2024/2660/2128 1996/2647/2128 1995/2648/2128
f 2024/2660/2128 1995/2648/2128 1998/2649/2128
f 2024/2660/2128 1998/2649/2128 2000/2650/2128
f 2024/2660/2128 2000/2650/2128 2002/2651/2128
f 2024/2660/2128 2002/2651/2128 2004/2652/2128
f 2024/2660/2128 2004/2652/2128 2026/2653/2128
f 2024/2660/2128 2026/2653/2128 2014/2654/2128
f 2024/2660/2128 2014/2654/2128 2013/2655/2128
f 2024/2660/2128 2013/2655/2128 2016/2656/2128
f 2024/2660/2128 2016/2656/2128 2018/2657/2128
f 2024/2660/2128 2018/2657/2128 2020/2658/2128
f 2020/2658/2128 2022/2659/2128 2024/2660/2128
f 2005/2662/2129 2003/2642/2129 2025/2641/2129
f 2025/2641/2129 2006/2661/2129 2005/2662/2129
f 2007/2664/2128 2026/2653/2128 2004/2652/2128
f 2004/2652/2128 2008/2663/2128 2007/2664/2128
f 2008/2666/2130 2004/2608/2130 2003/2607/2130
f 2003/2607/2130 2005/2665/2130 2008/2666/2130
f 2006/2661/2127 2025/2641/2127 2011/2640/2127
f 2011/2640/2127 2009/2667/2127 2006/2661/2127
f 2009/2669/2132 2011/2615/2131 2014/2618/2132
f 2014/2618/2132 2010/2668/2131 2009/2669/2132
f 2010/2670/2133 2014/2654/2133 2026/2653/2133
f 2026/2653/2133 2007/2664/2133 2010/2670/2133
f 2030/2674/2137 2027/2671/2134 2028/2672/2135
f 2028/2672/2135 2029/2673/2136 2030/2674/2137
f 2029/2673/2136 2028/2672/2135 2031/2675/2138
f 2031/2675/2138 2032/2676/2138 2029/2673/2136
f 2032/2676/2138 2031/2675/2138 2033/2677/2139
f 2033/2677/2139 2034/2678/2140 2032/2676/2138
f 2034/2678/2140 2033/2677/2139 2035/2679/2141
f 2035/2679/2141 2036/2680/2142 2034/2678/2140
f 2036/2680/2142 2035/2679/2141 2037/2681/2143
f 2037/2681/2143 2038/2682/2143 2036/2680/2142
f 2042/2686/2147 2039/2683/2144 2040/2684/2145
f 2040/2684/2145 2041/2685/2146 2042/2686/2147
f 2041/2685/2146 2040/2684/2145 2043/2687/2148
f 2043/2687/2148 2044/2688/2148 2041/2685/2146
f 2048/2692/2149 2045/2689/2149 2046/2690/2150
f 2046/2690/2150 2047/2691/2150 2048/2692/2149
f 2047/2691/2150 2046/2690/2150 2049/2693/2151
f 2049/2693/2151 2050/2694/2151 2047/2691/2150
f 2050/2694/2151 2049/2693/2151 2051/2695/2152
f 2051/2695/2152 2052/2696/2152 2050/2694/2151
f 2052/2696/2152 2051/2695/2152 2053/2697/2153
f 2053/2697/2153 2054/2698/2153 2052/2696/2152
f 2054/2698/2153 2053/2697/2153 2055/2699/2154
f 2055/2699/2154 2056/2700/2154 2054/2698/2153
f 2056/2704/2154 2055/2701/2154 2057/2702/2155
f 2057/2702/2155 2058/2703/2156 2056/2704/2154
f 2058/2703/2156 2057/2702/2155 2027/2705/2134
f 2027/2705/2134 2030/2706/2137 2058/2703/2156
f 2058/2720/2128 2030/2707/2128 2029/2708/2128
f 2058/2720/2128 2029/2708/2128 2032/2709/2128
f 2058/2720/2128 2032/2709/2128 2034/2710/2128
f 2058/2720/2128 2034/2710/2128 2036/2711/2128
f 2058/2720/2128 2036/2711/2128 2038/2712/2128
f 2058/2720/2128 2038/2712/2128 2059/2713/2128
f 2058/2720/2128 2059/2713/2128 2048/2714/2128
f 2058/2720/2128 2048/2714/2128 2047/2715/2128
f 2058/2720/2128 2047/2715/2128 2050/2716/2128
f 2058/2720/2128 2050/2716/2128 2052/2717/2128
f 2058/2720/2128 2052/2717/2128 2054/2718/2128
f 2054/2718/2128 2056/2719/2128 2058/2720/2128
f 2039/2724/2127 2037/2721/2127 2060/2722/2127
f 2060/2722/2127 2040/2723/2127 2039/2724/2127
f 2041/2726/2128 2059/2713/2128 2038/2712/2128
f 2038/2712/2128 2042/2725/2128 2041/2726/2128
f 2042/2728/2157 2038/2682/2157 2037/2681/2157
f 2037/2681/2157 2039/2727/2157 2042/2728/2157
f 2040/2723/2158 2060/2722/2158 2045/2729/2158
f 2045/2729/2158 2043/2730/2158 2040/2723/2158
f 2043/2732/2159 2045/2689/2159 2048/2692/2159
f 2048/2692/2159 2044/2731/2159 2043/2732/2159
f 2044/2733/2160 2048/2714/2128 2059/2713/2128
f 2059/2713/2128 2041/2726/2128 2044/2733/2160
f 2064/2737/2164 2061/2734/2161 2062/2735/2162
f 2062/2735/2162 2063/2736/2163 2064/2737/2164
f 2068/2741/2168 2065/2738/2165 2066/2739/2166
f 2066/2739/2166 2067/2740/2167 2068/2741/2168
f 2072/2745/2172 2069/2742/2169 2070/2743/2170
f 2070/2743/2170 2071/2744/2171 2072/2745/2172
f 2076/2749/2176 2073/2746/2173 2074/2747/2174
f 2074/2747/2174 2075/2748/2175 2076/2749/2176
f 2080/2753/2180 2077/2750/2177 2078/2751/2178
f 2078/2751/2178 2079/2752/2179 2080/2753/2180
f 2068/2757/2168 2073/2754/2173 2076/2755/2176
f 2076/2755/2176 2065/2756/2165 2068/2757/2168
f 2069/2759/2169 2068/2741/2168 2067/2740/2167
f 2067/2740/2167 2070/2758/2170 2069/2759/2169
f 2082/2761/2182 2079/2752/2179 2078/2751/2178
f 2078/2751/2178 2081/2760/2181 2082/2761/2182
f 2086/2765/2186 2083/2762/2183 2084/2763/2184
f 2084/2763/2184 2085/2764/2185 2086/2765/2186
f 2072/2767/2172 2073/2754/2173 2068/2757/2168
f 2068/2757/2168 2069/2766/2169 2072/2767/2172
f 2083/2771/2183 2074/2768/2174 2073/2769/2173
f 2073/2769/2173 2084/2770/2184 2083/2771/2183
f 2084/2773/2184 2073/2754/2173 2072/2767/2172
f 2072/2767/2172 2085/2772/2185 2084/2773/2184
f 2090/2777/2190 2087/2774/2187 2088/2775/2188
f 2088/2775/2188 2089/2776/2189 2090/2777/2190
f 2092/2779/2192 2081/2760/2181 2078/2751/2178
f 2078/2751/2178 2091/2778/2191 2092/2779/2192
f 2087/2783/2187 2072/2780/2172 2071/2781/2171
f 2071/2781/2171 2088/2782/2188 2087/2783/2187
f 2094/2785/2194 2081/2760/2181 2092/2779/2192
f 2092/2779/2192 2093/2784/2193 2094/2785/2194
f 2089/2787/2189 2086/2765/2186 2085/2764/2185
f 2085/2764/2185 2090/2786/2190 2089/2787/2189
f 2090/2789/2190 2085/2772/2185 2072/2767/2172
f 2072/2767/2172 2087/2788/2187 2090/2789/2190
f 2089/2776/2189 2088/2775/2188 2094/2790/2194
f 2094/2790/2194 2093/2791/2193 2089/2776/2189
f 2093/2793/2193 2092/2792/2192 2086/2765/2186
f 2086/2765/2186 2089/2787/2189 2093/2793/2193
f 2092/2792/2192 2091/2794/2191 2083/2762/2183
f 2083/2762/2183 2086/2765/2186 2092/2792/2192
f 2091/2796/2191 2078/2795/2178 2074/2768/2174
f 2074/2768/2174 2083/2771/2183 2091/2796/2191
f 2077/2798/2177 2075/2748/2175 2074/2747/2174
f 2074/2747/2174 2078/2797/2178 2077/2798/2177
f 2096/2800/2196 2063/2736/2163 2062/2735/2162
f 2062/2735/2162 2095/2799/2195 2096/2800/2196
f 2079/2802/2179 2067/2740/2167 2066/2739/2166
f 2066/2739/2166 2080/2801/2180 2079/2802/2179
f 2082/2803/2182 2070/2758/2170 2067/2740/2167
f 2067/2740/2167 2079/2802/2179 2082/2803/2182
f 2081/2805/2181 2071/2744/2171 2070/2743/2170
f 2070/2743/2170 2082/2804/2182 2081/2805/2181
f 2094/2807/2194 2088/2782/2188 2071/2781/2171
f 2071/2781/2171 2081/2806/2181 2094/2807/2194
f 2061/2809/2161 2076/2749/2176 2075/2748/2175
f 2075/2748/2175 2062/2808/2162 2061/2809/2161
f 2063/2813/2163 2066/2810/2166 2065/2811/2165
f 2065/2811/2165 2064/2812/2164 2063/2813/2163
f 2064/2815/2164 2065/2756/2165 2076/2755/2176
f 2076/2755/2176 2061/2814/2161 2064/2815/2164
f 2062/2808/2162 2075/2748/2175 2077/2798/2177
f 2077/2798/2177 2095/2816/2195 2062/2808/2162
f 2095/2818/2195 2077/2750/2177 2080/2753/2180
f 2080/2753/2180 2096/2817/2196 2095/2818/2195
f 2096/2820/2196 2080/2819/2180 2066/2810/2166
f 2066/2810/2166 2063/2813/2163 2096/2820/2196
f 2100/2824/2197 2097/2821/2197 2098/2822/2198
f 2098/2822/2198 2099/2823/2198 2100/2824/2197
f 2099/2823/2198 2098/2822/2198 2101/2825/2199
f 2101/2825/2199 2102/2826/2199 2099/2823/2198
f 2102/2826/2199 2101/2825/2199 2103/2827/2200
f 2103/2827/2200 2104/2828/2200 2102/2826/2199
f 2104/2828/2200 2103/2827/2200 2105/2829/2201
f 2105/2829/2201 2106/2830/2201 2104/2828/2200
f 2106/2830/2201 2105/2829/2201 2107/2831/2202
f 2107/2831/2202 2108/2832/2202 2106/2830/2201
f 2112/2836/2203 2109/2833/2203 2110/2834/2204
f 2110/2834/2204 2111/2835/2205 2112/2836/2203
f 2111/2835/2205 2110/2834/2204 2113/2837/2206
f 2113/2837/2206 2114/2838/2206 2111/2835/2205
f 2118/2842/2207 2115/2839/2207 2116/2840/2208
f 2116/2840/2208 2117/2841/2208 2118/2842/2207
f 2117/2841/2208 2116/2840/2208 2119/2843/2209
f 2119/2843/2209 2120/2844/2209 2117/2841/2208
f 2120/2844/2209 2119/2843/2209 2121/2845/2210
f 2121/2845/2210 2122/2846/2210 2120/2844/2209
f 2122/2846/2210 2121/2845/2210 2123/2847/2211
f 2123/2847/2211 2124/2848/2211 2122/2846/2210
f 2124/2848/2211 2123/2847/2211 2125/2849/2212
f 2125/2849/2212 2126/2850/2212 2124/2848/2211
f 2126/2854/2212 2125/2851/2212 2127/2852/2213
f 2127/2852/2213 2128/2853/2213 2126/2854/2212
f 2128/2853/2213 2127/2852/2213 2097/2855/2197
f 2097/2855/2197 2100/2856/2197 2128/2853/2213
f 2128/2870/2128 2100/2857/2128 2099/2858/2128
f 2128/2870/2128 2099/2858/2128 2102/2859/2128
f 2128/2870/2128 2102/2859/2128 2104/2860/2128
f 2128/2870/2128 2104/2860/2128 2106/2861/2128
f 2128/2870/2128 2106/2861/2128 2108/2862/2128
f 2128/2870/2128 2108/2862/2128 2129/2863/2128
f 2128/2870/2128 2129/2863/2128 2118/2864/2128
f 2128/2870/2128 2118/2864/2128 2117/2865/2128
f 2128/2870/2128 2117/2865/2128 2120/2866/2128
f 2128/2870/2128 2120/2866/2128 2122/2867/2128
f 2128/2870/2128 2122/2867/2128 2124/2868/2128
f 2124/2868/2128 2126/2869/2128 2128/2870/2128
f 2111/2872/2160 2129/2863/2128 2108/2862/2160
f 2108/2862/2160 2112/2871/2160 2111/2872/2160
f 2112/2874/2214 2108/2832/2214 2107/2831/2214
f 2107/2831/2214 2109/2873/2214 2112/2874/2214
f 2113/2876/2215 2115/2839/2215 2118/2842/2215
f 2118/2842/2215 2114/2875/2215 2113/2876/2215
f 2114/2877/2128 2118/2864/2128 2129/2863/2128
f 2129/2863/2128 2111/2872/2128 2114/2877/2128
